date,Tmax,Tmin,Tmean
01/01/1960,11.03,9.59,10.31
02/01/1960,7.5,4.45,5.97
03/01/1960,10.6,5.92,8.26
04/01/1960,11.71,5.81,8.76
05/01/1960,8.24,6.73,7.49
06/01/1960,6.16,-0.4,2.88
07/01/1960,1.7,-1.17,0.26
08/01/1960,3.72,-2.29,0.71
09/01/1960,1.38,-0.18,0.6
10/01/1960,3.26,-2.06,0.6
11/01/1960,5.96,-1.7,2.13
12/01/1960,1.32,-0.67,0.33
13/01/1960,-1.17,-2.29,-1.73
14/01/1960,0.06,-7,-3.47
15/01/1960,1.11,-3.4,-1.14
16/01/1960,2.76,-2.09,0.33
17/01/1960,2.82,-3.81,-0.49
18/01/1960,5.66,-2.33,1.66
19/01/1960,9.35,2.94,6.15
20/01/1960,3.92,1.19,2.56
21/01/1960,10.48,0.27,5.37
22/01/1960,11.48,2.5,6.99
23/01/1960,10.58,10.13,10.35
24/01/1960,10.48,7.55,9.02
25/01/1960,7.46,2.07,4.76
26/01/1960,4.35,-0.68,1.83
27/01/1960,5.28,0.15,2.71
28/01/1960,3.57,2.45,3.01
29/01/1960,7.71,1.49,4.6
30/01/1960,8.9,2.05,5.47
31/01/1960,9.47,7.38,8.43
01/02/1960,8.86,4.59,6.73
02/02/1960,9.51,3.99,6.75
03/02/1960,9.97,8.56,9.26
04/02/1960,7.28,4.6,5.94
05/02/1960,9.25,1.7,5.48
06/02/1960,6.87,-0.1,3.39
07/02/1960,4.5,2.08,3.29
08/02/1960,4.06,-2.36,0.85
09/02/1960,5.26,-0.19,2.53
10/02/1960,4,2.04,3.02
11/02/1960,1.52,0.78,1.15
12/02/1960,1.51,0.32,0.91
13/02/1960,1.13,-0.43,0.35
14/02/1960,4.09,-0.7,1.7
15/02/1960,4.23,-2.11,1.06
16/02/1960,4.41,-1.98,1.22
17/02/1960,4.33,-4.11,0.11
18/02/1960,5.5,-3.74,0.88
19/02/1960,6.07,-0.27,2.9
20/02/1960,9.71,2.25,5.98
21/02/1960,7.14,0.73,3.93
22/02/1960,4.66,0.33,2.49
23/02/1960,5.94,1.25,3.59
24/02/1960,7.14,-3.88,1.63
25/02/1960,8.44,1.3,4.87
26/02/1960,11.03,3.78,7.41
27/02/1960,12.27,5.49,8.88
28/02/1960,16.04,8.45,12.24
29/02/1960,14.05,10.06,12.05
01/03/1960,12.04,7.99,10.01
02/03/1960,11.51,8.38,9.94
03/03/1960,13.2,5.03,9.11
04/03/1960,10.53,2.08,6.31
05/03/1960,9.83,3.38,6.61
06/03/1960,7.7,3.12,5.41
07/03/1960,5.57,0.24,2.91
08/03/1960,2.33,0.12,1.22
09/03/1960,7.5,-0.59,3.46
10/03/1960,12.5,2.19,7.35
11/03/1960,10.85,5.69,8.27
12/03/1960,10.96,5.69,8.33
13/03/1960,10.34,6.27,8.3
14/03/1960,11.48,6.89,9.18
15/03/1960,13.24,7.59,10.41
16/03/1960,6.37,4.66,5.51
17/03/1960,4.43,3.38,3.91
18/03/1960,5.46,2.17,3.81
19/03/1960,7.53,2.81,5.17
20/03/1960,10.67,0.57,5.62
21/03/1960,10.13,0.76,5.44
22/03/1960,12.25,-0.54,5.85
23/03/1960,13.51,1.85,7.68
24/03/1960,15.01,2.39,8.7
25/03/1960,10.49,5.68,8.09
26/03/1960,8.09,3.44,5.76
27/03/1960,6.2,4.23,5.21
28/03/1960,6.7,2.69,4.69
29/03/1960,3.95,2.9,3.43
30/03/1960,6.13,2.47,4.3
31/03/1960,9.07,4.03,6.55
01/04/1960,11.12,-0.71,5.21
02/04/1960,13.57,3.69,8.63
03/04/1960,12.14,7.92,10.03
04/04/1960,14.73,6.48,10.6
05/04/1960,14.13,9.11,11.62
06/04/1960,14.12,9.63,11.88
07/04/1960,15.54,6.38,10.96
08/04/1960,15.31,7.86,11.59
09/04/1960,13.68,7.54,10.61
10/04/1960,12.49,6.53,9.51
11/04/1960,11.01,3.76,7.39
12/04/1960,12,3.11,7.56
13/04/1960,13.29,7.83,10.56
14/04/1960,12.3,5.64,8.97
15/04/1960,8.73,3.73,6.23
16/04/1960,10.61,0.46,5.53
17/04/1960,11.23,-1.11,5.06
18/04/1960,12.96,-0.89,6.04
19/04/1960,14.49,2.22,8.35
20/04/1960,18.02,4.09,11.06
21/04/1960,16.6,5.46,11.03
22/04/1960,15.18,4.92,10.05
23/04/1960,14.26,5.98,10.12
24/04/1960,16.27,3.77,10.02
25/04/1960,12.53,7.78,10.16
26/04/1960,14.24,6.93,10.58
27/04/1960,13.2,0.61,6.9
28/04/1960,11.68,1.83,6.76
29/04/1960,10.26,2.15,6.21
30/04/1960,14.77,-0.42,7.18
01/05/1960,10.32,7.04,8.68
02/05/1960,10.81,4.37,7.59
03/05/1960,16.42,4.57,10.5
04/05/1960,13.99,5.24,9.61
05/05/1960,19.65,9.29,14.47
06/05/1960,20.8,7.57,14.18
07/05/1960,22.74,8.83,15.78
08/05/1960,23.23,10.31,16.77
09/05/1960,21.07,13.87,17.47
10/05/1960,22.19,7.77,14.98
11/05/1960,16.51,10.87,13.69
12/05/1960,16.7,12,14.35
13/05/1960,17.65,11.32,14.49
14/05/1960,18.96,10.83,14.89
15/05/1960,20.03,9.82,14.92
16/05/1960,19.61,9.89,14.75
17/05/1960,16.26,9.75,13
18/05/1960,11.36,7.53,9.45
19/05/1960,11.03,8.15,9.59
20/05/1960,10.24,7.06,8.65
21/05/1960,12.4,7.77,10.09
22/05/1960,16.07,7.05,11.56
23/05/1960,16.5,7.52,12.01
24/05/1960,17.96,8.69,13.32
25/05/1960,19.37,5.21,12.29
26/05/1960,18.5,11.66,15.08
27/05/1960,21.41,12.44,16.93
28/05/1960,18.34,10.22,14.28
29/05/1960,16.89,5.78,11.34
30/05/1960,17.6,4.09,10.84
31/05/1960,20.55,5.15,12.85
01/06/1960,22.69,7.95,15.32
02/06/1960,24.02,9.3,16.66
03/06/1960,23.66,10,16.83
04/06/1960,25.72,10.52,18.12
05/06/1960,27.19,11.82,19.5
06/06/1960,20.18,13.98,17.08
07/06/1960,17.81,8.17,12.99
08/06/1960,17.62,11.39,14.51
09/06/1960,17.36,10.83,14.09
10/06/1960,18.46,10.59,14.53
11/06/1960,18.86,10.11,14.49
12/06/1960,17.64,12.67,15.16
13/06/1960,16.9,8.98,12.94
14/06/1960,17.59,9.83,13.71
15/06/1960,20.18,7.84,14.01
16/06/1960,22.99,12.44,17.71
17/06/1960,26.06,14.64,20.35
18/06/1960,26.27,15.34,20.81
19/06/1960,24.89,15.01,19.95
20/06/1960,24.03,9.64,16.83
21/06/1960,26.21,13.2,19.71
22/06/1960,25.64,12,18.82
23/06/1960,18.94,14.27,16.61
24/06/1960,15.7,13.88,14.79
25/06/1960,24.09,13.08,18.59
26/06/1960,24.03,13.16,18.6
27/06/1960,20.33,12.92,16.63
28/06/1960,18.33,11.34,14.84
29/06/1960,16.65,8.4,12.53
30/06/1960,17.44,9.32,13.38
01/07/1960,18.85,7.52,13.19
02/07/1960,18.19,8.71,13.45
03/07/1960,20.21,9.51,14.86
04/07/1960,20.74,14.32,17.53
05/07/1960,20.67,13.96,17.31
06/07/1960,18.67,11.36,15.02
07/07/1960,18.28,11.82,15.05
08/07/1960,19.86,11.46,15.66
09/07/1960,18.53,10.78,14.65
10/07/1960,19.45,12.25,15.85
11/07/1960,17.16,12.44,14.8
12/07/1960,19.33,12.56,15.95
13/07/1960,17.8,12.39,15.09
14/07/1960,20.36,12.48,16.42
15/07/1960,19.3,10.6,14.95
16/07/1960,19.92,11.23,15.57
17/07/1960,19.77,10.87,15.32
18/07/1960,19.85,11.9,15.88
19/07/1960,17.97,12.93,15.45
20/07/1960,18.27,11.36,14.82
21/07/1960,19.09,12.22,15.66
22/07/1960,17.12,9.71,13.42
23/07/1960,16.36,9.09,12.72
24/07/1960,19.93,11.88,15.9
25/07/1960,18.46,14.17,16.32
26/07/1960,17.68,10.61,14.15
27/07/1960,19.2,10.65,14.93
28/07/1960,20.94,14.11,17.52
29/07/1960,20.22,12.6,16.41
30/07/1960,18.33,12.3,15.32
31/07/1960,18.5,8.03,13.27
01/08/1960,18.39,10.01,14.2
02/08/1960,21.34,9.19,15.27
03/08/1960,18.98,11.83,15.41
04/08/1960,17.3,12.91,15.1
05/08/1960,21.65,9.98,15.82
06/08/1960,20.42,13.25,16.84
07/08/1960,21.58,14.06,17.82
08/08/1960,19.95,12.31,16.13
09/08/1960,19.07,8.14,13.6
10/08/1960,18.16,10.49,14.32
11/08/1960,13.74,10.56,12.15
12/08/1960,17.49,8.3,12.89
13/08/1960,17.01,6.76,11.89
14/08/1960,18.23,10.9,14.57
15/08/1960,19.79,9.64,14.72
16/08/1960,19.12,8.23,13.67
17/08/1960,19.87,8.34,14.1
18/08/1960,19.77,8.59,14.18
19/08/1960,19.76,7.44,13.6
20/08/1960,18.5,12.54,15.52
21/08/1960,21.47,12.53,17
22/08/1960,22.56,15.27,18.91
23/08/1960,19.7,14.03,16.86
24/08/1960,18.86,13.93,16.4
25/08/1960,20.92,13.65,17.29
26/08/1960,17.65,12.25,14.95
27/08/1960,19.88,10.65,15.27
28/08/1960,19.99,12.02,16
29/08/1960,18.39,12.61,15.5
30/08/1960,18.57,12.63,15.6
31/08/1960,19.84,10.33,15.09
01/09/1960,17.85,14.58,16.21
02/09/1960,19.29,14,16.64
03/09/1960,18.7,15.28,16.99
04/09/1960,17.68,9.63,13.66
05/09/1960,18.13,9.14,13.64
06/09/1960,13.52,9.57,11.55
07/09/1960,18.05,10.88,14.46
08/09/1960,19.47,8.64,14.06
09/09/1960,19.27,10.39,14.83
10/09/1960,22.02,13.61,17.81
11/09/1960,22.78,10,16.39
12/09/1960,19.82,12.12,15.97
13/09/1960,19.93,9.34,14.64
14/09/1960,15.55,11.31,13.43
15/09/1960,16.46,7.33,11.9
16/09/1960,14.99,9.03,12.01
17/09/1960,15.56,10.19,12.87
18/09/1960,20.39,7.7,14.04
19/09/1960,14.78,10.5,12.64
20/09/1960,13.38,7.48,10.43
21/09/1960,16.45,5.47,10.96
22/09/1960,16.67,11.38,14.02
23/09/1960,17.51,11.99,14.75
24/09/1960,17.79,4.36,11.08
25/09/1960,17.17,7.19,12.18
26/09/1960,16.09,5.35,10.72
27/09/1960,15.38,7.39,11.38
28/09/1960,14,6.69,10.34
29/09/1960,13.73,8.36,11.04
30/09/1960,11.07,8.15,9.61
01/10/1960,14.88,9.62,12.25
02/10/1960,18.58,11.28,14.93
03/10/1960,17.52,11.23,14.37
04/10/1960,17.84,11.72,14.78
05/10/1960,17.62,9.42,13.52
06/10/1960,16.21,9.54,12.88
07/10/1960,16.61,11.69,14.15
08/10/1960,13.15,9.65,11.4
09/10/1960,13.07,8.84,10.95
10/10/1960,11.62,8.67,10.14
11/10/1960,11.28,4.07,7.67
12/10/1960,11.29,2.34,6.82
13/10/1960,10.01,0.12,5.07
14/10/1960,11.44,1.79,6.62
15/10/1960,12.13,4.54,8.34
16/10/1960,12.47,4.95,8.71
17/10/1960,10.69,2.7,6.7
18/10/1960,13.28,4.6,8.94
19/10/1960,13.56,8.94,11.25
20/10/1960,11.19,10.02,10.6
21/10/1960,11.6,9.69,10.65
22/10/1960,11.21,8.11,9.66
23/10/1960,12.33,9.12,10.72
24/10/1960,13.33,10.32,11.83
25/10/1960,14.36,10.28,12.32
26/10/1960,11.66,7.83,9.75
27/10/1960,11.81,9.8,10.81
28/10/1960,13.74,8.11,10.93
29/10/1960,9.54,4.65,7.1
30/10/1960,11.25,7.81,9.53
31/10/1960,14.47,5.66,10.07
01/11/1960,15.15,6.06,10.61
02/11/1960,10.43,7.55,8.99
03/11/1960,11.04,6.1,8.57
04/11/1960,9.4,5.12,7.26
05/11/1960,10.98,5.24,8.11
06/11/1960,8.2,2.11,5.16
07/11/1960,7.65,-0.22,3.71
08/11/1960,4.12,-1.82,1.15
09/11/1960,9.43,0.06,4.74
10/11/1960,11.41,3.96,7.68
11/11/1960,10.98,5.73,8.35
12/11/1960,10.54,4.42,7.48
13/11/1960,11,5.19,8.1
14/11/1960,11.07,6.57,8.82
15/11/1960,10.38,3.88,7.13
16/11/1960,10.36,3.25,6.81
17/11/1960,7.34,5.63,6.48
18/11/1960,9.52,0.51,5.02
19/11/1960,10.72,1.2,5.96
20/11/1960,11.62,2.64,7.13
21/11/1960,10.53,7.95,9.24
22/11/1960,10.74,7.99,9.36
23/11/1960,11.05,6.39,8.72
24/11/1960,12.15,7.46,9.8
25/11/1960,13.23,7.68,10.45
26/11/1960,11.61,7.6,9.61
27/11/1960,6.98,7.24,7.11
28/11/1960,7.27,-0.22,3.53
29/11/1960,11.59,0.9,6.24
30/11/1960,11.48,7.45,9.47
01/12/1960,11.5,8.3,9.9
02/12/1960,10.17,3.95,7.06
03/12/1960,11.66,4.6,8.13
04/12/1960,10.29,8.64,9.46
05/12/1960,6.43,2.83,4.63
06/12/1960,5.14,-0.08,2.53
07/12/1960,4.84,2.48,3.66
08/12/1960,2.73,-0.02,1.36
09/12/1960,1.95,0.68,1.31
10/12/1960,3.41,0.05,1.73
11/12/1960,3.25,-0.52,1.37
12/12/1960,4.18,0.16,2.17
13/12/1960,1.73,-3.33,-0.8
14/12/1960,3.06,-2.69,0.18
15/12/1960,4.03,1.05,2.54
16/12/1960,6.3,2.05,4.18
17/12/1960,6.46,2.34,4.4
18/12/1960,7.05,5.46,6.25
19/12/1960,4.12,2.12,3.12
20/12/1960,4.56,1.42,2.99
21/12/1960,4.62,0.99,2.8
22/12/1960,6.69,0.97,3.83
23/12/1960,8.83,2.08,5.46
24/12/1960,6.44,5.64,6.04
25/12/1960,9.91,2.33,6.12
26/12/1960,7.24,4.83,6.03
27/12/1960,5.11,0.78,2.95
28/12/1960,5.4,-0.12,2.64
29/12/1960,7.21,0.09,3.65
30/12/1960,9.2,0.96,5.08
31/12/1960,7.2,2.36,4.78
01/01/1961,6.65,2.31,4.48
02/01/1961,5.98,3.02,4.5
03/01/1961,4.52,0.67,2.6
04/01/1961,4.91,1.57,3.24
05/01/1961,6.18,-0.8,2.69
06/01/1961,5.56,1.73,3.65
07/01/1961,6.89,-1.2,2.84
08/01/1961,7.32,0.16,3.74
09/01/1961,6.04,0.43,3.23
10/01/1961,4.43,1.83,3.13
11/01/1961,4.33,-0.46,1.93
12/01/1961,7.22,-2.23,2.5
13/01/1961,8.94,2.59,5.76
14/01/1961,6.29,2.62,4.46
15/01/1961,4.27,0.49,2.38
16/01/1961,3.65,1.88,2.77
17/01/1961,4.44,0.47,2.46
18/01/1961,7.15,2.26,4.71
19/01/1961,5.59,3.27,4.43
20/01/1961,7.32,3.61,5.47
21/01/1961,8.5,4,6.25
22/01/1961,5.13,3.61,4.37
23/01/1961,3.3,1.92,2.61
24/01/1961,1.71,0.74,1.22
25/01/1961,0.49,-0.4,0.05
26/01/1961,4.55,-1.64,1.45
27/01/1961,8.1,-2.04,3.03
28/01/1961,9.98,1.49,5.73
29/01/1961,11.03,4.77,7.9
30/01/1961,9.37,5.47,7.42
31/01/1961,8.64,4.71,6.67
01/02/1961,7.04,2.59,4.82
02/02/1961,7.63,2.49,5.06
03/02/1961,8.2,1.91,5.06
04/02/1961,7.94,1.88,4.91
05/02/1961,10.51,3.55,7.03
06/02/1961,9.21,6.38,7.79
07/02/1961,9.89,4.15,7.02
08/02/1961,11.02,5.11,8.06
09/02/1961,11.36,7.85,9.6
10/02/1961,11.27,5.13,8.2
11/02/1961,10.48,7.42,8.95
12/02/1961,11.02,7.47,9.24
13/02/1961,10.29,7.43,8.86
14/02/1961,15.3,4.02,9.66
15/02/1961,9.72,5.53,7.63
16/02/1961,9.03,6.44,7.73
17/02/1961,7.5,4.69,6.1
18/02/1961,11.6,4.88,8.24
19/02/1961,14.28,4.85,9.56
20/02/1961,10.51,4.67,7.59
21/02/1961,5.68,2.41,4.04
22/02/1961,5.66,2.51,4.09
23/02/1961,7.49,2.18,4.83
24/02/1961,9.4,3.56,6.48
25/02/1961,10.59,4.43,7.51
26/02/1961,11.49,6.1,8.8
27/02/1961,7.53,4.94,6.24
28/02/1961,9.38,3.05,6.22
01/03/1961,12.52,5.88,9.2
02/03/1961,12.09,5.63,8.86
03/03/1961,12.2,0.43,6.31
04/03/1961,13.8,2.22,8.01
05/03/1961,16.36,-0.5,7.93
06/03/1961,15.72,1.97,8.84
07/03/1961,12.51,5.64,9.08
08/03/1961,15.25,8.52,11.89
09/03/1961,14.63,1.69,8.16
10/03/1961,13.7,3.28,8.49
11/03/1961,14.81,5.8,10.3
12/03/1961,11.59,8.37,9.98
13/03/1961,15.24,8.55,11.9
14/03/1961,15.11,6.91,11.01
15/03/1961,19.84,3.03,11.43
16/03/1961,20.2,2.81,11.5
17/03/1961,13.26,7.49,10.37
18/03/1961,9.13,1.59,5.36
19/03/1961,6.45,0.49,3.47
20/03/1961,8.72,-2.32,3.2
21/03/1961,8.18,1.14,4.66
22/03/1961,7.8,-1.09,3.35
23/03/1961,12.08,3.22,7.65
24/03/1961,13.58,0.46,7.02
25/03/1961,12.05,-0.49,5.78
26/03/1961,13.53,3.25,8.39
27/03/1961,9.67,1.48,5.57
28/03/1961,11.85,0.45,6.15
29/03/1961,11.1,4.09,7.6
30/03/1961,13.71,8.23,10.97
31/03/1961,14.13,3.45,8.79
01/04/1961,12.66,8.1,10.38
02/04/1961,11.53,9.09,10.31
03/04/1961,6.31,3.76,5.04
04/04/1961,11.47,2.9,7.19
05/04/1961,14.8,5.74,10.27
06/04/1961,14.78,7.11,10.95
07/04/1961,12.57,6.66,9.61
08/04/1961,11.02,5.49,8.26
09/04/1961,12.41,6.4,9.4
10/04/1961,13.08,5.94,9.51
11/04/1961,14.65,5.85,10.25
12/04/1961,14.23,7.48,10.86
13/04/1961,15.82,9.07,12.44
14/04/1961,13.48,7.29,10.38
15/04/1961,15.64,5.61,10.62
16/04/1961,15.71,3.63,9.67
17/04/1961,16.34,7.21,11.77
18/04/1961,17.26,6.65,11.96
19/04/1961,15.79,6.76,11.28
20/04/1961,14.14,6.84,10.49
21/04/1961,15.82,9.75,12.79
22/04/1961,12.35,8.7,10.53
23/04/1961,13.33,6.89,10.11
24/04/1961,14.24,5.11,9.67
25/04/1961,13.11,5.47,9.29
26/04/1961,15.7,8.61,12.15
27/04/1961,13.64,7.63,10.63
28/04/1961,12.63,4.51,8.57
29/04/1961,14.04,8.07,11.05
30/04/1961,14.34,8.53,11.43
01/05/1961,12.76,7.81,10.28
02/05/1961,14.28,8.02,11.15
03/05/1961,15.12,7.43,11.27
04/05/1961,15.36,9.58,12.47
05/05/1961,16.48,10.27,13.38
06/05/1961,12.73,6.04,9.39
07/05/1961,14.31,7.83,11.07
08/05/1961,14.69,7.34,11.02
09/05/1961,15.34,6.89,11.11
10/05/1961,16.72,6.56,11.64
11/05/1961,20.42,4.13,12.28
12/05/1961,22.08,8.62,15.35
13/05/1961,23.39,7.88,15.63
14/05/1961,18.48,9.28,13.88
15/05/1961,12.01,7.22,9.61
16/05/1961,16.25,6.84,11.54
17/05/1961,16.63,5.64,11.13
18/05/1961,15.51,4.36,9.93
19/05/1961,14.33,7.9,11.12
20/05/1961,14.43,9.14,11.79
21/05/1961,13.37,4.3,8.83
22/05/1961,15.12,6.96,11.04
23/05/1961,16.64,5.39,11.01
24/05/1961,17.95,8.96,13.46
25/05/1961,16.05,9.93,12.99
26/05/1961,12.08,7.48,9.78
27/05/1961,12.44,1.04,6.74
28/05/1961,14.85,1.19,8.02
29/05/1961,14.15,4.7,9.43
30/05/1961,16.4,7.07,11.73
31/05/1961,15.71,3.26,9.48
01/06/1961,14.8,6.14,10.47
02/06/1961,17.53,8.02,12.78
03/06/1961,20.86,7.93,14.4
04/06/1961,18.48,12.96,15.72
05/06/1961,21.28,11.86,16.57
06/06/1961,21.49,11.13,16.31
07/06/1961,19.28,10.4,14.84
08/06/1961,17.09,11.16,14.12
09/06/1961,17.08,6.5,11.79
10/06/1961,15.48,6.25,10.86
11/06/1961,16.82,11.85,14.33
12/06/1961,14.37,7.77,11.07
13/06/1961,18.16,9.05,13.61
14/06/1961,19.68,6.13,12.91
15/06/1961,21.04,9.72,15.38
16/06/1961,22.05,13.29,17.67
17/06/1961,19.2,12.27,15.74
18/06/1961,20.32,14.03,17.18
19/06/1961,19.26,7.78,13.52
20/06/1961,20.28,7.14,13.71
21/06/1961,20.56,7.71,14.14
22/06/1961,21.72,12.24,16.98
23/06/1961,24.13,8.39,16.26
24/06/1961,24.96,12.56,18.76
25/06/1961,26.4,11.29,18.84
26/06/1961,17.45,12.02,14.73
27/06/1961,19.18,7.98,13.58
28/06/1961,21.49,7.73,14.61
29/06/1961,25.52,9.4,17.46
30/06/1961,28.79,11.04,19.91
01/07/1961,28.18,15.1,21.64
02/07/1961,18.72,17.54,18.13
03/07/1961,20.4,10.04,15.22
04/07/1961,18.64,11.72,15.18
05/07/1961,19.75,7.94,13.85
06/07/1961,22.21,6.85,14.53
07/07/1961,22.72,10.13,16.42
08/07/1961,19.03,13.54,16.29
09/07/1961,21.96,12.3,17.13
10/07/1961,20.94,13.37,17.15
11/07/1961,22.88,15.36,19.12
12/07/1961,20.43,14.08,17.25
13/07/1961,17.56,10.82,14.19
14/07/1961,15.48,8.82,12.15
15/07/1961,18.46,9.82,14.14
16/07/1961,15.13,10.59,12.86
17/07/1961,18.54,11.95,15.25
18/07/1961,20.96,9.72,15.34
19/07/1961,19.99,11.66,15.82
20/07/1961,21.4,11.55,16.48
21/07/1961,21.39,11.02,16.21
22/07/1961,18.59,10.99,14.79
23/07/1961,21.05,8.96,15.01
24/07/1961,21.98,12.57,17.27
25/07/1961,24.15,10.12,17.14
26/07/1961,21.51,14.14,17.82
27/07/1961,17.66,12.35,15.01
28/07/1961,19.06,12.51,15.79
29/07/1961,18.66,9.91,14.29
30/07/1961,22.57,8.71,15.64
31/07/1961,22.16,10.22,16.19
01/08/1961,22.06,11.81,16.94
02/08/1961,19.79,9.62,14.71
03/08/1961,19.98,7.72,13.85
04/08/1961,22.38,15.21,18.79
05/08/1961,20.94,14.02,17.48
06/08/1961,19.78,10.64,15.21
07/08/1961,20.06,8.64,14.35
08/08/1961,18.23,13.51,15.87
09/08/1961,19.3,10.83,15.07
10/08/1961,19.25,8.77,14.01
11/08/1961,16.62,11.54,14.08
12/08/1961,18.78,10.94,14.86
13/08/1961,18.82,12,15.41
14/08/1961,17.12,9.14,13.13
15/08/1961,19.09,13.07,16.08
16/08/1961,17.64,8.48,13.06
17/08/1961,20.34,10.82,15.58
18/08/1961,18.55,13.23,15.89
19/08/1961,18.96,11.96,15.46
20/08/1961,19.4,9.13,14.26
21/08/1961,20.14,13.74,16.94
22/08/1961,17.52,12.07,14.79
23/08/1961,18.76,11.43,15.09
24/08/1961,18.86,14.69,16.77
25/08/1961,21.99,14.19,18.09
26/08/1961,22.37,14.88,18.62
27/08/1961,22.15,10.44,16.3
28/08/1961,25.63,11.34,18.48
29/08/1961,30.04,14.03,22.04
30/08/1961,23.63,12.91,18.27
31/08/1961,24.7,9.65,17.17
01/09/1961,27.63,11.06,19.34
02/09/1961,28.3,14.26,21.28
03/09/1961,21.46,15.4,18.43
04/09/1961,17.84,14.3,16.07
05/09/1961,18.89,14.19,16.54
06/09/1961,14.89,9.08,11.98
07/09/1961,17.41,7.63,12.52
08/09/1961,18.68,6.45,12.56
09/09/1961,20.13,6.33,13.23
10/09/1961,20.24,9.55,14.9
11/09/1961,19.43,12.93,16.18
12/09/1961,17.65,9.2,13.43
13/09/1961,18.8,13.95,16.38
14/09/1961,19.33,11.77,15.55
15/09/1961,22.17,13.79,17.98
16/09/1961,22.35,16.87,19.61
17/09/1961,16.29,12.29,14.29
18/09/1961,22.67,10.1,16.38
19/09/1961,22.72,14.12,18.42
20/09/1961,18.39,13.59,15.99
21/09/1961,19.98,9.97,14.97
22/09/1961,22.29,12.72,17.51
23/09/1961,19.47,11.49,15.48
24/09/1961,20.25,13.67,16.96
25/09/1961,17.32,6.34,11.83
26/09/1961,18.84,5.76,12.3
27/09/1961,17.62,11.31,14.46
28/09/1961,19.4,11,15.2
29/09/1961,17.77,8.39,13.08
30/09/1961,16.06,10.69,13.38
01/10/1961,17.17,10.07,13.62
02/10/1961,17.74,5.94,11.84
03/10/1961,15.99,9.09,12.54
04/10/1961,19.37,11.54,15.45
05/10/1961,17.29,10.68,13.99
06/10/1961,17.56,13.18,15.37
07/10/1961,16.2,10.73,13.47
08/10/1961,15.99,8.8,12.39
09/10/1961,18.27,10.12,14.19
10/10/1961,19.73,13.99,16.86
11/10/1961,15.2,11.17,13.18
12/10/1961,15.81,4.1,9.95
13/10/1961,16.3,4.23,10.26
14/10/1961,16.02,4.08,10.05
15/10/1961,10.95,4.91,7.93
16/10/1961,13.53,6.74,10.13
17/10/1961,13.35,8.85,11.1
18/10/1961,10.79,5.07,7.93
19/10/1961,8.78,6.77,7.77
20/10/1961,9.91,6.27,8.09
21/10/1961,12.68,5.18,8.93
22/10/1961,14.36,7.98,11.17
23/10/1961,12.67,6.77,9.72
24/10/1961,13.31,8.33,10.82
25/10/1961,13.31,5.4,9.36
26/10/1961,13.83,7.22,10.52
27/10/1961,12.16,6.92,9.54
28/10/1961,12.19,6.87,9.53
29/10/1961,11.85,1,6.43
30/10/1961,11.24,-0.85,5.19
31/10/1961,13.5,1.73,7.62
01/11/1961,14.95,6.73,10.84
02/11/1961,13.04,9.13,11.08
03/11/1961,8.29,4.52,6.41
04/11/1961,7.42,1.32,4.37
05/11/1961,10.63,3.82,7.23
06/11/1961,10.5,6.12,8.31
07/11/1961,9.29,7.1,8.2
08/11/1961,11.14,5.66,8.4
09/11/1961,7.75,1.12,4.43
10/11/1961,5.72,-1.39,2.16
11/11/1961,7.52,0.74,4.13
12/11/1961,9.29,3.99,6.64
13/11/1961,8.8,4.72,6.76
14/11/1961,6.57,5.81,6.19
15/11/1961,6.62,5.84,6.23
16/11/1961,7.92,2.56,5.24
17/11/1961,6.9,0.43,3.66
18/11/1961,7.33,4.24,5.79
19/11/1961,7.27,5.68,6.48
20/11/1961,7.35,5.67,6.51
21/11/1961,7.93,-0.48,3.72
22/11/1961,11.2,0.31,5.75
23/11/1961,9.32,2.56,5.94
24/11/1961,8.32,-0.9,3.71
25/11/1961,8.79,3.25,6.02
26/11/1961,5.51,-2.47,1.52
27/11/1961,6.74,-0.33,3.21
28/11/1961,6.71,-1.47,2.62
29/11/1961,10.03,-0.29,4.87
30/11/1961,12.4,6.83,9.62
01/12/1961,10.44,7.95,9.19
02/12/1961,6.53,1.67,4.1
03/12/1961,6.08,-0.39,2.85
04/12/1961,12.69,2.03,7.36
05/12/1961,6.2,6.02,6.11
06/12/1961,3.39,-0.91,1.24
07/12/1961,2.51,-3.36,-0.43
08/12/1961,8.66,-3.08,2.79
09/12/1961,11.81,2.3,7.06
10/12/1961,13.91,6.56,10.24
11/12/1961,12.81,10.86,11.84
12/12/1961,12.75,10.66,11.7
13/12/1961,12.76,6.71,9.73
14/12/1961,7.98,2.32,5.15
15/12/1961,5.87,-1.26,2.3
16/12/1961,6.75,1.35,4.05
17/12/1961,-0.13,-2.64,-1.39
18/12/1961,-0.65,-6.72,-3.68
19/12/1961,0.68,-5.71,-2.52
20/12/1961,2.42,-3.63,-0.6
21/12/1961,2.82,-1.36,0.73
22/12/1961,3.95,1.21,2.58
23/12/1961,0,-0.71,-0.35
24/12/1961,-0.2,-5.14,-2.67
25/12/1961,-0.73,-7.64,-4.18
26/12/1961,2.18,-6.48,-2.15
27/12/1961,0.41,-5.1,-2.35
28/12/1961,-1.53,-9.31,-5.42
29/12/1961,1.73,-9.59,-3.93
30/12/1961,1.85,-1.68,0.08
31/12/1961,-1.37,-1.25,-1.31
01/01/1962,-2.4,-9.18,-5.79
02/01/1962,-1.14,-9.99,-5.57
03/01/1962,2.29,-9.27,-3.49
04/01/1962,2.48,-4.14,-0.83
05/01/1962,5.92,1,3.46
06/01/1962,8.32,1.52,4.92
07/01/1962,8.9,5.43,7.16
08/01/1962,8.84,0.82,4.83
09/01/1962,6.57,2.33,4.45
10/01/1962,10.55,2.06,6.31
11/01/1962,8.26,2.63,5.45
12/01/1962,7.23,2.89,5.06
13/01/1962,5.92,1.33,3.62
14/01/1962,5.64,1.37,3.5
15/01/1962,8.71,-0.51,4.1
16/01/1962,7.7,1.21,4.45
17/01/1962,8.25,5.54,6.89
18/01/1962,9.28,2.88,6.08
19/01/1962,9.07,2.81,5.94
20/01/1962,11.44,2.31,6.88
21/01/1962,10.02,8.19,9.11
22/01/1962,6.49,3,4.75
23/01/1962,10.51,2.59,6.55
24/01/1962,12.18,3.84,8.01
25/01/1962,9.63,7.58,8.61
26/01/1962,10.46,8.38,9.42
27/01/1962,7.21,5.26,6.24
28/01/1962,6.88,2.82,4.85
29/01/1962,2.51,-2.25,0.13
30/01/1962,1.8,-1.07,0.36
31/01/1962,7.9,-0.28,3.81
01/02/1962,6.03,1.4,3.71
02/02/1962,7.8,2.8,5.3
03/02/1962,9.6,2.99,6.29
04/02/1962,10.24,1.82,6.03
05/02/1962,9.37,3.32,6.34
06/02/1962,10.4,4.96,7.68
07/02/1962,8.37,6.25,7.31
08/02/1962,6.03,4.56,5.29
09/02/1962,7.36,-1.67,2.85
10/02/1962,10.91,1.51,6.21
11/02/1962,9.42,-0.43,4.49
12/02/1962,11.07,0.88,5.97
13/02/1962,5.99,2.49,4.24
14/02/1962,3.72,-1,1.36
15/02/1962,8.9,-2.74,3.08
16/02/1962,10.88,0.27,5.57
17/02/1962,8.44,3.49,5.97
18/02/1962,9.6,2.66,6.13
19/02/1962,9.34,2.67,6.01
20/02/1962,8.33,4.75,6.54
21/02/1962,5.34,3.32,4.33
22/02/1962,3.8,-1.76,1.02
23/02/1962,2.15,-0.28,0.94
24/02/1962,5.3,-0.37,2.46
25/02/1962,2.02,-0.37,0.83
26/02/1962,-0.72,-3.21,-1.96
27/02/1962,0.91,-3.18,-1.14
28/02/1962,1.58,-1.03,0.28
01/03/1962,1.57,-0.38,0.59
02/03/1962,5.25,-1.07,2.09
03/03/1962,2.21,-3.44,-0.62
04/03/1962,2.49,-4.19,-0.85
05/03/1962,4.05,-4.36,-0.15
06/03/1962,4.69,-4.77,-0.04
07/03/1962,4.94,-3.01,0.96
08/03/1962,6.65,0.05,3.35
09/03/1962,12.34,0.25,6.3
10/03/1962,8.79,6.74,7.76
11/03/1962,5.98,3.66,4.82
12/03/1962,5.74,0.71,3.23
13/03/1962,5.36,-2.85,1.26
14/03/1962,5.22,-4,0.61
15/03/1962,5,-5.57,-0.28
16/03/1962,7.86,-1.17,3.34
17/03/1962,5.9,-6.21,-0.15
18/03/1962,4.07,-5.43,-0.68
19/03/1962,7.21,-1.88,2.67
20/03/1962,6.54,-4.62,0.96
21/03/1962,4.97,-0.17,2.4
22/03/1962,6.55,-1.45,2.55
23/03/1962,5.95,1.81,3.88
24/03/1962,5.56,0.57,3.06
25/03/1962,6.5,-4.39,1.06
26/03/1962,11.63,1.29,6.46
27/03/1962,11.39,1.32,6.35
28/03/1962,8.3,-1.71,3.3
29/03/1962,14.08,0.87,7.48
30/03/1962,10.06,5.61,7.83
31/03/1962,9.02,1.61,5.31
01/04/1962,9.18,1.39,5.29
02/04/1962,9.91,2.78,6.34
03/04/1962,11.41,6.8,9.11
04/04/1962,8.62,1.93,5.28
05/04/1962,9.15,4.1,6.62
06/04/1962,10.3,2,6.15
07/04/1962,11.11,5.06,8.08
08/04/1962,7.86,5.53,6.69
09/04/1962,10.8,3.37,7.08
10/04/1962,10.28,4.17,7.22
11/04/1962,12.07,5.05,8.56
12/04/1962,12.52,6.17,9.34
13/04/1962,10.6,1.47,6.03
14/04/1962,9.03,-0.49,4.27
15/04/1962,6.61,2.89,4.75
16/04/1962,6.83,4.04,5.44
17/04/1962,10.31,4.05,7.18
18/04/1962,8.44,3.75,6.1
19/04/1962,12.32,4.51,8.41
20/04/1962,11.11,4.93,8.02
21/04/1962,12.58,5.7,9.14
22/04/1962,16.81,5.77,11.29
23/04/1962,16.26,3.88,10.07
24/04/1962,16.34,7.86,12.1
25/04/1962,19.06,4.58,11.82
26/04/1962,19.95,6.6,13.27
27/04/1962,10.51,5.92,8.21
28/04/1962,11.02,4.09,7.56
29/04/1962,12.43,2.25,7.34
30/04/1962,9.18,1.51,5.34
01/05/1962,12.83,0.12,6.48
02/05/1962,14.71,1.56,8.13
03/05/1962,16.69,6.13,11.41
04/05/1962,17.68,6.69,12.19
05/05/1962,14.41,3.74,9.08
06/05/1962,17.88,11.76,14.82
07/05/1962,16.92,11.7,14.31
08/05/1962,17.64,10.91,14.27
09/05/1962,15.8,10.04,12.92
10/05/1962,15.14,7.36,11.25
11/05/1962,15.3,8.44,11.87
12/05/1962,10.86,8.01,9.44
13/05/1962,11.68,6.31,8.99
14/05/1962,15.11,4.66,9.88
15/05/1962,14.9,8.62,11.76
16/05/1962,14.86,8.55,11.7
17/05/1962,13.72,6.21,9.96
18/05/1962,13.28,6.74,10.01
19/05/1962,11.11,7.85,9.48
20/05/1962,13.87,4.82,9.34
21/05/1962,14.37,9.15,11.76
22/05/1962,14.24,8.1,11.17
23/05/1962,15.08,5.42,10.25
24/05/1962,13.71,6.86,10.29
25/05/1962,11,6.63,8.81
26/05/1962,8.24,5.35,6.79
27/05/1962,11.21,5.76,8.49
28/05/1962,14.81,6.89,10.85
29/05/1962,12.51,4.57,8.54
30/05/1962,15.86,2.15,9
31/05/1962,12.6,4.64,8.62
01/06/1962,13.3,1.34,7.32
02/06/1962,15.77,2.4,9.09
03/06/1962,16.48,3.99,10.23
04/06/1962,17.08,4.17,10.63
05/06/1962,18.54,3.77,11.15
06/06/1962,20.21,4.62,12.42
07/06/1962,21.91,6.54,14.22
08/06/1962,23,6.82,14.91
09/06/1962,24.42,10.51,17.47
10/06/1962,16.52,9.54,13.03
11/06/1962,15.51,8.55,12.03
12/06/1962,17.55,10.68,14.11
13/06/1962,19.89,11.7,15.8
14/06/1962,21.56,10.29,15.93
15/06/1962,22.11,11.21,16.66
16/06/1962,20.41,12.58,16.49
17/06/1962,22.72,10.67,16.69
18/06/1962,20.4,15.55,17.98
19/06/1962,17.58,11.29,14.43
20/06/1962,17.07,11.22,14.15
21/06/1962,21.9,13.54,17.72
22/06/1962,20.15,13.03,16.59
23/06/1962,20.21,9.59,14.9
24/06/1962,19.05,12.31,15.68
25/06/1962,19.71,6.94,13.33
26/06/1962,17.09,10.75,13.92
27/06/1962,18.02,8.11,13.07
28/06/1962,20.25,7.01,13.63
29/06/1962,17.82,10.68,14.25
30/06/1962,19.79,7.26,13.53
01/07/1962,21.11,12.94,17.03
02/07/1962,23.02,9.61,16.32
03/07/1962,16.41,11.43,13.92
04/07/1962,15.76,8.3,12.03
05/07/1962,15.35,7.94,11.64
06/07/1962,19.43,9.01,14.22
07/07/1962,20.11,6.65,13.38
08/07/1962,22.87,10.5,16.69
09/07/1962,22.64,14.61,18.63
10/07/1962,19.81,10.56,15.18
11/07/1962,19.49,12.3,15.89
12/07/1962,20.83,11.8,16.32
13/07/1962,22.28,9.93,16.1
14/07/1962,20.6,12.94,16.77
15/07/1962,14.06,11.93,13
16/07/1962,18.74,11.36,15.05
17/07/1962,18.98,10.28,14.63
18/07/1962,19.99,12.16,16.08
19/07/1962,19.66,14.62,17.14
20/07/1962,22.56,13.26,17.91
21/07/1962,19.8,13.49,16.64
22/07/1962,19.29,11.37,15.33
23/07/1962,21.94,10.46,16.2
24/07/1962,21.78,11.32,16.55
25/07/1962,23.93,12.62,18.27
26/07/1962,13.53,11.53,12.53
27/07/1962,17.71,11.41,14.56
28/07/1962,17.68,12.52,15.1
29/07/1962,20.23,13.04,16.63
30/07/1962,16.76,11.06,13.91
31/07/1962,19.73,12.8,16.26
01/08/1962,21.64,12.28,16.96
02/08/1962,20.86,11.26,16.06
03/08/1962,17.78,10.89,14.33
04/08/1962,19.78,8.18,13.98
05/08/1962,19.79,8.58,14.18
06/08/1962,15.27,10.13,12.7
07/08/1962,15.95,8.67,12.31
08/08/1962,17.54,8.47,13
09/08/1962,17.69,7.25,12.47
10/08/1962,20.25,13.93,17.09
11/08/1962,18.54,15.13,16.83
12/08/1962,19.2,11.89,15.54
13/08/1962,17.31,11.49,14.4
14/08/1962,15.99,9.48,12.73
15/08/1962,19.31,14.09,16.7
16/08/1962,17.17,10.9,14.03
17/08/1962,19.1,12.43,15.76
18/08/1962,20.49,11.39,15.94
19/08/1962,21,12.05,16.52
20/08/1962,20.48,15.36,17.92
21/08/1962,17.63,11.29,14.46
22/08/1962,19.58,12.85,16.22
23/08/1962,17.14,12.27,14.7
24/08/1962,18.26,13.59,15.93
25/08/1962,17.95,10.35,14.15
26/08/1962,17.66,11.06,14.36
27/08/1962,18.55,11.85,15.2
28/08/1962,18.96,12.3,15.63
29/08/1962,20.38,10.4,15.39
30/08/1962,20.57,9.62,15.1
31/08/1962,19.19,8.71,13.95
01/09/1962,19.61,12.68,16.15
02/09/1962,22.96,10.8,16.88
03/09/1962,19.56,14.37,16.96
04/09/1962,18.81,13.67,16.24
05/09/1962,18.52,10.99,14.76
06/09/1962,18.82,12.68,15.75
07/09/1962,16.46,11.37,13.91
08/09/1962,16.16,8.69,12.43
09/09/1962,19.26,9.44,14.35
10/09/1962,16.75,11.84,14.3
11/09/1962,16.82,13.14,14.98
12/09/1962,18.54,14.7,16.62
13/09/1962,16.78,7.92,12.35
14/09/1962,16.89,8.47,12.68
15/09/1962,18.64,10.17,14.41
16/09/1962,14.89,6.63,10.76
17/09/1962,12.68,5.42,9.05
18/09/1962,13.1,3.69,8.39
19/09/1962,12.72,6.15,9.43
20/09/1962,14.25,7.86,11.06
21/09/1962,11.76,3.66,7.71
22/09/1962,14.51,3.77,9.14
23/09/1962,15.08,6.67,10.87
24/09/1962,15.91,7.82,11.86
25/09/1962,18.5,8.78,13.64
26/09/1962,15.16,11.05,13.1
27/09/1962,15.04,6.16,10.6
28/09/1962,14.99,10.16,12.58
29/09/1962,15.11,5.74,10.42
30/09/1962,15.4,10.8,13.1
01/10/1962,16.17,11.45,13.81
02/10/1962,17.73,12,14.86
03/10/1962,15.48,6.77,11.13
04/10/1962,15.61,5.16,10.39
05/10/1962,18.7,7.37,13.04
06/10/1962,16.87,7.07,11.97
07/10/1962,17.88,9.36,13.62
08/10/1962,18.92,6.5,12.71
09/10/1962,15.94,8.17,12.06
10/10/1962,18.36,9.1,13.73
11/10/1962,11.84,9.72,10.78
12/10/1962,13.5,9.86,11.68
13/10/1962,11.34,6.6,8.97
14/10/1962,15.01,4.71,9.86
15/10/1962,14.47,6.24,10.35
16/10/1962,13.93,4.44,9.19
17/10/1962,17.07,4.27,10.67
18/10/1962,18.25,4.17,11.21
19/10/1962,14.51,7,10.75
20/10/1962,13.56,5.82,9.69
21/10/1962,14.38,8.1,11.24
22/10/1962,13.89,5.5,9.69
23/10/1962,11.29,4.01,7.65
24/10/1962,14.3,8.55,11.42
25/10/1962,14.94,10.12,12.53
26/10/1962,8.8,8.65,8.72
27/10/1962,8.76,-1.08,3.84
28/10/1962,9.37,2.23,5.8
29/10/1962,12.25,1.79,7.02
30/10/1962,11.44,5.25,8.34
31/10/1962,9.26,3.35,6.3
01/11/1962,10.16,1.98,6.07
02/11/1962,12.28,5.86,9.07
03/11/1962,11.75,4.85,8.3
04/11/1962,12.06,3.29,7.67
05/11/1962,12.09,5.77,8.93
06/11/1962,10.54,8.03,9.29
07/11/1962,11.49,5.65,8.57
08/11/1962,10.58,2.52,6.55
09/11/1962,10.12,8.08,9.1
10/11/1962,9.51,8.77,9.14
11/11/1962,5.61,5.73,5.67
12/11/1962,7.18,-0.33,3.42
13/11/1962,6.6,0.28,3.44
14/11/1962,7.87,-0.97,3.45
15/11/1962,6.43,1.75,4.09
16/11/1962,6.61,-2.37,2.12
17/11/1962,5.13,0.84,2.98
18/11/1962,3.58,0.83,2.2
19/11/1962,2.14,-2.74,-0.3
20/11/1962,2.27,-3.43,-0.58
21/11/1962,2.68,0,1.34
22/11/1962,4.67,-0.36,2.16
23/11/1962,10.47,-0.32,5.08
24/11/1962,11.6,2.17,6.88
25/11/1962,8.55,5.62,7.09
26/11/1962,6.42,3.25,4.83
27/11/1962,5.17,3.44,4.31
28/11/1962,6.63,4.22,5.43
29/11/1962,6.59,5.21,5.9
30/11/1962,7.46,4.75,6.1
01/12/1962,2.24,-1.3,0.47
02/12/1962,2.77,-4.46,-0.84
03/12/1962,-1.27,-5.83,-3.55
04/12/1962,-0.73,-4.28,-2.51
05/12/1962,0.7,-5.83,-2.57
06/12/1962,1.19,-7.02,-2.92
07/12/1962,9.43,-5.9,1.76
08/12/1962,10.59,0.15,5.37
09/12/1962,7.18,5.66,6.42
10/12/1962,8.49,3.57,6.03
11/12/1962,9.52,3.62,6.57
12/12/1962,2.93,-0.6,1.17
13/12/1962,4.24,-0.43,1.9
14/12/1962,12.12,-0.46,5.83
15/12/1962,12.65,4.44,8.55
16/12/1962,7.1,5.15,6.12
17/12/1962,5.89,0.36,3.12
18/12/1962,7.69,0.88,4.28
19/12/1962,6.15,1.55,3.85
20/12/1962,10.09,0.43,5.26
21/12/1962,7.61,4.58,6.09
22/12/1962,3.78,0.28,2.03
23/12/1962,-1.8,-4.3,-3.05
24/12/1962,-0.92,-5.4,-3.16
25/12/1962,-0.32,-5.39,-2.86
26/12/1962,0.31,-7.63,-3.66
27/12/1962,-0.4,-3.94,-2.17
28/12/1962,-1.92,-3.45,-2.69
29/12/1962,-1.23,-6.65,-3.94
30/12/1962,-0.72,-6.75,-3.73
31/12/1962,0.41,-2.17,-0.88
01/01/1963,-2.16,-2.1,-2.13
02/01/1963,-1.14,-3.24,-2.19
03/01/1963,0.06,-3.58,-1.76
04/01/1963,0.22,-1.8,-0.79
05/01/1963,1.09,-1.32,-0.12
06/01/1963,1.07,-1.09,-0.01
07/01/1963,-1.2,-2.6,-1.9
08/01/1963,-0.16,-2.32,-1.24
09/01/1963,-1.02,-7.11,-4.06
10/01/1963,-0.94,-6.21,-3.57
11/01/1963,-3.27,-10.58,-6.93
12/01/1963,-2.89,-9.98,-6.44
13/01/1963,-1.31,-6.19,-3.75
14/01/1963,2.17,-7.11,-2.47
15/01/1963,1.6,-6.02,-2.21
16/01/1963,0.19,-4.15,-1.98
17/01/1963,-3.12,-7.76,-5.44
18/01/1963,-1.69,-9.43,-5.56
19/01/1963,-3.2,-6.5,-4.85
20/01/1963,-1.29,-6,-3.64
21/01/1963,-2.4,-5.32,-3.86
22/01/1963,-4.07,-11.62,-7.85
23/01/1963,-6.41,-14.25,-10.33
24/01/1963,-6.56,-13.61,-10.09
25/01/1963,0.14,-12.19,-6.02
26/01/1963,4.37,-12.23,-3.93
27/01/1963,3.56,-3.35,0.1
28/01/1963,2.9,1.3,2.1
29/01/1963,2.26,1.53,1.89
30/01/1963,0.61,0.28,0.45
31/01/1963,1.14,-3.58,-1.22
01/02/1963,-0.68,-4.05,-2.37
02/02/1963,-2.77,-8.67,-5.72
03/02/1963,-1.15,-5.59,-3.37
04/02/1963,-0.94,-4.98,-2.96
05/02/1963,0.22,-3.77,-1.78
06/02/1963,1.57,-3.12,-0.77
07/02/1963,2.26,-3.05,-0.39
08/02/1963,4.67,1.15,2.91
09/02/1963,1.11,-0.2,0.46
10/02/1963,-1.06,-0.9,-0.98
11/02/1963,-0.43,-1.98,-1.21
12/02/1963,1.1,-1.32,-0.11
13/02/1963,2.94,-2.6,0.17
14/02/1963,2.06,-2.53,-0.24
15/02/1963,0.64,0.29,0.46
16/02/1963,-0.13,-1.43,-0.78
17/02/1963,0.48,-2,-0.76
18/02/1963,1.45,-4.16,-1.35
19/02/1963,-1.15,-2.62,-1.89
20/02/1963,1,-3.32,-1.16
21/02/1963,1.85,-3.57,-0.86
22/02/1963,3.32,-3.49,-0.09
23/02/1963,0.71,-3.13,-1.21
24/02/1963,0.02,-7.35,-3.66
25/02/1963,-0.63,-9.88,-5.25
26/02/1963,4.91,-7.72,-1.41
27/02/1963,4.99,-4.86,0.07
28/02/1963,6.04,-3.87,1.09
01/03/1963,4.48,-4.49,-0.01
02/03/1963,7.68,-5.58,1.05
03/03/1963,8.4,-4.81,1.8
04/03/1963,8.12,-2.51,2.8
05/03/1963,8.83,1.56,5.2
06/03/1963,13.54,4.67,9.11
07/03/1963,12.65,8.33,10.49
08/03/1963,11.07,7.3,9.19
09/03/1963,7.18,4.67,5.93
10/03/1963,10.45,6.16,8.3
11/03/1963,8.56,3.55,6.06
12/03/1963,7.63,3.66,5.65
13/03/1963,8.93,-0.17,4.38
14/03/1963,14.82,2.1,8.46
15/03/1963,13.16,7.91,10.53
16/03/1963,12.09,7.42,9.75
17/03/1963,10.29,5.16,7.72
18/03/1963,12.18,7.43,9.81
19/03/1963,9.98,5.71,7.85
20/03/1963,8.74,5.37,7.05
21/03/1963,5.05,3.32,4.18
22/03/1963,3.91,0.14,2.03
23/03/1963,5.78,-0.48,2.65
24/03/1963,9.93,-1.64,4.15
25/03/1963,11.32,2.78,7.05
26/03/1963,9.35,4.63,6.99
27/03/1963,9.87,2.46,6.17
28/03/1963,9.8,2.09,5.95
29/03/1963,7.79,3.9,5.85
30/03/1963,6.79,2.9,4.84
31/03/1963,6.81,3.09,4.95
01/04/1963,11.02,1.04,6.03
02/04/1963,13.17,4.15,8.66
03/04/1963,11.89,3.79,7.84
04/04/1963,7.35,2.96,5.15
05/04/1963,6.77,1.87,4.32
06/04/1963,11.02,1.55,6.29
07/04/1963,11.59,1.96,6.78
08/04/1963,11.97,2.04,7
09/04/1963,12.23,3.39,7.81
10/04/1963,10.1,6.39,8.25
11/04/1963,10.3,8.36,9.33
12/04/1963,8.71,0.83,4.77
13/04/1963,10.35,0.92,5.64
14/04/1963,10.56,5.44,8
15/04/1963,12.7,6.98,9.84
16/04/1963,14.27,8.91,11.59
17/04/1963,9.83,7.57,8.7
18/04/1963,13.46,6.84,10.15
19/04/1963,15.42,4.25,9.84
20/04/1963,12.08,6.53,9.31
21/04/1963,12.62,8.39,10.51
22/04/1963,15,7.84,11.42
23/04/1963,16.8,5.89,11.34
24/04/1963,13.8,7.14,10.47
25/04/1963,13.4,5.28,9.34
26/04/1963,14.95,5.51,10.23
27/04/1963,16.56,4.62,10.59
28/04/1963,17.55,9.77,13.66
29/04/1963,14.76,10.75,12.76
30/04/1963,13.68,7.54,10.61
01/05/1963,11.05,6.86,8.95
02/05/1963,10.95,2.34,6.64
03/05/1963,13.14,6.76,9.95
04/05/1963,14.17,2.49,8.33
05/05/1963,12.99,7.6,10.3
06/05/1963,14.08,3.89,8.99
07/05/1963,16.88,6.32,11.6
08/05/1963,14.78,7.66,11.22
09/05/1963,14.95,5.28,10.11
10/05/1963,11.57,7.43,9.5
11/05/1963,14.14,7.47,10.8
12/05/1963,12.63,8.27,10.45
13/05/1963,14.05,7.75,10.9
14/05/1963,11.96,5.93,8.95
15/05/1963,13.79,4.84,9.32
16/05/1963,17.12,3.99,10.56
17/05/1963,15.9,10.07,12.98
18/05/1963,12.62,5.17,8.89
19/05/1963,13.45,4.85,9.15
20/05/1963,14.37,6.29,10.33
21/05/1963,13.36,7.25,10.31
22/05/1963,13.53,5.92,9.73
23/05/1963,12.47,6.31,9.39
24/05/1963,15.53,6.66,11.09
25/05/1963,18.97,4.57,11.77
26/05/1963,20.01,9.6,14.8
27/05/1963,19.01,6.86,12.94
28/05/1963,12.53,9.16,10.84
29/05/1963,15.62,6.88,11.25
30/05/1963,21.28,8.64,14.96
31/05/1963,25.62,8.65,17.14
01/06/1963,23.99,11.94,17.96
02/06/1963,20.25,9.19,14.72
03/06/1963,19.56,8,13.78
04/06/1963,20.49,7.99,14.24
05/06/1963,18.55,8.94,13.74
06/06/1963,23.26,11.21,17.23
07/06/1963,23.23,12.05,17.64
08/06/1963,24.89,10.69,17.79
09/06/1963,25.33,10.94,18.13
10/06/1963,23.62,10.54,17.08
11/06/1963,23.73,9.25,16.49
12/06/1963,24.15,12.02,18.08
13/06/1963,16.63,13.47,15.05
14/06/1963,15.41,10.54,12.97
15/06/1963,20.64,7.68,14.16
16/06/1963,17.42,12.35,14.89
17/06/1963,21.14,13.37,17.26
18/06/1963,17.14,13.15,15.14
19/06/1963,14.72,8.05,11.38
20/06/1963,17.8,11.17,14.49
21/06/1963,18.67,13.58,16.12
22/06/1963,19.26,12.26,15.76
23/06/1963,17.97,8.46,13.22
24/06/1963,15.55,11.15,13.35
25/06/1963,16.8,10.71,13.75
26/06/1963,17.4,10,13.7
27/06/1963,19.22,9.46,14.34
28/06/1963,15.39,9.94,12.67
29/06/1963,13.8,10.36,12.08
30/06/1963,15.6,10.35,12.97
01/07/1963,17.39,11.3,14.35
02/07/1963,18.42,8.62,13.52
03/07/1963,20.01,11.83,15.92
04/07/1963,17.64,9.14,13.39
05/07/1963,18.44,10.55,14.49
06/07/1963,14.57,11.64,13.1
07/07/1963,18.88,9.05,13.96
08/07/1963,18.2,9.51,13.86
09/07/1963,16.1,10.73,13.42
10/07/1963,17.44,12.8,15.12
11/07/1963,18.76,11.27,15.01
12/07/1963,18.03,11.57,14.8
13/07/1963,18.24,11.69,14.97
14/07/1963,18.73,8.3,13.51
15/07/1963,18.77,14.03,16.4
16/07/1963,19.64,11.81,15.73
17/07/1963,17.8,9.95,13.88
18/07/1963,17.9,12.48,15.19
19/07/1963,19.94,11.62,15.78
20/07/1963,23.28,13.92,18.6
21/07/1963,22.86,12.72,17.79
22/07/1963,24.52,13.05,18.78
23/07/1963,25.45,13.5,19.47
24/07/1963,20.4,15.75,18.07
25/07/1963,19,10.58,14.79
26/07/1963,18.87,8.27,13.57
27/07/1963,20.16,7.39,13.78
28/07/1963,21.37,7.09,14.23
29/07/1963,25.09,8.16,16.62
30/07/1963,26.76,10.07,18.41
31/07/1963,23.62,12.19,17.9
01/08/1963,22.98,10.31,16.65
02/08/1963,20.96,12.72,16.84
03/08/1963,16.37,14.32,15.34
04/08/1963,17.22,14.04,15.63
05/08/1963,21.45,14.51,17.98
06/08/1963,18.13,10.63,14.38
07/08/1963,18.66,8.41,13.53
08/08/1963,17.58,13.36,15.47
09/08/1963,18.6,11.29,14.95
10/08/1963,20.83,12.12,16.48
11/08/1963,19.25,12.74,16
12/08/1963,18.06,11.64,14.85
13/08/1963,19.79,10.23,15.01
14/08/1963,16.59,12.33,14.46
15/08/1963,16.19,8.43,12.31
16/08/1963,16.65,9.21,12.93
17/08/1963,17.24,8.53,12.88
18/08/1963,18.08,12.37,15.23
19/08/1963,16.53,7.38,11.96
20/08/1963,16.7,7.77,12.23
21/08/1963,16.53,10.19,13.36
22/08/1963,18.88,11.94,15.41
23/08/1963,18.78,10.66,14.72
24/08/1963,19,12.48,15.74
25/08/1963,17.65,11.41,14.53
26/08/1963,18.64,12.37,15.5
27/08/1963,17.33,11.05,14.19
28/08/1963,17.17,9.19,13.18
29/08/1963,17.54,6.75,12.15
30/08/1963,14.95,8.85,11.9
31/08/1963,15.92,8.81,12.37
01/09/1963,15.67,10.84,13.26
02/09/1963,16.69,12.5,14.59
03/09/1963,17.43,11.54,14.48
04/09/1963,13.53,10.31,11.92
05/09/1963,15.28,8.01,11.65
06/09/1963,15.36,8.69,12.03
07/09/1963,13.54,8.49,11.02
08/09/1963,16.54,11.18,13.86
09/09/1963,16.85,8.21,12.53
10/09/1963,16.58,8.63,12.61
11/09/1963,13.92,10.82,12.37
12/09/1963,17.81,7.13,12.47
13/09/1963,19.87,4.76,12.31
14/09/1963,19.94,7.15,13.55
15/09/1963,23.3,7.27,15.28
16/09/1963,23,7.85,15.42
17/09/1963,22.68,9.37,16.03
18/09/1963,18.12,13.48,15.8
19/09/1963,16.06,12.08,14.07
20/09/1963,17.96,6.54,12.25
21/09/1963,14.77,10.51,12.64
22/09/1963,17.97,13,15.48
23/09/1963,17.24,9.99,13.62
24/09/1963,14.91,13.31,14.11
25/09/1963,16.09,5.46,10.77
26/09/1963,16.66,9.53,13.09
27/09/1963,14.61,8.58,11.59
28/09/1963,15.06,6.63,10.85
29/09/1963,17.05,11.51,14.28
30/09/1963,14.18,9.67,11.93
01/10/1963,12.65,8.51,10.58
02/10/1963,12.29,3.68,7.99
03/10/1963,14.96,5.51,10.24
04/10/1963,12.98,7.78,10.38
05/10/1963,12.6,6.64,9.62
06/10/1963,13.47,5.67,9.57
07/10/1963,13.96,9.54,11.75
08/10/1963,17.72,11.45,14.58
09/10/1963,13.93,4.63,9.28
10/10/1963,16.41,7.85,12.13
11/10/1963,15.14,10.47,12.8
12/10/1963,20.85,7.98,14.42
13/10/1963,13.3,10.79,12.04
14/10/1963,11.78,3.96,7.87
15/10/1963,13.29,7.48,10.39
16/10/1963,16.14,11.14,13.64
17/10/1963,15.25,8.98,12.12
18/10/1963,17.14,8.82,12.98
19/10/1963,16.14,11.32,13.73
20/10/1963,15.21,12.15,13.68
21/10/1963,16,9.43,12.71
22/10/1963,15.59,7.64,11.62
23/10/1963,17.59,10.11,13.85
24/10/1963,13.28,10.26,11.77
25/10/1963,12.45,9.68,11.07
26/10/1963,13.18,8.68,10.93
27/10/1963,12.31,5.74,9.03
28/10/1963,10.86,4.36,7.61
29/10/1963,10.26,8.06,9.16
30/10/1963,11.07,4.75,7.91
31/10/1963,11.43,5.36,8.39
01/11/1963,12.17,8.5,10.33
02/11/1963,11.27,7.84,9.56
03/11/1963,12.83,5.76,9.29
04/11/1963,13.27,6.84,10.05
05/11/1963,12.74,9.57,11.15
06/11/1963,10.75,8.44,9.6
07/11/1963,10.49,8.64,9.57
08/11/1963,12.03,7.2,9.62
09/11/1963,11.64,1.94,6.79
10/11/1963,15.55,6.01,10.78
11/11/1963,13.31,10.51,11.91
12/11/1963,11.91,8.97,10.44
13/11/1963,7.78,3.72,5.75
14/11/1963,10.23,1.87,6.05
15/11/1963,7.96,5.15,6.55
16/11/1963,8.18,1.82,5
17/11/1963,13.2,2.57,7.89
18/11/1963,14.25,5.38,9.82
19/11/1963,14.54,9.68,12.11
20/11/1963,8.3,4.72,6.51
21/11/1963,12.13,-0.22,5.96
22/11/1963,11.11,7.55,9.33
23/11/1963,12.26,5.74,9
24/11/1963,12.71,9.17,10.94
25/11/1963,8.9,6.2,7.55
26/11/1963,8.8,6.64,7.72
27/11/1963,7.49,4.12,5.8
28/11/1963,7.39,2.42,4.91
29/11/1963,6.33,5.49,5.91
30/11/1963,6.06,2.71,4.39
01/12/1963,7.27,3.07,5.17
02/12/1963,7.73,5.31,6.52
03/12/1963,6.06,4.65,5.36
04/12/1963,5.49,4.15,4.82
05/12/1963,3.84,2.95,3.39
06/12/1963,3.37,2.21,2.79
07/12/1963,4.33,2.43,3.38
08/12/1963,3.19,-2.71,0.24
09/12/1963,2.35,-2.52,-0.08
10/12/1963,2.92,-1.23,0.84
11/12/1963,4.39,-0.64,1.87
12/12/1963,4.95,1.02,2.98
13/12/1963,2.87,-0.2,1.34
14/12/1963,2.75,-1,0.87
15/12/1963,2.95,-3.29,-0.17
16/12/1963,4.42,-1.86,1.28
17/12/1963,2.85,0.94,1.9
18/12/1963,2.13,0.45,1.29
19/12/1963,0.69,-2.99,-1.15
20/12/1963,0.7,-5.17,-2.23
21/12/1963,2.5,-5.79,-1.64
22/12/1963,2.41,-3.86,-0.73
23/12/1963,0.68,-5.88,-2.6
24/12/1963,4.1,-7.06,-1.48
25/12/1963,7.73,-4.43,1.65
26/12/1963,4.83,2.43,3.63
27/12/1963,6.24,-1.77,2.24
28/12/1963,7.43,-0.97,3.23
29/12/1963,9.92,3.49,6.7
30/12/1963,8.9,2.85,5.88
31/12/1963,7.72,4.33,6.03
01/01/1964,8.79,4.39,6.59
02/01/1964,6.22,5.15,5.68
03/01/1964,3.98,2.84,3.41
04/01/1964,3.71,1.34,2.53
05/01/1964,5.85,1.74,3.8
06/01/1964,6.45,3.37,4.91
07/01/1964,6.87,1.87,4.37
08/01/1964,6.27,4.6,5.43
09/01/1964,6.67,4.04,5.35
10/01/1964,5.85,3.26,4.56
11/01/1964,2.83,1.53,2.18
12/01/1964,0.29,-0.74,-0.23
13/01/1964,0.04,-2.06,-1.01
14/01/1964,2.46,-8.25,-2.89
15/01/1964,2.73,0.18,1.46
16/01/1964,3.25,-0.41,1.42
17/01/1964,1.28,-4.44,-1.58
18/01/1964,2.93,-5.36,-1.22
19/01/1964,4.77,-3.31,0.73
20/01/1964,5.7,1.74,3.72
21/01/1964,4.8,0.73,2.77
22/01/1964,5.72,1.32,3.52
23/01/1964,5.64,2.38,4.01
24/01/1964,4.73,2.63,3.68
25/01/1964,4.24,-4.01,0.11
26/01/1964,4.95,-1.93,1.51
27/01/1964,7.31,0.44,3.87
28/01/1964,8.63,1.4,5.01
29/01/1964,8.79,2.22,5.5
30/01/1964,7.82,4.55,6.19
31/01/1964,11.42,3.25,7.33
01/02/1964,11.56,6.69,9.12
02/02/1964,11.05,6.26,8.65
03/02/1964,9.48,7.89,8.68
04/02/1964,8.13,1.91,5.02
05/02/1964,4.44,-0.32,2.06
06/02/1964,2.44,-4.47,-1.01
07/02/1964,5.78,-4.33,0.73
08/02/1964,5.05,-1.26,1.9
09/02/1964,6.03,-0.91,2.56
10/02/1964,5.99,2.35,4.17
11/02/1964,7.64,3.25,5.45
12/02/1964,7.38,3.66,5.52
13/02/1964,7.43,1.73,4.58
14/02/1964,4.47,2.31,3.39
15/02/1964,5.45,2.96,4.21
16/02/1964,0.86,0.31,0.59
17/02/1964,1.22,0.32,0.77
18/02/1964,1.2,0.25,0.73
19/02/1964,0.53,-0.34,0.1
20/02/1964,2.16,-2.1,0.03
21/02/1964,4.16,-3.98,0.09
22/02/1964,7.73,-1.12,3.31
23/02/1964,9.97,0.97,5.47
24/02/1964,11.58,7.38,9.48
25/02/1964,11.14,6.66,8.9
26/02/1964,10.68,6.25,8.46
27/02/1964,12.65,7.44,10.04
28/02/1964,12.11,6.24,9.17
29/02/1964,8.3,2.91,5.61
01/03/1964,5.89,4.24,5.07
02/03/1964,2.6,1.95,2.27
03/03/1964,4.5,1.08,2.79
04/03/1964,2.21,0.76,1.48
05/03/1964,3.65,0.73,2.19
06/03/1964,3.18,0.13,1.65
07/03/1964,1.22,-1.85,-0.31
08/03/1964,3.94,-1.38,1.28
09/03/1964,7.5,-1.78,2.86
10/03/1964,7.21,-0.88,3.16
11/03/1964,9.52,-2.71,3.41
12/03/1964,7.64,0.29,3.97
13/03/1964,13.34,4.32,8.83
14/03/1964,9.91,6.56,8.24
15/03/1964,2.06,2.08,2.07
16/03/1964,1.52,-1.36,0.08
17/03/1964,2.94,-1.01,0.96
18/03/1964,4.25,0.12,2.19
19/03/1964,10.18,0.12,5.15
20/03/1964,11.55,2.56,7.06
21/03/1964,10.62,6.36,8.49
22/03/1964,10.27,6.3,8.29
23/03/1964,9.53,5.35,7.44
24/03/1964,12.15,5.92,9.04
25/03/1964,8.66,6.63,7.65
26/03/1964,10.3,1.36,5.83
27/03/1964,7.64,0.18,3.91
28/03/1964,6.55,2.48,4.52
29/03/1964,5.18,1.87,3.52
30/03/1964,4.88,1.83,3.36
31/03/1964,4.33,1.77,3.05
01/04/1964,4.52,1.48,3
02/04/1964,3.39,1.53,2.46
03/04/1964,4.24,1.45,2.84
04/04/1964,4.44,1.45,2.94
05/04/1964,9.79,1.04,5.42
06/04/1964,9.98,-0.94,4.52
07/04/1964,11.5,0.13,5.81
08/04/1964,14.15,1.08,7.61
09/04/1964,12.64,3.2,7.92
10/04/1964,13.08,6.4,9.74
11/04/1964,13.55,1.79,7.67
12/04/1964,11.67,7.68,9.68
13/04/1964,12.41,5.92,9.17
14/04/1964,12.26,5.48,8.87
15/04/1964,10.52,6.62,8.57
16/04/1964,15.64,7.94,11.79
17/04/1964,14.66,9.61,12.13
18/04/1964,15.67,5.56,10.61
19/04/1964,10.11,8.02,9.06
20/04/1964,12.55,6.83,9.69
21/04/1964,11.49,5.77,8.63
22/04/1964,14.01,6.81,10.41
23/04/1964,12.26,7.75,10.01
24/04/1964,13.68,4.75,9.22
25/04/1964,13.71,5.93,9.82
26/04/1964,18.26,8.62,13.44
27/04/1964,20.01,8.77,14.39
28/04/1964,14.67,10.69,12.68
29/04/1964,13.3,7.96,10.63
30/04/1964,13.56,6.45,10.01
01/05/1964,12.64,6.91,9.77
02/05/1964,14.8,7.74,11.27
03/05/1964,13.74,10.62,12.18
04/05/1964,14.8,8.12,11.46
05/05/1964,15.38,6.49,10.93
06/05/1964,14.38,8.14,11.26
07/05/1964,15.03,11.38,13.2
08/05/1964,15.15,7.91,11.53
09/05/1964,15.53,6.71,11.12
10/05/1964,16.32,7.8,12.06
11/05/1964,18.7,9.67,14.18
12/05/1964,24.2,7.72,15.96
13/05/1964,16.75,10.81,13.78
14/05/1964,16.42,5.68,11.05
15/05/1964,18.77,3.77,11.27
16/05/1964,20.07,7.92,13.99
17/05/1964,23.75,6.94,15.34
18/05/1964,19.32,12.88,16.1
19/05/1964,16.5,11.59,14.05
20/05/1964,17.53,5.47,11.5
21/05/1964,14.51,8.65,11.58
22/05/1964,17.03,9.29,13.16
23/05/1964,20.66,9.69,15.17
24/05/1964,18.51,10.94,14.72
25/05/1964,21.79,10.76,16.28
26/05/1964,20.82,8.9,14.86
27/05/1964,18.85,10.03,14.44
28/05/1964,21.63,9.35,15.49
29/05/1964,21.46,9.79,15.62
30/05/1964,22.41,11.51,16.96
31/05/1964,20.43,12.61,16.52
01/06/1964,10.4,9.58,9.99
02/06/1964,10.08,6.98,8.53
03/06/1964,16.45,7.04,11.75
04/06/1964,17.23,10.32,13.77
05/06/1964,17.8,11.87,14.83
06/06/1964,17.16,11.61,14.39
07/06/1964,17.32,13.05,15.18
08/06/1964,18.07,9.78,13.92
09/06/1964,20.02,9.7,14.86
10/06/1964,21.05,12.64,16.84
11/06/1964,18.69,9.87,14.28
12/06/1964,23.26,10.69,16.97
13/06/1964,18.74,14.04,16.39
14/06/1964,16.63,12.3,14.46
15/06/1964,17.24,11.22,14.23
16/06/1964,19.14,8.73,13.93
17/06/1964,17.17,10.82,14
18/06/1964,14.43,13.02,13.72
19/06/1964,15.57,9.81,12.69
20/06/1964,14.33,4.16,9.25
21/06/1964,14.85,5.77,10.31
22/06/1964,17.14,7.55,12.35
23/06/1964,16.89,7.76,12.33
24/06/1964,20.67,8.2,14.44
25/06/1964,21.81,10.35,16.08
26/06/1964,23.77,13.52,18.64
27/06/1964,22.25,11.96,17.1
28/06/1964,19.88,15.14,17.51
29/06/1964,19.13,13.46,16.29
30/06/1964,21.63,8.12,14.87
01/07/1964,21.06,11.32,16.19
02/07/1964,23.1,9.41,16.26
03/07/1964,18.58,11,14.79
04/07/1964,17.83,7.13,12.48
05/07/1964,17.93,8.63,13.28
06/07/1964,18.71,9.2,13.96
07/07/1964,17.7,9.23,13.47
08/07/1964,18.24,13.02,15.63
09/07/1964,18.02,11.03,14.53
10/07/1964,17.16,7.94,12.55
11/07/1964,19.28,10.77,15.02
12/07/1964,20.86,14.6,17.73
13/07/1964,22.09,9.55,15.82
14/07/1964,23.5,13.83,18.67
15/07/1964,22.63,15.65,19.14
16/07/1964,24.56,12.59,18.58
17/07/1964,26.26,14.4,20.33
18/07/1964,24.88,15.72,20.3
19/07/1964,22.46,14.11,18.29
20/07/1964,21.31,12.81,17.06
21/07/1964,20.75,13.25,17
22/07/1964,21.27,12.88,17.08
23/07/1964,22.02,13.32,17.67
24/07/1964,22.36,13.85,18.1
25/07/1964,25.61,13.34,19.47
26/07/1964,23.43,14.11,18.77
27/07/1964,22.57,12.59,17.58
28/07/1964,21.47,12.66,17.06
29/07/1964,19.52,11.23,15.38
30/07/1964,23.96,12.55,18.26
31/07/1964,22.44,15.22,18.83
01/08/1964,22.21,14.54,18.38
02/08/1964,21.31,15.81,18.56
03/08/1964,24.66,15.47,20.07
04/08/1964,24.42,12.9,18.66
05/08/1964,27.4,15.29,21.35
06/08/1964,20.83,14.56,17.7
07/08/1964,19.96,9.51,14.74
08/08/1964,18.64,11.07,14.85
09/08/1964,19.72,8.36,14.04
10/08/1964,20.31,8.38,14.35
11/08/1964,20.54,12.31,16.43
12/08/1964,19.35,11.58,15.46
13/08/1964,17.75,13.64,15.69
14/08/1964,19.48,13.13,16.31
15/08/1964,20.33,11.6,15.97
16/08/1964,22.94,14.53,18.74
17/08/1964,21.14,15.82,18.48
18/08/1964,19,13.62,16.31
19/08/1964,15.39,12.73,14.06
20/08/1964,17.09,5.6,11.35
21/08/1964,18.89,4.82,11.86
22/08/1964,20.9,5.72,13.31
23/08/1964,21.17,8.03,14.6
24/08/1964,20.85,14.54,17.69
25/08/1964,25.34,13.46,19.4
26/08/1964,29.57,13.21,21.39
27/08/1964,24.87,12.43,18.65
28/08/1964,22.11,12.01,17.06
29/08/1964,18.59,7.68,13.13
30/08/1964,17.69,4.9,11.29
31/08/1964,19.14,5.27,12.2
01/09/1964,20.04,5.8,12.92
02/09/1964,23.24,7.03,15.14
03/09/1964,24.39,7.33,15.86
04/09/1964,24.5,9.12,16.81
05/09/1964,25.12,10.01,17.56
06/09/1964,17.69,13.53,15.61
07/09/1964,18.29,9.46,13.87
08/09/1964,19.9,10.69,15.29
09/09/1964,21.52,13.53,17.53
10/09/1964,23.11,14.69,18.9
11/09/1964,22.01,15.52,18.77
12/09/1964,18.54,8.63,13.59
13/09/1964,21.57,5.99,13.78
14/09/1964,21.42,13.53,17.48
15/09/1964,16.88,11.49,14.19
16/09/1964,16.33,10.72,13.52
17/09/1964,16.65,10.13,13.39
18/09/1964,17.03,7.65,12.34
19/09/1964,16.09,10.92,13.51
20/09/1964,16.34,7.1,11.72
21/09/1964,16.49,3.8,10.15
22/09/1964,20.38,10.96,15.67
23/09/1964,22.29,5.39,13.84
24/09/1964,23.02,10.1,16.56
25/09/1964,19.93,11.09,15.51
26/09/1964,19.48,12.9,16.19
27/09/1964,18.58,7.67,13.13
28/09/1964,19.09,4.78,11.94
29/09/1964,19.51,4.3,11.91
30/09/1964,18.32,6.15,12.23
01/10/1964,17.17,6.13,11.65
02/10/1964,17.09,5.07,11.08
03/10/1964,17.71,6.21,11.96
04/10/1964,19.37,4.62,12
05/10/1964,16.71,6.77,11.74
06/10/1964,16.19,9.14,12.67
07/10/1964,15.41,11.7,13.56
08/10/1964,13.54,5.91,9.73
09/10/1964,8.27,3.69,5.98
10/10/1964,10.13,2.77,6.45
11/10/1964,8.65,2.53,5.59
12/10/1964,11.21,1.63,6.42
13/10/1964,12.81,-1.74,5.54
14/10/1964,11.22,4.26,7.74
15/10/1964,11.04,3.59,7.32
16/10/1964,13.26,5.36,9.31
17/10/1964,14.18,6.58,10.38
18/10/1964,15.17,0.86,8.02
19/10/1964,13.99,5.88,9.94
20/10/1964,14.6,4.01,9.3
21/10/1964,12.1,7.87,9.99
22/10/1964,10.48,4.42,7.45
23/10/1964,7.79,3.62,5.7
24/10/1964,9.05,-0.6,4.22
25/10/1964,13.25,3.17,8.21
26/10/1964,12.35,4.51,8.43
27/10/1964,12.28,5.84,9.06
28/10/1964,8.28,1.52,4.9
29/10/1964,8.35,6.02,7.19
30/10/1964,9.57,6.99,8.28
31/10/1964,12,6.82,9.41
01/11/1964,6.43,2.6,4.52
02/11/1964,8.98,0.38,4.68
03/11/1964,10.4,2.74,6.57
04/11/1964,8.93,4.79,6.86
05/11/1964,9.42,4.83,7.12
06/11/1964,10.05,7.84,8.94
07/11/1964,10.61,4.25,7.43
08/11/1964,9.51,0.97,5.24
09/11/1964,7.75,0.83,4.29
10/11/1964,4.33,2.5,3.42
11/11/1964,11.49,2.3,6.9
12/11/1964,12.75,3.19,7.97
13/11/1964,13.41,5.83,9.62
14/11/1964,11.41,10.23,10.82
15/11/1964,12.85,6.37,9.61
16/11/1964,12.42,7.21,9.82
17/11/1964,13.53,7.42,10.48
18/11/1964,13.95,11.23,12.59
19/11/1964,12.22,10.2,11.21
20/11/1964,12.12,7.91,10.02
21/11/1964,10.99,3.81,7.4
22/11/1964,11.22,4.48,7.85
23/11/1964,11.57,7.97,9.77
24/11/1964,12.39,6.38,9.39
25/11/1964,12.69,10.72,11.71
26/11/1964,10.96,7.39,9.17
27/11/1964,7.26,2.88,5.07
28/11/1964,4.59,1.23,2.91
29/11/1964,3.18,-0.26,1.46
30/11/1964,3.89,-3.99,-0.05
01/12/1964,4.91,-1.21,1.85
02/12/1964,8.81,-1.56,3.63
03/12/1964,5.84,-0.98,2.43
04/12/1964,2.98,-0.35,1.32
05/12/1964,10.2,-1.33,4.44
06/12/1964,11.2,3.03,7.11
07/12/1964,12.03,9.67,10.85
08/12/1964,13.69,6.22,9.96
09/12/1964,11.99,5.23,8.61
10/12/1964,9.51,6.54,8.02
11/12/1964,11.19,0.66,5.92
12/12/1964,12.82,0.58,6.7
13/12/1964,10.85,10.53,10.69
14/12/1964,3.93,2.06,3
15/12/1964,3.03,-2.09,0.47
16/12/1964,0.67,-5.53,-2.43
17/12/1964,2.51,-5.35,-1.42
18/12/1964,4.11,0.29,2.2
19/12/1964,4.03,-0.66,1.68
20/12/1964,4.58,0.37,2.47
21/12/1964,4.9,2.17,3.53
22/12/1964,3.46,1.08,2.27
23/12/1964,3.75,1.43,2.59
24/12/1964,3.31,1.32,2.32
25/12/1964,0.62,-1.97,-0.68
26/12/1964,1.35,-6.76,-2.7
27/12/1964,1.24,-5.79,-2.27
28/12/1964,0.75,-5.29,-2.27
29/12/1964,9.36,-7.5,0.93
30/12/1964,9.79,0.99,5.39
31/12/1964,7.16,4.38,5.77
01/01/1965,6.01,1.55,3.78
02/01/1965,3.22,-1.47,0.87
03/01/1965,1.14,-2.39,-0.63
04/01/1965,2.27,-2.76,-0.24
05/01/1965,4.01,-4.54,-0.26
06/01/1965,8.33,-2.58,2.87
07/01/1965,10.05,4.03,7.04
08/01/1965,8.91,7.94,8.42
09/01/1965,8.85,2.01,5.43
10/01/1965,9.95,6,7.97
11/01/1965,10.91,8.52,9.71
12/01/1965,8.16,6.91,7.54
13/01/1965,9.45,2.69,6.07
14/01/1965,6.67,2.91,4.79
15/01/1965,6.59,2.42,4.51
16/01/1965,11.08,2.19,6.64
17/01/1965,6.5,4.54,5.52
18/01/1965,5.02,2.88,3.95
19/01/1965,4.86,-0.05,2.41
20/01/1965,1.19,0.13,0.66
21/01/1965,2.72,-2.18,0.27
22/01/1965,5.24,-1.67,1.79
23/01/1965,8.84,0.05,4.44
24/01/1965,8.75,1.39,5.07
25/01/1965,4.12,-1.91,1.11
26/01/1965,3.33,-1.14,1.1
27/01/1965,2.11,-0.9,0.6
28/01/1965,1.53,-1.94,-0.2
29/01/1965,1.11,-1.81,-0.35
30/01/1965,2.53,-0.92,0.8
31/01/1965,4.88,-1.46,1.71
01/02/1965,4.5,-1.18,1.66
02/02/1965,4.51,0.06,2.28
03/02/1965,2.57,-6.02,-1.73
04/02/1965,4.93,-5.02,-0.04
05/02/1965,6.6,2.6,4.6
06/02/1965,6.65,4.88,5.76
07/02/1965,5.91,4.38,5.14
08/02/1965,6.19,4.96,5.57
09/02/1965,4.84,-1.22,1.81
10/02/1965,6.47,-0.04,3.21
11/02/1965,7.4,3.98,5.69
12/02/1965,8.83,2.45,5.64
13/02/1965,6.36,3.6,4.98
14/02/1965,4.26,-0.98,1.64
15/02/1965,5.94,-0.93,2.5
16/02/1965,6.81,2.48,4.65
17/02/1965,4.16,3.75,3.96
18/02/1965,3.87,-4.57,-0.35
19/02/1965,4.47,-1.11,1.68
20/02/1965,1.17,-0.89,0.14
21/02/1965,1.64,-0.49,0.58
22/02/1965,3.73,-0.23,1.75
23/02/1965,4.03,1.57,2.8
24/02/1965,4.36,1.42,2.89
25/02/1965,4.39,-3.43,0.48
26/02/1965,5.36,-0.48,2.44
27/02/1965,4.86,-2.67,1.09
28/02/1965,4.42,-1.02,1.7
01/03/1965,3.57,-0.03,1.77
02/03/1965,0.57,-6.2,-2.82
03/03/1965,1.96,-7.82,-2.93
04/03/1965,-1.57,-3.74,-2.65
05/03/1965,2.46,-2.44,0.01
06/03/1965,4.27,-4.43,-0.08
07/03/1965,4.98,-6.71,-0.87
08/03/1965,9.28,-3.62,2.83
09/03/1965,9.94,-3.18,3.38
10/03/1965,7.21,-0.73,3.24
11/03/1965,11.54,-2.66,4.44
12/03/1965,12.79,1.36,7.08
13/03/1965,13.21,4.17,8.69
14/03/1965,10.94,7.05,8.99
15/03/1965,11.36,7,9.18
16/03/1965,11.46,7.21,9.33
17/03/1965,8.2,4.57,6.38
18/03/1965,9.85,6.33,8.09
19/03/1965,6.93,3.04,4.98
20/03/1965,6.27,3.9,5.09
21/03/1965,5.26,3.66,4.46
22/03/1965,9.85,2.98,6.42
23/03/1965,11.83,5.08,8.46
24/03/1965,11.54,5.66,8.6
25/03/1965,9.97,3.01,6.49
26/03/1965,13.09,4.15,8.62
27/03/1965,13.85,8.92,11.38
28/03/1965,20.54,3.15,11.85
29/03/1965,21.54,0.23,10.89
30/03/1965,15.84,3.78,9.81
31/03/1965,14.79,1.24,8.02
01/04/1965,14.95,-1.18,6.88
02/04/1965,17.94,-0.36,8.79
03/04/1965,17.93,1.54,9.74
04/04/1965,13.63,6.74,10.18
05/04/1965,13.23,5.08,9.16
06/04/1965,14.19,2.52,8.35
07/04/1965,12.6,4.98,8.79
08/04/1965,11.47,2.23,6.85
09/04/1965,12.6,1.31,6.96
10/04/1965,14.07,6.76,10.42
11/04/1965,10.17,3.67,6.92
12/04/1965,11.02,5.72,8.37
13/04/1965,11.97,2.11,7.04
14/04/1965,12.9,4.54,8.72
15/04/1965,16.13,8.01,12.07
16/04/1965,15.21,8.46,11.84
17/04/1965,12,9.61,10.8
18/04/1965,10.4,4.45,7.43
19/04/1965,8.58,1.99,5.28
20/04/1965,7.65,2.38,5.01
21/04/1965,8.47,2.67,5.57
22/04/1965,11.38,3.68,7.53
23/04/1965,12.16,5.61,8.88
24/04/1965,12.47,3.6,8.04
25/04/1965,11.57,4.41,7.99
26/04/1965,11.99,6.27,9.13
27/04/1965,8.36,4.58,6.47
28/04/1965,9.92,4.48,7.2
29/04/1965,12.62,1.06,6.84
30/04/1965,13.79,4.46,9.13
01/05/1965,13.91,5.34,9.63
02/05/1965,16.12,7.83,11.98
03/05/1965,13.86,7.52,10.69
04/05/1965,13.58,9.09,11.34
05/05/1965,13.12,8.48,10.8
06/05/1965,13.21,3.32,8.27
07/05/1965,14.37,10.63,12.5
08/05/1965,13.75,9.77,11.76
09/05/1965,16.35,10.67,13.51
10/05/1965,16.74,6.36,11.55
11/05/1965,20.06,5.33,12.7
12/05/1965,21.78,7.42,14.6
13/05/1965,23.52,9.27,16.4
14/05/1965,26.77,9.28,18.03
15/05/1965,20.69,10.35,15.52
16/05/1965,17.37,11.19,14.28
17/05/1965,14.58,11.44,13.01
18/05/1965,12.04,8.73,10.39
19/05/1965,13.06,2.25,7.66
20/05/1965,15.52,2.1,8.81
21/05/1965,16.15,5.22,10.69
22/05/1965,19.22,8.94,14.08
23/05/1965,16.61,9.52,13.07
24/05/1965,14.85,8.94,11.89
25/05/1965,16.65,8.85,12.75
26/05/1965,14.42,10.02,12.22
27/05/1965,14.09,9.61,11.85
28/05/1965,9.48,7.45,8.47
29/05/1965,12.12,7,9.56
30/05/1965,10.47,6.84,8.66
31/05/1965,10.98,7.04,9.01
01/06/1965,14.35,6.94,10.65
02/06/1965,17.82,6.41,12.12
03/06/1965,18.51,6.78,12.65
04/06/1965,19.75,7.3,13.53
05/06/1965,19.44,9.22,14.33
06/06/1965,17.12,9.45,13.29
07/06/1965,18.97,6.8,12.89
08/06/1965,13.57,10.68,12.12
09/06/1965,16.82,9.7,13.26
10/06/1965,21.43,10.26,15.85
11/06/1965,23.26,13.07,18.17
12/06/1965,18,12.82,15.41
13/06/1965,20.95,14.64,17.8
14/06/1965,22.48,9.83,16.16
15/06/1965,17.54,13.53,15.53
16/06/1965,16,11.79,13.89
17/06/1965,17.62,9.27,13.44
18/06/1965,17.85,12.46,15.15
19/06/1965,19.36,11.76,15.56
20/06/1965,21.03,9.41,15.22
21/06/1965,20.25,11.01,15.63
22/06/1965,16.24,13.09,14.66
23/06/1965,17.23,9.73,13.48
24/06/1965,16.13,10.59,13.36
25/06/1965,15.49,13.74,14.62
26/06/1965,17.64,9.56,13.6
27/06/1965,17.22,8.77,13
28/06/1965,21.41,7.99,14.7
29/06/1965,21.3,12.3,16.8
30/06/1965,22.6,10.46,16.53
01/07/1965,17.87,9.09,13.48
02/07/1965,17.13,9.91,13.52
03/07/1965,16.67,7.7,12.18
04/07/1965,15.23,3.88,9.56
05/07/1965,15.87,6.31,11.09
06/07/1965,17.68,10.76,14.22
07/07/1965,18.49,11.34,14.91
08/07/1965,17.77,9.39,13.58
09/07/1965,16.5,8.73,12.62
10/07/1965,18.69,10.02,14.35
11/07/1965,17.68,11.86,14.77
12/07/1965,18.66,12.82,15.74
13/07/1965,18.75,14.71,16.73
14/07/1965,22.2,14.12,18.16
15/07/1965,14.47,11.52,12.99
16/07/1965,16.44,10.26,13.35
17/07/1965,17.01,5.61,11.31
18/07/1965,19.09,11.52,15.31
19/07/1965,21.21,12.25,16.73
20/07/1965,18.91,13.39,16.15
21/07/1965,18.81,12.8,15.81
22/07/1965,18.88,12.49,15.69
23/07/1965,16.26,10.6,13.43
24/07/1965,18.81,10.05,14.43
25/07/1965,18.69,10.26,14.48
26/07/1965,18.01,12.52,15.27
27/07/1965,17.22,9.22,13.22
28/07/1965,18.64,12.61,15.62
29/07/1965,19.32,13.87,16.6
30/07/1965,15.56,12.12,13.84
31/07/1965,18.07,7.49,12.78
01/08/1965,18.1,7.76,12.93
02/08/1965,15.7,9.88,12.79
03/08/1965,19.91,10.86,15.38
04/08/1965,20.51,11.59,16.05
05/08/1965,21.56,12.31,16.93
06/08/1965,18.62,10.56,14.59
07/08/1965,19.57,8.87,14.22
08/08/1965,17.75,7.45,12.6
09/08/1965,18.9,10.06,14.48
10/08/1965,19.53,10.81,15.17
11/08/1965,23.16,9.33,16.25
12/08/1965,24.5,11.3,17.9
13/08/1965,23.9,10.73,17.31
14/08/1965,21.29,13.83,17.56
15/08/1965,21.79,13.9,17.85
16/08/1965,21.23,10.42,15.82
17/08/1965,21.98,10.1,16.04
18/08/1965,21.41,11.04,16.23
19/08/1965,21.16,14.63,17.89
20/08/1965,19.87,10.26,15.07
21/08/1965,16.95,12.37,14.66
22/08/1965,17.74,9.7,13.72
23/08/1965,19.32,8.03,13.67
24/08/1965,17.12,10.07,13.59
25/08/1965,16.6,9.21,12.91
26/08/1965,16.52,11.42,13.97
27/08/1965,21.02,12.67,16.84
28/08/1965,19.45,13.83,16.64
29/08/1965,17.8,8.88,13.34
30/08/1965,16.63,8.24,12.43
31/08/1965,15.94,11.3,13.62
01/09/1965,14.24,5.71,9.97
02/09/1965,14.51,8.59,11.55
03/09/1965,13.31,11.57,12.44
04/09/1965,16.81,11.27,14.04
05/09/1965,15.43,4.02,9.73
06/09/1965,15.08,10.22,12.65
07/09/1965,18.16,9.44,13.8
08/09/1965,15.66,10.11,12.89
09/09/1965,14.19,5.69,9.94
10/09/1965,12.18,7.33,9.76
11/09/1965,15.93,9.71,12.82
12/09/1965,15.4,7.63,11.52
13/09/1965,17.02,9.93,13.48
14/09/1965,18.59,10.53,14.56
15/09/1965,18.12,11.62,14.87
16/09/1965,19.18,14.6,16.89
17/09/1965,15.57,8.37,11.97
18/09/1965,16.47,10.35,13.41
19/09/1965,17.65,5.61,11.63
20/09/1965,17.57,4.95,11.26
21/09/1965,19.84,5.4,12.62
22/09/1965,20.71,4.5,12.6
23/09/1965,18.17,8,13.08
24/09/1965,17.68,11.76,14.72
25/09/1965,16.43,14.04,15.23
26/09/1965,15.11,10.24,12.67
27/09/1965,15.51,8.49,12
28/09/1965,15.34,5.98,10.66
29/09/1965,13.24,7.1,10.17
30/09/1965,12,9.69,10.85
01/10/1965,12.81,9.66,11.24
02/10/1965,14.98,4.77,9.87
03/10/1965,17.14,8.98,13.06
04/10/1965,21.26,12.42,16.84
05/10/1965,22.46,8.43,15.44
06/10/1965,16.48,8.13,12.31
07/10/1965,21.66,11.62,16.64
08/10/1965,13.88,13.63,13.75
09/10/1965,15.53,8.97,12.25
10/10/1965,14.49,6.39,10.44
11/10/1965,13.19,5.55,9.37
12/10/1965,13.52,7.22,10.37
13/10/1965,13.85,9.99,11.92
14/10/1965,16.06,5.34,10.7
15/10/1965,13.57,6.34,9.96
16/10/1965,13.78,4.46,9.12
17/10/1965,13.49,1.04,7.26
18/10/1965,12.07,2.15,7.11
19/10/1965,13.51,5.07,9.29
20/10/1965,13.4,5.86,9.63
21/10/1965,14.48,4.07,9.28
22/10/1965,11.81,2.87,7.34
23/10/1965,7.53,2.69,5.11
24/10/1965,13.8,3.19,8.5
25/10/1965,16.6,7.39,11.99
26/10/1965,13.51,2.77,8.14
27/10/1965,15.28,7.24,11.26
28/10/1965,15.27,12.76,14.01
29/10/1965,13.02,6.02,9.52
30/10/1965,13.2,7.94,10.57
31/10/1965,14.41,7.39,10.9
01/11/1965,13.11,8.53,10.82
02/11/1965,10.97,6.78,8.88
03/11/1965,8.45,-0.99,3.73
04/11/1965,7.89,-1.01,3.44
05/11/1965,9.96,2.46,6.21
06/11/1965,10.53,2.17,6.35
07/11/1965,11.53,4.45,7.99
08/11/1965,13.36,7.09,10.22
09/11/1965,11.11,9.07,10.09
10/11/1965,9.97,7.65,8.81
11/11/1965,8.85,7.65,8.25
12/11/1965,8.33,4.28,6.3
13/11/1965,5.12,-1.17,1.98
14/11/1965,2.22,-5.23,-1.5
15/11/1965,-0.41,-5.76,-3.09
16/11/1965,2.23,-5.09,-1.43
17/11/1965,7.08,-0.55,3.27
18/11/1965,7.71,2.54,5.12
19/11/1965,6.28,4.35,5.32
20/11/1965,5.04,4.54,4.79
21/11/1965,3.76,2.7,3.23
22/11/1965,2.23,-3.41,-0.59
23/11/1965,4.99,-3.36,0.81
24/11/1965,7.67,-1.32,3.18
25/11/1965,9.89,1.56,5.72
26/11/1965,5.45,-1.05,2.2
27/11/1965,5.76,0.39,3.08
28/11/1965,8.03,0.51,4.27
29/11/1965,9.53,0.99,5.26
30/11/1965,4.97,-0.7,2.14
01/12/1965,8.54,0.36,4.45
02/12/1965,8.74,0.16,4.45
03/12/1965,7.63,3.4,5.51
04/12/1965,7.98,0.5,4.24
05/12/1965,5.81,1.53,3.67
06/12/1965,6.36,1.99,4.17
07/12/1965,4.97,1.39,3.18
08/12/1965,10.64,-1.59,4.52
09/12/1965,11.2,1.28,6.24
10/12/1965,7.22,5.7,6.46
11/12/1965,7.34,1.78,4.56
12/12/1965,10.28,2.25,6.26
13/12/1965,9.45,4.98,7.21
14/12/1965,8.22,3.24,5.73
15/12/1965,8.92,3.01,5.96
16/12/1965,10.99,6.65,8.82
17/12/1965,12.75,2.8,7.78
18/12/1965,13.1,11.15,12.12
19/12/1965,8.67,7.35,8.01
20/12/1965,5.51,1.34,3.43
21/12/1965,5.54,0.41,2.98
22/12/1965,7.37,1.87,4.62
23/12/1965,7.21,4.72,5.97
24/12/1965,6.65,5.65,6.15
25/12/1965,4.52,3.77,4.15
26/12/1965,3.74,-1.53,1.1
27/12/1965,-0.45,-5.56,-3.01
28/12/1965,1.16,-6.76,-2.8
29/12/1965,7.91,-5.82,1.05
30/12/1965,7.21,1.06,4.13
31/12/1965,11.18,4.18,7.68
01/01/1966,7.96,6.29,7.13
02/01/1966,7.72,5.02,6.37
03/01/1966,7.53,2.97,5.25
04/01/1966,6.84,-1.07,2.89
05/01/1966,7.39,1.37,4.38
06/01/1966,5.27,3.08,4.18
07/01/1966,4.78,-0.34,2.22
08/01/1966,5.11,-0.69,2.21
09/01/1966,4.62,-0.24,2.19
10/01/1966,0.08,-1.92,-0.92
11/01/1966,0.56,-2.05,-0.75
12/01/1966,1.11,-2.07,-0.48
13/01/1966,1.71,-0.34,0.69
14/01/1966,-0.49,-3.71,-2.1
15/01/1966,-0.97,-7.18,-4.07
16/01/1966,0.21,-4.18,-1.98
17/01/1966,0.64,-0.77,-0.06
18/01/1966,-0.95,-3.56,-2.25
19/01/1966,-2.61,-9.4,-6
20/01/1966,0.14,-8.71,-4.28
21/01/1966,0.88,-2.67,-0.89
22/01/1966,1.9,0.33,1.12
23/01/1966,3.91,1.06,2.49
24/01/1966,6.67,2,4.33
25/01/1966,6.06,3.92,4.99
26/01/1966,8.89,4.65,6.77
27/01/1966,10.62,5.67,8.15
28/01/1966,11.16,6.23,8.7
29/01/1966,11.57,8.45,10.01
30/01/1966,11,6.69,8.85
31/01/1966,9.87,6.06,7.97
01/02/1966,11.15,6.53,8.84
02/02/1966,11.38,8.82,10.1
03/02/1966,10.85,3.6,7.23
04/02/1966,11.61,6,8.81
05/02/1966,13.15,7.85,10.5
06/02/1966,10.04,8.38,9.21
07/02/1966,11.18,6.36,8.77
08/02/1966,12.09,7.25,9.67
09/02/1966,4.71,3.91,4.31
10/02/1966,2.44,2.43,2.43
11/02/1966,1.1,0.13,0.62
12/02/1966,2.03,0.15,1.09
13/02/1966,0.6,0.27,0.43
14/02/1966,2,-0.96,0.52
15/02/1966,2.66,-0.06,1.3
16/02/1966,2.62,1.26,1.94
17/02/1966,2.76,0.21,1.49
18/02/1966,8.6,-0.32,4.14
19/02/1966,12.05,2.17,7.11
20/02/1966,12.22,7.3,9.76
21/02/1966,10.71,6.42,8.56
22/02/1966,10.06,7.34,8.7
23/02/1966,9.2,3.4,6.3
24/02/1966,12.05,2.38,7.21
25/02/1966,10.98,7.2,9.09
26/02/1966,11.81,8,9.91
27/02/1966,11.43,6.32,8.87
28/02/1966,10.76,5.57,8.17
01/03/1966,10.76,2.18,6.47
02/03/1966,11.37,6.93,9.15
03/03/1966,12.22,4.97,8.59
04/03/1966,9.89,1.6,5.74
05/03/1966,12.08,1.55,6.82
06/03/1966,10.96,5.48,8.22
07/03/1966,11.01,7.2,9.1
08/03/1966,11.19,2.05,6.62
09/03/1966,10.95,1.63,6.29
10/03/1966,9.98,5.93,7.95
11/03/1966,8.7,3.65,6.18
12/03/1966,7.85,3.34,5.59
13/03/1966,6.82,-0.16,3.33
14/03/1966,9.33,2.02,5.67
15/03/1966,9.87,4.64,7.25
16/03/1966,12.45,5.17,8.81
17/03/1966,9.38,4.38,6.88
18/03/1966,10.63,3,6.81
19/03/1966,8.16,2.63,5.39
20/03/1966,13.24,-4,4.62
21/03/1966,11.93,-0.09,5.92
22/03/1966,7.66,0.23,3.94
23/03/1966,10.94,3.5,7.22
24/03/1966,6.55,1.16,3.86
25/03/1966,7.12,-1.32,2.9
26/03/1966,10.8,-0.01,5.4
27/03/1966,9.79,4.56,7.18
28/03/1966,8.68,3.78,6.23
29/03/1966,8.11,-0.53,3.79
30/03/1966,9.19,3.5,6.34
31/03/1966,11.04,4.46,7.75
01/04/1966,10.72,5.62,8.17
02/04/1966,10.6,7.29,8.95
03/04/1966,6.71,2.32,4.52
04/04/1966,5.93,-0.34,2.8
05/04/1966,10.76,3.02,6.89
06/04/1966,14.25,6.15,10.2
07/04/1966,11.08,7.51,9.29
08/04/1966,13.92,6.62,10.27
09/04/1966,13.32,7.52,10.42
10/04/1966,14.54,7.52,11.03
11/04/1966,6.86,5.42,6.14
12/04/1966,7.3,4.14,5.72
13/04/1966,3.91,2.37,3.14
14/04/1966,0.67,-1.43,-0.38
15/04/1966,2.31,-0.88,0.72
16/04/1966,4.85,0.82,2.84
17/04/1966,4.94,2.47,3.7
18/04/1966,6.82,2.94,4.88
19/04/1966,6.98,4.52,5.75
20/04/1966,7.18,1.89,4.54
21/04/1966,12.63,1.49,7.06
22/04/1966,13.17,6.7,9.93
23/04/1966,14.2,9.04,11.62
24/04/1966,14.04,8.4,11.22
25/04/1966,14.87,5.1,9.98
26/04/1966,13.68,6.87,10.27
27/04/1966,14.23,9.53,11.88
28/04/1966,15.95,5.03,10.49
29/04/1966,18.25,5.03,11.64
30/04/1966,20.65,5.18,12.91
01/05/1966,24.33,5.55,14.94
02/05/1966,24.41,9.55,16.98
03/05/1966,15.48,9.57,12.52
04/05/1966,12.23,5.47,8.85
05/05/1966,14.68,5.48,10.08
06/05/1966,12.57,6.83,9.7
07/05/1966,13.59,5.75,9.67
08/05/1966,10.49,6.75,8.62
09/05/1966,11.65,2.56,7.11
10/05/1966,14.81,2.43,8.62
11/05/1966,11.01,5.84,8.42
12/05/1966,13.71,6.13,9.92
13/05/1966,17.07,3.95,10.51
14/05/1966,17.58,9.47,13.53
15/05/1966,18.45,7.02,12.74
16/05/1966,20.52,7.3,13.91
17/05/1966,18.27,9.16,13.71
18/05/1966,15.51,8.92,12.22
19/05/1966,13.35,6.01,9.68
20/05/1966,15.31,5.15,10.23
21/05/1966,16.16,9.68,12.92
22/05/1966,14.25,10.76,12.51
23/05/1966,15.3,7.92,11.61
24/05/1966,13.07,6.54,9.81
25/05/1966,13.63,10.17,11.9
26/05/1966,16.84,10.27,13.55
27/05/1966,12.44,8.71,10.58
28/05/1966,14.76,2.35,8.55
29/05/1966,17.29,4.61,10.95
30/05/1966,18.56,3.68,11.12
31/05/1966,16.65,5.36,11
01/06/1966,23.17,4.25,13.71
02/06/1966,20.39,9.39,14.89
03/06/1966,23.79,11.25,17.52
04/06/1966,22.82,10.52,16.67
05/06/1966,18.16,11.8,14.98
06/06/1966,17.98,10.02,14
07/06/1966,19.41,11.91,15.66
08/06/1966,21.78,13.08,17.43
09/06/1966,26.29,12.65,19.47
10/06/1966,23.56,13.01,18.28
11/06/1966,21.87,12.87,17.37
12/06/1966,20.52,12.63,16.58
13/06/1966,19.51,13.68,16.6
14/06/1966,21.08,12.46,16.77
15/06/1966,24.31,11.57,17.94
16/06/1966,18.45,11.11,14.78
17/06/1966,18.82,12.41,15.61
18/06/1966,19.23,10.75,14.99
19/06/1966,17.72,7.6,12.66
20/06/1966,17.37,10.8,14.08
21/06/1966,16.81,9.32,13.06
22/06/1966,19.32,9.97,14.65
23/06/1966,18.6,11.41,15.01
24/06/1966,18.17,9.13,13.65
25/06/1966,17.65,11.56,14.6
26/06/1966,20.71,12.08,16.39
27/06/1966,17.66,14.03,15.85
28/06/1966,18.06,8.86,13.46
29/06/1966,20.04,9.55,14.8
30/06/1966,22.44,8.81,15.63
01/07/1966,22.3,11.16,16.73
02/07/1966,21.55,11.32,16.43
03/07/1966,23.62,10.63,17.12
04/07/1966,20.98,11.48,16.23
05/07/1966,18.86,13.44,16.15
06/07/1966,17.36,12.37,14.86
07/07/1966,17.71,10.3,14
08/07/1966,21.62,13.22,17.42
09/07/1966,20.95,14.72,17.83
10/07/1966,19.88,9.23,14.56
11/07/1966,20.31,12.49,16.4
12/07/1966,20.92,13.46,17.19
13/07/1966,18.07,12.37,15.22
14/07/1966,17.51,11.35,14.43
15/07/1966,17.99,10.52,14.26
16/07/1966,15.09,12.93,14.01
17/07/1966,15.97,10.08,13.02
18/07/1966,16.67,5.57,11.12
19/07/1966,16.4,11.29,13.85
20/07/1966,16.81,12.72,14.76
21/07/1966,20.65,12.93,16.79
22/07/1966,23.84,9.92,16.88
23/07/1966,23.58,10.56,17.07
24/07/1966,19.98,14.16,17.07
25/07/1966,17.01,7.87,12.44
26/07/1966,19.74,10.33,15.04
27/07/1966,17.75,11.13,14.44
28/07/1966,17.55,9.24,13.4
29/07/1966,17.31,9.66,13.49
30/07/1966,17.34,10.62,13.98
31/07/1966,17.54,10.34,13.94
01/08/1966,14.41,10.28,12.34
02/08/1966,17.61,6.35,11.98
03/08/1966,17.75,11.5,14.63
04/08/1966,18.15,10.85,14.5
05/08/1966,17.59,9.6,13.59
06/08/1966,16.05,10.1,13.07
07/08/1966,17.55,12.97,15.26
08/08/1966,18.9,8.6,13.75
09/08/1966,17.55,8.75,13.15
10/08/1966,20.41,12.42,16.41
11/08/1966,19.04,14.29,16.66
12/08/1966,20.94,16.84,18.89
13/08/1966,21,15.26,18.13
14/08/1966,18.27,11.53,14.9
15/08/1966,18.79,7.95,13.37
16/08/1966,21.51,6.08,13.79
17/08/1966,24.09,8.87,16.48
18/08/1966,25.95,11.81,18.88
19/08/1966,25.42,12.63,19.02
20/08/1966,25.55,12.73,19.14
21/08/1966,21.32,12.8,17.06
22/08/1966,15.54,12.04,13.79
23/08/1966,16.77,7.65,12.21
24/08/1966,18.28,5.96,12.12
25/08/1966,17.25,6.92,12.08
26/08/1966,17.23,9.51,13.37
27/08/1966,18.89,9.07,13.98
28/08/1966,21.34,12.62,16.98
29/08/1966,18.9,13.36,16.13
30/08/1966,15.63,12.59,14.11
31/08/1966,19.31,11.79,15.55
01/09/1966,19.91,12.45,16.18
02/09/1966,18.8,14.18,16.49
03/09/1966,19.9,12.51,16.21
04/09/1966,20.24,15.75,18
05/09/1966,20.56,12.84,16.7
06/09/1966,20.86,15.21,18.04
07/09/1966,18.81,11.33,15.07
08/09/1966,17.58,12.93,15.25
09/09/1966,21.16,6.92,14.04
10/09/1966,21.09,12.11,16.6
11/09/1966,19.3,14.65,16.98
12/09/1966,19.89,14.04,16.97
13/09/1966,18.01,11.88,14.95
14/09/1966,17.8,9.92,13.86
15/09/1966,16.11,9.86,12.99
16/09/1966,15.98,4.91,10.44
17/09/1966,17.81,5.28,11.54
18/09/1966,15.73,11.33,13.53
19/09/1966,17.84,7.21,12.52
20/09/1966,20.23,5.9,13.07
21/09/1966,20.14,6.53,13.33
22/09/1966,16.85,8.01,12.43
23/09/1966,16.45,9.42,12.93
24/09/1966,18.51,6.16,12.34
25/09/1966,12.43,7.33,9.88
26/09/1966,16.96,8.76,12.86
27/09/1966,16.76,5.11,10.93
28/09/1966,16.55,7.28,11.91
29/09/1966,14.74,8.32,11.53
30/09/1966,13.26,9.67,11.46
01/10/1966,15.45,10.48,12.97
02/10/1966,16.34,8.92,12.63
03/10/1966,18.73,8.66,13.7
04/10/1966,17.8,13.92,15.86
05/10/1966,15.28,10.95,13.11
06/10/1966,16.01,11.12,13.56
07/10/1966,16.12,10.22,13.17
08/10/1966,15.75,10.36,13.06
09/10/1966,11.65,6.3,8.97
10/10/1966,12.8,8.17,10.49
11/10/1966,16.07,7.86,11.96
12/10/1966,15.52,4.1,9.81
13/10/1966,15.01,9.55,12.28
14/10/1966,15.57,10.54,13.05
15/10/1966,17.01,11.48,14.24
16/10/1966,13.76,8.51,11.13
17/10/1966,13.88,9.01,11.45
18/10/1966,15.31,10.01,12.66
19/10/1966,14.21,8.42,11.31
20/10/1966,13.66,7.35,10.51
21/10/1966,14.34,6.28,10.31
22/10/1966,12.01,6.48,9.25
23/10/1966,9.78,5.61,7.69
24/10/1966,9.2,2.48,5.84
25/10/1966,10.41,4.64,7.53
26/10/1966,10.43,1.16,5.79
27/10/1966,8.3,4.56,6.43
28/10/1966,10.29,5.54,7.91
29/10/1966,9.39,1.5,5.44
30/10/1966,10.14,2.94,6.54
31/10/1966,9.32,6.37,7.85
01/11/1966,6.15,1.29,3.72
02/11/1966,7.12,1.48,4.3
03/11/1966,5.32,-1.79,1.76
04/11/1966,6.11,-1.76,2.17
05/11/1966,7.57,1.79,4.68
06/11/1966,9.55,2.68,6.12
07/11/1966,13.57,3.38,8.47
08/11/1966,9.52,8.98,9.25
09/11/1966,8.32,4.17,6.24
10/11/1966,7.56,1.18,4.37
11/11/1966,7.72,0.16,3.94
12/11/1966,9.99,2.62,6.3
13/11/1966,10.42,7.95,9.19
14/11/1966,10.39,6.28,8.33
15/11/1966,11.03,3.92,7.47
16/11/1966,7.05,4.68,5.87
17/11/1966,7.18,3.39,5.28
18/11/1966,6.68,4.66,5.67
19/11/1966,6.23,2.71,4.47
20/11/1966,6.2,4.24,5.22
21/11/1966,6.01,1.58,3.79
22/11/1966,5.49,1.88,3.68
23/11/1966,5.32,3.48,4.4
24/11/1966,3.46,-2.87,0.29
25/11/1966,7.14,-1.38,2.88
26/11/1966,9.54,2.34,5.94
27/11/1966,9.91,6.33,8.12
28/11/1966,5.4,3.94,4.67
29/11/1966,7.91,0.27,4.09
30/11/1966,7.98,0.42,4.2
01/12/1966,9.32,2.96,6.14
02/12/1966,5.4,2.85,4.13
03/12/1966,4.35,-0.33,2.01
04/12/1966,4.93,-0.07,2.43
05/12/1966,8.83,0.58,4.7
06/12/1966,7.75,3.45,5.6
07/12/1966,9.92,0.48,5.2
08/12/1966,11.14,2.03,6.59
09/12/1966,9.63,1.81,5.72
10/12/1966,9.1,4.95,7.03
11/12/1966,8.43,1.37,4.9
12/12/1966,8.28,2.49,5.38
13/12/1966,5.5,4.13,4.81
14/12/1966,5.79,0.45,3.12
15/12/1966,10.07,2.86,6.46
16/12/1966,9.97,5.32,7.65
17/12/1966,10.56,2.15,6.35
18/12/1966,11.08,6.42,8.75
19/12/1966,11.23,4.07,7.65
20/12/1966,6.18,6.34,6.26
21/12/1966,7.44,2.16,4.8
22/12/1966,10.1,3.08,6.59
23/12/1966,10.36,7.04,8.7
24/12/1966,9.4,5.72,7.56
25/12/1966,3.41,-1.26,1.07
26/12/1966,5.16,-2.55,1.3
27/12/1966,6.81,0.12,3.46
28/12/1966,11.18,1.13,6.16
29/12/1966,12.23,4.97,8.6
30/12/1966,11.24,2.25,6.75
31/12/1966,10.98,2.97,6.97
01/01/1967,6.1,1.87,3.98
02/01/1967,3.84,-0.74,1.55
03/01/1967,3.15,-2.19,0.48
04/01/1967,1.91,-2.92,-0.51
05/01/1967,1.67,-2.16,-0.25
06/01/1967,1.2,-2.42,-0.61
07/01/1967,1.73,-1.77,-0.02
08/01/1967,-0.91,-3.49,-2.2
09/01/1967,0.78,-5.26,-2.24
10/01/1967,5.09,-2.83,1.13
11/01/1967,6.14,0.5,3.32
12/01/1967,7.21,0.92,4.06
13/01/1967,8.37,3.76,6.07
14/01/1967,5.18,0.94,3.06
15/01/1967,3.33,0.91,2.12
16/01/1967,3.83,0.67,2.25
17/01/1967,8.27,1.8,5.03
18/01/1967,9.42,3.55,6.48
19/01/1967,9.93,7.22,8.58
20/01/1967,9.47,6.26,7.86
21/01/1967,7.69,6.2,6.94
22/01/1967,7.55,1.74,4.64
23/01/1967,7.82,2.49,5.16
24/01/1967,7.83,5.03,6.43
25/01/1967,9.46,4.66,7.06
26/01/1967,10.82,4.99,7.91
27/01/1967,12.17,5.31,8.74
28/01/1967,11.06,8.75,9.9
29/01/1967,12.09,8.4,10.24
30/01/1967,11.47,8.7,10.09
31/01/1967,10.93,6.89,8.91
01/02/1967,11.2,6.88,9.04
02/02/1967,11.27,9.63,10.45
03/02/1967,11.56,9.49,10.52
04/02/1967,9.29,3.18,6.24
05/02/1967,7.94,0.47,4.2
06/02/1967,8.33,1.15,4.74
07/02/1967,6.64,2.14,4.39
08/02/1967,6.41,-0.91,2.75
09/02/1967,4.92,0.08,2.5
10/02/1967,6.8,0.79,3.8
11/02/1967,6.78,1.27,4.03
12/02/1967,5.63,-1.2,2.22
13/02/1967,2.48,-2.32,0.08
14/02/1967,3.15,-2.41,0.37
15/02/1967,8.04,-0.7,3.67
16/02/1967,7.65,3.38,5.52
17/02/1967,7.16,2.36,4.76
18/02/1967,8.25,-1.71,3.27
19/02/1967,8.75,0.33,4.54
20/02/1967,11.39,3.44,7.42
21/02/1967,9.71,4.06,6.89
22/02/1967,10.45,5.15,7.8
23/02/1967,7.52,4,5.76
24/02/1967,8.25,1.52,4.88
25/02/1967,11.54,4.39,7.96
26/02/1967,10.08,5.68,7.88
27/02/1967,10.4,3.83,7.11
28/02/1967,9.72,6.06,7.89
01/03/1967,9.8,2.8,6.3
02/03/1967,10.87,5.11,7.99
03/03/1967,9.4,5.48,7.44
04/03/1967,10.4,6.09,8.25
05/03/1967,12.63,5.64,9.13
06/03/1967,12.04,5.58,8.81
07/03/1967,9.91,6.82,8.37
08/03/1967,10.23,5.16,7.69
09/03/1967,10.45,5.69,8.07
10/03/1967,10.21,5.05,7.63
11/03/1967,7.31,1.93,4.62
12/03/1967,7.08,2.21,4.65
13/03/1967,9.4,1.39,5.39
14/03/1967,13.23,3.72,8.48
15/03/1967,11.42,6.34,8.88
16/03/1967,10.95,1.24,6.1
17/03/1967,9.94,4.32,7.13
18/03/1967,10.07,6.18,8.12
19/03/1967,12.06,5.64,8.85
20/03/1967,14.71,2.76,8.74
21/03/1967,16.04,3.81,9.93
22/03/1967,10.98,2.57,6.78
23/03/1967,10.47,4.47,7.47
24/03/1967,10.56,2.54,6.55
25/03/1967,11.93,6.12,9.03
26/03/1967,8.63,5.04,6.84
27/03/1967,7.62,2.28,4.95
28/03/1967,8.61,2.22,5.41
29/03/1967,9.14,0.35,4.74
30/03/1967,9.73,-1.43,4.15
31/03/1967,7.19,-0.7,3.24
01/04/1967,9.87,-3.5,3.19
02/04/1967,10.83,3.47,7.15
03/04/1967,11.95,3.64,7.8
04/04/1967,14.13,4.01,9.07
05/04/1967,13.52,7.29,10.4
06/04/1967,6.6,4.38,5.49
07/04/1967,8.79,3.95,6.37
08/04/1967,6.1,2.01,4.05
09/04/1967,9.33,1.42,5.38
10/04/1967,5.52,4.6,5.06
11/04/1967,6.21,4.29,5.25
12/04/1967,7.56,4.22,5.89
13/04/1967,8.66,3.64,6.15
14/04/1967,10.51,5.4,7.96
15/04/1967,15.58,3.7,9.64
16/04/1967,15.57,6.31,10.94
17/04/1967,19.83,5.94,12.88
18/04/1967,11.24,5.01,8.12
19/04/1967,14.35,4.6,9.48
20/04/1967,12.02,7.75,9.89
21/04/1967,9.06,1.8,5.43
22/04/1967,9.49,1,5.25
23/04/1967,9.59,6.76,8.18
24/04/1967,10.37,2.83,6.6
25/04/1967,9.35,6.31,7.83
26/04/1967,13.15,0.28,6.72
27/04/1967,14.36,7.9,11.13
28/04/1967,15.65,3.67,9.66
29/04/1967,14.16,9.6,11.88
30/04/1967,17.39,7.05,12.22
01/05/1967,9.64,3.91,6.77
02/05/1967,10.15,1.6,5.88
03/05/1967,10.4,-0.85,4.77
04/05/1967,11.28,5.52,8.4
05/05/1967,12.02,6.02,9.02
06/05/1967,14.1,7.92,11.01
07/05/1967,13.13,6.81,9.97
08/05/1967,14.73,7.29,11.01
09/05/1967,17.05,6.17,11.61
10/05/1967,21.05,5.22,13.13
11/05/1967,24.73,8.21,16.47
12/05/1967,20.59,10.05,15.32
13/05/1967,19.99,11.49,15.74
14/05/1967,11.52,9.43,10.48
15/05/1967,12.27,8.49,10.38
16/05/1967,14.07,8.82,11.44
17/05/1967,12.59,8.48,10.53
18/05/1967,13.65,5.75,9.7
19/05/1967,12.97,6.61,9.79
20/05/1967,14.2,8.36,11.28
21/05/1967,14.94,6.34,10.64
22/05/1967,14.3,8.01,11.16
23/05/1967,14.37,6.9,10.64
24/05/1967,13.62,8.49,11.05
25/05/1967,13.72,6.84,10.28
26/05/1967,14.39,6.72,10.56
27/05/1967,17.46,7.87,12.67
28/05/1967,16.13,10.38,13.25
29/05/1967,15.72,7.45,11.58
30/05/1967,14.9,8.29,11.59
31/05/1967,18.68,5.71,12.2
01/06/1967,20,6.21,13.1
02/06/1967,20.04,7.12,13.58
03/06/1967,17.78,9.73,13.75
04/06/1967,19.86,11.15,15.5
05/06/1967,21.05,12.06,16.56
06/06/1967,20.02,12.94,16.48
07/06/1967,15.9,11.76,13.83
08/06/1967,15.43,5.39,10.41
09/06/1967,18.71,7.4,13.06
10/06/1967,16.5,8.36,12.43
11/06/1967,16.56,5.47,11.02
12/06/1967,18.77,6.43,12.6
13/06/1967,21.32,6.15,13.74
14/06/1967,22.83,7.46,15.14
15/06/1967,20.47,11.57,16.02
16/06/1967,18.25,7.58,12.91
17/06/1967,16.58,8.16,12.37
18/06/1967,21.92,5.82,13.87
19/06/1967,21.13,10.04,15.58
20/06/1967,18.68,9.56,14.12
21/06/1967,20.81,9.93,15.37
22/06/1967,20.95,13.28,17.11
23/06/1967,17.66,12.08,14.87
24/06/1967,17.94,12.52,15.23
25/06/1967,16.44,11.45,13.95
26/06/1967,17.74,10.36,14.05
27/06/1967,19.44,10.35,14.89
28/06/1967,18.24,9.35,13.79
29/06/1967,19.28,14.03,16.66
30/06/1967,21.55,9.88,15.72
01/07/1967,20.54,11.03,15.79
02/07/1967,19.78,12.76,16.27
03/07/1967,18.13,7.96,13.04
04/07/1967,17.74,9.79,13.76
05/07/1967,19,12.36,15.68
06/07/1967,21.27,9.82,15.55
07/07/1967,22.64,11.71,17.18
08/07/1967,18.64,13.89,16.26
09/07/1967,21.52,7.61,14.56
10/07/1967,25.14,10.59,17.86
11/07/1967,25.9,13.18,19.54
12/07/1967,25.83,14.17,20
13/07/1967,25.19,11.74,18.46
14/07/1967,21.82,14.83,18.33
15/07/1967,22.61,12.79,17.7
16/07/1967,24.44,15.24,19.84
17/07/1967,27.76,14.66,21.21
18/07/1967,23.59,16.18,19.89
19/07/1967,22.91,15.16,19.04
20/07/1967,20.57,11.16,15.86
21/07/1967,21.05,11.08,16.07
22/07/1967,22.37,9.98,16.17
23/07/1967,22.39,12.53,17.46
24/07/1967,21.86,10.64,16.25
25/07/1967,21.27,13.84,17.55
26/07/1967,23.13,13.4,18.27
27/07/1967,20.98,16.3,18.64
28/07/1967,20.98,14.25,17.61
29/07/1967,20.9,11,15.95
30/07/1967,21.66,14.67,18.17
31/07/1967,22.28,17.39,19.83
01/08/1967,21.04,15.81,18.42
02/08/1967,17.5,13.31,15.4
03/08/1967,18.6,9.33,13.96
04/08/1967,17.48,8.05,12.76
05/08/1967,18.6,8.25,13.42
06/08/1967,20.63,11.76,16.19
07/08/1967,22.35,10.36,16.35
08/08/1967,21.25,14.94,18.09
09/08/1967,22.24,13.91,18.07
10/08/1967,21.38,14.09,17.73
11/08/1967,19.42,12.91,16.17
12/08/1967,15.47,10.65,13.06
13/08/1967,17.42,11.82,14.62
14/08/1967,18.64,12.25,15.44
15/08/1967,16.03,11.72,13.87
16/08/1967,18.79,10.1,14.44
17/08/1967,18.78,11.38,15.08
18/08/1967,19.19,12.79,15.99
19/08/1967,18.4,14.44,16.42
20/08/1967,20.21,8.09,14.15
21/08/1967,22.49,8.75,15.62
22/08/1967,24.44,10.87,17.66
23/08/1967,21.46,13.51,17.49
24/08/1967,19.38,14.6,16.99
25/08/1967,22.15,12.5,17.33
26/08/1967,23.09,10.72,16.9
27/08/1967,23.55,15.28,19.41
28/08/1967,23.39,14.16,18.77
29/08/1967,20.01,12.77,16.39
30/08/1967,19.19,8.75,13.97
31/08/1967,19.9,12.97,16.43
01/09/1967,19.39,12.76,16.08
02/09/1967,18.7,14.57,16.63
03/09/1967,16.6,12.84,14.72
04/09/1967,17.58,10.72,14.15
05/09/1967,15.87,11.28,13.58
06/09/1967,16.92,9.04,12.98
07/09/1967,15.58,8.58,12.08
08/09/1967,16.67,5.65,11.16
09/09/1967,17.91,5.6,11.76
10/09/1967,16.14,9.51,12.83
11/09/1967,15.58,12.13,13.86
12/09/1967,18.76,11.03,14.89
13/09/1967,17.48,11.74,14.61
14/09/1967,15.44,11.78,13.61
15/09/1967,15.68,13.03,14.35
16/09/1967,14.8,10.35,12.58
17/09/1967,18.26,11.47,14.87
18/09/1967,17.66,11.79,14.73
19/09/1967,16.03,10.69,13.36
20/09/1967,16.36,8.57,12.46
21/09/1967,16.27,3.48,9.88
22/09/1967,17.33,8.18,12.76
23/09/1967,15.64,7.9,11.77
24/09/1967,16.68,10.98,13.83
25/09/1967,19.25,12.87,16.06
26/09/1967,19.49,14.42,16.95
27/09/1967,18.11,9.5,13.8
28/09/1967,19.45,12.24,15.85
29/09/1967,17.06,14.78,15.92
30/09/1967,16.45,10.83,13.64
01/10/1967,15.93,10.32,13.13
02/10/1967,14.76,8.49,11.63
03/10/1967,15.19,8.47,11.83
04/10/1967,13.65,7.44,10.54
05/10/1967,14.36,7.06,10.71
06/10/1967,17.05,8.94,13
07/10/1967,18.19,13.53,15.86
08/10/1967,17.5,11.23,14.36
09/10/1967,17.18,15.52,16.35
10/10/1967,16.46,14.47,15.46
11/10/1967,15.92,14.46,15.19
12/10/1967,13.27,8.8,11.03
13/10/1967,13.69,8.34,11.01
14/10/1967,13.28,8.63,10.96
15/10/1967,12.36,8.93,10.64
16/10/1967,16.06,8.05,12.06
17/10/1967,12.11,8.84,10.47
18/10/1967,10.23,1.74,5.99
19/10/1967,14.44,5.48,9.96
20/10/1967,15.38,9.5,12.44
21/10/1967,11.63,9.82,10.72
22/10/1967,13.34,5.03,9.18
23/10/1967,13.61,4.55,9.08
24/10/1967,12.12,9,10.56
25/10/1967,13.81,9.4,11.6
26/10/1967,12.27,8.45,10.36
27/10/1967,11.73,6.16,8.94
28/10/1967,7.68,6.14,6.91
29/10/1967,9.45,3.82,6.64
30/10/1967,10.05,2.41,6.23
31/10/1967,7.81,5.54,6.68
01/11/1967,10.07,2.87,6.47
02/11/1967,8.32,4.61,6.47
03/11/1967,9.79,4.78,7.29
04/11/1967,6.16,5.24,5.7
05/11/1967,5.53,3.17,4.35
06/11/1967,8.03,3.69,5.86
07/11/1967,10.05,0.66,5.36
08/11/1967,5.06,-0.22,2.42
09/11/1967,8.75,-0.1,4.32
10/11/1967,11.57,2.15,6.86
11/11/1967,14.27,5.72,9.99
12/11/1967,10.21,5.09,7.65
13/11/1967,12.14,5,8.57
14/11/1967,10.28,7.9,9.09
15/11/1967,8.21,1.54,4.88
16/11/1967,7.08,4.02,5.55
17/11/1967,5.3,-3.61,0.85
18/11/1967,6.03,-1.97,2.03
19/11/1967,7.79,-0.1,3.84
20/11/1967,7.17,3.76,5.46
21/11/1967,8.03,5.63,6.83
22/11/1967,8.6,3,5.8
23/11/1967,5.68,1.24,3.46
24/11/1967,5.76,2.67,4.21
25/11/1967,5.54,2.85,4.19
26/11/1967,5.36,-1.45,1.95
27/11/1967,10.32,-0.71,4.8
28/11/1967,11.46,2.69,7.08
29/11/1967,8.95,4.84,6.89
30/11/1967,10.1,4.64,7.37
01/12/1967,11.29,7.77,9.53
02/12/1967,9.51,8.63,9.07
03/12/1967,10.04,7.79,8.92
04/12/1967,7.75,1,4.38
05/12/1967,10.3,1.58,5.94
06/12/1967,5.07,4.17,4.62
07/12/1967,1.96,-1.3,0.33
08/12/1967,-2.27,-3.59,-2.93
09/12/1967,1.15,-8.12,-3.49
10/12/1967,1.67,-3.78,-1.05
11/12/1967,6.29,-5.74,0.28
12/12/1967,6.73,-3.34,1.69
13/12/1967,7.44,3.45,5.44
14/12/1967,6.61,4.29,5.45
15/12/1967,8.37,5.28,6.83
16/12/1967,7.48,4.78,6.13
17/12/1967,1.51,-4.3,-1.39
18/12/1967,7.87,-3.63,2.12
19/12/1967,3.93,-0.95,1.49
20/12/1967,4.94,-4.31,0.31
21/12/1967,10.31,-2.79,3.76
22/12/1967,12.26,5.14,8.7
23/12/1967,11.63,10.04,10.83
24/12/1967,8.75,7,7.87
25/12/1967,7.63,5.49,6.56
26/12/1967,7.32,4.67,5.99
27/12/1967,9.51,1.18,5.35
28/12/1967,5.97,3.01,4.49
29/12/1967,3.85,2.37,3.11
30/12/1967,5.17,-1.65,1.76
31/12/1967,1.82,0.66,1.24
01/01/1968,3.72,-0.29,1.72
02/01/1968,5.83,0.95,3.39
03/01/1968,7.71,1.3,4.5
04/01/1968,6.26,-1.19,2.54
05/01/1968,10.33,-0.11,5.11
06/01/1968,5.03,3.59,4.31
07/01/1968,3.16,0.4,1.78
08/01/1968,0.6,-2.7,-1.05
09/01/1968,0.09,-2.19,-1.05
10/01/1968,1.32,-8.17,-3.42
11/01/1968,0.52,-6.43,-2.95
12/01/1968,0.09,-6.96,-3.44
13/01/1968,10.52,-5.9,2.31
14/01/1968,12.16,0.17,6.17
15/01/1968,10.43,8.57,9.5
16/01/1968,10.67,6.72,8.69
17/01/1968,8.83,6.73,7.78
18/01/1968,9.69,3.98,6.84
19/01/1968,10.16,6.98,8.57
20/01/1968,7.84,6.92,7.38
21/01/1968,7.26,5.05,6.16
22/01/1968,3.85,2.86,3.35
23/01/1968,4.25,-0.84,1.71
24/01/1968,6.56,0.12,3.34
25/01/1968,8.82,3.84,6.33
26/01/1968,9.81,5.97,7.89
27/01/1968,8.7,4.11,6.41
28/01/1968,5.44,2.91,4.17
29/01/1968,8.13,-0.7,3.71
30/01/1968,10.03,3.39,6.71
31/01/1968,9.84,7.98,8.91
01/02/1968,6.99,1.18,4.09
02/02/1968,5.44,2.19,3.82
03/02/1968,3.5,-1.11,1.19
04/02/1968,3.91,-4.4,-0.25
05/02/1968,4.23,0.43,2.33
06/02/1968,5.31,-0.06,2.62
07/02/1968,3.29,0.32,1.81
08/02/1968,4.49,-2.88,0.81
09/02/1968,4.37,-1.56,1.4
10/02/1968,3.9,2.51,3.2
11/02/1968,4.25,1.83,3.04
12/02/1968,6.16,1.39,3.77
13/02/1968,7.53,2.67,5.1
14/02/1968,3.93,4.11,4.02
15/02/1968,3.35,-1.92,0.72
16/02/1968,5.07,-1.49,1.79
17/02/1968,6.09,0.55,3.32
18/02/1968,6.12,-1.89,2.11
19/02/1968,3.99,-1.8,1.1
20/02/1968,-0.04,-3.65,-1.85
21/02/1968,2.66,-2.42,0.12
22/02/1968,3.24,-0.42,1.41
23/02/1968,2.3,0.67,1.48
24/02/1968,1.82,-2,-0.09
25/02/1968,3.31,-2.7,0.3
26/02/1968,4.6,-3.05,0.77
27/02/1968,5.04,-0.96,2.04
28/02/1968,5.64,0.26,2.95
29/02/1968,0.83,-1.79,-0.48
01/03/1968,1.8,-1.89,-0.05
02/03/1968,2.76,0.04,1.4
03/03/1968,6.62,-1.16,2.73
04/03/1968,9.2,-0.48,4.36
05/03/1968,10.87,2.34,6.6
06/03/1968,5.95,4.38,5.16
07/03/1968,3.35,1.55,2.45
08/03/1968,8.25,-0.25,4
09/03/1968,10.51,1.25,5.88
10/03/1968,8.99,3.33,6.16
11/03/1968,11.49,4.51,8
12/03/1968,10.25,4.57,7.41
13/03/1968,10,5.16,7.58
14/03/1968,7.73,2.72,5.22
15/03/1968,7.04,3.49,5.27
16/03/1968,9.98,-1.39,4.29
17/03/1968,9.18,1.05,5.11
18/03/1968,9.67,3.38,6.52
19/03/1968,10.37,3.83,7.1
20/03/1968,9.74,7.13,8.43
21/03/1968,8.16,2.57,5.36
22/03/1968,10.96,1.17,6.06
23/03/1968,13.57,5.44,9.5
24/03/1968,13.12,9.49,11.31
25/03/1968,10.56,6.13,8.34
26/03/1968,13.14,4.37,8.75
27/03/1968,15.83,5.19,10.51
28/03/1968,20.07,1.33,10.7
29/03/1968,20.48,9.93,15.21
30/03/1968,9.83,6.73,8.28
31/03/1968,13.06,1.5,7.28
01/04/1968,11.11,7.22,9.17
02/04/1968,3.06,-1.4,0.83
03/04/1968,5.64,-1.65,1.99
04/04/1968,8.41,1.19,4.8
05/04/1968,7.59,-2.85,2.37
06/04/1968,9.1,-2.01,3.54
07/04/1968,6.27,1.18,3.72
08/04/1968,9.22,-3.86,2.68
09/04/1968,11.61,2.8,7.2
10/04/1968,8.03,-0.12,3.95
11/04/1968,8.43,-1.95,3.24
12/04/1968,10.69,-0.43,5.13
13/04/1968,9.8,1.63,5.72
14/04/1968,13.31,2.61,7.96
15/04/1968,16.61,1.84,9.22
16/04/1968,12.75,7.77,10.26
17/04/1968,13.83,6.58,10.21
18/04/1968,17.16,9,13.08
19/04/1968,15.42,6.48,10.95
20/04/1968,18.58,10.72,14.65
21/04/1968,21.95,11.14,16.54
22/04/1968,14.9,6.93,10.92
23/04/1968,13.67,7.17,10.42
24/04/1968,16.19,5.45,10.82
25/04/1968,18.35,4.05,11.2
26/04/1968,17.75,6.1,11.93
27/04/1968,15.47,9.42,12.45
28/04/1968,14.85,7.96,11.41
29/04/1968,10.36,6.36,8.36
30/04/1968,11.87,6.58,9.22
01/05/1968,14.24,5.39,9.82
02/05/1968,14.37,3.56,8.96
03/05/1968,14.39,6.63,10.51
04/05/1968,13.31,3.67,8.49
05/05/1968,11.4,5.17,8.29
06/05/1968,11.47,4.41,7.94
07/05/1968,9.87,5.22,7.54
08/05/1968,8.38,4.63,6.51
09/05/1968,12.61,6.75,9.68
10/05/1968,13.03,7.76,10.4
11/05/1968,13.44,6.25,9.85
12/05/1968,13.2,2.61,7.91
13/05/1968,13.28,7.65,10.47
14/05/1968,13.87,3.23,8.55
15/05/1968,16.49,10.68,13.59
16/05/1968,10.92,8.47,9.69
17/05/1968,13.23,6.33,9.78
18/05/1968,8.77,3.85,6.31
19/05/1968,11.59,0.98,6.29
20/05/1968,11.43,5.24,8.34
21/05/1968,9.42,5.62,7.52
22/05/1968,10.93,5.77,8.35
23/05/1968,14.95,5.89,10.42
24/05/1968,18.18,4.54,11.36
25/05/1968,14.35,10.78,12.56
26/05/1968,15.51,7.32,11.42
27/05/1968,17.6,9.88,13.74
28/05/1968,19.71,7.83,13.77
29/05/1968,21.02,8.49,14.76
30/05/1968,19.22,10.46,14.84
31/05/1968,22.12,7.14,14.63
01/06/1968,21.9,7.08,14.49
02/06/1968,21.9,12.4,17.15
03/06/1968,18.95,10.19,14.57
04/06/1968,18.92,12.34,15.63
05/06/1968,17.42,11.5,14.46
06/06/1968,16.34,10.23,13.29
07/06/1968,15.88,8.85,12.36
08/06/1968,16.65,9.2,12.93
09/06/1968,19.56,8.78,14.17
10/06/1968,22.48,8.38,15.43
11/06/1968,19.32,13.49,16.4
12/06/1968,20.44,12.54,16.49
13/06/1968,21.82,7.96,14.89
14/06/1968,22.01,10.34,16.18
15/06/1968,22.84,12.54,17.69
16/06/1968,19.25,12.33,15.79
17/06/1968,22.8,11.85,17.32
18/06/1968,21.99,14.38,18.18
19/06/1968,19.5,11.57,15.54
20/06/1968,17.9,9.48,13.69
21/06/1968,17.14,10,13.57
22/06/1968,15.57,10.65,13.11
23/06/1968,16.9,10.25,13.57
24/06/1968,16.19,9.62,12.9
25/06/1968,18.17,12.77,15.47
26/06/1968,17.6,10.87,14.23
27/06/1968,19.34,12.55,15.95
28/06/1968,19.38,13.27,16.33
29/06/1968,20.19,12.16,16.18
30/06/1968,26.06,10.56,18.31
01/07/1968,30.83,19.45,25.14
02/07/1968,22.61,16.92,19.77
03/07/1968,17.48,8.92,13.2
04/07/1968,17.6,8.05,12.83
05/07/1968,20.97,9.69,15.33
06/07/1968,19.59,9.07,14.33
07/07/1968,18.9,11.29,15.1
08/07/1968,20.22,11.98,16.1
09/07/1968,20.31,11.77,16.04
10/07/1968,14.6,12.64,13.62
11/07/1968,16.65,10.38,13.51
12/07/1968,18.39,11.07,14.73
13/07/1968,18.29,11.52,14.91
14/07/1968,18.78,12.48,15.63
15/07/1968,17.62,12.25,14.94
16/07/1968,17.38,9.92,13.65
17/07/1968,17.74,11.4,14.57
18/07/1968,18.64,10.01,14.32
19/07/1968,20.77,10.52,15.65
20/07/1968,22.22,13.25,17.73
21/07/1968,21.05,13.31,17.18
22/07/1968,23.21,15.2,19.21
23/07/1968,17.32,11.95,14.64
24/07/1968,17.88,11.95,14.91
25/07/1968,20.89,11.15,16.02
26/07/1968,16.41,9.19,12.8
27/07/1968,16.96,11.4,14.18
28/07/1968,19.57,7.17,13.37
29/07/1968,16.31,10.26,13.29
30/07/1968,18.98,11.39,15.19
31/07/1968,16.41,11.79,14.1
01/08/1968,19.41,12.63,16.02
02/08/1968,16.91,9.5,13.2
03/08/1968,16.18,11.9,14.04
04/08/1968,17.43,11.81,14.62
05/08/1968,20.79,13.65,17.22
06/08/1968,17.26,14.16,15.71
07/08/1968,14.55,12.68,13.61
08/08/1968,15.01,12.06,13.54
09/08/1968,15.23,12.15,13.69
10/08/1968,19.15,12.07,15.61
11/08/1968,21.53,9.73,15.63
12/08/1968,23.04,10.51,16.77
13/08/1968,19.63,14.41,17.02
14/08/1968,16.07,10.72,13.4
15/08/1968,17.59,8.65,13.12
16/08/1968,17.52,11.38,14.45
17/08/1968,17.53,9.79,13.66
18/08/1968,17.57,9.59,13.58
19/08/1968,17.61,8.28,12.94
20/08/1968,20.85,13.79,17.32
21/08/1968,21.16,13.85,17.51
22/08/1968,26.09,12.08,19.08
23/08/1968,26.63,13.41,20.02
24/08/1968,22.11,13.91,18.01
25/08/1968,19.47,13.73,16.6
26/08/1968,21.85,12.47,17.16
27/08/1968,21.34,14.51,17.93
28/08/1968,16.73,14.13,15.43
29/08/1968,14.44,12.68,13.56
30/08/1968,16.6,11.23,13.91
31/08/1968,18.7,11.19,14.94
01/09/1968,17.23,9.38,13.31
02/09/1968,18.69,12.9,15.79
03/09/1968,18.44,6.93,12.69
04/09/1968,16.97,8.38,12.67
05/09/1968,18.79,8.52,13.65
06/09/1968,18.81,13.58,16.19
07/09/1968,20.18,10.32,15.25
08/09/1968,20.08,10.37,15.22
09/09/1968,22.27,13.48,17.87
10/09/1968,21.86,13.79,17.83
11/09/1968,16.97,9.83,13.4
12/09/1968,18.54,9.58,14.06
13/09/1968,19.11,10.9,15
14/09/1968,13.56,11.05,12.31
15/09/1968,14.25,11.63,12.94
16/09/1968,15.48,11.51,13.49
17/09/1968,14.89,11.58,13.24
18/09/1968,16.19,6.52,11.36
19/09/1968,16.47,8.06,12.26
20/09/1968,16.99,13.35,15.17
21/09/1968,17.08,11.32,14.2
22/09/1968,17.48,11.39,14.44
23/09/1968,17.28,11.42,14.35
24/09/1968,16.95,10.46,13.71
25/09/1968,16.23,8.2,12.22
26/09/1968,18.4,11.78,15.09
27/09/1968,16.63,14.06,15.35
28/09/1968,15.9,11.16,13.53
29/09/1968,15.94,11.39,13.67
30/09/1968,15.16,9.05,12.11
01/10/1968,15.48,12.35,13.92
02/10/1968,16.68,12.42,14.55
03/10/1968,17.25,13.81,15.53
04/10/1968,17.26,10.16,13.71
05/10/1968,17.26,13.35,15.31
06/10/1968,17.74,13.59,15.67
07/10/1968,16.62,9.44,13.03
08/10/1968,12.37,10.5,11.43
09/10/1968,16.06,9.93,12.99
10/10/1968,17.57,12.32,14.94
11/10/1968,17.15,11.16,14.15
12/10/1968,15.99,12.38,14.19
13/10/1968,14.95,11.2,13.07
14/10/1968,15.19,6.35,10.77
15/10/1968,13.67,5.43,9.55
16/10/1968,13.03,7.34,10.19
17/10/1968,13.75,8.68,11.21
18/10/1968,11.22,6.43,8.82
19/10/1968,15.51,9.51,12.51
20/10/1968,17.17,11.28,14.22
21/10/1968,18.98,11.93,15.45
22/10/1968,14.18,6.04,10.11
23/10/1968,10.88,8.3,9.59
24/10/1968,12.18,9.26,10.72
25/10/1968,13.24,9.57,11.41
26/10/1968,13.94,9.55,11.75
27/10/1968,14.89,9.78,12.33
28/10/1968,14.39,12.6,13.49
29/10/1968,13.38,9.55,11.47
30/10/1968,17.18,10.53,13.85
31/10/1968,16.7,12.95,14.83
01/11/1968,13.3,10.58,11.94
02/11/1968,8.7,8.65,8.67
03/11/1968,6.51,2.67,4.59
04/11/1968,7.62,0.23,3.93
05/11/1968,7.74,-1.65,3.05
06/11/1968,6.64,2.14,4.39
07/11/1968,6.07,5.15,5.61
08/11/1968,7.63,4.56,6.1
09/11/1968,3.41,-2.49,0.46
10/11/1968,7.61,-1.32,3.15
11/11/1968,9.41,3.19,6.3
12/11/1968,8.95,2.6,5.77
13/11/1968,7.64,3.07,5.35
14/11/1968,7.15,4.42,5.78
15/11/1968,4.36,1.36,2.86
16/11/1968,3.94,1.46,2.7
17/11/1968,5.18,1.94,3.56
18/11/1968,5.52,3.78,4.65
19/11/1968,6.8,4.35,5.57
20/11/1968,9.74,4.4,7.07
21/11/1968,11.34,6.38,8.86
22/11/1968,10.54,6.4,8.47
23/11/1968,11.58,6.62,9.1
24/11/1968,10.94,5.93,8.44
25/11/1968,12.75,5.16,8.96
26/11/1968,12.68,9.08,10.88
27/11/1968,11.87,10.33,11.1
28/11/1968,9.9,7.31,8.61
29/11/1968,8.37,6.89,7.63
30/11/1968,6.64,4.91,5.78
01/12/1968,8.86,5.42,7.14
02/12/1968,9.98,6.82,8.4
03/12/1968,5.8,2.13,3.96
04/12/1968,6.46,3.8,5.13
05/12/1968,4.17,3.88,4.02
06/12/1968,3.48,-0.37,1.55
07/12/1968,4.49,0.77,2.63
08/12/1968,2.22,0.88,1.55
09/12/1968,1.18,0.1,0.64
10/12/1968,2.85,-0.43,1.21
11/12/1968,3.49,1.36,2.43
12/12/1968,3.52,2.8,3.16
13/12/1968,-0.42,-1.43,-0.93
14/12/1968,4.67,-4.3,0.19
15/12/1968,5.7,-4.16,0.77
16/12/1968,4.85,0.03,2.44
17/12/1968,6.09,-0.8,2.64
18/12/1968,5.53,4.44,4.98
19/12/1968,6.61,2.39,4.5
20/12/1968,10.12,1.28,5.7
21/12/1968,10.7,3.33,7.01
22/12/1968,10.42,3.66,7.04
23/12/1968,7.61,5.54,6.58
24/12/1968,4.02,1.07,2.55
25/12/1968,1.91,0.3,1.11
26/12/1968,0.49,-3.03,-1.27
27/12/1968,1.03,-3.37,-1.17
28/12/1968,0.04,-3.7,-1.83
29/12/1968,1.49,-2.54,-0.52
30/12/1968,2.21,-0.83,0.69
31/12/1968,2.83,-0.96,0.93
01/01/1969,4.88,-3.28,0.8
02/01/1969,6.21,-1.64,2.28
03/01/1969,5.28,3.68,4.48
04/01/1969,6.15,-0.24,2.96
05/01/1969,6,1.08,3.54
06/01/1969,5.58,0.03,2.81
07/01/1969,7.67,0.02,3.84
08/01/1969,7.55,4.48,6.02
09/01/1969,6.03,-1.52,2.26
10/01/1969,5.64,-0.23,2.71
11/01/1969,7.33,3.41,5.37
12/01/1969,8.79,5.34,7.07
13/01/1969,9.95,6.94,8.44
14/01/1969,8.95,6.88,7.91
15/01/1969,6.76,2.84,4.8
16/01/1969,4.51,1.38,2.95
17/01/1969,7.65,-1.34,3.16
18/01/1969,7.22,0.6,3.91
19/01/1969,7.59,3.3,5.45
20/01/1969,10.35,1.46,5.9
21/01/1969,11.7,4.82,8.26
22/01/1969,12.61,8.78,10.7
23/01/1969,11.23,9.1,10.16
24/01/1969,10.56,8.62,9.59
25/01/1969,11.46,9.06,10.26
26/01/1969,10.42,7.58,9
27/01/1969,10.96,6.89,8.92
28/01/1969,7.24,5.58,6.41
29/01/1969,7.33,2.54,4.94
30/01/1969,8.3,3.24,5.77
31/01/1969,7.46,3.84,5.65
01/02/1969,7.1,1.31,4.21
02/02/1969,4.1,0.75,2.42
03/02/1969,1.72,-3.46,-0.87
04/02/1969,4.3,-3.65,0.33
05/02/1969,5.09,-0.56,2.26
06/02/1969,7.44,3.2,5.32
07/02/1969,1.56,-0.66,0.45
08/02/1969,0.84,-7.01,-3.08
09/02/1969,2.05,-5.63,-1.79
10/02/1969,3.36,-2.67,0.35
11/02/1969,7.22,-1.3,2.96
12/02/1969,2.68,1.1,1.89
13/02/1969,1.09,-3.4,-1.16
14/02/1969,2.67,-3.6,-0.46
15/02/1969,-1.11,-5.35,-3.23
16/02/1969,0.89,-5.48,-2.3
17/02/1969,2.78,-5.08,-1.15
18/02/1969,2.54,-3.66,-0.56
19/02/1969,0.58,-2.72,-1.07
20/02/1969,1.3,-2.13,-0.41
21/02/1969,3.58,0.23,1.91
22/02/1969,9.13,0.67,4.9
23/02/1969,10.65,1.98,6.32
24/02/1969,5.37,3.55,4.46
25/02/1969,2.92,3,2.96
26/02/1969,2.73,1.58,2.16
27/02/1969,1.74,-1.12,0.31
28/02/1969,3.12,-0.44,1.34
01/03/1969,2.13,0.72,1.43
02/03/1969,2.06,-0.29,0.88
03/03/1969,3.21,0.31,1.76
04/03/1969,3.85,1.39,2.62
05/03/1969,7.7,-1.42,3.14
06/03/1969,8.81,-4.5,2.16
07/03/1969,9.37,-3.73,2.82
08/03/1969,12,-2,5
09/03/1969,8.79,-2.66,3.06
10/03/1969,8.08,0.15,4.11
11/03/1969,6.58,2.2,4.39
12/03/1969,9.42,1.24,5.33
13/03/1969,10.52,1.52,6.02
14/03/1969,10.35,5.04,7.69
15/03/1969,10.48,5.46,7.97
16/03/1969,2.68,1.8,2.24
17/03/1969,7.1,1.13,4.12
18/03/1969,5.71,2.89,4.3
19/03/1969,5.8,3.53,4.66
20/03/1969,6.81,3.51,5.16
21/03/1969,4.82,2.93,3.88
22/03/1969,5.45,0.24,2.84
23/03/1969,2.83,-0.4,1.21
24/03/1969,2.23,-0.53,0.85
25/03/1969,3.18,-0.13,1.53
26/03/1969,2.76,0.03,1.4
27/03/1969,6.17,0.18,3.17
28/03/1969,7.59,-3.3,2.15
29/03/1969,10.24,1.02,5.63
30/03/1969,10.36,5.15,7.75
31/03/1969,10.44,3.54,6.99
01/04/1969,9.12,1.9,5.51
02/04/1969,6.78,-0.16,3.31
03/04/1969,9.69,-2.07,3.81
04/04/1969,11.79,-0.74,5.52
05/04/1969,12.65,0.55,6.6
06/04/1969,14.98,1,7.99
07/04/1969,18.57,1.95,10.26
08/04/1969,19.96,3.11,11.53
09/04/1969,18.7,5.3,12
10/04/1969,14.33,10.04,12.18
11/04/1969,12.25,10.04,11.15
12/04/1969,9.96,4.56,7.26
13/04/1969,9.96,0.79,5.37
14/04/1969,11.45,1.26,6.35
15/04/1969,13.71,7.6,10.66
16/04/1969,11.56,2.67,7.11
17/04/1969,11.09,2.9,6.99
18/04/1969,9.53,-1.72,3.9
19/04/1969,8.93,-1.64,3.65
20/04/1969,10.33,-1.19,4.57
21/04/1969,10.94,4.5,7.72
22/04/1969,12.03,3.9,7.96
23/04/1969,11.63,5.66,8.64
24/04/1969,15.65,6.78,11.22
25/04/1969,14.72,7.88,11.3
26/04/1969,14,8.01,11.01
27/04/1969,12.6,5.32,8.96
28/04/1969,11.3,4.35,7.82
29/04/1969,12.96,0.86,6.91
30/04/1969,13.56,3.25,8.4
01/05/1969,14.31,5.36,9.84
02/05/1969,12.24,3.42,7.83
03/05/1969,19.3,4.83,12.06
04/05/1969,15.41,8.73,12.07
05/05/1969,14.79,8.15,11.47
06/05/1969,12.09,7.57,9.83
07/05/1969,13.97,5.76,9.86
08/05/1969,14.93,8.88,11.9
09/05/1969,14.92,8.45,11.69
10/05/1969,14.92,8.1,11.51
11/05/1969,16.94,10.47,13.71
12/05/1969,18.46,9.35,13.91
13/05/1969,23.08,13.86,18.47
14/05/1969,15.33,12.45,13.89
15/05/1969,14.42,9.92,12.17
16/05/1969,15.45,6.9,11.18
17/05/1969,14.53,7.83,11.18
18/05/1969,10.34,4.48,7.41
19/05/1969,11.81,2.96,7.38
20/05/1969,13.69,3.2,8.44
21/05/1969,18.06,8.89,13.48
22/05/1969,20.37,7.91,14.14
23/05/1969,15.1,9.94,12.52
24/05/1969,16.56,7.02,11.79
25/05/1969,16.54,10.16,13.35
26/05/1969,14.45,6.45,10.45
27/05/1969,13.58,6.78,10.18
28/05/1969,17.16,7.1,12.13
29/05/1969,19.32,7.04,13.18
30/05/1969,16.67,10.66,13.67
31/05/1969,16.86,10.52,13.69
01/06/1969,15.27,7.04,11.16
02/06/1969,17.6,5.46,11.53
03/06/1969,16.48,11.81,14.14
04/06/1969,12.38,4.88,8.63
05/06/1969,12.77,3.19,7.98
06/06/1969,16.13,3.62,9.87
07/06/1969,17.4,5.16,11.28
08/06/1969,21.19,5.84,13.51
09/06/1969,21.76,8.24,15
10/06/1969,21.92,8.13,15.03
11/06/1969,22.47,9.73,16.1
12/06/1969,23.46,9.29,16.38
13/06/1969,24.07,10.57,17.32
14/06/1969,26.04,12.25,19.15
15/06/1969,24.22,11.41,17.82
16/06/1969,17.27,13.87,15.57
17/06/1969,16.13,10.56,13.35
18/06/1969,18.51,11.67,15.09
19/06/1969,18.33,8.83,13.58
20/06/1969,16.4,11.22,13.81
21/06/1969,16.43,7.35,11.89
22/06/1969,17.46,9.14,13.3
23/06/1969,16.3,8.79,12.55
24/06/1969,20.38,11.51,15.95
25/06/1969,20.11,10.22,15.16
26/06/1969,19.81,8.09,13.95
27/06/1969,19.8,13.48,16.64
28/06/1969,20.04,9,14.52
29/06/1969,23.63,9.92,16.77
30/06/1969,23.76,10.35,17.05
01/07/1969,24.28,11.37,17.83
02/07/1969,22.39,14.66,18.53
03/07/1969,21.35,13.81,17.58
04/07/1969,22.71,11.27,16.99
05/07/1969,19.94,12.77,16.36
06/07/1969,13.93,9.31,11.62
07/07/1969,16.28,9.48,12.88
08/07/1969,17.29,9.48,13.39
09/07/1969,17.57,8.05,12.81
10/07/1969,20.38,7.74,14.06
11/07/1969,25.72,14.45,20.08
12/07/1969,26.41,15.09,20.75
13/07/1969,27.14,13.64,20.39
14/07/1969,27.67,14.26,20.97
15/07/1969,27.82,13.77,20.79
16/07/1969,30.26,15.36,22.81
17/07/1969,23.06,13.25,18.16
18/07/1969,21.2,9.04,15.12
19/07/1969,22.11,12.88,17.49
20/07/1969,23.05,16.38,19.71
21/07/1969,24.81,14.64,19.73
22/07/1969,25.2,14.45,19.83
23/07/1969,27.14,14.39,20.77
24/07/1969,21.65,16.8,19.22
25/07/1969,24.77,12.22,18.49
26/07/1969,22.56,13.09,17.82
27/07/1969,24.82,11.36,18.09
28/07/1969,19.5,15.13,17.31
29/07/1969,16.39,12.99,14.69
30/07/1969,21.46,7.28,14.37
31/07/1969,20.51,10.8,15.65
01/08/1969,20.26,12.66,16.46
02/08/1969,24.36,16.27,20.31
03/08/1969,18.51,13.33,15.92
04/08/1969,22.3,13.36,17.83
05/08/1969,22.22,13.97,18.1
06/08/1969,22.31,10.17,16.24
07/08/1969,24.38,11.31,17.85
08/08/1969,27.15,12.98,20.06
09/08/1969,23.41,16.47,19.94
10/08/1969,27.73,16.22,21.97
11/08/1969,27.57,15.88,21.73
12/08/1969,19.61,16.04,17.82
13/08/1969,19.19,14.09,16.64
14/08/1969,21.04,11.98,16.51
15/08/1969,20.72,14.51,17.61
16/08/1969,21.62,13.47,17.54
17/08/1969,22.18,12.74,17.46
18/08/1969,22.66,14.07,18.36
19/08/1969,20.97,17.09,19.03
20/08/1969,18.51,11.7,15.11
21/08/1969,18.09,12,15.04
22/08/1969,16.88,9.67,13.27
23/08/1969,16.95,9.07,13.01
24/08/1969,18.3,7.21,12.75
25/08/1969,18.13,12.31,15.22
26/08/1969,17.19,11.7,14.45
27/08/1969,18.08,11.54,14.81
28/08/1969,16.83,11.39,14.11
29/08/1969,16.6,9.82,13.21
30/08/1969,16.76,10.26,13.51
31/08/1969,18.92,13.36,16.14
01/09/1969,16.24,12.53,14.39
02/09/1969,16.47,11.55,14.01
03/09/1969,20.02,10.18,15.1
04/09/1969,18.36,11.65,15.01
05/09/1969,19.12,12.5,15.81
06/09/1969,19.82,10.11,14.96
07/09/1969,18.78,11.5,15.14
08/09/1969,17.89,8.14,13.02
09/09/1969,18.49,10.79,14.64
10/09/1969,18.3,12.87,15.58
11/09/1969,20.34,15.3,17.82
12/09/1969,12.97,12.01,12.49
13/09/1969,14.29,11.45,12.87
14/09/1969,15.45,12.01,13.73
15/09/1969,15.03,13.52,14.28
16/09/1969,16.07,13.04,14.56
17/09/1969,18.61,13.55,16.08
18/09/1969,18.82,11.53,15.17
19/09/1969,17.88,12.74,15.31
20/09/1969,17.87,3.16,10.51
21/09/1969,18.81,11.72,15.27
22/09/1969,17.5,12.28,14.89
23/09/1969,17.28,5.55,11.41
24/09/1969,18.7,11.94,15.32
25/09/1969,18.39,11.57,14.98
26/09/1969,16.27,8.11,12.19
27/09/1969,14.93,10.74,12.84
28/09/1969,16.5,3.71,10.11
29/09/1969,13.06,6.5,9.78
30/09/1969,14.11,-0.32,6.89
01/10/1969,12.78,5.39,9.09
02/10/1969,16.58,4.98,10.78
03/10/1969,17.15,11.4,14.28
04/10/1969,16.06,12.49,14.27
05/10/1969,18.99,8.2,13.6
06/10/1969,19.22,12.38,15.8
07/10/1969,16.52,12.84,14.68
08/10/1969,19.63,15.07,17.35
09/10/1969,23.5,12.28,17.89
10/10/1969,20.61,5.86,13.24
11/10/1969,14.94,7.34,11.14
12/10/1969,14.56,8.97,11.76
13/10/1969,18.51,10.67,14.59
14/10/1969,17.21,13.98,15.59
15/10/1969,17.66,10.57,14.12
16/10/1969,19.39,10.29,14.84
17/10/1969,17.52,10.44,13.98
18/10/1969,16.33,7.23,11.78
19/10/1969,15.45,8,11.73
20/10/1969,19.02,11.78,15.4
21/10/1969,13.34,8.11,10.73
22/10/1969,13.38,10.36,11.87
23/10/1969,14.93,10.71,12.82
24/10/1969,13.79,9.02,11.41
25/10/1969,15.16,4.87,10.01
26/10/1969,17.91,11.53,14.72
27/10/1969,13.92,10.91,12.42
28/10/1969,14.96,10.33,12.65
29/10/1969,11.64,8.32,9.98
30/10/1969,11.03,1.56,6.29
31/10/1969,11.17,6.53,8.85
01/11/1969,14.36,6.53,10.44
02/11/1969,16.1,8.25,12.18
03/11/1969,15.99,13.45,14.72
04/11/1969,7.35,5.2,6.27
05/11/1969,9.32,0,4.66
06/11/1969,10.03,1.53,5.78
07/11/1969,8.98,3.76,6.37
08/11/1969,9.81,4.22,7.01
09/11/1969,10.5,5.04,7.77
10/11/1969,12.19,3.72,7.96
11/11/1969,13.88,7.03,10.45
12/11/1969,9.83,5.21,7.52
13/11/1969,8.12,1.95,5.03
14/11/1969,6.17,1.32,3.75
15/11/1969,6.54,3.46,5
16/11/1969,6.6,0.89,3.75
17/11/1969,3.52,1.06,2.29
18/11/1969,11.04,-3.24,3.9
19/11/1969,11.67,1.8,6.73
20/11/1969,9.29,4.06,6.68
21/11/1969,9.13,4.41,6.77
22/11/1969,10.55,5.83,8.19
23/11/1969,8.63,6.21,7.42
24/11/1969,3.36,0.88,2.12
25/11/1969,3.24,-1.89,0.68
26/11/1969,3.47,0.21,1.84
27/11/1969,7.2,-1.83,2.69
28/11/1969,0.69,0.69,0.69
29/11/1969,1.24,-4.57,-1.66
30/11/1969,2.95,-4.09,-0.57
01/12/1969,4.59,-3.36,0.61
02/12/1969,9.63,1.61,5.62
03/12/1969,10.57,3.96,7.27
04/12/1969,2.64,0.33,1.49
05/12/1969,4.41,-2.97,0.72
06/12/1969,5.12,-2.54,1.29
07/12/1969,8.46,0.66,4.56
08/12/1969,7.37,0.57,3.97
09/12/1969,8.09,1.44,4.76
10/12/1969,8.24,2.88,5.56
11/12/1969,8.24,2.66,5.45
12/12/1969,4.65,3.56,4.11
13/12/1969,6.73,2.4,4.56
14/12/1969,7.81,1.69,4.75
15/12/1969,4.55,2.03,3.29
16/12/1969,4.03,1.41,2.72
17/12/1969,0.55,-0.12,0.21
18/12/1969,0.49,-0.54,-0.03
19/12/1969,1.42,-4.05,-1.31
20/12/1969,8.7,0.04,4.37
21/12/1969,11.63,0.59,6.11
22/12/1969,8.39,6.89,7.64
23/12/1969,8.46,2.8,5.63
24/12/1969,9.99,4.73,7.36
25/12/1969,5.97,5.81,5.89
26/12/1969,5.7,3.04,4.37
27/12/1969,3.82,-0.07,1.88
28/12/1969,0.67,0.29,0.48
29/12/1969,1,-2,-0.5
30/12/1969,1.13,-2.03,-0.45
31/12/1969,-0.09,-2.17,-1.13
01/01/1970,1.94,-2.11,-0.08
02/01/1970,4.73,-2.6,1.06
03/01/1970,1.54,-0.25,0.65
04/01/1970,1.48,-5.24,-1.88
05/01/1970,1.21,-6.74,-2.77
06/01/1970,2.29,-4.99,-1.35
07/01/1970,0.98,-7.27,-3.14
08/01/1970,5.77,-6.41,-0.32
09/01/1970,9.52,-1.04,4.24
10/01/1970,8.55,3.56,6.06
11/01/1970,9.09,4.22,6.65
12/01/1970,8.4,7.53,7.97
13/01/1970,8.32,3.77,6.04
14/01/1970,8.99,6.16,7.58
15/01/1970,8.81,7.43,8.12
16/01/1970,7.27,6.71,6.99
17/01/1970,5.66,1.99,3.82
18/01/1970,7.71,2.42,5.07
19/01/1970,7.89,4.98,6.44
20/01/1970,7.89,5.99,6.94
21/01/1970,8.86,6.23,7.55
22/01/1970,9.99,3.81,6.9
23/01/1970,7.35,3.98,5.67
24/01/1970,9.55,5.28,7.41
25/01/1970,8.4,5.09,6.75
26/01/1970,8.07,4,6.04
27/01/1970,4.81,1.8,3.3
28/01/1970,5.25,-1.91,1.67
29/01/1970,5.67,-0.81,2.43
30/01/1970,2.82,1.96,2.39
31/01/1970,3.55,0.16,1.85
01/02/1970,10.45,0.23,5.34
02/02/1970,10.4,2.58,6.49
03/02/1970,7.7,3.13,5.41
04/02/1970,7.2,2.07,4.63
05/02/1970,4.13,-0.35,1.89
06/02/1970,4.34,-2.9,0.72
07/02/1970,5.65,-1.76,1.95
08/02/1970,8.05,2.67,5.36
09/02/1970,6.48,1.35,3.91
10/02/1970,5.72,0.81,3.26
11/02/1970,5.95,-2.59,1.68
12/02/1970,0.93,-1.57,-0.32
13/02/1970,0.53,-5.08,-2.27
14/02/1970,1.77,-5.78,-2
15/02/1970,1.93,-6.66,-2.37
16/02/1970,2.52,-3.69,-0.59
17/02/1970,5.32,-2.12,1.6
18/02/1970,6.66,-0.21,3.23
19/02/1970,9.85,2.07,5.96
20/02/1970,9.44,2.86,6.15
21/02/1970,10.2,3.48,6.84
22/02/1970,10.52,8.51,9.51
23/02/1970,7.78,3.58,5.68
24/02/1970,8.09,2.9,5.5
25/02/1970,4.92,-1,1.96
26/02/1970,4.46,0.55,2.51
27/02/1970,2.79,-1.23,0.78
28/02/1970,3.31,0.44,1.87
01/03/1970,7.7,0.07,3.88
02/03/1970,4.34,0.45,2.4
03/03/1970,3.24,-4.4,-0.58
04/03/1970,2.45,-1.32,0.57
05/03/1970,1.95,-6.35,-2.2
06/03/1970,4.05,-5.17,-0.56
07/03/1970,3.44,-4.39,-0.47
08/03/1970,2.5,-4.88,-1.19
09/03/1970,3.87,-6.21,-1.17
10/03/1970,5.33,-2.76,1.28
11/03/1970,7.49,0.39,3.94
12/03/1970,5.88,-0.42,2.73
13/03/1970,4.44,0.3,2.37
14/03/1970,3.39,0.35,1.87
15/03/1970,9.78,-1.89,3.94
16/03/1970,9.83,2.38,6.1
17/03/1970,9.88,5.46,7.67
18/03/1970,8.71,4.6,6.66
19/03/1970,9.96,2.47,6.22
20/03/1970,13.02,5.51,9.26
21/03/1970,10.06,7.26,8.66
22/03/1970,11.16,2.97,7.06
23/03/1970,8.22,2.41,5.31
24/03/1970,4.96,3.47,4.22
25/03/1970,6.63,0.62,3.62
26/03/1970,8.68,-2.28,3.2
27/03/1970,6.43,-2.26,2.08
28/03/1970,7.19,-1.07,3.06
29/03/1970,10.03,2.42,6.23
30/03/1970,10.41,3.81,7.11
31/03/1970,7.37,2.64,5
01/04/1970,6.56,-0.54,3.01
02/04/1970,7.58,-3.38,2.1
03/04/1970,8.8,1.62,5.21
04/04/1970,9.73,3.02,6.38
05/04/1970,9.09,0.23,4.66
06/04/1970,6.1,0.82,3.46
07/04/1970,6.59,-0.24,3.18
08/04/1970,5.38,0.18,2.78
09/04/1970,5.07,-1.04,2.02
10/04/1970,7.71,0.73,4.22
11/04/1970,9.42,-0.22,4.6
12/04/1970,9.18,2.38,5.78
13/04/1970,9.48,2.94,6.21
14/04/1970,13.7,-0.13,6.79
15/04/1970,16.66,7.58,12.12
16/04/1970,13.22,10.43,11.83
17/04/1970,15.25,9.55,12.4
18/04/1970,14.46,8.51,11.48
19/04/1970,11.56,3.68,7.62
20/04/1970,11.07,1.4,6.24
21/04/1970,14.02,6.73,10.38
22/04/1970,14,10.06,12.03
23/04/1970,13.56,9.57,11.57
24/04/1970,13.05,4.3,8.67
25/04/1970,11.84,7.97,9.91
26/04/1970,8.72,3.97,6.35
27/04/1970,9.26,1.77,5.51
28/04/1970,10.01,-0.66,4.67
29/04/1970,11.58,5.21,8.4
30/04/1970,12.1,2.44,7.27
01/05/1970,15.89,5.72,10.81
02/05/1970,16.54,9.95,13.25
03/05/1970,20.63,5.91,13.27
04/05/1970,20.66,9.31,14.98
05/05/1970,24.99,8.92,16.96
06/05/1970,22.43,8.04,15.24
07/05/1970,19.48,8.65,14.06
08/05/1970,21.28,11.63,16.46
09/05/1970,15.15,8.53,11.84
10/05/1970,11.82,9.11,10.47
11/05/1970,13.87,8.98,11.43
12/05/1970,18.56,6.6,12.58
13/05/1970,17.77,6.72,12.24
14/05/1970,16.97,7.93,12.45
15/05/1970,16.82,8.33,12.57
16/05/1970,17.51,7,12.26
17/05/1970,15.51,8.38,11.95
18/05/1970,21.63,4.51,13.07
19/05/1970,18.16,12.63,15.4
20/05/1970,16.38,5.52,10.95
21/05/1970,13.71,8.38,11.04
22/05/1970,14.84,5.02,9.93
23/05/1970,17.08,5.52,11.3
24/05/1970,21.41,8.16,14.78
25/05/1970,18.26,9,13.63
26/05/1970,20.88,7.03,13.95
27/05/1970,20.19,9.32,14.75
28/05/1970,20.17,10.38,15.27
29/05/1970,18.09,8.87,13.48
30/05/1970,19.23,8.89,14.06
31/05/1970,19.88,12.97,16.42
01/06/1970,20.06,10.32,15.19
02/06/1970,22.39,10.75,16.57
03/06/1970,22.59,11.92,17.26
04/06/1970,20.24,8.06,14.15
05/06/1970,21.11,7.73,14.42
06/06/1970,23.91,8.82,16.37
07/06/1970,25.62,12,18.81
08/06/1970,26.45,12.37,19.41
09/06/1970,27.51,14.11,20.81
10/06/1970,27.98,14.72,21.35
11/06/1970,27.8,15.29,21.54
12/06/1970,23.23,13.92,18.58
13/06/1970,22.63,12.18,17.41
14/06/1970,15.98,8.18,12.08
15/06/1970,19.07,10.03,14.55
16/06/1970,16.5,8.64,12.57
17/06/1970,19.13,9.08,14.1
18/06/1970,25.6,12.33,18.96
19/06/1970,24.8,9.71,17.26
20/06/1970,22.71,13.26,17.99
21/06/1970,22.89,10.57,16.73
22/06/1970,23.04,12.41,17.72
23/06/1970,18.63,10.43,14.53
24/06/1970,17.67,13.49,15.58
25/06/1970,20.29,11.74,16.02
26/06/1970,20.91,9.69,15.3
27/06/1970,24.05,13.97,19.01
28/06/1970,20.23,11.73,15.98
29/06/1970,16.06,11.36,13.71
30/06/1970,17.58,7.07,12.33
01/07/1970,15.52,11.35,13.44
02/07/1970,16.45,9.19,12.82
03/07/1970,16.39,11.11,13.75
04/07/1970,21.1,10,15.55
05/07/1970,20.61,13.99,17.3
06/07/1970,25.67,13.86,19.76
07/07/1970,30.78,14.15,22.46
08/07/1970,19.9,16.35,18.13
09/07/1970,18.16,14.68,16.42
10/07/1970,18.56,9.18,13.87
11/07/1970,20.79,12.38,16.59
12/07/1970,22.16,10.12,16.14
13/07/1970,22.04,11.66,16.85
14/07/1970,16.4,11.25,13.82
15/07/1970,16.5,9.99,13.24
16/07/1970,18.85,7.8,13.32
17/07/1970,22.18,11.79,16.98
18/07/1970,23.11,12.1,17.6
19/07/1970,17.71,12.86,15.29
20/07/1970,17.11,8.97,13.04
21/07/1970,17.12,9.49,13.31
22/07/1970,19.27,6.98,13.12
23/07/1970,20.36,11.54,15.95
24/07/1970,17.72,15.08,16.4
25/07/1970,17.61,10.78,14.2
26/07/1970,18.41,9.93,14.17
27/07/1970,20.48,12.07,16.27
28/07/1970,17.48,14.41,15.95
29/07/1970,21.27,10.92,16.1
30/07/1970,21.49,10.45,15.97
31/07/1970,20.97,10.81,15.89
01/08/1970,24.86,12.28,18.57
02/08/1970,25.16,12.53,18.85
03/08/1970,26.9,13.06,19.98
04/08/1970,25.21,14.72,19.97
05/08/1970,23.74,14.64,19.19
06/08/1970,20.89,15.89,18.39
07/08/1970,21.62,15.14,18.38
08/08/1970,21.68,15.02,18.35
09/08/1970,22.18,13.68,17.93
10/08/1970,20.59,15.03,17.81
11/08/1970,21.98,11.43,16.71
12/08/1970,20.41,12.24,16.33
13/08/1970,21.57,13.58,17.58
14/08/1970,19.78,9.75,14.76
15/08/1970,18.27,9.86,14.06
16/08/1970,15.92,12.31,14.12
17/08/1970,17.11,9.66,13.38
18/08/1970,16.46,6.6,11.53
19/08/1970,13.37,10.88,12.12
20/08/1970,15.02,11.91,13.46
21/08/1970,15.33,11.89,13.61
22/08/1970,17.3,10.86,14.08
23/08/1970,18.66,9.31,13.98
24/08/1970,18.21,11.48,14.85
25/08/1970,19.01,9.75,14.38
26/08/1970,21.03,9.97,15.5
27/08/1970,23.01,9.86,16.43
28/08/1970,21.53,10.21,15.87
29/08/1970,21.55,7.49,14.52
30/08/1970,24.39,11.26,17.82
31/08/1970,20.94,14.47,17.7
01/09/1970,18.03,9.4,13.72
02/09/1970,16.1,9.46,12.78
03/09/1970,18.1,12.86,15.48
04/09/1970,20.88,11.53,16.21
05/09/1970,21.02,13.37,17.2
06/09/1970,21.37,11.88,16.63
07/09/1970,22.41,13.89,18.15
08/09/1970,18.38,14.64,16.51
09/09/1970,15.9,13.46,14.68
10/09/1970,15.91,10.58,13.24
11/09/1970,16.91,9.76,13.34
12/09/1970,12.89,10.02,11.46
13/09/1970,15.06,6.45,10.75
14/09/1970,16.08,10.26,13.17
15/09/1970,15.18,7.7,11.44
16/09/1970,16.43,5.9,11.17
17/09/1970,17.13,10.76,13.95
18/09/1970,20.15,9.93,15.04
19/09/1970,21.2,8.58,14.89
20/09/1970,23.98,13.51,18.74
21/09/1970,21.24,12.96,17.1
22/09/1970,18.01,14.1,16.06
23/09/1970,18.92,8.11,13.51
24/09/1970,20.78,7.57,14.18
25/09/1970,21.65,8,14.82
26/09/1970,18.98,9.24,14.11
27/09/1970,21.72,13.88,17.8
28/09/1970,25.28,12.49,18.88
29/09/1970,19.25,14.47,16.86
30/09/1970,18.39,9.41,13.9
01/10/1970,16.52,8.9,12.71
02/10/1970,14.21,12.12,13.17
03/10/1970,14.58,8.23,11.41
04/10/1970,18.99,9.58,14.28
05/10/1970,16.29,12.93,14.61
06/10/1970,13.67,6.44,10.06
07/10/1970,13.98,3.67,8.83
08/10/1970,14.35,0.92,7.64
09/10/1970,15.07,1.42,8.24
10/10/1970,13.97,2.61,8.29
11/10/1970,19.05,8.23,13.64
12/10/1970,15.7,11.49,13.6
13/10/1970,15.09,10.96,13.03
14/10/1970,14.08,10.24,12.16
15/10/1970,12.42,11.33,11.87
16/10/1970,15.6,2.92,9.26
17/10/1970,17.42,1.58,9.5
18/10/1970,15.41,4.11,9.76
19/10/1970,12.23,6.63,9.43
20/10/1970,8.63,2.8,5.72
21/10/1970,8.38,2.41,5.4
22/10/1970,11.01,1.51,6.26
23/10/1970,11.47,7.61,9.54
24/10/1970,14.58,8.4,11.49
25/10/1970,13.23,10.21,11.72
26/10/1970,12.45,8,10.23
27/10/1970,13.44,3.62,8.53
28/10/1970,16.08,6.6,11.34
29/10/1970,15.16,9.1,12.13
30/10/1970,16.45,10.82,13.64
31/10/1970,15.95,12.63,14.29
01/11/1970,14.41,10.16,12.29
02/11/1970,15.58,10.23,12.91
03/11/1970,13.08,10.17,11.62
04/11/1970,12.21,8.03,10.12
05/11/1970,11.56,6.41,8.99
06/11/1970,10.03,4.58,7.3
07/11/1970,7.83,5.65,6.74
08/11/1970,10.54,1.33,5.93
09/11/1970,10.95,3.64,7.3
10/11/1970,12.27,6.28,9.27
11/11/1970,13.22,7.36,10.29
12/11/1970,8.22,5.69,6.95
13/11/1970,8.19,1.76,4.98
14/11/1970,5.58,3.95,4.76
15/11/1970,6.05,0.87,3.46
16/11/1970,9.35,-1.48,3.93
17/11/1970,12.11,1.65,6.88
18/11/1970,12.01,3.03,7.52
19/11/1970,8.66,5.7,7.18
20/11/1970,10.05,2.76,6.41
21/11/1970,8.24,4.22,6.23
22/11/1970,9.45,1.95,5.7
23/11/1970,13.43,3.99,8.71
24/11/1970,13.55,8.91,11.23
25/11/1970,14.05,9.36,11.71
26/11/1970,11.06,5.03,8.05
27/11/1970,10.45,5.58,8.01
28/11/1970,12.95,7.34,10.15
29/11/1970,12.11,7.65,9.88
30/11/1970,8.36,5.23,6.79
01/12/1970,8.23,6.22,7.23
02/12/1970,11.23,2.89,7.06
03/12/1970,11.77,6.82,9.29
04/12/1970,10.59,6.96,8.77
05/12/1970,9.41,5.07,7.24
06/12/1970,8.29,4.62,6.45
07/12/1970,7.3,2.17,4.73
08/12/1970,6.34,1.85,4.09
09/12/1970,5.63,-1.79,1.92
10/12/1970,6.78,-1.21,2.78
11/12/1970,8.45,4.54,6.5
12/12/1970,10.53,4.02,7.28
13/12/1970,5.58,-0.81,2.38
14/12/1970,4.51,-0.99,1.76
15/12/1970,6.23,-1.08,2.58
16/12/1970,8.39,2.37,5.38
17/12/1970,10.2,4.36,7.28
18/12/1970,11.55,5.46,8.5
19/12/1970,10.44,8.89,9.67
20/12/1970,8.32,4.55,6.43
21/12/1970,4.45,-0.12,2.16
22/12/1970,3.44,-1.89,0.78
23/12/1970,5.46,0.46,2.96
24/12/1970,1.18,-1.91,-0.36
25/12/1970,0.64,-3.52,-1.44
26/12/1970,0.51,-2.89,-1.19
27/12/1970,-0.93,-3.63,-2.28
28/12/1970,2.15,-4.23,-1.04
29/12/1970,1.69,-0.77,0.46
30/12/1970,1.66,0.23,0.95
31/12/1970,1.09,-3.24,-1.07
01/01/1971,1.84,-3.32,-0.74
02/01/1971,1.59,-3.01,-0.71
03/01/1971,-1.04,-4.39,-2.71
04/01/1971,-2.75,-5.97,-4.36
05/01/1971,0.78,-5.75,-2.49
06/01/1971,9.78,-3.82,2.98
07/01/1971,10.75,0.63,5.69
08/01/1971,10.95,8.8,9.87
09/01/1971,11.4,8.49,9.95
10/01/1971,12.28,6.14,9.21
11/01/1971,5.24,-0.22,2.51
12/01/1971,7.77,0.27,4.02
13/01/1971,7.17,2.09,4.63
14/01/1971,3.67,2.55,3.11
15/01/1971,4.1,2.43,3.26
16/01/1971,7.23,2.89,5.06
17/01/1971,8.27,2.62,5.44
18/01/1971,8.19,5.18,6.69
19/01/1971,7.97,5.35,6.66
20/01/1971,7.19,3.01,5.1
21/01/1971,7.99,3.92,5.96
22/01/1971,9.74,5.56,7.65
23/01/1971,11.57,4.13,7.85
24/01/1971,8.97,4.18,6.57
25/01/1971,8.73,5.13,6.93
26/01/1971,8.3,5.37,6.83
27/01/1971,8.57,3.85,6.21
28/01/1971,7.78,3.73,5.75
29/01/1971,7.17,2.5,4.84
30/01/1971,2.93,2.08,2.51
31/01/1971,3.88,1.26,2.57
01/02/1971,3.2,1.36,2.28
02/02/1971,7.4,-2.59,2.41
03/02/1971,9.77,-1.22,4.27
04/02/1971,8.18,0.82,4.5
05/02/1971,6.94,0.83,3.89
06/02/1971,4.89,3.88,4.38
07/02/1971,8.49,3.31,5.9
08/02/1971,7.6,1.16,4.38
09/02/1971,6.11,3.64,4.88
10/02/1971,7.24,3.37,5.31
11/02/1971,8.04,3.42,5.73
12/02/1971,9.34,3.61,6.47
13/02/1971,7.83,3.27,5.55
14/02/1971,7.89,1.77,4.83
15/02/1971,5.02,2.29,3.66
16/02/1971,1.85,-3.1,-0.62
17/02/1971,6.74,-1.95,2.4
18/02/1971,8.25,1.12,4.69
19/02/1971,10.25,0.87,5.56
20/02/1971,11.25,2.66,6.96
21/02/1971,10.24,5.03,7.63
22/02/1971,9.18,1.03,5.11
23/02/1971,8.7,-1.5,3.6
24/02/1971,10.17,-0.73,4.72
25/02/1971,7.65,-0.2,3.73
26/02/1971,6.11,-1.88,2.12
27/02/1971,4.18,-0.17,2
28/02/1971,2.58,-0.09,1.25
01/03/1971,2.73,-1.09,0.82
02/03/1971,7.72,0.22,3.97
03/03/1971,3.25,0.53,1.89
04/03/1971,2.29,-3.38,-0.54
05/03/1971,0.91,-5.07,-2.08
06/03/1971,0.96,-2.42,-0.73
07/03/1971,4.67,-6.53,-0.93
08/03/1971,6.95,-1.93,2.51
09/03/1971,10.67,3.56,7.11
10/03/1971,8.17,-0.87,3.65
11/03/1971,11.18,2.7,6.94
12/03/1971,10.49,3.21,6.85
13/03/1971,9.48,5.07,7.27
14/03/1971,10.72,0.13,5.43
15/03/1971,8.65,2.86,5.75
16/03/1971,9.02,1.13,5.07
17/03/1971,9.38,1.66,5.52
18/03/1971,9.05,4.77,6.91
19/03/1971,8.18,6.16,7.17
20/03/1971,9.96,5.19,7.57
21/03/1971,6.81,4.84,5.82
22/03/1971,8.85,3.84,6.35
23/03/1971,9.38,-1.56,3.91
24/03/1971,10.88,3.3,7.09
25/03/1971,10.27,5.85,8.06
26/03/1971,9.54,1.66,5.6
27/03/1971,9.95,2.85,6.4
28/03/1971,10.14,4.66,7.4
29/03/1971,9.12,6.32,7.72
30/03/1971,12,1.54,6.77
31/03/1971,8.57,2.55,5.56
01/04/1971,8.41,3.37,5.89
02/04/1971,11.45,3.55,7.5
03/04/1971,7.45,3.14,5.29
04/04/1971,8.1,4.1,6.1
05/04/1971,7.43,4.53,5.98
06/04/1971,9.21,5.16,7.18
07/04/1971,8.94,5.89,7.42
08/04/1971,7.68,4.47,6.07
09/04/1971,6.85,4.53,5.69
10/04/1971,8.82,3.86,6.34
11/04/1971,13.21,3.57,8.39
12/04/1971,14.99,0.66,7.82
13/04/1971,13.88,5.71,9.8
14/04/1971,12.34,4.74,8.54
15/04/1971,14.34,2.14,8.24
16/04/1971,10.96,3.9,7.43
17/04/1971,11.47,0.64,6.06
18/04/1971,11.99,4.53,8.26
19/04/1971,14.25,5.52,9.89
20/04/1971,18,3.9,10.95
21/04/1971,18.03,6.45,12.24
22/04/1971,19.96,5.72,12.84
23/04/1971,13.78,11.75,12.77
24/04/1971,8.98,6.67,7.82
25/04/1971,8.85,4.34,6.59
26/04/1971,6.56,1.76,4.16
27/04/1971,9.99,-1.06,4.47
28/04/1971,12.05,0.61,6.33
29/04/1971,12.09,1.51,6.8
30/04/1971,11.47,2.95,7.21
01/05/1971,11.98,0.61,6.3
02/05/1971,14.68,0.84,7.76
03/05/1971,16,1.22,8.61
04/05/1971,18.22,4.01,11.11
05/05/1971,18.91,5.36,12.14
06/05/1971,20.7,9.53,15.11
07/05/1971,16.11,10.02,13.07
08/05/1971,17.54,9.46,13.5
09/05/1971,17.59,8.25,12.92
10/05/1971,18.16,10.54,14.35
11/05/1971,20.49,10.56,15.53
12/05/1971,20.14,12.46,16.3
13/05/1971,18.95,10.8,14.88
14/05/1971,18.39,5.93,12.16
15/05/1971,17.07,6.83,11.95
16/05/1971,14.37,5.9,10.13
17/05/1971,15.22,7.97,11.6
18/05/1971,17.13,3.51,10.32
19/05/1971,18.76,5.69,12.22
20/05/1971,18.89,5.62,12.26
21/05/1971,18.86,5.65,12.26
22/05/1971,17.12,4.5,10.81
23/05/1971,14.4,9.4,11.9
24/05/1971,17.6,7.07,12.34
25/05/1971,10.03,8.66,9.34
26/05/1971,12.1,7.26,9.68
27/05/1971,14.08,7.87,10.97
28/05/1971,14.82,3.33,9.07
29/05/1971,13.79,6.32,10.05
30/05/1971,17.31,10.27,13.79
31/05/1971,18.13,9.18,13.66
01/06/1971,20.77,6.65,13.71
02/06/1971,20.71,8.5,14.6
03/06/1971,18.28,10.26,14.27
04/06/1971,14.12,8.14,11.13
05/06/1971,12.44,8.54,10.49
06/06/1971,11.88,8.9,10.39
07/06/1971,15.54,9.78,12.66
08/06/1971,13.15,10,11.58
09/06/1971,12.17,8.14,10.15
10/06/1971,12.15,9.24,10.7
11/06/1971,13.05,7.35,10.2
12/06/1971,14.26,9.05,11.66
13/06/1971,16.98,5.67,11.33
14/06/1971,10.97,9.13,10.05
15/06/1971,14.1,4.71,9.4
16/06/1971,14.04,7.96,11
17/06/1971,15.03,8.46,11.74
18/06/1971,14.76,7.56,11.16
19/06/1971,17.36,10.23,13.8
20/06/1971,16.92,11.77,14.35
21/06/1971,15.91,8.58,12.25
22/06/1971,18.91,10.53,14.72
23/06/1971,20.68,9.58,15.13
24/06/1971,21.14,10.36,15.75
25/06/1971,18.48,10.92,14.7
26/06/1971,17.26,10.9,14.08
27/06/1971,16.91,9.94,13.42
28/06/1971,17.28,9.05,13.17
29/06/1971,17.6,8.24,12.92
30/06/1971,19.71,11.21,15.46
01/07/1971,24.41,14.81,19.61
02/07/1971,24.94,15.13,20.04
03/07/1971,22.59,15.91,19.25
04/07/1971,24.18,13.03,18.61
05/07/1971,22.28,13.1,17.69
06/07/1971,22.46,11.39,16.92
07/07/1971,24.99,10.94,17.96
08/07/1971,27.18,11.57,19.38
09/07/1971,26.15,15.71,20.93
10/07/1971,23.73,15.83,19.78
11/07/1971,28.17,13.34,20.76
12/07/1971,21.62,16.81,19.21
13/07/1971,20.37,7.37,13.87
14/07/1971,22.58,9.43,16
15/07/1971,26.21,12.97,19.59
16/07/1971,18.92,10.24,14.58
17/07/1971,19.02,10.47,14.74
18/07/1971,19.53,6.62,13.07
19/07/1971,20.72,11.31,16.02
20/07/1971,19.74,10.84,15.29
21/07/1971,21.12,13.73,17.42
22/07/1971,21.13,10.55,15.84
23/07/1971,20.99,14.34,17.67
24/07/1971,20.19,14.62,17.4
25/07/1971,22.58,13.57,18.08
26/07/1971,22.58,13.27,17.92
27/07/1971,19.16,12.35,15.76
28/07/1971,21.88,13.82,17.85
29/07/1971,25.46,11.95,18.71
30/07/1971,25.26,12.11,18.69
31/07/1971,21.24,14.49,17.86
01/08/1971,20.32,11.72,16.02
02/08/1971,19.77,12.38,16.08
03/08/1971,18.51,13.53,16.02
04/08/1971,19.69,14.3,16.99
05/08/1971,19.16,13.33,16.24
06/08/1971,20.44,11.56,16
07/08/1971,19.85,12.01,15.93
08/08/1971,20.25,8.79,14.52
09/08/1971,22.23,15.24,18.74
10/08/1971,20.13,15.21,17.67
11/08/1971,17.67,11.8,14.74
12/08/1971,16.99,12.72,14.85
13/08/1971,19.18,14.29,16.73
14/08/1971,19.67,13.8,16.73
15/08/1971,15.19,11.62,13.41
16/08/1971,20.26,7.33,13.79
17/08/1971,21.04,7.55,14.3
18/08/1971,21.54,9.9,15.72
19/08/1971,22.41,14.46,18.44
20/08/1971,19.73,14.5,17.11
21/08/1971,16.2,13.42,14.81
22/08/1971,18.71,13.82,16.27
23/08/1971,21.52,13.32,17.42
24/08/1971,20.19,13.95,17.07
25/08/1971,22.02,9.62,15.82
26/08/1971,21.87,9.08,15.47
27/08/1971,19.19,12.37,15.78
28/08/1971,21.92,13.58,17.75
29/08/1971,20.27,16.12,18.2
30/08/1971,16.66,9.54,13.1
31/08/1971,19.52,11.33,15.42
01/09/1971,20.62,13.02,16.82
02/09/1971,19.61,10.47,15.04
03/09/1971,18.96,13.06,16.01
04/09/1971,20.84,10.5,15.67
05/09/1971,21.6,9.76,15.68
06/09/1971,21.39,8.43,14.91
07/09/1971,21.98,10.9,16.44
08/09/1971,23.19,9.13,16.16
09/09/1971,21.83,11.5,16.66
10/09/1971,17.94,7.7,12.82
11/09/1971,19.44,7.66,13.55
12/09/1971,19.3,6.52,12.91
13/09/1971,18,6.44,12.22
14/09/1971,16.35,8.49,12.42
15/09/1971,14.43,12.02,13.22
16/09/1971,19.09,6.91,13
17/09/1971,19.23,9.04,14.13
18/09/1971,19.13,5.68,12.41
19/09/1971,20.15,5.71,12.93
20/09/1971,20.33,7,13.67
21/09/1971,21.59,10.29,15.94
22/09/1971,22.97,9.73,16.35
23/09/1971,17.66,11.8,14.73
24/09/1971,16.24,13.12,14.68
25/09/1971,14.42,10.99,12.71
26/09/1971,18.54,10.48,14.51
27/09/1971,14.72,10.5,12.61
28/09/1971,15.34,7.65,11.49
29/09/1971,17.76,8.61,13.19
30/09/1971,20.42,13.16,16.79
01/10/1971,21.1,11.73,16.41
02/10/1971,22.06,7.59,14.82
03/10/1971,18.72,8.65,13.68
04/10/1971,15.81,10.97,13.39
05/10/1971,15.82,5.36,10.59
06/10/1971,18.01,1.89,9.95
07/10/1971,17.6,2.38,9.99
08/10/1971,14.33,4.93,9.63
09/10/1971,16.44,7.4,11.92
10/10/1971,17.9,8.66,13.28
11/10/1971,18.51,12.9,15.71
12/10/1971,15.08,13.74,14.41
13/10/1971,8.27,8.49,8.38
14/10/1971,9.78,3.25,6.51
15/10/1971,11.65,0.78,6.22
16/10/1971,12.29,6.4,9.35
17/10/1971,15.31,7.91,11.61
18/10/1971,16.22,9.46,12.84
19/10/1971,16.35,12.61,14.48
20/10/1971,12.92,7.67,10.29
21/10/1971,15.71,9.25,12.48
22/10/1971,18.73,12.82,15.77
23/10/1971,19.04,10.98,15.01
24/10/1971,18.99,5.8,12.39
25/10/1971,12.34,6.95,9.65
26/10/1971,12.87,3.89,8.38
27/10/1971,14.02,5.02,9.52
28/10/1971,13.46,3,8.23
29/10/1971,8.53,1.9,5.21
30/10/1971,12.78,4.56,8.67
31/10/1971,14.61,6.19,10.4
01/11/1971,15.56,6.24,10.9
02/11/1971,15.87,6.78,11.32
03/11/1971,15.19,7.28,11.24
04/11/1971,14.11,6.83,10.47
05/11/1971,12.69,8.2,10.45
06/11/1971,7.42,2.11,4.76
07/11/1971,10.61,-1.14,4.73
08/11/1971,8.39,3.29,5.84
09/11/1971,4.75,0.9,2.82
10/11/1971,5.75,-1.07,2.34
11/11/1971,7.26,-3.1,2.08
12/11/1971,9.89,-0.26,4.82
13/11/1971,9.5,5.94,7.72
14/11/1971,9.05,1.08,5.06
15/11/1971,9.98,3.52,6.75
16/11/1971,12.63,5.82,9.22
17/11/1971,12.56,4.93,8.74
18/11/1971,9.63,5.49,7.56
19/11/1971,3.3,-0.85,1.22
20/11/1971,11.79,-3.17,4.31
21/11/1971,11.33,-0.75,5.29
22/11/1971,4.08,0.6,2.34
23/11/1971,2.86,-0.34,1.26
24/11/1971,4.77,0.6,2.69
25/11/1971,9.96,-0.44,4.76
26/11/1971,11.12,3.84,7.48
27/11/1971,11.23,8.09,9.66
28/11/1971,6.88,5.84,6.36
29/11/1971,4.81,-1.54,1.63
30/11/1971,5.06,-0.22,2.42
01/12/1971,4.08,-3.56,0.26
02/12/1971,4.63,-2.14,1.25
03/12/1971,3.64,2.62,3.13
04/12/1971,6.47,0.9,3.69
05/12/1971,8.59,1.32,4.95
06/12/1971,7.07,4.99,6.03
07/12/1971,4.44,2.5,3.47
08/12/1971,6.39,0.14,3.26
09/12/1971,8.6,2.21,5.41
10/12/1971,9.48,5.1,7.29
11/12/1971,9.45,6.57,8.01
12/12/1971,9.35,6.48,7.92
13/12/1971,10.72,7.34,9.03
14/12/1971,11.12,5.07,8.1
15/12/1971,12.12,5.9,9.01
16/12/1971,11.29,10.2,10.75
17/12/1971,9.4,4.74,7.07
18/12/1971,10.67,6.2,8.44
19/12/1971,11.15,7.53,9.34
20/12/1971,12.84,6.57,9.7
21/12/1971,12.98,9.72,11.35
22/12/1971,10.5,7.83,9.17
23/12/1971,7.44,6.72,7.08
24/12/1971,9.27,3.04,6.16
25/12/1971,8.47,6.36,7.41
26/12/1971,8.27,5.88,7.07
27/12/1971,9.38,5.6,7.49
28/12/1971,5.83,2.53,4.18
29/12/1971,2.43,-0.38,1.03
30/12/1971,3.61,-0.02,1.79
31/12/1971,3.86,0.95,2.4
01/01/1972,3.07,2.72,2.89
02/01/1972,2.99,1.62,2.31
03/01/1972,3.49,0.48,1.99
04/01/1972,4.03,0.95,2.49
05/01/1972,3.35,1.81,2.58
06/01/1972,2.52,-2.5,0.01
07/01/1972,4.06,-0.85,1.6
08/01/1972,6.62,0.53,3.58
09/01/1972,7.85,4.1,5.97
10/01/1972,9.48,6.05,7.76
11/01/1972,9.89,7.48,8.69
12/01/1972,9.2,2.83,6.02
13/01/1972,8.67,3.88,6.28
14/01/1972,8.65,4.2,6.42
15/01/1972,6.94,4.5,5.72
16/01/1972,7.13,4.5,5.82
17/01/1972,5.93,5.08,5.5
18/01/1972,9.86,-0.16,4.85
19/01/1972,7.29,0.17,3.73
20/01/1972,4.96,0.43,2.69
21/01/1972,6.06,-1.06,2.5
22/01/1972,8.2,-0.16,4.02
23/01/1972,10.27,5.27,7.77
24/01/1972,7.36,6.5,6.93
25/01/1972,7.69,-1.42,3.13
26/01/1972,10.11,-0.01,5.05
27/01/1972,5.45,3.83,4.64
28/01/1972,2.65,2.39,2.52
29/01/1972,0.1,-0.03,0.03
30/01/1972,-2.03,-4.69,-3.36
31/01/1972,0.61,-8.78,-4.09
01/02/1972,4.85,-5.35,-0.25
02/02/1972,7.09,0.04,3.56
03/02/1972,7.4,4.4,5.9
04/02/1972,7.5,2.13,4.82
05/02/1972,8.81,3.83,6.32
06/02/1972,5.99,4.1,5.04
07/02/1972,6.48,2.01,4.24
08/02/1972,7.88,2.04,4.96
09/02/1972,8.23,3.26,5.74
10/02/1972,6.7,0.3,3.5
11/02/1972,6.22,1.06,3.64
12/02/1972,7.53,2.22,4.88
13/02/1972,8.07,0.75,4.41
14/02/1972,8.55,1.01,4.78
15/02/1972,7.41,1.78,4.6
16/02/1972,8.08,3.84,5.96
17/02/1972,6.32,1.75,4.04
18/02/1972,3.68,2.2,2.94
19/02/1972,3.37,2,2.69
20/02/1972,2.77,1.88,2.33
21/02/1972,3.64,2.05,2.85
22/02/1972,4.03,2.55,3.29
23/02/1972,5.94,2.33,4.14
24/02/1972,5.11,3.14,4.12
25/02/1972,7.91,3.03,5.47
26/02/1972,5.31,3.92,4.62
27/02/1972,5.61,2.97,4.29
28/02/1972,7.41,3.37,5.39
29/02/1972,9.13,4.1,6.62
01/03/1972,7.16,5.45,6.31
02/03/1972,8.65,-2.73,2.96
03/03/1972,7.7,-0.72,3.49
04/03/1972,6.46,-0.42,3.02
05/03/1972,6.82,0.23,3.53
06/03/1972,8.18,0.5,4.34
07/03/1972,7.28,3,5.14
08/03/1972,9.4,2.18,5.79
09/03/1972,7.55,1.84,4.7
10/03/1972,5.93,2.09,4.01
11/03/1972,2.27,0.89,1.58
12/03/1972,6.31,-0.7,2.8
13/03/1972,7.64,-1.36,3.14
14/03/1972,14.75,0.94,7.84
15/03/1972,16.58,7.24,11.91
16/03/1972,17.9,4.16,11.03
17/03/1972,18.28,3.94,11.11
18/03/1972,16.77,4.35,10.56
19/03/1972,17.54,2.49,10.01
20/03/1972,17.98,3.88,10.93
21/03/1972,13.08,4.41,8.75
22/03/1972,15.96,1.73,8.84
23/03/1972,15.36,1.91,8.63
24/03/1972,12.61,4.07,8.34
25/03/1972,15.07,0.83,7.95
26/03/1972,9.96,5.28,7.62
27/03/1972,9.82,4.05,6.94
28/03/1972,9.94,1.94,5.94
29/03/1972,10.58,2.78,6.68
30/03/1972,12.23,4.05,8.14
31/03/1972,12.42,8.89,10.66
01/04/1972,14.39,9.32,11.85
02/04/1972,14.38,9.18,11.78
03/04/1972,12.39,5.2,8.79
04/04/1972,12.37,6.34,9.35
05/04/1972,10.82,6.79,8.8
06/04/1972,13.44,7.06,10.25
07/04/1972,12.25,8.36,10.31
08/04/1972,10.14,5.25,7.69
09/04/1972,11.73,1.86,6.8
10/04/1972,10.14,4.85,7.5
11/04/1972,9.41,4.04,6.72
12/04/1972,11.68,3.47,7.57
13/04/1972,13.31,3.64,8.48
14/04/1972,12.21,6.44,9.32
15/04/1972,11.65,3.8,7.73
16/04/1972,11.81,5.33,8.57
17/04/1972,13.37,6.35,9.86
18/04/1972,11.84,8.29,10.06
19/04/1972,10.88,2.48,6.68
20/04/1972,10.82,1.77,6.3
21/04/1972,12.23,4.33,8.28
22/04/1972,9.89,3.93,6.91
23/04/1972,7.85,5.39,6.62
24/04/1972,8.65,4.67,6.66
25/04/1972,11.15,0.34,5.74
26/04/1972,10.55,2.87,6.71
27/04/1972,10.26,5.82,8.04
28/04/1972,11.74,1.19,6.46
29/04/1972,10.97,6.65,8.81
30/04/1972,12.37,4.11,8.24
01/05/1972,15.57,5.94,10.75
02/05/1972,16.62,7.55,12.09
03/05/1972,17.38,8.05,12.71
04/05/1972,16.23,8.13,12.18
05/05/1972,11.33,7.69,9.51
06/05/1972,12.66,8.68,10.67
07/05/1972,13.24,8.33,10.78
08/05/1972,15.41,5.25,10.33
09/05/1972,14.03,7.94,10.98
10/05/1972,13.47,6.6,10.04
11/05/1972,12.14,5.9,9.02
12/05/1972,12.48,3.24,7.86
13/05/1972,11.86,3.23,7.55
14/05/1972,13.39,5.89,9.64
15/05/1972,11.24,5.86,8.55
16/05/1972,12.51,4.83,8.67
17/05/1972,14.89,1.86,8.38
18/05/1972,14.63,4.01,9.32
19/05/1972,15.9,4.59,10.24
20/05/1972,16.72,6.63,11.67
21/05/1972,16.74,7.86,12.3
22/05/1972,16.24,10.83,13.53
23/05/1972,15.97,9,12.49
24/05/1972,14.89,10.73,12.81
25/05/1972,15,7.64,11.32
26/05/1972,14.08,9.54,11.81
27/05/1972,13.68,8.01,10.85
28/05/1972,12.84,6.57,9.71
29/05/1972,14.67,8.89,11.78
30/05/1972,14.5,8.12,11.31
31/05/1972,15.29,8.05,11.67
01/06/1972,15.19,6.02,10.6
02/06/1972,16.26,4.33,10.29
03/06/1972,13.57,8.69,11.13
04/06/1972,14.3,6.66,10.48
05/06/1972,15.45,8.87,12.16
06/06/1972,15.91,6.77,11.34
07/06/1972,14.68,9.18,11.93
08/06/1972,15.5,8.19,11.84
09/06/1972,13.42,8.93,11.17
10/06/1972,12.32,5.77,9.04
11/06/1972,14.61,6.7,10.66
12/06/1972,14.98,6.78,10.88
13/06/1972,16.42,8.54,12.48
14/06/1972,16.76,9.24,13
15/06/1972,17.11,7.57,12.34
16/06/1972,18.34,8.88,13.61
17/06/1972,18.52,9.8,14.16
18/06/1972,14.15,10.9,12.52
19/06/1972,14.87,6.37,10.62
20/06/1972,14.06,6.38,10.22
21/06/1972,13.77,11.09,12.43
22/06/1972,16.25,10.97,13.61
23/06/1972,15.32,6.53,10.93
24/06/1972,17.73,11.29,14.51
25/06/1972,17.02,12.23,14.63
26/06/1972,17.77,11.58,14.68
27/06/1972,16.97,11.24,14.11
28/06/1972,17.6,6.23,11.91
29/06/1972,16.58,6.98,11.78
30/06/1972,18.17,5.71,11.94
01/07/1972,18.01,11.58,14.79
02/07/1972,16.93,9.38,13.16
03/07/1972,19.45,10.92,15.18
04/07/1972,16.36,13.22,14.79
05/07/1972,20.05,11.94,15.99
06/07/1972,18.4,7.73,13.06
07/07/1972,18.32,10.98,14.65
08/07/1972,14.67,12.51,13.59
09/07/1972,18.01,11.41,14.71
10/07/1972,17.02,7.35,12.19
11/07/1972,19.27,9.78,14.52
12/07/1972,22.03,6.61,14.32
13/07/1972,23.08,10.62,16.85
14/07/1972,23.95,11.67,17.81
15/07/1972,22.52,9.53,16.02
16/07/1972,23.08,11.62,17.35
17/07/1972,23.89,12.19,18.04
18/07/1972,24.37,12.39,18.38
19/07/1972,22.36,13.27,17.82
20/07/1972,22.84,14.36,18.6
21/07/1972,17.49,14.67,16.08
22/07/1972,22.03,14.9,18.46
23/07/1972,24.28,13.99,19.14
24/07/1972,21.88,13.2,17.54
25/07/1972,22.21,12.13,17.17
26/07/1972,20.01,13.3,16.65
27/07/1972,18.55,10.69,14.62
28/07/1972,19.15,7.41,13.28
29/07/1972,21.99,10.63,16.31
30/07/1972,21.12,11.13,16.13
31/07/1972,19.38,12.85,16.12
01/08/1972,18.37,13.32,15.85
02/08/1972,17.38,12.61,15
03/08/1972,18.7,10.84,14.77
04/08/1972,18.44,10.54,14.49
05/08/1972,20.35,12.64,16.5
06/08/1972,17.67,13.61,15.64
07/08/1972,21.11,14.44,17.78
08/08/1972,18.25,14.54,16.39
09/08/1972,18.15,9.94,14.04
10/08/1972,19.25,8.45,13.85
11/08/1972,20.07,6.13,13.1
12/08/1972,20.94,7.28,14.11
13/08/1972,22.24,10.41,16.33
14/08/1972,23.92,13.97,18.94
15/08/1972,20.2,12.9,16.55
16/08/1972,21.32,10.58,15.95
17/08/1972,22.59,10.92,16.76
18/08/1972,15.69,8.14,11.91
19/08/1972,19.63,6.45,13.04
20/08/1972,22.62,13.32,17.97
21/08/1972,21.23,9.92,15.58
22/08/1972,20.24,10.08,15.16
23/08/1972,23.28,8.45,15.87
24/08/1972,20.24,10.66,15.45
25/08/1972,22.06,12.15,17.11
26/08/1972,16.72,12.85,14.78
27/08/1972,16.42,12.18,14.3
28/08/1972,19.21,12.6,15.9
29/08/1972,21.01,12.58,16.79
30/08/1972,21.66,12.24,16.95
31/08/1972,22.16,11.92,17.04
01/09/1972,20.99,12.17,16.58
02/09/1972,20.23,11.85,16.04
03/09/1972,18.32,11.09,14.7
04/09/1972,18,12.16,15.08
05/09/1972,15.49,10.36,12.92
06/09/1972,18.87,11.07,14.97
07/09/1972,17.86,8.23,13.05
08/09/1972,15.21,7.62,11.42
09/09/1972,12.18,8.35,10.26
10/09/1972,14.38,4.26,9.32
11/09/1972,15.31,5.58,10.45
12/09/1972,15.38,9.38,12.38
13/09/1972,12.5,9.39,10.94
14/09/1972,15.18,9.18,12.18
15/09/1972,15.43,5.17,10.3
16/09/1972,13.66,8.42,11.04
17/09/1972,13.85,8.06,10.95
18/09/1972,12.84,10.16,11.5
19/09/1972,16.07,9.3,12.68
20/09/1972,16.18,4.49,10.33
21/09/1972,18.03,4.01,11.02
22/09/1972,19.89,5.2,12.54
23/09/1972,19.06,7.18,13.12
24/09/1972,12.25,9.67,10.96
25/09/1972,14.9,9.25,12.08
26/09/1972,15.63,2.93,9.28
27/09/1972,13.63,3.24,8.44
28/09/1972,13.05,6.48,9.77
29/09/1972,16.18,6.04,11.11
30/09/1972,15.64,7.63,11.64
01/10/1972,17.08,4.4,10.74
02/10/1972,18.32,4.87,11.59
03/10/1972,16.69,6.85,11.77
04/10/1972,16.18,1.95,9.07
05/10/1972,17.9,2.64,10.27
06/10/1972,17.2,2.65,9.93
07/10/1972,20.89,4.13,12.51
08/10/1972,18.04,9.99,14.02
09/10/1972,15.2,11.99,13.59
10/10/1972,13.1,12.08,12.59
11/10/1972,13.22,8.9,11.06
12/10/1972,13.04,9.35,11.19
13/10/1972,11.78,6.89,9.34
14/10/1972,12.93,8.89,10.91
15/10/1972,13.42,5.91,9.67
16/10/1972,12.6,9.6,11.1
17/10/1972,12.1,10.21,11.15
18/10/1972,10.69,9.02,9.86
19/10/1972,9.85,5.32,7.59
20/10/1972,9.66,3.53,6.6
21/10/1972,10.69,0.54,5.62
22/10/1972,13.97,5.18,9.58
23/10/1972,15.29,9.86,12.57
24/10/1972,14.77,5.05,9.91
25/10/1972,14.43,7.53,10.98
26/10/1972,13.78,8.24,11.01
27/10/1972,14.84,9.3,12.07
28/10/1972,13.13,5.28,9.21
29/10/1972,13.64,6.47,10.05
30/10/1972,14.59,10.9,12.74
31/10/1972,12.73,11.23,11.98
01/11/1972,9.51,5.62,7.56
02/11/1972,11.54,6.36,8.95
03/11/1972,11.47,6.37,8.92
04/11/1972,13.18,8.53,10.85
05/11/1972,14.13,10.8,12.47
06/11/1972,14.94,11.67,13.31
07/11/1972,13.26,12.83,13.05
08/11/1972,10.02,5.28,7.65
09/11/1972,11,2.08,6.54
10/11/1972,8.98,5.92,7.45
11/11/1972,8.11,2.4,5.25
12/11/1972,13.35,2.95,8.15
13/11/1972,8.12,4.06,6.09
14/11/1972,6.58,-1.46,2.56
15/11/1972,6.3,-1.65,2.33
16/11/1972,4.07,0.36,2.22
17/11/1972,3.08,0.2,1.64
18/11/1972,5.88,-2.22,1.83
19/11/1972,9.02,-0.62,4.2
20/11/1972,10.11,5.04,7.58
21/11/1972,8.8,4.73,6.76
22/11/1972,8.58,4,6.29
23/11/1972,6.02,0.17,3.09
24/11/1972,4.93,0.54,2.73
25/11/1972,5.79,-2.15,1.82
26/11/1972,6.7,-0.69,3
27/11/1972,8.84,-0.69,4.08
28/11/1972,8.43,4.77,6.6
29/11/1972,9.38,1.72,5.55
30/11/1972,9.75,5.22,7.48
01/12/1972,12.18,3.64,7.91
02/12/1972,11.03,8.09,9.56
03/12/1972,8.64,1.7,5.17
04/12/1972,9.17,3.92,6.54
05/12/1972,11.29,3.46,7.37
06/12/1972,11.08,8,9.54
07/12/1972,8.66,5.22,6.94
08/12/1972,7.56,1.33,4.44
09/12/1972,7.8,1.07,4.44
10/12/1972,7.71,2.18,4.94
11/12/1972,10.21,1.31,5.76
12/12/1972,12.71,2.35,7.53
13/12/1972,13.29,6.22,9.76
14/12/1972,12.68,10.32,11.5
15/12/1972,9.13,4.73,6.93
16/12/1972,10.52,5.07,7.79
17/12/1972,9.32,6.81,8.06
18/12/1972,9.87,0.83,5.35
19/12/1972,5.06,-0.32,2.37
20/12/1972,3.24,0.84,2.04
21/12/1972,2.1,1.42,1.76
22/12/1972,1.73,0.74,1.23
23/12/1972,5.03,0.27,2.65
24/12/1972,6.43,1.49,3.96
25/12/1972,6.53,2.94,4.74
26/12/1972,8.02,2.87,5.44
27/12/1972,10.51,5.62,8.06
28/12/1972,10.32,7.37,8.84
29/12/1972,5.71,3.74,4.72
30/12/1972,4.11,0.1,2.1
31/12/1972,2.96,-2.91,0.03
01/01/1973,4.21,-2.48,0.86
02/01/1973,8.56,-2.08,3.24
03/01/1973,9.91,-0.02,4.94
04/01/1973,9.76,8.16,8.96
05/01/1973,7.22,6.93,7.07
06/01/1973,5.6,0.33,2.96
07/01/1973,4.98,0.93,2.95
08/01/1973,2.98,2.6,2.79
09/01/1973,2.48,0.55,1.51
10/01/1973,3.47,0.89,2.18
11/01/1973,3.6,2.13,2.86
12/01/1973,1.89,1.1,1.5
13/01/1973,8.3,-1.11,3.59
14/01/1973,9.2,-0.44,4.38
15/01/1973,5.62,4.88,5.25
16/01/1973,5.74,-0.04,2.85
17/01/1973,1.95,-1.55,0.2
18/01/1973,2.11,-0.09,1.01
19/01/1973,2.65,-3.91,-0.63
20/01/1973,4.79,1,2.89
21/01/1973,3.63,-1.37,1.13
22/01/1973,7.88,-1.03,3.43
23/01/1973,10.4,0.74,5.57
24/01/1973,9.34,7.98,8.66
25/01/1973,9.08,7.23,8.16
26/01/1973,8.9,5.74,7.32
27/01/1973,8.1,5.57,6.84
28/01/1973,9.11,3.06,6.09
29/01/1973,10.21,4.28,7.24
30/01/1973,9.14,7.04,8.09
31/01/1973,6.58,-0.79,2.9
01/02/1973,7.64,0.6,4.12
02/02/1973,7.45,2.91,5.18
03/02/1973,7.52,4.91,6.22
04/02/1973,3.98,-0.38,1.8
05/02/1973,7.96,-0.56,3.7
06/02/1973,9.66,3.52,6.59
07/02/1973,8.97,7.11,8.04
08/02/1973,9.15,7.11,8.13
09/02/1973,7.64,2.05,4.85
10/02/1973,6.71,0.6,3.66
11/02/1973,9.02,0.69,4.85
12/02/1973,9.24,3.45,6.35
13/02/1973,4.1,-0.55,1.78
14/02/1973,3.25,-0.71,1.27
15/02/1973,3.41,-5.77,-1.18
16/02/1973,5.58,-3.32,1.13
17/02/1973,5.4,-4.69,0.35
18/02/1973,6.75,-2.18,2.28
19/02/1973,10.44,0.85,5.64
20/02/1973,11.63,5.45,8.54
21/02/1973,9.2,7.19,8.19
22/02/1973,7.8,2.7,5.25
23/02/1973,6.95,2.22,4.58
24/02/1973,5.64,-0.21,2.71
25/02/1973,3.16,-1.81,0.68
26/02/1973,5.94,-2.41,1.77
27/02/1973,7.05,-3.32,1.87
28/02/1973,7.68,0.46,4.07
01/03/1973,7.21,4.32,5.77
02/03/1973,9.75,0.23,4.99
03/03/1973,10.7,3.42,7.06
04/03/1973,11.59,6.48,9.03
05/03/1973,9.31,7.28,8.29
06/03/1973,7.77,2.49,5.13
07/03/1973,9.56,0.35,4.95
08/03/1973,10.72,-1.95,4.38
09/03/1973,10.5,-2.18,4.16
10/03/1973,8.91,0.94,4.92
11/03/1973,8.25,-2.64,2.81
12/03/1973,7.2,-1.38,2.91
13/03/1973,5.86,1.71,3.79
14/03/1973,5.76,3.1,4.43
15/03/1973,8.39,1.59,4.99
16/03/1973,7.85,0.47,4.16
17/03/1973,9.67,1.94,5.8
18/03/1973,12.83,1.83,7.33
19/03/1973,13.11,3.88,8.49
20/03/1973,14.25,2.8,8.52
21/03/1973,13.49,-0.52,6.49
22/03/1973,16.23,-0.04,8.1
23/03/1973,16.91,0.61,8.76
24/03/1973,9.92,5.9,7.91
25/03/1973,10.93,3.68,7.3
26/03/1973,11.23,1.27,6.25
27/03/1973,11.62,-0.56,5.53
28/03/1973,11.42,2.15,6.78
29/03/1973,13.4,0.13,6.77
30/03/1973,9.27,1.93,5.6
31/03/1973,10.15,-0.82,4.67
01/04/1973,11.32,6.19,8.75
02/04/1973,7.04,6.41,6.73
03/04/1973,9.19,-0.68,4.25
04/04/1973,11.41,3.8,7.61
05/04/1973,13.04,6.46,9.75
06/04/1973,9.98,3.24,6.61
07/04/1973,11.39,2.57,6.98
08/04/1973,7.05,0.86,3.96
09/04/1973,6.46,-1.75,2.36
10/04/1973,10.6,-1.65,4.47
11/04/1973,6.8,4.42,5.61
12/04/1973,8.04,3.63,5.84
13/04/1973,10.38,4.31,7.34
14/04/1973,11.56,5.38,8.47
15/04/1973,15.11,2.71,8.91
16/04/1973,14.28,6.7,10.49
17/04/1973,14.56,3.18,8.87
18/04/1973,12.56,6.65,9.6
19/04/1973,8.98,3.15,6.06
20/04/1973,9.54,2.67,6.11
21/04/1973,7.63,2.85,5.24
22/04/1973,8.63,2.63,5.63
23/04/1973,10.72,2.42,6.57
24/04/1973,13.8,3.05,8.43
25/04/1973,14.92,5.54,10.23
26/04/1973,16.81,1.67,9.24
27/04/1973,15.92,3.35,9.64
28/04/1973,14.09,6.35,10.22
29/04/1973,12.78,4.96,8.87
30/04/1973,12.96,5.95,9.46
01/05/1973,12.87,3.94,8.41
02/05/1973,13.5,1.89,7.69
03/05/1973,12.43,4.99,8.71
04/05/1973,15.11,8.37,11.74
05/05/1973,12.57,8.14,10.36
06/05/1973,12.61,6.33,9.47
07/05/1973,11.57,2.73,7.15
08/05/1973,12.53,7.16,9.84
09/05/1973,13.03,8.99,11.01
10/05/1973,13.09,6.66,9.87
11/05/1973,13.91,3.01,8.46
12/05/1973,13.53,4.38,8.96
13/05/1973,12.11,8.19,10.15
14/05/1973,14.49,6.83,10.66
15/05/1973,14.67,2.83,8.75
16/05/1973,14.88,3.72,9.3
17/05/1973,15.73,5.85,10.79
18/05/1973,19.68,8.65,14.17
19/05/1973,16.63,8.79,12.71
20/05/1973,17.15,11,14.07
21/05/1973,18.6,9.83,14.21
22/05/1973,19.3,8.68,13.99
23/05/1973,14.36,11.15,12.75
24/05/1973,18.15,10.85,14.5
25/05/1973,20.02,7.27,13.64
26/05/1973,22.89,10.02,16.46
27/05/1973,22.72,10.85,16.78
28/05/1973,17.84,13.76,15.8
29/05/1973,16.12,9.2,12.66
30/05/1973,16.8,11.42,14.11
31/05/1973,15.93,11.08,13.5
01/06/1973,15.58,4.77,10.18
02/06/1973,14.78,4.73,9.76
03/06/1973,16.79,6.98,11.88
04/06/1973,16.15,7.56,11.86
05/06/1973,18.92,5.46,12.19
06/06/1973,20.91,6.43,13.67
07/06/1973,21.76,9.51,15.63
08/06/1973,24.41,10.59,17.5
09/06/1973,20.79,13.79,17.29
10/06/1973,18.47,11.48,14.98
11/06/1973,20.98,13.22,17.1
12/06/1973,18.33,11.3,14.81
13/06/1973,18.12,12.07,15.1
14/06/1973,20.52,4.4,12.46
15/06/1973,23.67,8.4,16.03
16/06/1973,26.05,12.16,19.1
17/06/1973,22.15,13.99,18.07
18/06/1973,24.31,9.85,17.08
19/06/1973,17.39,13.81,15.6
20/06/1973,13.67,10.66,12.17
21/06/1973,22.11,10.82,16.46
22/06/1973,21.53,11.05,16.29
23/06/1973,23.15,9.72,16.44
24/06/1973,23.68,10.75,17.22
25/06/1973,22.47,14.1,18.28
26/06/1973,20.76,13.99,17.38
27/06/1973,17.31,12.15,14.73
28/06/1973,19.55,14.08,16.81
29/06/1973,20.61,10.57,15.59
30/06/1973,22.38,11.74,17.06
01/07/1973,23.1,12.02,17.56
02/07/1973,22.6,13.46,18.03
03/07/1973,22.32,10.43,16.37
04/07/1973,23.42,11.78,17.6
05/07/1973,25.23,11.71,18.47
06/07/1973,19.24,16.13,17.68
07/07/1973,18.62,10.76,14.69
08/07/1973,19.94,8.14,14.04
09/07/1973,20.99,9.89,15.44
10/07/1973,21.63,12.75,17.19
11/07/1973,20.81,14.2,17.5
12/07/1973,19.88,14.17,17.02
13/07/1973,22.43,12.1,17.27
14/07/1973,19.48,12.56,16.02
15/07/1973,17.51,14.27,15.89
16/07/1973,20.59,12.54,16.57
17/07/1973,17.98,12.64,15.31
18/07/1973,19.28,10.99,15.14
19/07/1973,19.51,12.44,15.98
20/07/1973,17.04,12.08,14.56
21/07/1973,19.01,10.87,14.94
22/07/1973,16.86,11.39,14.13
23/07/1973,15.22,9.39,12.3
24/07/1973,16.16,6.43,11.3
25/07/1973,19.95,10.78,15.36
26/07/1973,20.2,10,15.1
27/07/1973,20.12,10.36,15.24
28/07/1973,16.12,10.87,13.49
29/07/1973,22.2,11.86,17.03
30/07/1973,23.51,12.86,18.18
31/07/1973,23.14,12.44,17.79
01/08/1973,26.1,10.79,18.45
02/08/1973,24.15,13.13,18.64
03/08/1973,20.3,15.51,17.91
04/08/1973,17.62,11.52,14.57
05/08/1973,17.16,13.48,15.32
06/08/1973,17.52,15.05,16.29
07/08/1973,18.13,10.69,14.41
08/08/1973,17.97,9.61,13.79
09/08/1973,21.77,12.16,16.96
10/08/1973,21.92,14.15,18.03
11/08/1973,23.44,12.31,17.87
12/08/1973,24.22,12.33,18.28
13/08/1973,26.51,12.56,19.53
14/08/1973,27.94,13.45,20.7
15/08/1973,28.31,13.1,20.71
16/08/1973,29.32,12.74,21.03
17/08/1973,21.79,17.64,19.71
18/08/1973,22.54,10.38,16.46
19/08/1973,23.28,14.1,18.69
20/08/1973,22.39,14.82,18.61
21/08/1973,16.11,13.5,14.8
22/08/1973,21.68,10.68,16.18
23/08/1973,22.56,9.79,16.18
24/08/1973,24.32,9.87,17.1
25/08/1973,23.64,10.7,17.17
26/08/1973,22.69,11.7,17.2
27/08/1973,20.6,10.79,15.7
28/08/1973,20.73,14.41,17.57
29/08/1973,16.82,12.57,14.69
30/08/1973,18.63,12.78,15.71
31/08/1973,18.91,10.4,14.65
01/09/1973,19.36,13.73,16.54
02/09/1973,20.77,14.09,17.43
03/09/1973,22.93,15.75,19.34
04/09/1973,24.59,15.44,20.01
05/09/1973,27.79,16.56,22.17
06/09/1973,23.29,13.98,18.63
07/09/1973,24.32,12.21,18.26
08/09/1973,26.04,11.79,18.92
09/09/1973,25.52,11.35,18.43
10/09/1973,17.11,12.4,14.75
11/09/1973,19.01,10.14,14.58
12/09/1973,20.49,6.99,13.74
13/09/1973,19.47,8.65,14.06
14/09/1973,21.95,11.9,16.92
15/09/1973,23.68,9.87,16.77
16/09/1973,21.96,14.68,18.32
17/09/1973,16.6,14.33,15.46
18/09/1973,17.31,6.58,11.94
19/09/1973,16.69,11.84,14.26
20/09/1973,16.7,8.35,12.52
21/09/1973,15.17,9.67,12.42
22/09/1973,14.17,7.07,10.62
23/09/1973,15.1,5.85,10.47
24/09/1973,14.92,7.48,11.2
25/09/1973,17.07,9.3,13.18
26/09/1973,16.08,11.89,13.99
27/09/1973,13.38,4.22,8.8
28/09/1973,13.86,9.4,11.63
29/09/1973,13.51,6.5,10.01
30/09/1973,12.01,8.25,10.13
01/10/1973,12.85,3.19,8.02
02/10/1973,15.86,3.68,9.77
03/10/1973,14.61,7,10.8
04/10/1973,15.92,11.56,13.74
05/10/1973,18.88,11.26,15.07
06/10/1973,16.29,9.96,13.13
07/10/1973,14.34,12.05,13.2
08/10/1973,16.65,10.15,13.4
09/10/1973,14.52,11.84,13.18
10/10/1973,15.29,11.42,13.35
11/10/1973,10.53,6.23,8.38
12/10/1973,11.18,0.34,5.76
13/10/1973,9.17,4.92,7.04
14/10/1973,9.95,5.54,7.75
15/10/1973,9.44,6.83,8.14
16/10/1973,8.49,7.63,8.06
17/10/1973,8.85,0.62,4.74
18/10/1973,10.54,0.76,5.65
19/10/1973,12.08,4.36,8.22
20/10/1973,12.74,5.93,9.33
21/10/1973,10.63,7.68,9.15
22/10/1973,11.75,3.59,7.67
23/10/1973,12.67,4.28,8.47
24/10/1973,13.22,3.82,8.52
25/10/1973,13.47,3.25,8.36
26/10/1973,12.53,1.12,6.82
27/10/1973,12.7,1.65,7.18
28/10/1973,11.23,1.32,6.27
29/10/1973,9.06,1.67,5.36
30/10/1973,7,-0.43,3.29
31/10/1973,9.04,0.34,4.69
01/11/1973,11.5,6.53,9.02
02/11/1973,13.46,8.58,11.02
03/11/1973,14.79,10.05,12.42
04/11/1973,14.26,10.71,12.49
05/11/1973,8.84,5.06,6.95
06/11/1973,8.55,1.64,5.09
07/11/1973,12.2,0.9,6.55
08/11/1973,13.65,5.21,9.43
09/11/1973,12.04,9.97,11.01
10/11/1973,12.66,9.61,11.13
11/11/1973,8.93,2.46,5.7
12/11/1973,12.16,0.68,6.42
13/11/1973,10.13,7.15,8.64
14/11/1973,12.05,4.53,8.29
15/11/1973,9.47,5.47,7.47
16/11/1973,8.58,5.31,6.94
17/11/1973,6.87,-2.26,2.31
18/11/1973,10.47,-0.07,5.2
19/11/1973,10.31,4.07,7.19
20/11/1973,7.24,-2.64,2.3
21/11/1973,7.31,-3.69,1.81
22/11/1973,7.62,-2.81,2.4
23/11/1973,10.78,0.06,5.42
24/11/1973,11.1,7.55,9.33
25/11/1973,5.55,2.56,4.05
26/11/1973,4.18,-2.69,0.75
27/11/1973,2.99,-2.74,0.13
28/11/1973,5.26,-3.31,0.97
29/11/1973,3.37,-1.58,0.9
30/11/1973,1,-2.43,-0.72
01/12/1973,1.85,-4.73,-1.44
02/12/1973,5.18,-5.08,0.05
03/12/1973,9.62,-4.18,2.72
04/12/1973,11.7,5.33,8.51
05/12/1973,9.62,7.61,8.62
06/12/1973,8.7,6.08,7.39
07/12/1973,11.14,3.89,7.52
08/12/1973,5.57,3,4.28
09/12/1973,3.87,-2.67,0.6
10/12/1973,8.35,-2.49,2.93
11/12/1973,7.21,1.08,4.15
12/12/1973,8.26,1.3,4.78
13/12/1973,10.79,2.1,6.44
14/12/1973,7.94,5.35,6.65
15/12/1973,10.01,-2.28,3.86
16/12/1973,10.21,-1.37,4.42
17/12/1973,5.6,1.08,3.34
18/12/1973,5.08,-0.01,2.53
19/12/1973,7.99,1.48,4.73
20/12/1973,9.18,4.51,6.84
21/12/1973,8.67,8,8.34
22/12/1973,7.43,4.56,5.99
23/12/1973,7.51,2.74,5.12
24/12/1973,4.99,1.59,3.29
25/12/1973,7.53,0.76,4.15
26/12/1973,10.21,0.03,5.12
27/12/1973,9.58,7.31,8.45
28/12/1973,9.63,7.72,8.68
29/12/1973,9.29,8.15,8.72
30/12/1973,5.43,3.87,4.65
31/12/1973,3.34,-2.85,0.24
01/01/1974,0.66,-4.71,-2.02
02/01/1974,2.03,-2.31,-0.14
03/01/1974,6.88,0.23,3.55
04/01/1974,9.06,2.11,5.58
05/01/1974,9.24,6.93,8.09
06/01/1974,9.2,4.87,7.03
07/01/1974,8.95,5,6.97
08/01/1974,7.81,2.49,5.15
09/01/1974,4.56,1.4,2.98
10/01/1974,11.51,-0.44,5.53
11/01/1974,11.3,4.07,7.69
12/01/1974,10.56,4.77,7.67
13/01/1974,8.27,5.85,7.06
14/01/1974,11.99,3.2,7.6
15/01/1974,12.33,6.16,9.25
16/01/1974,10.24,4.75,7.49
17/01/1974,9.3,3.34,6.32
18/01/1974,11.11,3.81,7.46
19/01/1974,10.13,6.51,8.32
20/01/1974,7.02,4.95,5.99
21/01/1974,6.16,4.59,5.38
22/01/1974,9.72,3.34,6.53
23/01/1974,9.93,4.51,7.22
24/01/1974,9.46,5.79,7.62
25/01/1974,9.3,3.36,6.33
26/01/1974,8.26,4.31,6.28
27/01/1974,9.56,1.93,5.74
28/01/1974,9.06,2.5,5.78
29/01/1974,7.72,0.84,4.28
30/01/1974,8.53,1.44,4.98
31/01/1974,9.45,2.43,5.94
01/02/1974,9.75,4.22,6.98
02/02/1974,8.76,5.94,7.35
03/02/1974,7.46,1.2,4.33
04/02/1974,7.62,2.3,4.96
05/02/1974,5.92,-0.58,2.67
06/02/1974,4.92,0.16,2.54
07/02/1974,5.94,0.56,3.25
08/02/1974,10.31,-0.69,4.81
09/02/1974,10.91,3.18,7.04
10/02/1974,11.1,7.31,9.2
11/02/1974,11.49,8.16,9.82
12/02/1974,8.79,3.12,5.95
13/02/1974,7.66,4.65,6.15
14/02/1974,8.63,0.26,4.45
15/02/1974,9.53,2.34,5.93
16/02/1974,10.28,6.96,8.62
17/02/1974,8.18,5.69,6.93
18/02/1974,7.18,5.63,6.4
19/02/1974,5.81,4.11,4.96
20/02/1974,7.74,-1.04,3.35
21/02/1974,10.93,0.53,5.73
22/02/1974,8.99,7.29,8.14
23/02/1974,8.98,1.43,5.21
24/02/1974,8.93,-1.39,3.77
25/02/1974,7.28,-1.19,3.05
26/02/1974,6.48,1.29,3.88
27/02/1974,2.35,1.9,2.13
28/02/1974,4.1,0.02,2.06
01/03/1974,6.44,0.33,3.39
02/03/1974,7.5,-0.81,3.35
03/03/1974,6.82,-1.94,2.44
04/03/1974,4.75,1.24,2.99
05/03/1974,4.59,-0.23,2.18
06/03/1974,8.33,-1.68,3.32
07/03/1974,10.31,2.06,6.19
08/03/1974,6.45,0.91,3.68
09/03/1974,2.63,1.01,1.82
10/03/1974,2.94,-0.08,1.43
11/03/1974,5.13,-0.45,2.34
12/03/1974,5.05,0.88,2.96
13/03/1974,5.93,-2.71,1.61
14/03/1974,8.65,-0.81,3.92
15/03/1974,10.68,3.12,6.9
16/03/1974,12.66,6.04,9.35
17/03/1974,8.94,5.58,7.26
18/03/1974,10.13,2.98,6.56
19/03/1974,10.15,4.45,7.3
20/03/1974,12.2,4.74,8.47
21/03/1974,11.88,0.74,6.31
22/03/1974,10.75,1.35,6.05
23/03/1974,8.4,4.37,6.38
24/03/1974,6.6,4.82,5.71
25/03/1974,15.95,4.7,10.32
26/03/1974,7.73,4.36,6.04
27/03/1974,7.85,4.33,6.09
28/03/1974,9.26,4.5,6.88
29/03/1974,12.96,4.28,8.62
30/03/1974,15.59,2.07,8.83
31/03/1974,14.41,1.17,7.79
01/04/1974,10.37,1.36,5.86
02/04/1974,14.96,3.43,9.19
03/04/1974,13.85,5.19,9.52
04/04/1974,18.33,4.59,11.46
05/04/1974,16.55,4.04,10.3
06/04/1974,16.19,4.05,10.12
07/04/1974,17.46,4.16,10.81
08/04/1974,15.34,4.43,9.88
09/04/1974,18.05,4.21,11.13
10/04/1974,17.92,3.3,10.61
11/04/1974,13.74,5.58,9.66
12/04/1974,12.84,5.75,9.3
13/04/1974,8.81,4.99,6.9
14/04/1974,10.54,0.34,5.44
15/04/1974,9.68,-0.15,4.76
16/04/1974,15.16,2.99,9.07
17/04/1974,7.93,4.31,6.12
18/04/1974,8.7,4.82,6.76
19/04/1974,9.1,4.53,6.81
20/04/1974,9.41,5.34,7.38
21/04/1974,10.73,5.16,7.95
22/04/1974,11.12,1.16,6.14
23/04/1974,12.64,0.54,6.59
24/04/1974,10.24,1.56,5.9
25/04/1974,8.85,4.08,6.46
26/04/1974,10.47,3.3,6.88
27/04/1974,8.75,1.17,4.96
28/04/1974,10.43,3.76,7.09
29/04/1974,12.03,2.14,7.08
30/04/1974,15.4,2.64,9.02
01/05/1974,12.45,5.2,8.83
02/05/1974,11.48,2.59,7.04
03/05/1974,11.27,5.67,8.47
04/05/1974,9.96,7.32,8.64
05/05/1974,11.79,6.46,9.13
06/05/1974,11.18,2.11,6.64
07/05/1974,12.55,0.84,6.7
08/05/1974,14.95,0.79,7.87
09/05/1974,14.07,5.45,9.76
10/05/1974,14.53,8.42,11.47
11/05/1974,13.36,8.5,10.93
12/05/1974,15.37,7.36,11.36
13/05/1974,15.35,9.28,12.32
14/05/1974,17.08,4.8,10.94
15/05/1974,19.79,4.55,12.17
16/05/1974,18.58,8.88,13.73
17/05/1974,20.54,10.47,15.5
18/05/1974,19.3,7.62,13.46
19/05/1974,19.57,6.12,12.85
20/05/1974,18.48,9.55,14.02
21/05/1974,14.74,8.03,11.38
22/05/1974,16.11,7.99,12.05
23/05/1974,13.27,8.4,10.84
24/05/1974,14.95,7.76,11.36
25/05/1974,13.81,8.31,11.06
26/05/1974,18.45,3.59,11.02
27/05/1974,18.61,8.2,13.4
28/05/1974,14.81,8.28,11.54
29/05/1974,16.19,5.13,10.66
30/05/1974,17.4,3.57,10.49
31/05/1974,17.48,7.91,12.69
01/06/1974,19.12,8.35,13.73
02/06/1974,16.94,13.26,15.1
03/06/1974,18.78,9.82,14.3
04/06/1974,20.01,5.37,12.69
05/06/1974,20.74,8.09,14.41
06/06/1974,14.82,8.44,11.63
07/06/1974,15.71,5.59,10.65
08/06/1974,13.23,8.03,10.63
09/06/1974,14.15,4.74,9.44
10/06/1974,15.47,5.63,10.55
11/06/1974,20.49,8.76,14.62
12/06/1974,18.51,12.88,15.69
13/06/1974,19.52,7.51,13.51
14/06/1974,22.94,7.24,15.09
15/06/1974,23.68,9.9,16.79
16/06/1974,24.34,12.04,18.19
17/06/1974,19.43,13.95,16.69
18/06/1974,17.79,8.99,13.39
19/06/1974,18.39,11.77,15.08
20/06/1974,23.45,9.74,16.6
21/06/1974,23.86,12.79,18.33
22/06/1974,19.62,8.88,14.25
23/06/1974,15.9,11.4,13.65
24/06/1974,18.42,11.44,14.93
25/06/1974,19.33,11.25,15.29
26/06/1974,12.54,10.21,11.37
27/06/1974,10.92,10.14,10.53
28/06/1974,14.1,9.1,11.6
29/06/1974,20.54,11,15.77
30/06/1974,18.99,12.5,15.74
01/07/1974,18.59,13.05,15.82
02/07/1974,15.71,9.56,12.64
03/07/1974,17.59,11.63,14.61
04/07/1974,16.15,10.95,13.55
05/07/1974,19.15,12.79,15.97
06/07/1974,18.98,11.38,15.18
07/07/1974,22.12,9.96,16.04
08/07/1974,22.24,14.9,18.57
09/07/1974,20.92,12.59,16.75
10/07/1974,17.61,12.54,15.08
11/07/1974,16.97,11.99,14.48
12/07/1974,17.89,9.34,13.62
13/07/1974,17.03,10.79,13.91
14/07/1974,18.65,10.29,14.47
15/07/1974,16.82,11.53,14.18
16/07/1974,17.88,11.48,14.68
17/07/1974,18.69,11.04,14.86
18/07/1974,18.92,7.97,13.45
19/07/1974,19.91,8.24,14.08
20/07/1974,22.65,15.41,19.03
21/07/1974,23.6,8.9,16.25
22/07/1974,22.02,13.54,17.78
23/07/1974,19.82,13.99,16.91
24/07/1974,17.62,11.83,14.72
25/07/1974,19.71,7.81,13.76
26/07/1974,20.29,14.02,17.15
27/07/1974,19.45,11.86,15.66
28/07/1974,20.51,13.83,17.17
29/07/1974,20.36,10.22,15.29
30/07/1974,21.08,14.52,17.8
31/07/1974,19.51,15.5,17.51
01/08/1974,20.27,14.03,17.15
02/08/1974,20.68,8.13,14.41
03/08/1974,21.06,7.66,14.36
04/08/1974,13.18,11.5,12.34
05/08/1974,19.74,9.25,14.5
06/08/1974,21.52,8.55,15.04
07/08/1974,21.49,9.98,15.74
08/08/1974,20.57,12.85,16.71
09/08/1974,19.25,12.32,15.79
10/08/1974,17.71,11.45,14.58
11/08/1974,19.75,10.23,14.99
12/08/1974,19.79,13.81,16.8
13/08/1974,17.65,12.1,14.87
14/08/1974,19.8,12.24,16.02
15/08/1974,23.61,15.51,19.56
16/08/1974,21.58,14.82,18.2
17/08/1974,20.15,10.96,15.56
18/08/1974,17.73,9.84,13.79
19/08/1974,19.97,8.54,14.25
20/08/1974,21.76,8.64,15.2
21/08/1974,22.93,9.3,16.11
22/08/1974,22.09,9.65,15.87
23/08/1974,18.99,11.1,15.05
24/08/1974,21.96,14.51,18.23
25/08/1974,21.42,13.93,17.68
26/08/1974,18.67,11.66,15.16
27/08/1974,17.84,8.59,13.21
28/08/1974,18.72,5.87,12.3
29/08/1974,20.49,8.17,14.33
30/08/1974,19.18,13.3,16.24
31/08/1974,17.33,10.59,13.96
01/09/1974,16.32,11.62,13.97
02/09/1974,17.13,8.48,12.81
03/09/1974,16.62,11.6,14.11
04/09/1974,17.11,11.44,14.28
05/09/1974,14.99,10.01,12.5
06/09/1974,17.31,9.53,13.42
07/09/1974,15.24,11.02,13.13
08/09/1974,17.05,10.51,13.78
09/09/1974,17.55,10.66,14.11
10/09/1974,17.82,8.03,12.92
11/09/1974,18.56,7.4,12.98
12/09/1974,21.51,12.93,17.22
13/09/1974,17.83,15.49,16.66
14/09/1974,19.17,8.65,13.91
15/09/1974,15.57,12.12,13.84
16/09/1974,19.2,12.41,15.81
17/09/1974,15.75,9.59,12.67
18/09/1974,15.36,4.91,10.13
19/09/1974,15.9,5.56,10.73
20/09/1974,16.36,6.66,11.51
21/09/1974,14.42,9.71,12.06
22/09/1974,14.33,6.36,10.35
23/09/1974,14.92,8.84,11.88
24/09/1974,13.37,8.08,10.73
25/09/1974,13.51,7.25,10.38
26/09/1974,13.03,5.45,9.24
27/09/1974,9.68,7.22,8.45
28/09/1974,10.93,4.17,7.55
29/09/1974,12.19,2.88,7.53
30/09/1974,13.33,2.53,7.93
01/10/1974,12.31,2.01,7.16
02/10/1974,9.93,6.06,8
03/10/1974,12.07,5.01,8.54
04/10/1974,8.67,6.02,7.35
05/10/1974,11.21,6.28,8.75
06/10/1974,10.05,5.37,7.71
07/10/1974,9.76,1.79,5.77
08/10/1974,12.18,4.79,8.49
09/10/1974,12.72,6.94,9.83
10/10/1974,10.35,3.77,7.06
11/10/1974,9.07,4.01,6.54
12/10/1974,10.36,2.07,6.21
13/10/1974,12.48,-0.2,6.14
14/10/1974,12.05,3.16,7.6
15/10/1974,9.85,2.76,6.31
16/10/1974,10.64,6.13,8.38
17/10/1974,9.64,6.33,7.99
18/10/1974,11.74,6.79,9.27
19/10/1974,11.33,4.73,8.03
20/10/1974,10.4,5.79,8.1
21/10/1974,10.04,3.32,6.68
22/10/1974,9.9,5.75,7.82
23/10/1974,9.25,6.56,7.9
24/10/1974,10.34,6.02,8.18
25/10/1974,10.7,6.76,8.73
26/10/1974,12.78,8.12,10.45
27/10/1974,10.79,8.78,9.78
28/10/1974,8.91,4.09,6.5
29/10/1974,6.56,3.08,4.82
30/10/1974,5.51,0.71,3.11
31/10/1974,7.96,-0.67,3.64
01/11/1974,10.17,1.7,5.94
02/11/1974,11.36,5.76,8.56
03/11/1974,9.39,5.55,7.47
04/11/1974,8.49,4.24,6.37
05/11/1974,8.37,3.1,5.73
06/11/1974,9.96,3.53,6.74
07/11/1974,10.86,6.48,8.67
08/11/1974,12.11,8.36,10.23
09/11/1974,13.41,8.13,10.77
10/11/1974,10.73,4.79,7.76
11/11/1974,8.16,6.56,7.36
12/11/1974,7.91,3.67,5.79
13/11/1974,10.74,3.39,7.07
14/11/1974,10.77,7.99,9.38
15/11/1974,11.09,6.12,8.61
16/11/1974,9.26,4.53,6.9
17/11/1974,8.4,3.56,5.98
18/11/1974,5.31,4.99,5.15
19/11/1974,7.29,1.41,4.35
20/11/1974,8.38,1.47,4.93
21/11/1974,8.73,4.65,6.69
22/11/1974,9.22,6.43,7.82
23/11/1974,10.06,6.47,8.26
24/11/1974,9.57,3.4,6.49
25/11/1974,7.86,4.39,6.12
26/11/1974,7.85,3.79,5.82
27/11/1974,9.83,1.5,5.66
28/11/1974,7.9,3.65,5.78
29/11/1974,9.73,4.04,6.89
30/11/1974,11.55,4.57,8.06
01/12/1974,12.26,6.37,9.32
02/12/1974,12.74,9.49,11.11
03/12/1974,11.94,11.41,11.68
04/12/1974,10.38,9.21,9.79
05/12/1974,8.69,4.66,6.67
06/12/1974,10.74,6.44,8.59
07/12/1974,11.77,7.38,9.58
08/12/1974,10.63,9.53,10.08
09/12/1974,7.65,7.31,7.48
10/12/1974,7.39,1.86,4.62
11/12/1974,4.85,1.06,2.96
12/12/1974,9.31,1.2,5.26
13/12/1974,7.73,-0.43,3.65
14/12/1974,9.4,-0.1,4.65
15/12/1974,8.77,2.57,5.67
16/12/1974,10.4,3.01,6.7
17/12/1974,6.46,3.66,5.06
18/12/1974,8.72,3.67,6.19
19/12/1974,9.94,4.32,7.13
20/12/1974,11.17,8.22,9.69
21/12/1974,11.06,9.18,10.12
22/12/1974,11.86,9.67,10.77
23/12/1974,11.38,8.96,10.17
24/12/1974,8.5,6.93,7.71
25/12/1974,12.61,2.47,7.54
26/12/1974,10.88,6.45,8.66
27/12/1974,12.43,6.45,9.44
28/12/1974,12.98,7.8,10.39
29/12/1974,10.54,10.01,10.28
30/12/1974,7.71,1.13,4.42
31/12/1974,8.95,1.44,5.2
01/01/1975,8.68,7.05,7.87
02/01/1975,9.05,7.32,8.19
03/01/1975,9.14,6.02,7.58
04/01/1975,8.4,1.49,4.94
05/01/1975,9.97,1.94,5.96
06/01/1975,9.43,8.04,8.73
07/01/1975,8.92,5.4,7.16
08/01/1975,8.96,5.9,7.43
09/01/1975,9.16,7.79,8.48
10/01/1975,10.09,7.79,8.94
11/01/1975,11.18,7.33,9.26
12/01/1975,10.4,7.67,9.04
13/01/1975,10.18,4.28,7.23
14/01/1975,11.26,4.75,8
15/01/1975,13.18,4.96,9.07
16/01/1975,6.18,2.42,4.3
17/01/1975,6.83,2.38,4.61
18/01/1975,3.88,0.61,2.24
19/01/1975,8.7,-0.59,4.06
20/01/1975,6.57,0.33,3.45
21/01/1975,9.77,2.38,6.07
22/01/1975,10.39,4.66,7.52
23/01/1975,7.38,2.52,4.95
24/01/1975,10.7,3.62,7.16
25/01/1975,11.37,4.05,7.71
26/01/1975,10.53,0.06,5.3
27/01/1975,8.14,2.06,5.1
28/01/1975,6.66,2.15,4.4
29/01/1975,11.07,2.19,6.63
30/01/1975,12.95,3.9,8.43
31/01/1975,9.13,9.1,9.11
01/02/1975,11.24,2.87,7.06
02/02/1975,6.59,1.51,4.05
03/02/1975,5.6,2.09,3.85
04/02/1975,4.24,3.57,3.91
05/02/1975,4.31,2.48,3.39
06/02/1975,4.82,-0.7,2.06
07/02/1975,7.28,1.29,4.29
08/02/1975,6.14,2.03,4.09
09/02/1975,5.57,0.04,2.8
10/02/1975,7.93,0.1,4.01
11/02/1975,8.35,1.73,5.04
12/02/1975,8.39,6.64,7.52
13/02/1975,8.13,6.11,7.12
14/02/1975,6.03,0.46,3.25
15/02/1975,4.21,1.56,2.89
16/02/1975,9.14,0.27,4.7
17/02/1975,11.88,1.05,6.46
18/02/1975,5.82,5.04,5.43
19/02/1975,7.21,1.81,4.51
20/02/1975,7.19,2.14,4.67
21/02/1975,6.98,1.79,4.39
22/02/1975,9.95,-1.93,4.01
23/02/1975,9,0.45,4.72
24/02/1975,10.4,1.32,5.86
25/02/1975,6.14,-0.17,2.98
26/02/1975,9.11,0.76,4.93
27/02/1975,8.6,-2.17,3.21
28/02/1975,11.46,-1.85,4.81
01/03/1975,12.28,0.83,6.56
02/03/1975,11.01,5.89,8.45
03/03/1975,10.81,6.71,8.76
04/03/1975,11.94,4.84,8.39
05/03/1975,7.81,5.78,6.8
06/03/1975,9.49,2.11,5.8
07/03/1975,10.61,5.41,8.01
08/03/1975,8.62,2.53,5.58
09/03/1975,4.37,2.41,3.39
10/03/1975,5.13,2.73,3.93
11/03/1975,5.29,2.71,4
12/03/1975,5.39,3.86,4.62
13/03/1975,4.01,3.18,3.6
14/03/1975,4.09,1.4,2.74
15/03/1975,4.88,1.75,3.31
16/03/1975,5.03,0.33,2.68
17/03/1975,6.07,-1.72,2.17
18/03/1975,4.69,-1.6,1.54
19/03/1975,4.38,-2.06,1.16
20/03/1975,5.58,1.21,3.39
21/03/1975,6.19,3.69,4.94
22/03/1975,8.77,3.88,6.33
23/03/1975,9.57,3.26,6.41
24/03/1975,8.23,4.26,6.24
25/03/1975,8.62,2.82,5.72
26/03/1975,7.24,4.56,5.9
27/03/1975,4.54,0.07,2.3
28/03/1975,5.6,-1.05,2.28
29/03/1975,6.77,-1.1,2.83
30/03/1975,5.64,-0.25,2.7
31/03/1975,8.18,-1.62,3.28
01/04/1975,7.46,-0.95,3.26
02/04/1975,6.24,3.07,4.65
03/04/1975,4.62,-0.07,2.28
04/04/1975,4.81,-0.15,2.33
05/04/1975,5.16,-2.39,1.38
06/04/1975,6.17,0.32,3.24
07/04/1975,9.55,0.16,4.85
08/04/1975,5.64,0.37,3
09/04/1975,5.65,-1.21,2.22
10/04/1975,7.02,-1.95,2.54
11/04/1975,11.94,3.32,7.63
12/04/1975,14.9,6.41,10.66
13/04/1975,14.47,5.33,9.9
14/04/1975,12.9,8.21,10.56
15/04/1975,12.55,7.36,9.96
16/04/1975,14.78,6.06,10.42
17/04/1975,12.97,8.87,10.92
18/04/1975,14.66,8.29,11.48
19/04/1975,13.45,9.01,11.23
20/04/1975,14.92,4.16,9.54
21/04/1975,14.1,7.83,10.97
22/04/1975,19.28,8.18,13.73
23/04/1975,16.23,9.92,13.08
24/04/1975,20.29,5.93,13.11
25/04/1975,19.02,6.77,12.9
26/04/1975,19.26,12.44,15.85
27/04/1975,13.95,9.74,11.85
28/04/1975,18.51,9.28,13.89
29/04/1975,12.15,7.88,10.02
30/04/1975,12.38,3.49,7.93
01/05/1975,13.53,6.84,10.18
02/05/1975,15.24,10.02,12.63
03/05/1975,12.66,3.05,7.85
04/05/1975,13.06,1.75,7.4
05/05/1975,12.74,2.6,7.67
06/05/1975,14.45,4.92,9.69
07/05/1975,16.15,5.57,10.86
08/05/1975,16.06,8.06,12.06
09/05/1975,14.22,7.46,10.84
10/05/1975,13.17,8.71,10.94
11/05/1975,13.16,7.17,10.16
12/05/1975,11.65,3.12,7.39
13/05/1975,14.44,8.4,11.42
14/05/1975,14.55,6.95,10.75
15/05/1975,10.56,7.08,8.82
16/05/1975,9.09,5.23,7.16
17/05/1975,8.45,6.63,7.54
18/05/1975,11.88,6.98,9.43
19/05/1975,18.01,4.09,11.05
20/05/1975,20.71,4.82,12.77
21/05/1975,17.07,7.71,12.39
22/05/1975,11.08,7.09,9.09
23/05/1975,13.62,6.26,9.94
24/05/1975,10.24,5.01,7.63
25/05/1975,12.7,6.22,9.46
26/05/1975,16.86,6.96,11.91
27/05/1975,17.32,7.33,12.32
28/05/1975,18.35,8.78,13.57
29/05/1975,10.55,6.61,8.58
30/05/1975,10.77,5.71,8.24
31/05/1975,13.11,0.41,6.76
01/06/1975,12.55,2.73,7.64
02/06/1975,12.28,3.97,8.13
03/06/1975,14.24,4.31,9.27
04/06/1975,15.36,2.79,9.08
05/06/1975,18.82,7.86,13.34
06/06/1975,24.33,12.09,18.21
07/06/1975,26.07,11.55,18.81
08/06/1975,24.37,10.21,17.29
09/06/1975,22.84,8.84,15.84
10/06/1975,23.15,9.12,16.14
11/06/1975,24.49,10.06,17.28
12/06/1975,26.74,11.16,18.95
13/06/1975,25.17,12.49,18.83
14/06/1975,22.69,13.39,18.04
15/06/1975,17.94,12.1,15.02
16/06/1975,17.35,6.28,11.82
17/06/1975,18.79,7.74,13.27
18/06/1975,19.83,6.9,13.36
19/06/1975,20.1,11.57,15.84
20/06/1975,23.43,11.51,17.47
21/06/1975,24.51,11.49,18
22/06/1975,22.3,10.66,16.48
23/06/1975,24.55,8.6,16.57
24/06/1975,24.94,10.13,17.53
25/06/1975,22.36,9.66,16.01
26/06/1975,25.84,9.65,17.75
27/06/1975,16.95,12.25,14.6
28/06/1975,14.32,9.42,11.87
29/06/1975,18.98,4.88,11.93
30/06/1975,22.18,7.1,14.64
01/07/1975,22.89,9.41,16.15
02/07/1975,23.62,11.78,17.7
03/07/1975,23.74,9.3,16.52
04/07/1975,22.75,12.12,17.43
05/07/1975,21.25,9.99,15.62
06/07/1975,22.9,11.02,16.96
07/07/1975,24.6,10.56,17.58
08/07/1975,23.05,12,17.53
09/07/1975,22.24,13.99,18.11
10/07/1975,20.53,15.24,17.89
11/07/1975,21.93,13.51,17.72
12/07/1975,20.15,13.17,16.66
13/07/1975,24.22,14.52,19.37
14/07/1975,22.98,17.71,20.34
15/07/1975,21.69,15.53,18.61
16/07/1975,22.77,13.41,18.09
17/07/1975,22.19,15.89,19.04
18/07/1975,23.78,13.29,18.54
19/07/1975,21.86,12.35,17.11
20/07/1975,22.35,15.5,18.93
21/07/1975,21.52,10.53,16.02
22/07/1975,21.14,13.97,17.56
23/07/1975,20.6,14.74,17.67
24/07/1975,18.12,9.5,13.81
25/07/1975,20.79,9.36,15.08
26/07/1975,25.56,12.53,19.05
27/07/1975,27.51,11.91,19.71
28/07/1975,28.46,13.54,21
29/07/1975,28.65,14.76,21.71
30/07/1975,29.16,14.92,22.04
31/07/1975,25.18,15.23,20.21
01/08/1975,25.44,14.82,20.13
02/08/1975,29.36,12.89,21.13
03/08/1975,30.92,13.82,22.37
04/08/1975,32.26,14.51,23.38
05/08/1975,26.82,19.78,23.3
06/08/1975,27.58,15.71,21.64
07/08/1975,31.73,13.35,22.54
08/08/1975,32.4,16.65,24.53
09/08/1975,24.74,16.64,20.69
10/08/1975,23.19,13.58,18.38
11/08/1975,24.98,13.88,19.43
12/08/1975,26.59,14.65,20.62
13/08/1975,27.31,15.46,21.39
14/08/1975,25.42,14.77,20.09
15/08/1975,21.96,15.98,18.97
16/08/1975,20.37,14.14,17.25
17/08/1975,23.84,12.64,18.24
18/08/1975,21.9,12.97,17.43
19/08/1975,22.61,15.69,19.15
20/08/1975,20.64,17.25,18.95
21/08/1975,18.91,13.62,16.26
22/08/1975,18.39,8.26,13.32
23/08/1975,17.98,7.24,12.61
24/08/1975,20.35,12.92,16.63
25/08/1975,23.23,10.21,16.72
26/08/1975,25.6,10.39,17.99
27/08/1975,26.68,13.36,20.02
28/08/1975,26.48,10.45,18.46
29/08/1975,26.81,9.98,18.39
30/08/1975,19.32,14.57,16.95
31/08/1975,16.35,13.57,14.96
01/09/1975,22.27,11.91,17.09
02/09/1975,20.59,9.32,14.95
03/09/1975,21.3,10.11,15.7
04/09/1975,20.3,8.11,14.2
05/09/1975,20.22,7.95,14.08
06/09/1975,20.65,8.87,14.76
07/09/1975,22.02,12.8,17.41
08/09/1975,22.14,11.47,16.81
09/09/1975,19.91,14.72,17.32
10/09/1975,20.19,12.93,16.56
11/09/1975,16.96,8.63,12.8
12/09/1975,14.58,7.28,10.93
13/09/1975,15.61,6.74,11.17
14/09/1975,10.43,6.91,8.67
15/09/1975,14.12,6.31,10.21
16/09/1975,14.33,2.24,8.29
17/09/1975,18.57,8.24,13.41
18/09/1975,18.23,11.52,14.87
19/09/1975,18.77,10.02,14.39
20/09/1975,18.84,13.39,16.12
21/09/1975,17.8,7.65,12.72
22/09/1975,18.04,8.06,13.05
23/09/1975,18.73,11.75,15.24
24/09/1975,17.21,8.71,12.96
25/09/1975,14.42,12.55,13.49
26/09/1975,15.05,7.1,11.07
27/09/1975,16.85,9.54,13.2
28/09/1975,17.05,6.96,12.01
29/09/1975,19.59,12.3,15.95
30/09/1975,14.45,11.6,13.02
01/10/1975,16.37,8.95,12.66
02/10/1975,16.12,6.92,11.52
03/10/1975,15.58,9.36,12.47
04/10/1975,14.72,6.08,10.4
05/10/1975,14.84,10.8,12.82
06/10/1975,16.95,10.39,13.67
07/10/1975,16.58,6.8,11.69
08/10/1975,14.74,2.71,8.73
09/10/1975,15.01,3.32,9.17
10/10/1975,11.81,7.19,9.5
11/10/1975,11.43,5.03,8.23
12/10/1975,11.13,2.62,6.87
13/10/1975,10.89,0.32,5.6
14/10/1975,12.3,-0.38,5.96
15/10/1975,13.4,3.85,8.62
16/10/1975,11.19,4.67,7.93
17/10/1975,10.83,3.85,7.34
18/10/1975,11.38,6.79,9.09
19/10/1975,11.47,5.72,8.59
20/10/1975,12.36,5.95,9.16
21/10/1975,11.35,7.21,9.28
22/10/1975,12.26,4.97,8.61
23/10/1975,16.72,8.12,12.42
24/10/1975,15.31,9.57,12.44
25/10/1975,12.84,9.57,11.2
26/10/1975,11.82,8.31,10.06
27/10/1975,15.43,9.05,12.24
28/10/1975,12.3,4.02,8.16
29/10/1975,13.77,4.74,9.25
30/10/1975,16.79,5.58,11.18
31/10/1975,15.16,9.88,12.52
01/11/1975,11.51,7.02,9.27
02/11/1975,12.31,5.76,9.04
03/11/1975,12.17,6.92,9.55
04/11/1975,11.89,1.42,6.65
05/11/1975,13.05,4.88,8.97
06/11/1975,11.32,7.74,9.53
07/11/1975,9.51,2.36,5.94
08/11/1975,10.46,3.36,6.91
09/11/1975,8.98,6.66,7.82
10/11/1975,7.29,1.3,4.29
11/11/1975,9.22,0.26,4.74
12/11/1975,8.72,2.36,5.54
13/11/1975,5.79,-1.2,2.3
14/11/1975,9.59,-3.67,2.96
15/11/1975,13.89,-2.54,5.68
16/11/1975,8.18,8.14,8.16
17/11/1975,5.24,2.14,3.69
18/11/1975,8.42,0.69,4.55
19/11/1975,12.58,2.09,7.33
20/11/1975,11.46,8.18,9.82
21/11/1975,6.34,-1.81,2.26
22/11/1975,7.59,-1.66,2.97
23/11/1975,9.12,-1.7,3.71
24/11/1975,9.7,5.46,7.58
25/11/1975,11.37,5.92,8.64
26/11/1975,7.36,2.88,5.12
27/11/1975,11.2,0.5,5.85
28/11/1975,6.41,3.66,5.04
29/11/1975,5.34,0.41,2.88
30/11/1975,2.26,-2.2,0.03
01/12/1975,11.81,-3.56,4.13
02/12/1975,7.07,1.75,4.41
03/12/1975,5.3,0.94,3.12
04/12/1975,8.21,-0.12,4.05
05/12/1975,10.03,4.43,7.23
06/12/1975,10.58,6.38,8.48
07/12/1975,8.64,6.54,7.59
08/12/1975,7.21,0.01,3.61
09/12/1975,4.75,-2.69,1.03
10/12/1975,6.3,-0.08,3.11
11/12/1975,5.29,3.41,4.35
12/12/1975,4.91,3.13,4.02
13/12/1975,2.11,-1.99,0.06
14/12/1975,1.6,-4.26,-1.33
15/12/1975,2.8,-1.52,0.64
16/12/1975,4.96,-3.08,0.94
17/12/1975,4.39,-1.62,1.38
18/12/1975,4.59,-2.94,0.83
19/12/1975,6.66,-2.27,2.19
20/12/1975,6.71,3.47,5.09
21/12/1975,7.54,1.55,4.55
22/12/1975,7.62,4.57,6.09
23/12/1975,6.96,5.24,6.1
24/12/1975,7.18,1.85,4.52
25/12/1975,9.64,1.67,5.66
26/12/1975,9.22,6.32,7.77
27/12/1975,7.26,1.88,4.57
28/12/1975,8.17,4.48,6.33
29/12/1975,8.39,3.24,5.81
30/12/1975,10.4,6.15,8.28
31/12/1975,10.33,6.51,8.42
01/01/1976,11.12,2.01,6.57
02/01/1976,12.52,2.32,7.42
03/01/1976,6.52,4.13,5.32
04/01/1976,9.85,-0.2,4.82
05/01/1976,10.14,1.81,5.98
06/01/1976,10.25,7.51,8.88
07/01/1976,9.15,7.18,8.16
08/01/1976,10.63,7.45,9.04
09/01/1976,10.28,7.08,8.68
10/01/1976,11.71,6.94,9.32
11/01/1976,11.58,8.63,10.1
12/01/1976,11.17,8.24,9.71
13/01/1976,10.91,5.67,8.29
14/01/1976,9.71,5.88,7.79
15/01/1976,8.05,1.22,4.63
16/01/1976,7.81,2.02,4.91
17/01/1976,9.07,3.94,6.51
18/01/1976,7.79,4.91,6.35
19/01/1976,10.23,1.93,6.08
20/01/1976,10.51,5.38,7.94
21/01/1976,9.61,4.42,7.02
22/01/1976,11.31,5.51,8.41
23/01/1976,7.27,5.04,6.16
24/01/1976,2.29,-1.81,0.24
25/01/1976,2.14,-1.43,0.35
26/01/1976,3.07,-1.7,0.68
27/01/1976,4.5,-1.06,1.72
28/01/1976,3.28,-2.13,0.58
29/01/1976,3.02,-0.91,1.06
30/01/1976,-0.33,-4.12,-2.22
31/01/1976,-0.67,-3.21,-1.94
01/02/1976,-0.33,-2.93,-1.63
02/02/1976,-0.01,-2.09,-1.05
03/02/1976,-0.43,-2.11,-1.27
04/02/1976,0.94,-1.86,-0.46
05/02/1976,2.22,-1.6,0.31
06/02/1976,6.31,0.29,3.3
07/02/1976,6.54,2.49,4.51
08/02/1976,10.01,2.89,6.45
09/02/1976,9.74,-0.51,4.62
10/02/1976,8.01,0.57,4.29
11/02/1976,6.03,1.08,3.56
12/02/1976,8.96,1.96,5.46
13/02/1976,7.52,4.9,6.21
14/02/1976,5.82,0.6,3.21
15/02/1976,3.83,0.84,2.34
16/02/1976,3.4,-1.98,0.71
17/02/1976,2.78,-1.52,0.63
18/02/1976,3.05,1.24,2.15
19/02/1976,5.8,1.03,3.42
20/02/1976,8.38,2.33,5.36
21/02/1976,9.55,4.1,6.83
22/02/1976,10.54,5.22,7.88
23/02/1976,10.43,5.77,8.1
24/02/1976,13.16,8.66,10.91
25/02/1976,11.51,6.2,8.86
26/02/1976,11.81,5.45,8.63
27/02/1976,9.16,5.53,7.34
28/02/1976,10.08,4.96,7.52
29/02/1976,13.71,4.57,9.14
01/03/1976,10.03,-0.24,4.9
02/03/1976,10.12,-2.51,3.81
03/03/1976,10.81,0.41,5.61
04/03/1976,11.22,-1.41,4.91
05/03/1976,10.94,-2,4.47
06/03/1976,4.87,-2.14,1.37
07/03/1976,2.88,-3.47,-0.3
08/03/1976,3.61,-3.44,0.08
09/03/1976,7.57,-3.63,1.97
10/03/1976,8.05,-0.87,3.59
11/03/1976,8.33,2.9,5.61
12/03/1976,6.8,3.8,5.3
13/03/1976,5.43,1.87,3.65
14/03/1976,5.22,2.19,3.7
15/03/1976,4.62,2.63,3.62
16/03/1976,6.82,3.56,5.19
17/03/1976,8.08,3.84,5.96
18/03/1976,8.32,4.27,6.3
19/03/1976,5.27,-0.75,2.26
20/03/1976,9.55,0.01,4.78
21/03/1976,7.32,2.35,4.83
22/03/1976,5.08,1.39,3.24
23/03/1976,4.73,-3.42,0.65
24/03/1976,9.42,-2.78,3.32
25/03/1976,12.56,0.91,6.74
26/03/1976,11.13,7.5,9.31
27/03/1976,12.21,4.15,8.18
28/03/1976,11.63,6.02,8.82
29/03/1976,11.18,5.43,8.31
30/03/1976,11.47,4.93,8.2
31/03/1976,12.47,6.52,9.5
01/04/1976,11.42,7.47,9.45
02/04/1976,8.47,6.38,7.43
03/04/1976,9.46,0.48,4.97
04/04/1976,12.68,4.81,8.75
05/04/1976,12.33,2.47,7.4
06/04/1976,12.93,7.16,10.04
07/04/1976,11.66,5.14,8.4
08/04/1976,12.41,-1.65,5.38
09/04/1976,12.11,3.91,8.01
10/04/1976,14.87,3.45,9.16
11/04/1976,11.24,4.5,7.87
12/04/1976,11.76,2.28,7.02
13/04/1976,10.66,4.01,7.34
14/04/1976,9.09,5.17,7.13
15/04/1976,13.87,6.18,10.02
16/04/1976,12.8,4.79,8.8
17/04/1976,17.09,-0.01,8.54
18/04/1976,16.08,6.92,11.5
19/04/1976,17.89,6.76,12.32
20/04/1976,18.32,3.7,11.01
21/04/1976,14.53,5.37,9.95
22/04/1976,11.64,5.05,8.34
23/04/1976,9.28,0.59,4.93
24/04/1976,10.8,-0.19,5.3
25/04/1976,10.49,3.37,6.93
26/04/1976,9.85,4.52,7.18
27/04/1976,7.49,5.38,6.44
28/04/1976,10.12,-1.23,4.45
29/04/1976,12.63,-2.2,5.22
30/04/1976,13.37,6.54,9.96
01/05/1976,14.1,3.36,8.73
02/05/1976,13.8,6.88,10.34
03/05/1976,13.73,8.41,11.07
04/05/1976,15.36,6.05,10.7
05/05/1976,17.1,9.01,13.05
06/05/1976,22.27,11.11,16.69
07/05/1976,24.88,7.62,16.25
08/05/1976,23.13,11.4,17.27
09/05/1976,23.46,10.88,17.17
10/05/1976,17.71,10.89,14.3
11/05/1976,14.32,5.43,9.88
12/05/1976,14.24,6.82,10.53
13/05/1976,14.84,5.95,10.4
14/05/1976,16.78,3.8,10.29
15/05/1976,14.94,5.94,10.44
16/05/1976,16.06,5.13,10.6
17/05/1976,18.18,7.02,12.6
18/05/1976,16.98,9.95,13.47
19/05/1976,12.28,6,9.14
20/05/1976,13.87,7.24,10.56
21/05/1976,16.52,5.08,10.8
22/05/1976,16.99,10.79,13.89
23/05/1976,20.66,9.2,14.93
24/05/1976,22.19,9.38,15.78
25/05/1976,16.48,10.03,13.26
26/05/1976,15.04,8.22,11.63
27/05/1976,17.84,5.65,11.74
28/05/1976,19.26,9.22,14.24
29/05/1976,16.91,10,13.45
30/05/1976,15.72,7.97,11.84
31/05/1976,15.96,10.36,13.16
01/06/1976,16.82,11.23,14.03
02/06/1976,16.4,9.93,13.17
03/06/1976,16.55,7.42,11.99
04/06/1976,18.32,7.97,13.15
05/06/1976,20.47,10.24,15.35
06/06/1976,24.31,12.66,18.49
07/06/1976,24.66,12.06,18.36
08/06/1976,28.23,11.44,19.83
09/06/1976,28.31,11.84,20.08
10/06/1976,19.96,9.97,14.96
11/06/1976,21.26,9.3,15.28
12/06/1976,20.27,11.03,15.65
13/06/1976,23.74,10.08,16.91
14/06/1976,24.3,12.51,18.41
15/06/1976,24.37,12.31,18.34
16/06/1976,15.19,14.36,14.77
17/06/1976,16.22,11.29,13.76
18/06/1976,22.86,11.77,17.32
19/06/1976,14.78,11.84,13.31
20/06/1976,19.38,10.67,15.03
21/06/1976,21.52,9.57,15.55
22/06/1976,25.04,12.65,18.85
23/06/1976,27.94,14.69,21.31
24/06/1976,28.57,13.16,20.87
25/06/1976,31.31,13.9,22.6
26/06/1976,33.12,17.59,25.36
27/06/1976,33.47,17.24,25.36
28/06/1976,32.61,17.94,25.28
29/06/1976,30.35,15.91,23.13
30/06/1976,29.92,13.52,21.72
01/07/1976,30.14,14.3,22.22
02/07/1976,32.57,12.04,22.3
03/07/1976,33.09,15.12,24.1
04/07/1976,31.92,19.5,25.71
05/07/1976,31.95,15.95,23.95
06/07/1976,32.19,14.9,23.55
07/07/1976,30.64,14.66,22.65
08/07/1976,30.19,13.94,22.07
09/07/1976,23.55,15.43,19.49
10/07/1976,24.44,10.34,17.39
11/07/1976,27.15,11.76,19.45
12/07/1976,28.5,15.59,22.04
13/07/1976,22.93,15.29,19.11
14/07/1976,22.78,14.06,18.42
15/07/1976,22.81,13.04,17.93
16/07/1976,22.27,16.02,19.14
17/07/1976,25.05,13.33,19.19
18/07/1976,25,11.09,18.04
19/07/1976,22.39,16.31,19.35
20/07/1976,18.86,13.34,16.1
21/07/1976,20.67,9.22,14.94
22/07/1976,22.32,8.61,15.46
23/07/1976,20.46,9.68,15.07
24/07/1976,22.03,9.82,15.93
25/07/1976,23.73,10.05,16.89
26/07/1976,23.06,10.59,16.82
27/07/1976,26.13,11.59,18.86
28/07/1976,21.45,12.5,16.98
29/07/1976,25.72,8.64,17.18
30/07/1976,20.84,10.6,15.72
31/07/1976,18.31,9.52,13.92
01/08/1976,20.98,6.03,13.51
02/08/1976,20.51,12.14,16.32
03/08/1976,21.51,12.48,17
04/08/1976,22.05,8.14,15.1
05/08/1976,22.15,8.76,15.46
06/08/1976,22.35,10.15,16.25
07/08/1976,22.24,9.74,15.99
08/08/1976,22.11,9.35,15.73
09/08/1976,23.16,9.71,16.43
10/08/1976,24.75,9.44,17.1
11/08/1976,25.1,10.15,17.62
12/08/1976,26.77,10.76,18.77
13/08/1976,26.34,13.46,19.9
14/08/1976,25.89,12.65,19.27
15/08/1976,26.18,11.76,18.97
16/08/1976,26.13,10.06,18.1
17/08/1976,27.39,10.83,19.11
18/08/1976,23.62,12.13,17.87
19/08/1976,25.51,11.23,18.37
20/08/1976,26.61,11.14,18.88
21/08/1976,24.47,12.97,18.72
22/08/1976,25.71,13.38,19.54
23/08/1976,26.6,10.69,18.65
24/08/1976,29.01,10.2,19.61
25/08/1976,29.06,12.16,20.61
26/08/1976,26.89,12.99,19.94
27/08/1976,20.87,12.44,16.65
28/08/1976,18.28,11.96,15.12
29/08/1976,20.94,11.9,16.42
30/08/1976,17.43,13.64,15.54
31/08/1976,18.75,13.37,16.06
01/09/1976,17.76,10.61,14.18
02/09/1976,14.7,8.34,11.52
03/09/1976,18.35,5.82,12.09
04/09/1976,16.85,10.78,13.82
05/09/1976,20.32,9.44,14.88
06/09/1976,21.78,7.57,14.67
07/09/1976,22.87,8.11,15.49
08/09/1976,22.17,10.96,16.57
09/09/1976,13.52,9.37,11.44
10/09/1976,15.1,7.65,11.38
11/09/1976,16.46,9.08,12.77
12/09/1976,13.43,8.28,10.86
13/09/1976,12.72,9.11,10.92
14/09/1976,12.66,8.47,10.57
15/09/1976,11.94,9.68,10.81
16/09/1976,14.34,8.32,11.33
17/09/1976,15.75,5.81,10.78
18/09/1976,17.67,5.65,11.66
19/09/1976,18.36,8.71,13.53
20/09/1976,21.36,12.52,16.94
21/09/1976,21.5,14.36,17.93
22/09/1976,15.25,13.36,14.31
23/09/1976,16.08,9.6,12.84
24/09/1976,17.78,12.37,15.07
25/09/1976,19.09,14.61,16.85
26/09/1976,20.7,14.19,17.44
27/09/1976,20.84,12.34,16.59
28/09/1976,18.52,12.03,15.27
29/09/1976,18.56,12.92,15.74
30/09/1976,16.08,11.92,14
01/10/1976,17.66,13.11,15.38
02/10/1976,15.49,11.26,13.38
03/10/1976,15.42,11.54,13.48
04/10/1976,13.99,8.75,11.37
05/10/1976,16.63,5.84,11.24
06/10/1976,16.56,9.93,13.25
07/10/1976,16.91,10.45,13.68
08/10/1976,13.24,7.42,10.33
09/10/1976,17.64,9.51,13.58
10/10/1976,16.3,9.05,12.67
11/10/1976,18.13,11.27,14.7
12/10/1976,11.87,10.68,11.27
13/10/1976,12.3,6.95,9.63
14/10/1976,12.54,7.89,10.22
15/10/1976,11.29,9.5,10.4
16/10/1976,12.55,4.34,8.44
17/10/1976,12.64,7.13,9.88
18/10/1976,13.2,9.55,11.38
19/10/1976,13.23,9.35,11.29
20/10/1976,12.6,7.26,9.93
21/10/1976,14,5.54,9.77
22/10/1976,12.39,6.54,9.47
23/10/1976,12.81,8.91,10.86
24/10/1976,11.53,2.56,7.05
25/10/1976,12.13,3.89,8.01
26/10/1976,12.92,9.2,11.06
27/10/1976,12.28,4.9,8.59
28/10/1976,10.08,6.65,8.36
29/10/1976,9.36,7.79,8.57
30/10/1976,9.53,7.51,8.52
31/10/1976,9.98,2,5.99
01/11/1976,11.02,4.43,7.72
02/11/1976,8.7,4.74,6.72
03/11/1976,7.61,-1.25,3.18
04/11/1976,10.45,-0.7,4.87
05/11/1976,11.9,5.01,8.45
06/11/1976,10.88,7.04,8.96
07/11/1976,10.84,4.57,7.71
08/11/1976,9.98,4.03,7
09/11/1976,10.2,3.32,6.76
10/11/1976,5.79,3.1,4.44
11/11/1976,9.14,-1.32,3.91
12/11/1976,5.04,0.49,2.76
13/11/1976,7.93,1.11,4.52
14/11/1976,6.03,-2.76,1.63
15/11/1976,9.42,-1,4.21
16/11/1976,9.14,5.33,7.24
17/11/1976,9.14,5.74,7.44
18/11/1976,10.06,6.19,8.12
19/11/1976,8.86,4.36,6.61
20/11/1976,6.58,5.88,6.23
21/11/1976,6.75,4.63,5.69
22/11/1976,6.37,5.05,5.71
23/11/1976,6.1,0.61,3.35
24/11/1976,9.49,-0.25,4.62
25/11/1976,8.8,3.72,6.26
26/11/1976,10.09,6.69,8.39
27/11/1976,11.45,3.99,7.72
28/11/1976,9.39,4.75,7.07
29/11/1976,9.42,4.1,6.76
30/11/1976,5.57,4.04,4.8
01/12/1976,4.75,0.85,2.8
02/12/1976,5.49,1.54,3.52
03/12/1976,3.27,-2.41,0.43
04/12/1976,2.1,-4.85,-1.38
05/12/1976,5.39,-4.14,0.63
06/12/1976,7.76,-3.32,2.22
07/12/1976,7.83,3.08,5.45
08/12/1976,7.78,4.01,5.9
09/12/1976,5.08,0.17,2.63
10/12/1976,2.4,-3.19,-0.4
11/12/1976,3.79,-2.35,0.72
12/12/1976,4.29,-1.51,1.39
13/12/1976,3.62,1.02,2.32
14/12/1976,3.61,-0.36,1.62
15/12/1976,2.89,-0.11,1.39
16/12/1976,2.2,0.05,1.12
17/12/1976,0.88,-0.51,0.19
18/12/1976,2.48,0.12,1.3
19/12/1976,2.92,0.18,1.55
20/12/1976,3.37,1.83,2.6
21/12/1976,6.02,1.59,3.81
22/12/1976,8.39,0.85,4.62
23/12/1976,5.59,4.49,5.04
24/12/1976,4.15,0.9,2.52
25/12/1976,2.36,-0.29,1.04
26/12/1976,3.56,-0.69,1.43
27/12/1976,3.49,0.15,1.82
28/12/1976,0.68,-0.14,0.27
29/12/1976,1.48,-9.3,-3.91
30/12/1976,5.5,-7.72,-1.11
31/12/1976,5.6,1.62,3.61
01/01/1977,5.93,2.22,4.08
02/01/1977,1.13,-0.28,0.43
03/01/1977,3.23,-3.25,-0.01
04/01/1977,5.82,-2.63,1.6
05/01/1977,7.91,-0.34,3.79
06/01/1977,3.83,1.71,2.77
07/01/1977,5.36,-0.61,2.37
08/01/1977,5.35,0.51,2.93
09/01/1977,7.2,2.57,4.88
10/01/1977,1.3,0.01,0.65
11/01/1977,1.15,-0.34,0.4
12/01/1977,-0.56,-2.61,-1.59
13/01/1977,3.73,-3.1,0.31
14/01/1977,2.68,-0.82,0.93
15/01/1977,3.43,0.76,2.1
16/01/1977,3.42,0.02,1.72
17/01/1977,2.69,-4.64,-0.98
18/01/1977,3.16,-3.72,-0.28
19/01/1977,5.32,1.88,3.6
20/01/1977,7.19,2.14,4.67
21/01/1977,8.68,5.09,6.89
22/01/1977,7.5,3.46,5.48
23/01/1977,7.22,3.97,5.6
24/01/1977,9.16,3.55,6.35
25/01/1977,12,4.05,8.02
26/01/1977,7.79,5.2,6.5
27/01/1977,7.48,4.31,5.89
28/01/1977,2.5,1.69,2.1
29/01/1977,2.78,-0.28,1.25
30/01/1977,1.41,-4.8,-1.7
31/01/1977,4.49,-3.19,0.65
01/02/1977,3.74,-1.45,1.14
02/02/1977,6.87,-0.77,3.05
03/02/1977,9.77,3.75,6.76
04/02/1977,8.3,3.1,5.7
05/02/1977,10.96,3.56,7.26
06/02/1977,10.4,4.02,7.21
07/02/1977,10.25,6.65,8.45
08/02/1977,10.67,4.89,7.78
09/02/1977,9.52,5.29,7.41
10/02/1977,9.25,6.48,7.87
11/02/1977,8.49,5.28,6.89
12/02/1977,7.92,3.61,5.76
13/02/1977,9.29,2.8,6.04
14/02/1977,7.86,1.99,4.93
15/02/1977,5.01,0.55,2.78
16/02/1977,7.92,0.76,4.34
17/02/1977,9.56,3.18,6.37
18/02/1977,8.63,5.64,7.13
19/02/1977,8.61,2.38,5.5
20/02/1977,10.26,2.83,6.54
21/02/1977,9.65,3.5,6.58
22/02/1977,9.06,5.18,7.12
23/02/1977,9.99,5.97,7.98
24/02/1977,6.47,4.64,5.55
25/02/1977,6.07,3.95,5.01
26/02/1977,4.99,-0.24,2.38
27/02/1977,5.11,-2.1,1.5
28/02/1977,6.2,-3.07,1.57
01/03/1977,10.15,1.07,5.61
02/03/1977,16.7,5.58,11.14
03/03/1977,11.66,8,9.83
04/03/1977,10.8,8.14,9.47
05/03/1977,10.5,4.12,7.31
06/03/1977,10.52,6.13,8.33
07/03/1977,12.58,3.04,7.81
08/03/1977,11.61,4.77,8.19
09/03/1977,15.07,6.81,10.94
10/03/1977,10.06,4.56,7.31
11/03/1977,11.22,6.55,8.88
12/03/1977,11.27,2.82,7.04
13/03/1977,11.36,5.02,8.19
14/03/1977,8.31,4.73,6.52
15/03/1977,9.74,4.01,6.88
16/03/1977,9.89,7.6,8.74
17/03/1977,11.41,6.35,8.88
18/03/1977,10.45,5.77,8.11
19/03/1977,11.53,4.83,8.18
20/03/1977,9.2,3.94,6.57
21/03/1977,5.23,3.98,4.61
22/03/1977,5.9,3.5,4.7
23/03/1977,8.88,2.17,5.52
24/03/1977,9.07,4.76,6.92
25/03/1977,11.24,2.12,6.68
26/03/1977,8.62,4.21,6.42
27/03/1977,5.3,4.89,5.09
28/03/1977,5.38,-1.41,1.98
29/03/1977,5.64,-2.15,1.74
30/03/1977,6.51,-2.9,1.8
31/03/1977,9.52,-0.58,4.47
01/04/1977,11.24,4.02,7.63
02/04/1977,9.65,2.68,6.17
03/04/1977,8.81,0.32,4.57
04/04/1977,8.42,1.18,4.8
05/04/1977,9.64,0.94,5.29
06/04/1977,10.82,4.82,7.82
07/04/1977,4.76,0.48,2.62
08/04/1977,7.14,-2.76,2.19
09/04/1977,6.65,-1.21,2.72
10/04/1977,8.12,-0.65,3.74
11/04/1977,10.95,1.94,6.45
12/04/1977,15.47,6.19,10.83
13/04/1977,13.53,9.02,11.28
14/04/1977,11.28,2.98,7.13
15/04/1977,10.13,1.77,5.95
16/04/1977,11.7,1.55,6.62
17/04/1977,11.93,1.47,6.7
18/04/1977,7.06,-1.11,2.97
19/04/1977,10.2,4.06,7.13
20/04/1977,11.2,4.16,7.68
21/04/1977,12.06,6.79,9.42
22/04/1977,13.81,9.58,11.7
23/04/1977,12.89,7.04,9.97
24/04/1977,13.86,3.55,8.71
25/04/1977,15.75,7.14,11.44
26/04/1977,11.05,10.52,10.78
27/04/1977,12.28,3.6,7.94
28/04/1977,10.52,4.33,7.43
29/04/1977,12.58,5.26,8.92
30/04/1977,11.85,3.22,7.53
01/05/1977,12.89,0.56,6.72
02/05/1977,12.9,2.36,7.63
03/05/1977,10.9,5.54,8.22
04/05/1977,11.4,2.09,6.75
05/05/1977,12.73,6.22,9.47
06/05/1977,11.31,3.21,7.26
07/05/1977,12.98,4.69,8.83
08/05/1977,12.4,7.38,9.89
09/05/1977,12.29,4.2,8.24
10/05/1977,16.82,8.84,12.83
11/05/1977,14.4,11.76,13.08
12/05/1977,13.47,7.56,10.51
13/05/1977,10.15,6.51,8.33
14/05/1977,12.54,0.69,6.62
15/05/1977,13.03,4.36,8.7
16/05/1977,12.35,5.98,9.16
17/05/1977,11.97,6.23,9.1
18/05/1977,16.01,4.2,10.1
19/05/1977,17.4,4.11,10.76
20/05/1977,15.79,6.14,10.96
21/05/1977,17.95,8.22,13.08
22/05/1977,18.43,5.83,12.13
23/05/1977,17.43,5.31,11.37
24/05/1977,18.47,7.64,13.06
25/05/1977,20.22,7.12,13.67
26/05/1977,22.89,10.07,16.48
27/05/1977,21.2,6.34,13.77
28/05/1977,23.25,6.48,14.87
29/05/1977,18.44,8.77,13.61
30/05/1977,12.19,7.62,9.9
31/05/1977,13.96,3.23,8.6
01/06/1977,17.9,3.71,10.81
02/06/1977,18.22,4.27,11.24
03/06/1977,24.08,7.12,15.6
04/06/1977,20.43,8.77,14.6
05/06/1977,15.91,11.26,13.58
06/06/1977,15.49,5.6,10.54
07/06/1977,13.81,7.55,10.68
08/06/1977,17,5.5,11.25
09/06/1977,16.37,4.72,10.54
10/06/1977,13.06,9.36,11.21
11/06/1977,12.97,7.52,10.25
12/06/1977,14.81,6.46,10.63
13/06/1977,13.64,9.52,11.58
14/06/1977,12.13,10.79,11.46
15/06/1977,12.12,10.42,11.27
16/06/1977,16.14,9.08,12.61
17/06/1977,11.68,8.53,10.11
18/06/1977,11.94,8.56,10.25
19/06/1977,11.99,8.76,10.37
20/06/1977,12.4,7.43,9.91
21/06/1977,13.32,6.92,10.12
22/06/1977,20.04,6.57,13.3
23/06/1977,18.98,7.36,13.17
24/06/1977,18.71,11.14,14.92
25/06/1977,18.16,11.88,15.02
26/06/1977,16.93,8.58,12.75
27/06/1977,19.17,7.98,13.57
28/06/1977,16.29,11.02,13.65
29/06/1977,18.01,8.67,13.34
30/06/1977,19.21,11.36,15.28
01/07/1977,18.78,12.91,15.85
02/07/1977,24.37,11.63,18
03/07/1977,26.12,11.58,18.85
04/07/1977,26.22,13.73,19.97
05/07/1977,25.84,13.9,19.87
06/07/1977,26.13,12.57,19.35
07/07/1977,25.35,12.43,18.89
08/07/1977,21.1,12.04,16.57
09/07/1977,19.76,14.24,17
10/07/1977,20.47,13.39,16.93
11/07/1977,18.24,11.52,14.88
12/07/1977,18.25,12.04,15.15
13/07/1977,15.3,11.52,13.41
14/07/1977,17.05,10.7,13.87
15/07/1977,18.72,5.96,12.34
16/07/1977,21.15,9.44,15.3
17/07/1977,18.44,11.81,15.12
18/07/1977,19.99,13.64,16.81
19/07/1977,19.08,11.39,15.24
20/07/1977,18.54,10.76,14.65
21/07/1977,18.02,11.81,14.92
22/07/1977,23.54,12.65,18.09
23/07/1977,24.33,15.79,20.06
24/07/1977,17.74,13.65,15.7
25/07/1977,16.5,10.69,13.59
26/07/1977,18.75,10.44,14.59
27/07/1977,18.08,10.41,14.24
28/07/1977,18.15,7.24,12.7
29/07/1977,18.49,9.11,13.8
30/07/1977,21.88,6.33,14.1
31/07/1977,20.28,13.69,16.99
01/08/1977,25.33,10.19,17.76
02/08/1977,24.97,13.32,19.15
03/08/1977,22.51,14.84,18.67
04/08/1977,23.22,9.84,16.53
05/08/1977,22.54,14.06,18.3
06/08/1977,14.25,11.34,12.79
07/08/1977,15.74,12.02,13.88
08/08/1977,16.4,11.86,14.13
09/08/1977,21.19,11.62,16.41
10/08/1977,23.02,8.09,15.56
11/08/1977,23.05,10.64,16.85
12/08/1977,19.63,9.51,14.57
13/08/1977,19.94,10.99,15.46
14/08/1977,19.39,14.98,17.19
15/08/1977,20.73,14.78,17.75
16/08/1977,20.69,14.65,17.67
17/08/1977,16.53,14.32,15.42
18/08/1977,13.94,12.04,12.99
19/08/1977,13.02,11.65,12.33
20/08/1977,17.45,11.84,14.64
21/08/1977,18.17,12.05,15.11
22/08/1977,18.1,13.08,15.59
23/08/1977,18.69,8.49,13.59
24/08/1977,16.58,11.61,14.1
25/08/1977,18.77,12.24,15.51
26/08/1977,19.1,10.7,14.9
27/08/1977,16.76,11.55,14.15
28/08/1977,17.86,7.22,12.54
29/08/1977,20.62,9.24,14.93
30/08/1977,17.51,13.57,15.54
31/08/1977,15.26,12.1,13.68
01/09/1977,18.21,10.05,14.13
02/09/1977,15.32,14.3,14.81
03/09/1977,18.68,7.12,12.9
04/09/1977,18.87,7.16,13.01
05/09/1977,20.33,12.84,16.59
06/09/1977,20.92,14.2,17.56
07/09/1977,17.61,11.22,14.41
08/09/1977,16.65,9.71,13.18
09/09/1977,16.46,6.42,11.44
10/09/1977,17.95,9.37,13.66
11/09/1977,20.33,14.03,17.18
12/09/1977,17.45,11.22,14.34
13/09/1977,17.04,5.65,11.35
14/09/1977,20.59,6.31,13.45
15/09/1977,20.88,10.91,15.89
16/09/1977,14.66,9.45,12.06
17/09/1977,12.77,5.74,9.25
18/09/1977,12.93,5.61,9.27
19/09/1977,13.43,8.52,10.98
20/09/1977,12.39,8.78,10.59
21/09/1977,11.93,9.13,10.53
22/09/1977,12.3,9.51,10.9
23/09/1977,16.18,10.32,13.25
24/09/1977,15.01,10.65,12.83
25/09/1977,18.8,12.25,15.52
26/09/1977,17.49,9.97,13.73
27/09/1977,20.83,13.65,17.24
28/09/1977,16.85,13.98,15.42
29/09/1977,17.14,10.23,13.68
30/09/1977,15.24,12.93,14.08
01/10/1977,13.54,7.81,10.67
02/10/1977,13.35,6.11,9.73
03/10/1977,14.61,5.56,10.08
04/10/1977,15.84,9.44,12.64
05/10/1977,12.63,8.57,10.6
06/10/1977,14.47,10.3,12.39
07/10/1977,14.93,8.97,11.95
08/10/1977,12.49,4.89,8.69
09/10/1977,15.07,6.41,10.74
10/10/1977,13.72,8.61,11.17
11/10/1977,14.95,4.03,9.49
12/10/1977,15.5,8.94,12.22
13/10/1977,15,5.73,10.36
14/10/1977,14.23,6.31,10.27
15/10/1977,16.63,5.22,10.93
16/10/1977,15.99,6.58,11.29
17/10/1977,15.79,6.13,10.96
18/10/1977,15.85,6.11,10.98
19/10/1977,16.64,9.95,13.3
20/10/1977,17.38,11.91,14.65
21/10/1977,16.92,13.91,15.41
22/10/1977,16.94,12.26,14.6
23/10/1977,14.65,10.89,12.77
24/10/1977,14.01,11.41,12.71
25/10/1977,15.03,8.89,11.96
26/10/1977,12.5,6.63,9.56
27/10/1977,14.93,9.98,12.46
28/10/1977,13.82,4.46,9.14
29/10/1977,14.46,7.01,10.74
30/10/1977,14.66,7.9,11.28
31/10/1977,13.51,10.61,12.06
01/11/1977,13.15,4.67,8.91
02/11/1977,12.05,7.15,9.6
03/11/1977,11.99,8.74,10.36
04/11/1977,12.12,5.21,8.67
05/11/1977,14.27,6.71,10.49
06/11/1977,12.1,7.66,9.88
07/11/1977,14.13,7.19,10.66
08/11/1977,13.1,7.38,10.24
09/11/1977,15.85,9.05,12.45
10/11/1977,16.16,11.87,14.02
11/11/1977,14.65,10.44,12.55
12/11/1977,8.45,5.57,7.01
13/11/1977,11.09,2.65,6.87
14/11/1977,12.19,3.68,7.93
15/11/1977,6.75,3.21,4.98
16/11/1977,6.88,1.94,4.41
17/11/1977,3.88,-0.81,1.53
18/11/1977,5.19,-0.46,2.37
19/11/1977,6.87,-0.88,2.99
20/11/1977,6.5,3,4.75
21/11/1977,4.24,0.22,2.23
22/11/1977,6.42,0.98,3.7
23/11/1977,9.01,1.24,5.13
24/11/1977,6.13,4.86,5.49
25/11/1977,6.02,0.97,3.5
26/11/1977,3.89,-0.37,1.76
27/11/1977,4.53,-1.39,1.57
28/11/1977,4.06,-1.54,1.26
29/11/1977,4.09,-1.83,1.13
30/11/1977,4.81,-2.53,1.14
01/12/1977,5.87,-0.19,2.84
02/12/1977,3.75,1.52,2.63
03/12/1977,2.94,-0.7,1.12
04/12/1977,3.71,0.05,1.88
05/12/1977,6.38,0.62,3.5
06/12/1977,4.2,3.17,3.68
07/12/1977,9.04,2.62,5.83
08/12/1977,10.24,2.71,6.47
09/12/1977,10.06,4.96,7.51
10/12/1977,11.4,6.47,8.94
11/12/1977,11.16,7.76,9.46
12/12/1977,10.35,8.14,9.25
13/12/1977,10.39,6.39,8.39
14/12/1977,11.61,6.02,8.82
15/12/1977,9.72,4.39,7.05
16/12/1977,6.94,5.61,6.28
17/12/1977,8.43,4.48,6.46
18/12/1977,11.02,4.55,7.79
19/12/1977,7.79,0.71,4.25
20/12/1977,6.44,1.59,4.01
21/12/1977,10.08,0.08,5.08
22/12/1977,11.8,0.14,5.97
23/12/1977,14.29,9.22,11.75
24/12/1977,10.57,9.31,9.94
25/12/1977,8.63,6.76,7.69
26/12/1977,8.58,5.58,7.08
27/12/1977,5.84,2.52,4.18
28/12/1977,4.34,1.22,2.78
29/12/1977,7.54,0.77,4.16
30/12/1977,6.72,2.36,4.54
31/12/1977,8.54,3.41,5.97
01/01/1978,7.32,5.42,6.37
02/01/1978,8.33,5.05,6.69
03/01/1978,8.04,1.4,4.72
04/01/1978,3.72,0.98,2.35
05/01/1978,7.1,-1.79,2.66
06/01/1978,8.1,3.38,5.74
07/01/1978,6.74,-1.83,2.46
08/01/1978,7.37,-0.48,3.44
09/01/1978,8.01,2.73,5.37
10/01/1978,5.18,1.16,3.17
11/01/1978,4.2,1.54,2.87
12/01/1978,2.27,-1.24,0.51
13/01/1978,4.51,-2.86,0.83
14/01/1978,5.64,-1.79,1.92
15/01/1978,4.31,3.92,4.12
16/01/1978,4.02,1.19,2.61
17/01/1978,2.48,0.15,1.32
18/01/1978,2.16,-6.73,-2.28
19/01/1978,4.01,-6.02,-1.01
20/01/1978,5.46,-0.46,2.5
21/01/1978,5.7,-0.71,2.49
22/01/1978,6.34,0.29,3.32
23/01/1978,9.3,0.1,4.7
24/01/1978,6.46,4.61,5.54
25/01/1978,6.41,0.9,3.65
26/01/1978,5.88,0.88,3.38
27/01/1978,7.66,0.63,4.14
28/01/1978,5.75,2.31,4.03
29/01/1978,3.32,2.23,2.78
30/01/1978,4.04,1.65,2.85
31/01/1978,4.48,-3.13,0.67
01/02/1978,9.29,0.31,4.8
02/02/1978,5.57,3.78,4.68
03/02/1978,4.58,0.15,2.36
04/02/1978,5.51,1.1,3.3
05/02/1978,8.02,3.68,5.85
06/02/1978,7.05,2.48,4.76
07/02/1978,5.62,-0.53,2.55
08/02/1978,1.22,-0.34,0.44
09/02/1978,-0.67,-2.66,-1.66
10/02/1978,-0.02,-5.7,-2.86
11/02/1978,-0.53,-7.08,-3.81
12/02/1978,-0.48,-6.52,-3.5
13/02/1978,1.56,-3.68,-1.06
14/02/1978,2.9,-4.69,-0.89
15/02/1978,1.6,-3.8,-1.1
16/02/1978,2.95,-1.43,0.76
17/02/1978,2.83,-1.82,0.5
18/02/1978,0.72,-4.99,-2.13
19/02/1978,1.16,-2.66,-0.75
20/02/1978,1.43,-1.71,-0.14
21/02/1978,6.36,-1.27,2.54
22/02/1978,8.09,-0.51,3.79
23/02/1978,11.9,5.03,8.46
24/02/1978,11.88,6.14,9.01
25/02/1978,9.83,7.82,8.83
26/02/1978,9.92,6.82,8.37
27/02/1978,10.91,7.54,9.23
28/02/1978,9.16,5.15,7.15
01/03/1978,9.89,6.96,8.42
02/03/1978,8.1,4.69,6.39
03/03/1978,10.09,2.68,6.39
04/03/1978,8.68,0.09,4.38
05/03/1978,8.02,-1.78,3.12
06/03/1978,9.36,-2.06,3.65
07/03/1978,11.96,0.78,6.37
08/03/1978,13.22,3.72,8.47
09/03/1978,10.77,0.45,5.61
10/03/1978,15.68,4.99,10.33
11/03/1978,15.1,6.77,10.94
12/03/1978,10.81,7.18,8.99
13/03/1978,10.15,2.57,6.36
14/03/1978,10.71,6.58,8.64
15/03/1978,10.07,4.67,7.37
16/03/1978,6.61,-0.12,3.24
17/03/1978,5.08,0.14,2.61
18/03/1978,8.09,-1.39,3.35
19/03/1978,9.79,2.33,6.06
20/03/1978,7.32,4.64,5.98
21/03/1978,8.72,2.23,5.48
22/03/1978,10.74,3.38,7.06
23/03/1978,8.31,1.99,5.15
24/03/1978,10.97,1.21,6.09
25/03/1978,10.9,6.06,8.48
26/03/1978,9.99,1.25,5.62
27/03/1978,12.67,5.33,9
28/03/1978,10.39,6.33,8.36
29/03/1978,10.79,6.23,8.51
30/03/1978,11.86,1.79,6.82
31/03/1978,8.85,2.95,5.9
01/04/1978,10.2,6.46,8.33
02/04/1978,13.25,5.39,9.32
03/04/1978,7.61,4.6,6.11
04/04/1978,6.55,4.22,5.39
05/04/1978,10.51,2.49,6.5
06/04/1978,10.36,0.83,5.6
07/04/1978,9.8,-0.6,4.6
08/04/1978,7.1,4.34,5.72
09/04/1978,6.78,4.07,5.43
10/04/1978,4.27,0.03,2.15
11/04/1978,6.15,-3.73,1.21
12/04/1978,8.13,0.77,4.45
13/04/1978,8.58,-1.54,3.52
14/04/1978,8.62,0.45,4.54
15/04/1978,8.9,-0.82,4.04
16/04/1978,10.49,0,5.25
17/04/1978,11.88,4.57,8.22
18/04/1978,7.27,4.34,5.8
19/04/1978,11.05,5.03,8.04
20/04/1978,11.4,6.77,9.08
21/04/1978,9.59,6.12,7.85
22/04/1978,13.61,7.07,10.34
23/04/1978,15.02,3.49,9.25
24/04/1978,16.11,3.17,9.64
25/04/1978,9.69,4.43,7.06
26/04/1978,4.93,2.9,3.91
27/04/1978,7.25,2.79,5.02
28/04/1978,9.95,-0.84,4.55
29/04/1978,10.72,4.48,7.6
30/04/1978,13.28,5.35,9.32
01/05/1978,8.79,6.91,7.85
02/05/1978,9.07,5.57,7.32
03/05/1978,16.07,4.51,10.29
04/05/1978,17.7,8.69,13.19
05/05/1978,10.1,8.1,9.1
06/05/1978,14.73,5.77,10.25
07/05/1978,17.94,8.09,13.01
08/05/1978,11.81,8.29,10.05
09/05/1978,16.94,6.46,11.7
10/05/1978,18.23,3.73,10.98
11/05/1978,17.74,6.59,12.17
12/05/1978,12.4,6.28,9.34
13/05/1978,11.71,5.86,8.78
14/05/1978,10.84,6.31,8.58
15/05/1978,14.27,4.89,9.58
16/05/1978,15.86,4.15,10
17/05/1978,15.9,7.12,11.51
18/05/1978,14.89,4.12,9.51
19/05/1978,15.6,4.24,9.92
20/05/1978,17.03,5.69,11.36
21/05/1978,14.45,6.99,10.72
22/05/1978,15.91,9.12,12.52
23/05/1978,19.58,6.36,12.97
24/05/1978,13.66,10.04,11.85
25/05/1978,18.08,6.92,12.5
26/05/1978,22.82,5.23,14.03
27/05/1978,21.51,6.36,13.93
28/05/1978,22.4,8.07,15.24
29/05/1978,22.47,9.11,15.79
30/05/1978,24.16,9.31,16.74
31/05/1978,26.09,11.71,18.9
01/06/1978,25.9,12.11,19
02/06/1978,23.88,12.13,18
03/06/1978,24.48,11.63,18.05
04/06/1978,24.41,12.13,18.27
05/06/1978,19.6,11.36,15.48
06/06/1978,19.33,12.61,15.97
07/06/1978,15.51,9.8,12.66
08/06/1978,18.1,11.18,14.64
09/06/1978,17.8,6.87,12.34
10/06/1978,15.51,6.54,11.03
11/06/1978,21.81,6.08,13.94
12/06/1978,14.27,9.37,11.82
13/06/1978,12.21,6.12,9.16
14/06/1978,13.89,7.88,10.89
15/06/1978,13.79,6.84,10.32
16/06/1978,16.67,7.26,11.96
17/06/1978,18.31,9.52,13.91
18/06/1978,19.16,8.52,13.84
19/06/1978,24.13,7.27,15.7
20/06/1978,22.91,7.6,15.26
21/06/1978,17.6,10.36,13.98
22/06/1978,17.51,10.28,13.9
23/06/1978,15.33,8.8,12.06
24/06/1978,14.95,7.06,11
25/06/1978,16.74,8.71,12.73
26/06/1978,15.36,9.29,12.33
27/06/1978,16.08,5.77,10.93
28/06/1978,22.25,11.09,16.67
29/06/1978,17.52,13.07,15.3
30/06/1978,17.97,10.91,14.44
01/07/1978,15.99,9.13,12.56
02/07/1978,17.69,12.8,15.24
03/07/1978,15.71,11.73,13.72
04/07/1978,16.71,8.34,12.52
05/07/1978,13.55,10.43,11.99
06/07/1978,14.37,8.9,11.64
07/07/1978,17.8,7.49,12.64
08/07/1978,16.61,11.01,13.81
09/07/1978,21.46,11.83,16.64
10/07/1978,20.14,9.37,14.76
11/07/1978,19.73,7.47,13.6
12/07/1978,18.79,11.13,14.96
13/07/1978,22.84,9.16,16
14/07/1978,23.71,11.85,17.78
15/07/1978,20.66,10.89,15.77
16/07/1978,21.28,10.21,15.74
17/07/1978,22.76,10.9,16.83
18/07/1978,20.15,11.69,15.92
19/07/1978,18.52,13,15.76
20/07/1978,16.62,12.19,14.4
21/07/1978,19.66,11.5,15.58
22/07/1978,19.98,11.34,15.66
23/07/1978,16.62,12.99,14.8
24/07/1978,20.3,11.8,16.05
25/07/1978,20.35,8.13,14.24
26/07/1978,21.04,12.67,16.86
27/07/1978,22.86,12.49,17.68
28/07/1978,23.02,15.43,19.22
29/07/1978,25.03,10.73,17.88
30/07/1978,20.64,16.32,18.48
31/07/1978,15.89,14.44,15.16
01/08/1978,19.46,14.03,16.74
02/08/1978,17.76,13.08,15.42
03/08/1978,19.27,13.8,16.53
04/08/1978,20.46,12.92,16.69
05/08/1978,19.01,13.23,16.12
06/08/1978,16.71,11.49,14.1
07/08/1978,19.09,11.13,15.11
08/08/1978,16.38,11.46,13.92
09/08/1978,18.18,11.4,14.79
10/08/1978,18.37,10.81,14.59
11/08/1978,21.1,8.6,14.85
12/08/1978,18.64,12.19,15.41
13/08/1978,21.85,9.22,15.54
14/08/1978,19.45,13.66,16.56
15/08/1978,20.13,12.56,16.34
16/08/1978,19.92,11.47,15.69
17/08/1978,20.86,8.47,14.67
18/08/1978,20.79,11.16,15.98
19/08/1978,24.4,10.13,17.27
20/08/1978,22.96,14.17,18.57
21/08/1978,22.57,11.26,16.92
22/08/1978,20.36,13.63,16.99
23/08/1978,19.22,9.43,14.33
24/08/1978,19.23,8.66,13.94
25/08/1978,20.89,9.37,15.13
26/08/1978,18.08,10.37,14.23
27/08/1978,19.64,8.36,14
28/08/1978,21.68,10.37,16.03
29/08/1978,17.54,10,13.77
30/08/1978,16.57,11.83,14.2
31/08/1978,14.15,5.94,10.05
01/09/1978,15.57,10.18,12.88
02/09/1978,15.81,9.09,12.45
03/09/1978,19.07,6.52,12.79
04/09/1978,19.72,6.94,13.33
05/09/1978,16.88,11.63,14.25
06/09/1978,19.68,13.42,16.55
07/09/1978,20.61,13.08,16.84
08/09/1978,19.34,9.86,14.6
09/09/1978,19.78,13.07,16.43
10/09/1978,21.41,15.38,18.4
11/09/1978,17.79,15.07,16.43
12/09/1978,18.6,8.81,13.71
13/09/1978,19.88,12.96,16.42
14/09/1978,17.81,10.69,14.25
15/09/1978,19.48,11.11,15.29
16/09/1978,21.9,11.86,16.88
17/09/1978,18.18,10.88,14.53
18/09/1978,17.84,6.24,12.04
19/09/1978,16.58,6.52,11.55
20/09/1978,18.92,4.99,11.96
21/09/1978,20.68,8.98,14.83
22/09/1978,19.24,11.54,15.39
23/09/1978,22.23,10.75,16.49
24/09/1978,21.07,13.88,17.47
25/09/1978,17.37,12.38,14.88
26/09/1978,17.62,6.97,12.29
27/09/1978,16.06,9.91,12.98
28/09/1978,14.86,8.81,11.84
29/09/1978,14.41,10.71,12.56
30/09/1978,12.35,7,9.67
01/10/1978,14.47,9.19,11.83
02/10/1978,13.53,2.08,7.81
03/10/1978,14.7,8,11.35
04/10/1978,14.57,4.19,9.38
05/10/1978,17.16,7.37,12.26
06/10/1978,17.9,10.24,14.07
07/10/1978,20.48,6.59,13.53
08/10/1978,18.33,10,14.17
09/10/1978,16.72,12.64,14.68
10/10/1978,20.43,11.59,16.01
11/10/1978,23.01,13.77,18.39
12/10/1978,23.5,10.4,16.95
13/10/1978,13.72,7.82,10.77
14/10/1978,13.94,8.4,11.17
15/10/1978,15.77,10.52,13.14
16/10/1978,13.48,6.25,9.87
17/10/1978,11.16,7.61,9.39
18/10/1978,12.08,1.33,6.71
19/10/1978,12.06,5.94,9
20/10/1978,15.72,9.26,12.49
21/10/1978,13.76,7.73,10.75
22/10/1978,15.31,9.07,12.19
23/10/1978,14.49,3.96,9.22
24/10/1978,17.14,7.01,12.07
25/10/1978,17.1,11.84,14.47
26/10/1978,14.66,11.25,12.95
27/10/1978,15.08,10.81,12.94
28/10/1978,12.45,3.78,8.12
29/10/1978,11.25,3.27,7.26
30/10/1978,14.23,5.15,9.69
31/10/1978,14.75,9.46,12.1
01/11/1978,15.81,8.55,12.18
02/11/1978,15.97,11.5,13.73
03/11/1978,12.62,4.39,8.51
04/11/1978,15.55,5.87,10.71
05/11/1978,14.64,9.46,12.05
06/11/1978,11.94,9.24,10.59
07/11/1978,15.3,7.69,11.49
08/11/1978,16.14,9.59,12.87
09/11/1978,11.81,1.59,6.7
10/11/1978,11.41,3.96,7.68
11/11/1978,9.7,6.7,8.2
12/11/1978,13.04,7.3,10.17
13/11/1978,11.68,3.9,7.79
14/11/1978,14.29,5.4,9.84
15/11/1978,13.71,11.62,12.66
16/11/1978,10.23,4.18,7.2
17/11/1978,14.29,6.04,10.17
18/11/1978,15.36,9.46,12.41
19/11/1978,13.86,12.97,13.41
20/11/1978,11.38,1.99,6.68
21/11/1978,12.84,4.23,8.54
22/11/1978,13.04,10.84,11.94
23/11/1978,12.69,9.85,11.27
24/11/1978,12.34,9.69,11.02
25/11/1978,6.21,0.91,3.56
26/11/1978,4.23,-1.27,1.48
27/11/1978,1.6,-4.33,-1.37
28/11/1978,2.53,-3.27,-0.37
29/11/1978,-0.8,-4.29,-2.55
30/11/1978,-0.03,-6.47,-3.25
01/12/1978,2.34,-6.95,-2.31
02/12/1978,6.04,-1.36,2.34
03/12/1978,6.6,2.31,4.46
04/12/1978,7.11,4.36,5.73
05/12/1978,4.45,-3.23,0.61
06/12/1978,3.01,-2.16,0.43
07/12/1978,9.34,-0.57,4.38
08/12/1978,10.71,2.87,6.79
09/12/1978,13.11,7.72,10.42
10/12/1978,13.89,8.9,11.4
11/12/1978,12.93,9.79,11.36
12/12/1978,10.95,9.25,10.1
13/12/1978,7.93,5.25,6.59
14/12/1978,9.28,4.06,6.67
15/12/1978,7.52,3.56,5.54
16/12/1978,4.81,4.05,4.43
17/12/1978,3.51,-1.17,1.17
18/12/1978,3.07,-0.32,1.37
19/12/1978,-0.02,-4.38,-2.2
20/12/1978,1.1,-4.1,-1.5
21/12/1978,1.66,-0.84,0.41
22/12/1978,1.82,-0.32,0.75
23/12/1978,6.79,-3.54,1.63
24/12/1978,9.1,-2.42,3.34
25/12/1978,9.49,3.67,6.58
26/12/1978,10.31,3.9,7.1
27/12/1978,10.01,7.91,8.96
28/12/1978,11.01,8.2,9.6
29/12/1978,8.1,7.35,7.73
30/12/1978,1.02,0.32,0.67
31/12/1978,-3.07,-4.83,-3.95
01/01/1979,-2.85,-8.93,-5.89
02/01/1979,2.08,-7.31,-2.61
03/01/1979,0.31,-8.53,-4.11
04/01/1979,0.55,-5.53,-2.49
05/01/1979,0.23,-4.68,-2.23
06/01/1979,5.98,-7.78,-0.9
07/01/1979,8.14,-6.56,0.79
08/01/1979,6.63,5.21,5.92
09/01/1979,5.35,-0.15,2.6
10/01/1979,3.65,-0.13,1.76
11/01/1979,3.91,0.2,2.05
12/01/1979,2.23,-1.03,0.6
13/01/1979,1.53,-7.76,-3.12
14/01/1979,3.81,-6.4,-1.29
15/01/1979,6.18,0.95,3.57
16/01/1979,6.45,3.59,5.02
17/01/1979,1.39,0.54,0.97
18/01/1979,0.44,-0.71,-0.13
19/01/1979,2.11,-1.99,0.06
20/01/1979,4.58,-1.47,1.56
21/01/1979,1.24,-3.14,-0.95
22/01/1979,-0.13,-3.03,-1.58
23/01/1979,-0.27,-2.91,-1.59
24/01/1979,2.5,-7.14,-2.32
25/01/1979,2.63,-6.04,-1.7
26/01/1979,1,-1.21,-0.11
27/01/1979,-0.02,-7.46,-3.74
28/01/1979,2.76,-10.22,-3.73
29/01/1979,2.86,-3.33,-0.23
30/01/1979,3.41,-0.47,1.47
31/01/1979,5.21,-1.76,1.73
01/02/1979,8.38,1.82,5.1
02/02/1979,3.08,-0.14,1.47
03/02/1979,4.69,-2.94,0.87
04/02/1979,3.05,-1.3,0.88
05/02/1979,3.78,-0.04,1.87
06/02/1979,2.91,-3.36,-0.23
07/02/1979,2.74,-1.98,0.38
08/02/1979,2.17,-1.81,0.18
09/02/1979,2.33,-0.68,0.83
10/02/1979,1.61,0.16,0.89
11/02/1979,1.33,0.24,0.79
12/02/1979,0.98,-0.91,0.03
13/02/1979,4.63,-0.72,1.95
14/02/1979,-0.45,-0.87,-0.66
15/02/1979,-1.45,-5.99,-3.72
16/02/1979,-0.46,-4.52,-2.49
17/02/1979,-1.29,-1.73,-1.51
18/02/1979,0.54,-2.83,-1.14
19/02/1979,1.61,-1.5,0.06
20/02/1979,1.91,0.55,1.23
21/02/1979,3,0.5,1.75
22/02/1979,7.08,0.83,3.96
23/02/1979,7.81,1.06,4.44
24/02/1979,5.53,-1.22,2.15
25/02/1979,4.71,-4.85,-0.07
26/02/1979,6.13,-3.28,1.43
27/02/1979,8.28,-0.6,3.84
28/02/1979,5.49,0.72,3.11
01/03/1979,8.43,-0.99,3.72
02/03/1979,10.53,1.34,5.93
03/03/1979,12.24,8.42,10.33
04/03/1979,9.24,2.9,6.07
05/03/1979,9.88,1.32,5.6
06/03/1979,6.79,3.78,5.28
07/03/1979,8.12,1.33,4.72
08/03/1979,9.05,1.12,5.08
09/03/1979,9.24,5.39,7.31
10/03/1979,10.06,-0.15,4.95
11/03/1979,11.01,0.82,5.91
12/03/1979,9.53,3.58,6.56
13/03/1979,3.2,3.12,3.16
14/03/1979,3.62,1.37,2.49
15/03/1979,1.95,0.71,1.33
16/03/1979,0.5,-0.39,0.06
17/03/1979,3.78,-0.4,1.69
18/03/1979,6.65,-0.11,3.27
19/03/1979,5,0.89,2.95
20/03/1979,9.17,2.56,5.86
21/03/1979,5.87,1.64,3.76
22/03/1979,7.67,0.56,4.12
23/03/1979,8.13,-2.24,2.94
24/03/1979,10.83,-0.26,5.28
25/03/1979,12.15,3.71,7.93
26/03/1979,6.5,2.43,4.47
27/03/1979,8.6,1.93,5.26
28/03/1979,5.86,0.29,3.08
29/03/1979,5.64,2.04,3.84
30/03/1979,6.94,2.27,4.61
31/03/1979,9.82,1.51,5.66
01/04/1979,10.07,4.42,7.25
02/04/1979,8.99,1.55,5.27
03/04/1979,6.92,-1.4,2.76
04/04/1979,7.31,-2.12,2.59
05/04/1979,6.54,-0.55,2.99
06/04/1979,6.95,-1.15,2.9
07/04/1979,7.42,1.33,4.38
08/04/1979,8.34,3.23,5.79
09/04/1979,11.79,4.76,8.27
10/04/1979,12.63,6,9.32
11/04/1979,14.93,9.47,12.2
12/04/1979,11.61,6.92,9.26
13/04/1979,15.35,6.58,10.97
14/04/1979,20.56,7.05,13.8
15/04/1979,21.04,7.15,14.09
16/04/1979,14.04,5.96,10
17/04/1979,9.27,4.67,6.97
18/04/1979,13.39,1.9,7.65
19/04/1979,12.34,7.05,9.69
20/04/1979,11.91,7.66,9.79
21/04/1979,12.96,5.09,9.03
22/04/1979,11.62,5.42,8.52
23/04/1979,12.91,7.99,10.45
24/04/1979,10.03,5.3,7.67
25/04/1979,10.58,3.69,7.13
26/04/1979,10.79,3.13,6.96
27/04/1979,12.21,5.09,8.65
28/04/1979,12.45,6.94,9.7
29/04/1979,12.48,3.93,8.21
30/04/1979,11.28,4.16,7.72
01/05/1979,7.41,3.35,5.38
02/05/1979,8.45,-0.29,4.08
03/05/1979,8.97,-0.47,4.25
04/05/1979,9.07,-0.59,4.24
05/05/1979,9.03,0.44,4.74
06/05/1979,11.62,0.42,6.02
07/05/1979,13.2,3.99,8.6
08/05/1979,14.85,8.07,11.46
09/05/1979,14.85,4,9.42
10/05/1979,12.36,6.96,9.66
11/05/1979,14.27,8.54,11.41
12/05/1979,19.6,9.81,14.7
13/05/1979,22.96,10.67,16.81
14/05/1979,24.79,9.27,17.03
15/05/1979,25.22,11.99,18.61
16/05/1979,17.78,12.48,15.13
17/05/1979,13.95,7.03,10.49
18/05/1979,14.86,7.52,11.19
19/05/1979,16.02,3.83,9.92
20/05/1979,12.05,5.41,8.73
21/05/1979,13.49,8,10.75
22/05/1979,14.56,6.71,10.64
23/05/1979,13.32,7.4,10.36
24/05/1979,13.77,6.4,10.09
25/05/1979,12.39,4.1,8.24
26/05/1979,12.06,6.3,9.18
27/05/1979,14.53,7.15,10.84
28/05/1979,13.97,7.6,10.78
29/05/1979,18.26,11.61,14.94
30/05/1979,14.31,10.97,12.64
31/05/1979,15.73,9.91,12.82
01/06/1979,18.95,6.47,12.71
02/06/1979,16.9,10.09,13.49
03/06/1979,17.35,9.43,13.39
04/06/1979,17.91,11.22,14.57
05/06/1979,19.1,12.01,15.55
06/06/1979,16.21,8.66,12.44
07/06/1979,14.27,8.91,11.59
08/06/1979,17.69,7.14,12.42
09/06/1979,19.6,11.55,15.57
10/06/1979,18.47,11.82,15.15
11/06/1979,18.59,9.26,13.93
12/06/1979,15.48,8.58,12.03
13/06/1979,18.33,12.34,15.33
14/06/1979,14.93,12.15,13.54
15/06/1979,15.78,7.35,11.57
16/06/1979,19.42,7.6,13.51
17/06/1979,19.6,13.45,16.52
18/06/1979,23.24,9.84,16.54
19/06/1979,25.15,13.26,19.21
20/06/1979,25.25,13.4,19.33
21/06/1979,18.05,13.94,16
22/06/1979,19.78,7.7,13.74
23/06/1979,19.24,9.75,14.49
24/06/1979,14.49,10.01,12.25
25/06/1979,17.92,9.02,13.47
26/06/1979,19.33,8.38,13.85
27/06/1979,19.36,9.76,14.56
28/06/1979,19.38,10.49,14.94
29/06/1979,15.9,12.42,14.16
30/06/1979,14.95,11.12,13.03
01/07/1979,18.61,8.76,13.68
02/07/1979,20.07,11.3,15.69
03/07/1979,20.92,12.03,16.48
04/07/1979,23.49,10.1,16.8
05/07/1979,23.53,11.91,17.72
06/07/1979,24.66,13.18,18.92
07/07/1979,20.6,13.43,17.02
08/07/1979,21.93,12.05,16.99
09/07/1979,19.25,15.94,17.59
10/07/1979,19.22,11.39,15.3
11/07/1979,20.65,13.8,17.22
12/07/1979,24.23,10.72,17.47
13/07/1979,24.66,10.43,17.55
14/07/1979,21.46,11.46,16.46
15/07/1979,20.67,13.47,17.07
16/07/1979,22.74,11.87,17.3
17/07/1979,25.7,13.1,19.4
18/07/1979,21.48,13.64,17.56
19/07/1979,16.93,12.53,14.73
20/07/1979,19.97,12.72,16.34
21/07/1979,18.25,12.47,15.36
22/07/1979,16.33,9.87,13.1
23/07/1979,19.03,12.04,15.53
24/07/1979,22.12,12.01,17.06
25/07/1979,23.39,13.16,18.28
26/07/1979,25.08,11.63,18.36
27/07/1979,28.91,11.8,20.36
28/07/1979,24.58,15.36,19.97
29/07/1979,22.46,17.17,19.82
30/07/1979,22.05,14.1,18.08
31/07/1979,20.08,14.22,17.15
01/08/1979,21.01,13.43,17.22
02/08/1979,21.04,13.2,17.12
03/08/1979,19.9,13.54,16.72
04/08/1979,20.33,11.73,16.03
05/08/1979,22.55,9.41,15.98
06/08/1979,22.06,13.07,17.56
07/08/1979,22.83,15.34,19.09
08/08/1979,18.09,10.8,14.44
09/08/1979,17.21,12.33,14.77
10/08/1979,19.11,8.63,13.87
11/08/1979,22.89,14.34,18.62
12/08/1979,24.71,15.96,20.34
13/08/1979,19.48,16.96,18.22
14/08/1979,18.4,15.84,17.12
15/08/1979,18.89,9.98,14.43
16/08/1979,18.04,9.66,13.85
17/08/1979,16.27,12.56,14.41
18/08/1979,17.75,11.97,14.86
19/08/1979,19.51,12.87,16.19
20/08/1979,20.22,11.52,15.87
21/08/1979,18.43,12.03,15.23
22/08/1979,17.76,9.5,13.63
23/08/1979,14.73,8.9,11.82
24/08/1979,16.07,9.37,12.72
25/08/1979,15.83,7.97,11.9
26/08/1979,17.48,9.6,13.54
27/08/1979,17.06,7.42,12.24
28/08/1979,20.92,5.27,13.09
29/08/1979,22.16,6.74,14.45
30/08/1979,24.35,8.92,16.64
31/08/1979,20.32,12.21,16.26
01/09/1979,19.7,15.44,17.57
02/09/1979,19.73,13.28,16.51
03/09/1979,17.32,12.19,14.76
04/09/1979,20.63,10.41,15.52
05/09/1979,22.1,9.89,16
06/09/1979,23,10.21,16.6
07/09/1979,20.05,10.06,15.05
08/09/1979,20.88,10.24,15.56
09/09/1979,20.25,14.39,17.32
10/09/1979,20.1,13.55,16.82
11/09/1979,20.94,10.22,15.58
12/09/1979,16.66,10.61,13.63
13/09/1979,17.36,10.59,13.98
14/09/1979,16.74,5.01,10.88
15/09/1979,16.12,4.51,10.32
16/09/1979,19.53,5.39,12.46
17/09/1979,19.2,9.73,14.47
18/09/1979,18.13,13.33,15.73
19/09/1979,17.97,16.02,16.99
20/09/1979,15.78,8.74,12.26
21/09/1979,14.68,5.59,10.14
22/09/1979,12.31,2.28,7.29
23/09/1979,12.08,4.37,8.23
24/09/1979,14.72,5.38,10.05
25/09/1979,17.91,7.93,12.92
26/09/1979,20,12.98,16.49
27/09/1979,16.33,11.17,13.75
28/09/1979,15.86,4.94,10.4
29/09/1979,16.17,3.97,10.07
30/09/1979,15.42,5.49,10.46
01/10/1979,18.2,9.96,14.08
02/10/1979,18.49,3.85,11.17
03/10/1979,17.78,9.84,13.81
04/10/1979,15.08,13.83,14.45
05/10/1979,15.6,4.53,10.07
06/10/1979,16.9,4.45,10.68
07/10/1979,18.78,11.52,15.15
08/10/1979,20.08,10.95,15.51
09/10/1979,19.34,15.29,17.31
10/10/1979,14.54,12.91,13.73
11/10/1979,17.1,10.51,13.81
12/10/1979,17.83,11.74,14.78
13/10/1979,17.1,11.64,14.37
14/10/1979,16.53,9.54,13.04
15/10/1979,16.1,5.04,10.57
16/10/1979,13.34,7.23,10.28
17/10/1979,15.7,9.04,12.37
18/10/1979,15.07,6.59,10.83
19/10/1979,16.44,8.69,12.57
20/10/1979,12.13,8.48,10.3
21/10/1979,13.63,3.82,8.73
22/10/1979,11.49,5.07,8.28
23/10/1979,10.93,5.13,8.03
24/10/1979,12.9,5.13,9.01
25/10/1979,11.56,8.49,10.02
26/10/1979,12.19,9.25,10.72
27/10/1979,10.51,2.76,6.63
28/10/1979,8.63,0.34,4.48
29/10/1979,11.6,2.95,7.28
30/10/1979,13.74,4.53,9.13
31/10/1979,13.56,8.02,10.79
01/11/1979,12.69,6.66,9.67
02/11/1979,12.42,2.74,7.58
03/11/1979,14.89,5.33,10.11
04/11/1979,13.3,11.39,12.34
05/11/1979,11.3,5.82,8.56
06/11/1979,11.63,8.08,9.85
07/11/1979,13.27,7.1,10.18
08/11/1979,8.64,4.6,6.62
09/11/1979,8.23,3.09,5.66
10/11/1979,8.32,-0.24,4.04
11/11/1979,10.08,1.86,5.97
12/11/1979,5.96,3.83,4.9
13/11/1979,4.95,-4.05,0.45
14/11/1979,6.9,-1.81,2.55
15/11/1979,5.1,2.94,4.02
16/11/1979,6.03,1.52,3.77
17/11/1979,8.09,0.27,4.18
18/11/1979,8.78,2.3,5.54
19/11/1979,8.61,3.96,6.29
20/11/1979,3.87,0.02,1.95
21/11/1979,7.28,-1.6,2.84
22/11/1979,10.04,-1.27,4.39
23/11/1979,9.92,7.32,8.62
24/11/1979,7.8,0.94,4.37
25/11/1979,13.07,1.51,7.29
26/11/1979,13.87,6.67,10.27
27/11/1979,12.91,7.81,10.36
28/11/1979,12.89,9.62,11.26
29/11/1979,13.35,5.42,9.38
30/11/1979,13.44,7.15,10.29
01/12/1979,12.62,8.79,10.71
02/12/1979,13.35,9.09,11.22
03/12/1979,11.31,7.48,9.4
04/12/1979,14.25,6.82,10.54
05/12/1979,14.02,8.96,11.49
06/12/1979,13.61,7.97,10.79
07/12/1979,13.04,9.37,11.21
08/12/1979,11.49,9.23,10.36
09/12/1979,13.32,8.09,10.71
10/12/1979,9.9,6.96,8.43
11/12/1979,7.41,6.1,6.75
12/12/1979,11.42,1.6,6.51
13/12/1979,10.34,3.09,6.71
14/12/1979,10.26,4,7.13
15/12/1979,6.53,4.45,5.49
16/12/1979,10.26,2.06,6.16
17/12/1979,6.91,2.75,4.83
18/12/1979,5.94,3.18,4.56
19/12/1979,4.14,1.23,2.68
20/12/1979,3.48,0.31,1.89
21/12/1979,3.6,0.74,2.17
22/12/1979,1.5,-3,-0.75
23/12/1979,2.04,-0.05,1
24/12/1979,4.83,0.23,2.53
25/12/1979,5.51,-3.98,0.77
26/12/1979,7.38,-3.54,1.92
27/12/1979,11.52,2.96,7.24
28/12/1979,6.07,2.52,4.29
29/12/1979,4.66,1.29,2.98
30/12/1979,4.07,-0.17,1.95
31/12/1979,3.38,-0.39,1.5
01/01/1980,0.3,-2.34,-1.02
02/01/1980,1.55,-4.64,-1.54
03/01/1980,10.42,-3.86,3.28
04/01/1980,8.13,0.95,4.54
05/01/1980,7.91,2.26,5.09
06/01/1980,7.7,2.59,5.15
07/01/1980,5.27,1.57,3.42
08/01/1980,4.45,2.8,3.63
09/01/1980,3.59,-0.27,1.66
10/01/1980,3.11,0.62,1.86
11/01/1980,0.99,-2.21,-0.61
12/01/1980,1.03,-4.53,-1.75
13/01/1980,0.74,-4.68,-1.97
14/01/1980,0.32,-5.34,-2.51
15/01/1980,2.45,-4.56,-1.05
16/01/1980,3.21,0.28,1.75
17/01/1980,3.01,-1.17,0.92
18/01/1980,0.82,-1.7,-0.44
19/01/1980,3.54,-2.53,0.5
20/01/1980,5.64,0.8,3.22
21/01/1980,7.86,1.15,4.5
22/01/1980,6.7,2.69,4.69
23/01/1980,6.6,2.33,4.46
24/01/1980,6.61,0.91,3.76
25/01/1980,6.73,0.17,3.45
26/01/1980,3.56,-0.64,1.46
27/01/1980,3.34,-3.44,-0.05
28/01/1980,5.87,-2.49,1.69
29/01/1980,9,2.38,5.69
30/01/1980,9.54,3.5,6.52
31/01/1980,8.28,5.7,6.99
01/02/1980,7.74,-1.73,3
02/02/1980,8.44,-0.69,3.88
03/02/1980,8.48,3.64,6.06
04/02/1980,9.04,1.4,5.22
05/02/1980,9.81,1.98,5.89
06/02/1980,6.92,5.74,6.33
07/02/1980,9.85,2.84,6.34
08/02/1980,10.23,3.14,6.69
09/02/1980,10.97,7.82,9.4
10/02/1980,9.81,4.09,6.95
11/02/1980,10.94,5.12,8.03
12/02/1980,9.52,4.03,6.78
13/02/1980,7.83,4.77,6.3
14/02/1980,8.74,5.58,7.16
15/02/1980,11.77,6.29,9.03
16/02/1980,9.11,3.04,6.07
17/02/1980,12.73,3.61,8.17
18/02/1980,10.31,3.9,7.1
19/02/1980,9.23,4.43,6.83
20/02/1980,9.6,1.91,5.76
21/02/1980,9.39,3.56,6.47
22/02/1980,8.48,7.66,8.07
23/02/1980,7.97,-0.93,3.52
24/02/1980,5.63,0.28,2.96
25/02/1980,6.14,1.02,3.58
26/02/1980,6.33,-1.88,2.23
27/02/1980,5.58,-0.61,2.48
28/02/1980,8.79,0.95,4.87
29/02/1980,9.08,2.84,5.96
01/03/1980,9.05,4.57,6.81
02/03/1980,9.44,4.74,7.09
03/03/1980,6.3,-0.95,2.67
04/03/1980,8.68,-2.49,3.09
05/03/1980,6.69,0.04,3.36
06/03/1980,9.39,3.54,6.47
07/03/1980,7.38,3.24,5.31
08/03/1980,8.43,2.5,5.47
09/03/1980,10.44,2.81,6.63
10/03/1980,8.57,3.36,5.97
11/03/1980,9.68,1.4,5.54
12/03/1980,9.92,4.15,7.04
13/03/1980,7.51,1.18,4.34
14/03/1980,4.75,-0.05,2.35
15/03/1980,3.95,2.43,3.19
16/03/1980,3.47,1.81,2.64
17/03/1980,4.92,1.48,3.2
18/03/1980,5.81,-0.57,2.62
19/03/1980,1.81,0.63,1.22
20/03/1980,3.21,-0.86,1.17
21/03/1980,2.07,-2.45,-0.19
22/03/1980,6.69,-3.39,1.65
23/03/1980,7.98,-2.46,2.76
24/03/1980,10.16,3.86,7.01
25/03/1980,10.67,3.3,6.98
26/03/1980,11.38,2.44,6.91
27/03/1980,11.97,3.95,7.96
28/03/1980,11.59,5.28,8.44
29/03/1980,10.33,5.56,7.94
30/03/1980,9.12,1.42,5.27
31/03/1980,10.6,5.15,7.88
01/04/1980,10.83,6.6,8.72
02/04/1980,12.08,2.48,7.28
03/04/1980,11.71,1.62,6.66
04/04/1980,13.35,-0.27,6.54
05/04/1980,11.79,0.75,6.27
06/04/1980,12.31,3.19,7.75
07/04/1980,12.91,0.49,6.7
08/04/1980,10,3.04,6.52
09/04/1980,10.97,0.79,5.88
10/04/1980,11.08,3.36,7.22
11/04/1980,12.72,2.24,7.48
12/04/1980,16.75,4.9,10.82
13/04/1980,18.89,7.92,13.41
14/04/1980,20.32,8.05,14.18
15/04/1980,19.65,6.52,13.08
16/04/1980,17.53,7.45,12.49
17/04/1980,14.81,9.09,11.95
18/04/1980,17.83,6.2,12.02
19/04/1980,13.66,8.45,11.06
20/04/1980,8.51,2.09,5.3
21/04/1980,12.74,1.16,6.95
22/04/1980,10.77,7.27,9.02
23/04/1980,13.1,6.19,9.64
24/04/1980,13.98,6.3,10.14
25/04/1980,9.57,5.98,7.78
26/04/1980,10.89,2.35,6.62
27/04/1980,12.26,6.13,9.2
28/04/1980,10.14,5.74,7.94
29/04/1980,9.58,3.55,6.56
30/04/1980,11.54,4.64,8.09
01/05/1980,14.47,5.66,10.07
02/05/1980,13.05,6.49,9.77
03/05/1980,12.06,5.97,9.02
04/05/1980,15.13,2.2,8.67
05/05/1980,11.53,3.68,7.6
06/05/1980,11.32,1.58,6.45
07/05/1980,9.75,5.04,7.4
08/05/1980,9.99,4.08,7.04
09/05/1980,13.33,-0.79,6.27
10/05/1980,18.43,2.46,10.44
11/05/1980,21.11,4.21,12.66
12/05/1980,24.93,7.21,16.07
13/05/1980,23.13,9.74,16.44
14/05/1980,20.93,6.99,13.96
15/05/1980,19.22,5.1,12.16
16/05/1980,19.83,5.18,12.5
17/05/1980,20.33,4.56,12.45
18/05/1980,22.01,7.16,14.58
19/05/1980,22.77,7.05,14.91
20/05/1980,12.55,10.48,11.51
21/05/1980,17.59,9.26,13.42
22/05/1980,13.15,8.69,10.92
23/05/1980,12.01,5.45,8.73
24/05/1980,14.58,7.25,10.91
25/05/1980,15.48,9.59,12.54
26/05/1980,16.82,9.7,13.26
27/05/1980,16.8,7.67,12.24
28/05/1980,16.09,5.97,11.03
29/05/1980,14.2,6.99,10.6
30/05/1980,14.53,3.43,8.98
31/05/1980,12.2,7.53,9.86
01/06/1980,18.29,8.91,13.6
02/06/1980,16.96,9.5,13.23
03/06/1980,23.73,13.15,18.44
04/06/1980,27.86,14.86,21.36
05/06/1980,26.28,17.08,21.68
06/06/1980,19.58,9.31,14.44
07/06/1980,17.08,8.38,12.73
08/06/1980,17.09,8.55,12.82
09/06/1980,19.02,7.75,13.38
10/06/1980,17.5,11.97,14.73
11/06/1980,16.76,10.84,13.8
12/06/1980,20.53,11.73,16.13
13/06/1980,22.76,11.91,17.34
14/06/1980,17.36,12.95,15.15
15/06/1980,19,12.16,15.58
16/06/1980,16.61,12.29,14.45
17/06/1980,16.78,9.96,13.37
18/06/1980,19,9.91,14.46
19/06/1980,15.29,12.51,13.9
20/06/1980,15.13,7.8,11.46
21/06/1980,16.67,9.44,13.05
22/06/1980,14.29,8.24,11.26
23/06/1980,15.31,6.43,10.87
24/06/1980,15.59,9.51,12.55
25/06/1980,18.09,7.85,12.97
26/06/1980,17.91,9.78,13.85
27/06/1980,16.98,7.22,12.1
28/06/1980,17.21,10.16,13.69
29/06/1980,18.49,8.26,13.38
30/06/1980,17.45,8.12,12.78
01/07/1980,15.9,9.19,12.54
02/07/1980,19.45,11.1,15.28
03/07/1980,20.83,9.29,15.06
04/07/1980,17.65,11.9,14.77
05/07/1980,17.51,9.5,13.51
06/07/1980,18.17,9.43,13.8
07/07/1980,16.29,10.96,13.63
08/07/1980,15.46,10.36,12.91
09/07/1980,14.45,11.15,12.8
10/07/1980,15.08,8.28,11.68
11/07/1980,17.2,8.19,12.69
12/07/1980,16.52,10.58,13.55
13/07/1980,16.68,10.15,13.41
14/07/1980,16.4,10.96,13.68
15/07/1980,15.84,6.48,11.16
16/07/1980,18.65,8.13,13.39
17/07/1980,15.53,7.98,11.75
18/07/1980,16.68,12.66,14.67
19/07/1980,18.29,14.31,16.3
20/07/1980,17.46,12.16,14.81
21/07/1980,19.06,8.57,13.82
22/07/1980,21.88,7.7,14.79
23/07/1980,24.27,9.72,17
24/07/1980,23.47,9.93,16.7
25/07/1980,27.28,12.64,19.96
26/07/1980,19.66,16.76,18.21
27/07/1980,22.3,13.8,18.05
28/07/1980,24.56,11.95,18.25
29/07/1980,24.92,15.84,20.38
30/07/1980,20.66,13.73,17.19
31/07/1980,20.91,12.08,16.5
01/08/1980,22.03,12.25,17.14
02/08/1980,23.4,11.09,17.25
03/08/1980,22.19,14.67,18.43
04/08/1980,20.82,15.9,18.36
05/08/1980,18.65,13.64,16.14
06/08/1980,20.17,13.91,17.04
07/08/1980,21.43,15.15,18.29
08/08/1980,17.48,13.56,15.52
09/08/1980,21.15,13.67,17.41
10/08/1980,22.44,13.13,17.78
11/08/1980,18.33,14.33,16.33
12/08/1980,18.95,10.37,14.66
13/08/1980,24.29,12.05,18.17
14/08/1980,21.48,16.77,19.13
15/08/1980,22.49,16.06,19.27
16/08/1980,22.53,12.3,17.41
17/08/1980,20.55,13.7,17.13
18/08/1980,20.07,12.85,16.46
19/08/1980,18.92,11.32,15.12
20/08/1980,22.79,12.58,17.69
21/08/1980,19.32,13.57,16.45
22/08/1980,16.92,9.69,13.31
23/08/1980,16.87,8.33,12.6
24/08/1980,19.74,7,13.37
25/08/1980,19.72,6.85,13.29
26/08/1980,21.76,10.04,15.9
27/08/1980,23.16,9.36,16.26
28/08/1980,22,12.24,17.12
29/08/1980,18.07,15.35,16.71
30/08/1980,18.23,13.21,15.72
31/08/1980,19.83,10.62,15.22
01/09/1980,21.69,8.37,15.03
02/09/1980,22.72,11.86,17.29
03/09/1980,23.62,9.78,16.7
04/09/1980,20.53,11.56,16.04
05/09/1980,17.21,12.61,14.91
06/09/1980,20.75,10.91,15.83
07/09/1980,22.2,11.43,16.82
08/09/1980,19.88,13.75,16.81
09/09/1980,16.46,8.75,12.61
10/09/1980,18.22,11.86,15.04
11/09/1980,17.3,13.25,15.27
12/09/1980,17.69,13.56,15.62
13/09/1980,17.06,12.5,14.78
14/09/1980,19.52,12.58,16.05
15/09/1980,18.84,12.86,15.85
16/09/1980,18.75,14.76,16.76
17/09/1980,16.51,10.67,13.59
18/09/1980,17.49,12.54,15.01
19/09/1980,19.66,13.9,16.78
20/09/1980,18.24,14.29,16.26
21/09/1980,18.65,14.93,16.79
22/09/1980,19.45,12.59,16.02
23/09/1980,18.38,13.37,15.88
24/09/1980,17.46,10.23,13.84
25/09/1980,17.84,8.78,13.31
26/09/1980,18.93,6.95,12.94
27/09/1980,15.13,12.63,13.88
28/09/1980,14.78,12.08,13.43
29/09/1980,16.39,11.57,13.98
30/09/1980,17.21,10.36,13.78
01/10/1980,16.86,6.91,11.89
02/10/1980,15.14,5.82,10.48
03/10/1980,16.76,3.36,10.06
04/10/1980,14.37,10.23,12.3
05/10/1980,13.69,4.06,8.88
06/10/1980,14.95,8.24,11.59
07/10/1980,11.07,6.97,9.02
08/10/1980,12.14,6.06,9.1
09/10/1980,12.03,2.96,7.49
10/10/1980,8.24,2.45,5.34
11/10/1980,11.26,5.01,8.13
12/10/1980,11.8,3.86,7.83
13/10/1980,12.25,0.57,6.41
14/10/1980,11.43,7.62,9.53
15/10/1980,11.71,2.36,7.03
16/10/1980,6.59,5.23,5.91
17/10/1980,7.81,5.26,6.54
18/10/1980,9.23,2.59,5.91
19/10/1980,10.71,1.83,6.27
20/10/1980,11.75,6.59,9.17
21/10/1980,14.23,6.98,10.6
22/10/1980,14.37,8.93,11.65
23/10/1980,13.33,7.97,10.65
24/10/1980,12.36,4.47,8.41
25/10/1980,10.3,6.52,8.41
26/10/1980,15.96,7.67,11.82
27/10/1980,16.9,10.27,13.58
28/10/1980,14.51,13.85,14.18
29/10/1980,11.94,7.68,9.81
30/10/1980,9.87,1.91,5.89
31/10/1980,10.65,0.18,5.42
01/11/1980,8.93,3.41,6.17
02/11/1980,7.08,0.6,3.84
03/11/1980,4.9,-1.83,1.53
04/11/1980,4.53,-0.19,2.17
05/11/1980,4.11,1.04,2.58
06/11/1980,5.78,2.06,3.92
07/11/1980,3.12,0.35,1.73
08/11/1980,4.75,1.12,2.93
09/11/1980,6.34,1.65,4
10/11/1980,7.05,1.39,4.22
11/11/1980,7.15,2.68,4.92
12/11/1980,7.05,0.1,3.57
13/11/1980,9,1.13,5.07
14/11/1980,12.32,5.08,8.7
15/11/1980,14.47,8.33,11.4
16/11/1980,13.21,11.66,12.43
17/11/1980,13.21,11.13,12.17
18/11/1980,10.65,5.65,8.15
19/11/1980,13.17,4.17,8.67
20/11/1980,12.5,10.57,11.54
21/11/1980,13.66,9.98,11.82
22/11/1980,13.88,11.19,12.53
23/11/1980,13.73,12.9,13.32
24/11/1980,14.32,12.82,13.57
25/11/1980,8.08,5.26,6.67
26/11/1980,5.87,1.17,3.52
27/11/1980,7.53,0.25,3.89
28/11/1980,2.32,0.11,1.22
29/11/1980,2.56,-0.74,0.91
30/11/1980,3.28,-1.64,0.82
01/12/1980,5.75,-4.26,0.74
02/12/1980,6.12,-3.91,1.1
03/12/1980,3.96,1.15,2.56
04/12/1980,7,0.81,3.91
05/12/1980,8.83,2.69,5.76
06/12/1980,4.22,1.88,3.05
07/12/1980,2.95,-2.25,0.35
08/12/1980,4.39,-4.45,-0.03
09/12/1980,8.06,-2.91,2.57
10/12/1980,11.46,3.48,7.47
11/12/1980,10.68,8.05,9.37
12/12/1980,12.36,7.07,9.71
13/12/1980,11.36,9.03,10.2
14/12/1980,12.33,8.02,10.17
15/12/1980,6.03,3.81,4.92
16/12/1980,10.08,0.84,5.46
17/12/1980,10.32,1.29,5.8
18/12/1980,5.56,1.87,3.71
19/12/1980,6.28,-0.14,3.07
20/12/1980,5.86,0.55,3.21
21/12/1980,8.67,2.14,5.4
22/12/1980,11.31,2.3,6.81
23/12/1980,11.91,8.09,10
24/12/1980,11.34,9.25,10.3
25/12/1980,7,5.91,6.46
26/12/1980,5.13,1.11,3.12
27/12/1980,4.07,-0.52,1.78
28/12/1980,8.11,-0.84,3.63
29/12/1980,9.1,3.42,6.26
30/12/1980,8.54,7.61,8.08
31/12/1980,9.41,7.01,8.21
01/01/1981,7.99,4.54,6.26
02/01/1981,10.32,4.6,7.46
03/01/1981,9.57,7.8,8.68
04/01/1981,5.21,1.24,3.22
05/01/1981,6.11,-1.56,2.27
06/01/1981,5.43,-0.83,2.3
07/01/1981,6.05,-0.08,2.98
08/01/1981,8.81,1.12,4.97
09/01/1981,8.24,5.6,6.92
10/01/1981,3.29,0.88,2.08
11/01/1981,3.19,-0.88,1.15
12/01/1981,5.73,-0.51,2.61
13/01/1981,6.88,-2.79,2.04
14/01/1981,9.04,-2.36,3.34
15/01/1981,3.72,0.65,2.18
16/01/1981,7.24,-0.74,3.25
17/01/1981,6.73,0.8,3.77
18/01/1981,6.34,0.48,3.41
19/01/1981,6.89,2.66,4.77
20/01/1981,5.92,1.9,3.91
21/01/1981,11.54,2.29,6.91
22/01/1981,10.17,5.86,8.02
23/01/1981,9.21,7.71,8.46
24/01/1981,8.76,6.85,7.8
25/01/1981,8.56,2.25,5.4
26/01/1981,8.39,3.63,6.01
27/01/1981,6.92,5.59,6.25
28/01/1981,7.41,4.96,6.18
29/01/1981,6.38,5.92,6.15
30/01/1981,2.65,-1.09,0.78
31/01/1981,2.82,-2.69,0.07
01/02/1981,10.13,-1.5,4.32
02/02/1981,10.46,0.52,5.49
03/02/1981,9.09,2.66,5.88
04/02/1981,5.73,2.46,4.09
05/02/1981,9.38,0.12,4.75
06/02/1981,11.92,3.58,7.75
07/02/1981,10.42,8.16,9.29
08/02/1981,10.34,8.74,9.54
09/02/1981,7.92,7.23,7.58
10/02/1981,4.88,0.36,2.62
11/02/1981,5.28,-2.9,1.19
12/02/1981,4.81,-0.41,2.2
13/02/1981,4.52,-1.35,1.58
14/02/1981,2.97,-5.56,-1.29
15/02/1981,3.29,-5.05,-0.88
16/02/1981,6.32,-3.55,1.38
17/02/1981,5.32,-0.67,2.33
18/02/1981,2.14,0.34,1.24
19/02/1981,2.8,-0.42,1.19
20/02/1981,2.52,-1.69,0.41
21/02/1981,2.57,-4.9,-1.16
22/02/1981,2.59,-2.91,-0.16
23/02/1981,2.67,-1.17,0.75
24/02/1981,2.29,-2.57,-0.14
25/02/1981,2.04,-2.68,-0.32
26/02/1981,1.71,-1.09,0.31
27/02/1981,5.43,-0.39,2.52
28/02/1981,9.48,1.04,5.26
01/03/1981,9.32,4.39,6.85
02/03/1981,7.22,4.07,5.64
03/03/1981,4.01,3.98,3.99
04/03/1981,2.97,0.66,1.82
05/03/1981,7.34,0.69,4.01
06/03/1981,12.79,2.83,7.81
07/03/1981,12.1,7.54,9.82
08/03/1981,11.43,9.91,10.67
09/03/1981,11.72,9.79,10.75
10/03/1981,13.21,10.5,11.86
11/03/1981,12.51,10.89,11.7
12/03/1981,13.28,8.83,11.06
13/03/1981,11.4,6.46,8.93
14/03/1981,10.29,4.82,7.55
15/03/1981,9.06,5.33,7.2
16/03/1981,7.39,2.07,4.73
17/03/1981,6.58,0.58,3.58
18/03/1981,10.86,0.63,5.74
19/03/1981,9.93,6.31,8.12
20/03/1981,12.8,6.52,9.66
21/03/1981,10.83,8.36,9.6
22/03/1981,8.14,6.13,7.14
23/03/1981,14.43,2.78,8.6
24/03/1981,12.7,8.08,10.39
25/03/1981,14.17,10.15,12.16
26/03/1981,13.51,7.41,10.46
27/03/1981,13.71,5.62,9.67
28/03/1981,15.28,9.38,12.33
29/03/1981,10.59,6.37,8.48
30/03/1981,7.77,6.43,7.1
31/03/1981,7.7,4.78,6.24
01/04/1981,10.16,5.3,7.73
02/04/1981,12.92,2.82,7.87
03/04/1981,8.18,5.2,6.69
04/04/1981,6.72,4.18,5.45
05/04/1981,7.23,4.62,5.92
06/04/1981,9.7,4.12,6.91
07/04/1981,10.76,3.12,6.94
08/04/1981,15.09,5.48,10.28
09/04/1981,18.19,9.44,13.81
10/04/1981,20.84,6.11,13.48
11/04/1981,17.98,12.77,15.37
12/04/1981,15.11,7.86,11.48
13/04/1981,12.4,7.2,9.8
14/04/1981,14.8,4.63,9.71
15/04/1981,15.92,4.27,10.1
16/04/1981,14.5,3.73,9.12
17/04/1981,12.44,3.35,7.89
18/04/1981,11.51,0.29,5.9
19/04/1981,8.32,1.88,5.1
20/04/1981,10.5,2.01,6.26
21/04/1981,8.95,0.25,4.6
22/04/1981,10.28,4.06,7.17
23/04/1981,7.7,-1.39,3.16
24/04/1981,5.88,3.03,4.45
25/04/1981,7.97,-0.75,3.61
26/04/1981,4.69,0.2,2.45
27/04/1981,8.53,0.58,4.56
28/04/1981,9.77,-0.32,4.73
29/04/1981,13.88,5.94,9.91
30/04/1981,14.7,9.91,12.3
01/05/1981,9.24,6.84,8.04
02/05/1981,9.55,3.79,6.67
03/05/1981,8.5,0.44,4.47
04/05/1981,11.16,4.38,7.77
05/05/1981,13,1.09,7.05
06/05/1981,16.08,7.48,11.78
07/05/1981,17.28,8.21,12.74
08/05/1981,16.95,10.2,13.58
09/05/1981,16.45,7.55,12
10/05/1981,15.54,10.77,13.16
11/05/1981,21.11,10.66,15.88
12/05/1981,16.53,10.02,13.28
13/05/1981,17.09,6.91,12
14/05/1981,15.88,9.63,12.75
15/05/1981,16.69,7.36,12.02
16/05/1981,13.11,8.26,10.68
17/05/1981,12.73,7.83,10.28
18/05/1981,14.11,5.77,9.94
19/05/1981,16.83,8.69,12.76
20/05/1981,19.93,10.54,15.24
21/05/1981,14.88,9.77,12.32
22/05/1981,15.47,7.64,11.55
23/05/1981,15.44,10.45,12.94
24/05/1981,14.52,6.49,10.51
25/05/1981,11.67,7.83,9.75
26/05/1981,13.81,4.57,9.19
27/05/1981,15.79,6.52,11.15
28/05/1981,15.26,8.79,12.03
29/05/1981,15.77,10.74,13.25
30/05/1981,18.12,10.34,14.23
31/05/1981,20.97,12.14,16.55
01/06/1981,21.44,11.69,16.57
02/06/1981,18.03,14.14,16.09
03/06/1981,18.51,9.7,14.11
04/06/1981,15.51,8.01,11.76
05/06/1981,16.27,9.79,13.03
06/06/1981,16.65,9.69,13.17
07/06/1981,16.36,8.84,12.6
08/06/1981,17.81,12.08,14.95
09/06/1981,17,11.59,14.3
10/06/1981,17.14,8.64,12.89
11/06/1981,18.61,10.46,14.54
12/06/1981,15.96,10.89,13.42
13/06/1981,21.19,11.08,16.14
14/06/1981,23.51,13.3,18.4
15/06/1981,19.28,14.42,16.85
16/06/1981,16.67,8.53,12.6
17/06/1981,14.13,9.76,11.95
18/06/1981,16.91,7.6,12.26
19/06/1981,14.61,9.13,11.87
20/06/1981,16.95,10.47,13.71
21/06/1981,17.43,10.33,13.88
22/06/1981,23.11,7.85,15.48
23/06/1981,18.79,12.35,15.57
24/06/1981,17.25,12.21,14.73
25/06/1981,14.01,10.04,12.03
26/06/1981,12.3,9.33,10.82
27/06/1981,14.01,5.32,9.66
28/06/1981,14.45,6.89,10.67
29/06/1981,18.16,4.96,11.56
30/06/1981,19.65,9.53,14.59
01/07/1981,18.35,12.18,15.26
02/07/1981,17.14,8.93,13.04
03/07/1981,18.2,9.22,13.71
04/07/1981,19.81,9.11,14.46
05/07/1981,18.97,13.3,16.14
06/07/1981,19.95,13.66,16.8
07/07/1981,23.43,13.86,18.64
08/07/1981,24.92,11.54,18.23
09/07/1981,23.49,14.76,19.12
10/07/1981,23.33,13.87,18.6
11/07/1981,20.29,13.32,16.8
12/07/1981,19.1,12.87,15.99
13/07/1981,21.48,13.07,17.27
14/07/1981,21.07,10.66,15.87
15/07/1981,21.71,13.18,17.44
16/07/1981,19.36,12.83,16.09
17/07/1981,16.15,9.04,12.59
18/07/1981,19.05,9.6,14.33
19/07/1981,22.64,9.37,16.01
20/07/1981,22.55,13.39,17.97
21/07/1981,23.92,13.83,18.87
22/07/1981,17.33,12.82,15.07
23/07/1981,15.82,11.27,13.54
24/07/1981,14.77,10.74,12.75
25/07/1981,17.45,7.48,12.47
26/07/1981,23.73,12.2,17.96
27/07/1981,24.43,13.66,19.05
28/07/1981,25.24,12.64,18.94
29/07/1981,22.1,13.55,17.83
30/07/1981,23.99,10.25,17.12
31/07/1981,18.13,11.21,14.67
01/08/1981,18.85,11.84,15.34
02/08/1981,21.51,7.42,14.47
03/08/1981,24.62,11.27,17.94
04/08/1981,25.84,13.75,19.79
05/08/1981,27.21,16.48,21.85
06/08/1981,16.86,16.62,16.74
07/08/1981,14.9,13.63,14.27
08/08/1981,15.87,13.88,14.87
09/08/1981,17.26,13.88,15.57
10/08/1981,19.95,11.9,15.92
11/08/1981,23.41,9.14,16.28
12/08/1981,24.22,11.93,18.08
13/08/1981,23.28,11.32,17.3
14/08/1981,24.88,14.37,19.62
15/08/1981,23.02,16.69,19.85
16/08/1981,19.5,11.36,15.43
17/08/1981,22.24,7.79,15.01
18/08/1981,22.38,11.58,16.98
19/08/1981,19.72,13.02,16.37
20/08/1981,18.31,13.3,15.81
21/08/1981,18.25,7.82,13.03
22/08/1981,20.28,12.64,16.46
23/08/1981,20.89,10.84,15.86
24/08/1981,21.92,12.06,16.99
25/08/1981,24.17,11.29,17.73
26/08/1981,25.72,13.4,19.56
27/08/1981,27.25,10.97,19.11
28/08/1981,23.33,12.99,18.16
29/08/1981,22.76,12.73,17.74
30/08/1981,22.49,12.55,17.52
31/08/1981,19.95,13.24,16.59
01/09/1981,19.43,11.11,15.27
02/09/1981,20.37,10.03,15.2
03/09/1981,20.76,8.31,14.53
04/09/1981,22.22,8.66,15.44
05/09/1981,24.08,8.25,16.16
06/09/1981,24.11,9.22,16.67
07/09/1981,20.99,12.04,16.52
08/09/1981,22.93,15.27,19.1
09/09/1981,22.83,9.64,16.24
10/09/1981,23.57,12.93,18.25
11/09/1981,20.16,11.93,16.05
12/09/1981,18.53,10.94,14.73
13/09/1981,17.34,7.38,12.36
14/09/1981,17.74,7.68,12.71
15/09/1981,19.64,13.15,16.4
16/09/1981,18.07,13.64,15.85
17/09/1981,19.6,14.49,17.05
18/09/1981,17.85,13.48,15.66
19/09/1981,17.15,11.23,14.19
20/09/1981,16.01,10.91,13.46
21/09/1981,17.83,9.7,13.76
22/09/1981,17.94,10.33,14.13
23/09/1981,17.29,7.99,12.64
24/09/1981,18.92,12.81,15.87
25/09/1981,16.38,9.39,12.89
26/09/1981,14.77,11.89,13.33
27/09/1981,16.13,9.5,12.81
28/09/1981,16.78,8.82,12.8
29/09/1981,16.69,7.28,11.98
30/09/1981,18.31,11.73,15.02
01/10/1981,16.81,15.55,16.18
02/10/1981,12.81,11.19,12
03/10/1981,11.49,4.25,7.87
04/10/1981,15.34,6.21,10.78
05/10/1981,14.85,10.58,12.71
06/10/1981,15.73,8.49,12.11
07/10/1981,14.38,7.24,10.81
08/10/1981,16.28,8.35,12.32
09/10/1981,14.21,11.28,12.74
10/10/1981,9.34,6.77,8.05
11/10/1981,11.4,5.48,8.44
12/10/1981,10.21,5.6,7.9
13/10/1981,11,2.32,6.66
14/10/1981,9.96,2.85,6.4
15/10/1981,8.24,4.47,6.36
16/10/1981,10.18,-0.47,4.86
17/10/1981,7.99,0.51,4.25
18/10/1981,11.06,3.79,7.43
19/10/1981,13.96,5.55,9.75
20/10/1981,10.14,5.67,7.9
21/10/1981,9.88,2.65,6.26
22/10/1981,9.61,2.87,6.24
23/10/1981,9.44,0.42,4.93
24/10/1981,11.01,4.71,7.86
25/10/1981,6.86,3.55,5.21
26/10/1981,9.23,0.57,4.9
27/10/1981,11.43,3.81,7.62
28/10/1981,11.34,4.08,7.71
29/10/1981,10.82,5.7,8.26
30/10/1981,13.12,4.47,8.79
31/10/1981,13.67,6.05,9.86
01/11/1981,15.38,7.28,11.33
02/11/1981,14.18,12.76,13.47
03/11/1981,12.99,12.01,12.5
04/11/1981,10.47,7.22,8.84
05/11/1981,8.77,1.1,4.93
06/11/1981,7.43,-0.4,3.51
07/11/1981,6.46,0.57,3.51
08/11/1981,7.44,1.64,4.54
09/11/1981,7.18,-0.97,3.11
10/11/1981,8.35,0.97,4.66
11/11/1981,9.87,4.91,7.39
12/11/1981,10.62,8.44,9.53
13/11/1981,9.61,1.76,5.68
14/11/1981,8.86,3.26,6.06
15/11/1981,8.51,4.98,6.74
16/11/1981,9.33,6.29,7.81
17/11/1981,11.11,4.78,7.94
18/11/1981,11.88,5.77,8.83
19/11/1981,13.89,1.77,7.83
20/11/1981,14.39,4.14,9.26
21/11/1981,13.55,6.97,10.26
22/11/1981,13.72,10.46,12.09
23/11/1981,13.33,11.22,12.27
24/11/1981,6.18,2.54,4.36
25/11/1981,7.27,1.19,4.23
26/11/1981,12.12,2.05,7.08
27/11/1981,9.38,7.21,8.29
28/11/1981,6.64,3.11,4.88
29/11/1981,8.94,1.71,5.32
30/11/1981,11.49,3.06,7.28
01/12/1981,5.88,-0.06,2.91
02/12/1981,6.89,-0.66,3.11
03/12/1981,9.83,2.29,6.06
04/12/1981,9.11,4.18,6.64
05/12/1981,6.46,4.04,5.25
06/12/1981,6.55,2.03,4.29
07/12/1981,6.41,2.18,4.29
08/12/1981,-0.52,-1.06,-0.79
09/12/1981,0.04,-4.54,-2.25
10/12/1981,-0.69,-4.05,-2.37
11/12/1981,-0.52,-3.95,-2.24
12/12/1981,-3.42,-9.74,-6.58
13/12/1981,3.48,-15.75,-6.13
14/12/1981,5.2,-5.41,-0.11
15/12/1981,2.33,0.93,1.63
16/12/1981,-0.04,-4.24,-2.14
17/12/1981,-0.21,-5.3,-2.76
18/12/1981,0.44,-5.62,-2.59
19/12/1981,3.14,-7.06,-1.96
20/12/1981,2.08,-6.03,-1.97
21/12/1981,0.98,0.75,0.87
22/12/1981,-0.08,-0.98,-0.53
23/12/1981,-0.99,-5.22,-3.1
24/12/1981,0.55,-5.2,-2.33
25/12/1981,1.52,-3.8,-1.14
26/12/1981,3.11,-3.56,-0.22
27/12/1981,2.54,0.14,1.34
28/12/1981,3.31,-0.24,1.53
29/12/1981,8.71,1.54,5.13
30/12/1981,9.06,1.58,5.32
31/12/1981,7.24,2.06,4.65
01/01/1982,6.51,1.81,4.16
02/01/1982,11.91,1.95,6.93
03/01/1982,10.86,6.33,8.59
04/01/1982,10.81,8.65,9.73
05/01/1982,10.08,8.08,9.08
06/01/1982,0.99,-0.57,0.21
07/01/1982,-0.67,-3.84,-2.26
08/01/1982,-2.69,-3.36,-3.02
09/01/1982,-3.77,-4.64,-4.21
10/01/1982,-4.35,-9.86,-7.1
11/01/1982,-0.84,-9.28,-5.06
12/01/1982,-2.38,-6.33,-4.36
13/01/1982,-6.3,-10.02,-8.16
14/01/1982,-5.51,-16.4,-10.96
15/01/1982,4.57,-15.09,-5.26
16/01/1982,6.97,-6.11,0.43
17/01/1982,6.28,3.71,4.99
18/01/1982,8.62,4.55,6.59
19/01/1982,8.13,4.32,6.22
20/01/1982,8.15,5.66,6.9
21/01/1982,9.13,3.16,6.14
22/01/1982,7.55,2.85,5.2
23/01/1982,6.88,2.78,4.83
24/01/1982,6.78,-0.53,3.12
25/01/1982,9.42,1.29,5.35
26/01/1982,7.59,4.88,6.24
27/01/1982,4.59,1.13,2.86
28/01/1982,9.57,-1.09,4.24
29/01/1982,10.51,3.76,7.13
30/01/1982,10.42,7.81,9.11
31/01/1982,11.44,5.4,8.42
01/02/1982,8.59,6.24,7.41
02/02/1982,8.05,6.16,7.11
03/02/1982,7.12,2.71,4.91
04/02/1982,10.63,3.38,7
05/02/1982,11.35,5.01,8.18
06/02/1982,11.11,7.36,9.24
07/02/1982,7.65,4.43,6.04
08/02/1982,9.73,1.07,5.4
09/02/1982,13.32,2.45,7.88
10/02/1982,9.98,5.37,7.68
11/02/1982,9.72,5.86,7.79
12/02/1982,10.2,2.54,6.37
13/02/1982,9.91,5.49,7.7
14/02/1982,6.12,1.63,3.88
15/02/1982,4.28,0.76,2.52
16/02/1982,3.26,1.81,2.53
17/02/1982,2.72,0.96,1.84
18/02/1982,5.19,0.03,2.61
19/02/1982,4.38,2.51,3.45
20/02/1982,1.39,-1.34,0.03
21/02/1982,5.89,-1.95,1.97
22/02/1982,4.92,-1.06,1.93
23/02/1982,2.11,-2.89,-0.39
24/02/1982,5.97,-3.23,1.37
25/02/1982,4.15,-0.21,1.97
26/02/1982,7.92,2.89,5.41
27/02/1982,10.21,2.98,6.6
28/02/1982,11.43,4.92,8.18
01/03/1982,9.46,7.2,8.33
02/03/1982,10.2,2.69,6.45
03/03/1982,9.47,6.66,8.06
04/03/1982,8.97,3.15,6.06
05/03/1982,9.41,-1.78,3.82
06/03/1982,7.4,1.58,4.49
07/03/1982,7.76,3.82,5.79
08/03/1982,6.75,-0.43,3.16
09/03/1982,9.47,-0.33,4.57
10/03/1982,11.39,2.07,6.73
11/03/1982,8.41,1.4,4.91
12/03/1982,7.58,4.69,6.14
13/03/1982,9.65,1.23,5.44
14/03/1982,10.4,3.39,6.9
15/03/1982,8.05,6.29,7.17
16/03/1982,6.94,0.66,3.8
17/03/1982,8.62,2.75,5.68
18/03/1982,9.04,2.33,5.68
19/03/1982,6.86,2.81,4.84
20/03/1982,6.45,2.53,4.49
21/03/1982,7.9,1.79,4.84
22/03/1982,10.95,3.83,7.39
23/03/1982,12.29,0.78,6.54
24/03/1982,12.72,2.13,7.42
25/03/1982,14.85,2.01,8.43
26/03/1982,16.44,1.52,8.98
27/03/1982,16.55,1.17,8.86
28/03/1982,13.24,1.8,7.52
29/03/1982,7.52,2.73,5.13
30/03/1982,7.96,3.08,5.52
31/03/1982,9.08,2.25,5.66
01/04/1982,10.55,2.2,6.37
02/04/1982,11.39,3.64,7.51
03/04/1982,13.91,6.24,10.07
04/04/1982,15.85,6.88,11.36
05/04/1982,16.56,6.49,11.53
06/04/1982,13.21,8.64,10.93
07/04/1982,14.03,8.64,11.33
08/04/1982,8.59,4.22,6.41
09/04/1982,9.56,-0.1,4.73
10/04/1982,11.07,5.08,8.08
11/04/1982,8.54,2,5.27
12/04/1982,7.96,1.83,4.9
13/04/1982,9.32,-0.25,4.53
14/04/1982,13.75,1.61,7.68
15/04/1982,15.7,2.36,9.03
16/04/1982,14.96,4.22,9.59
17/04/1982,12.13,3.68,7.9
18/04/1982,12.25,1.77,7.01
19/04/1982,13.4,1.49,7.44
20/04/1982,15.12,1.33,8.23
21/04/1982,16.06,7.63,11.84
22/04/1982,16.22,3.99,10.1
23/04/1982,13.64,8.28,10.96
24/04/1982,14.09,5.11,9.6
25/04/1982,16.79,6.48,11.63
26/04/1982,13.84,6.09,9.96
27/04/1982,16.28,5.79,11.04
28/04/1982,16.71,6.77,11.74
29/04/1982,11.12,7.45,9.28
30/04/1982,12.78,4.04,8.41
01/05/1982,10.92,7.13,9.02
02/05/1982,11.26,2.11,6.68
03/05/1982,11.83,4.03,7.93
04/05/1982,10.74,2.1,6.42
05/05/1982,10.47,-0.34,5.06
06/05/1982,10.9,4.38,7.64
07/05/1982,11.4,4.36,7.88
08/05/1982,12.73,1.02,6.87
09/05/1982,14.23,2.63,8.43
10/05/1982,15.13,3.35,9.24
11/05/1982,17.5,2.72,10.11
12/05/1982,20.57,7.66,14.12
13/05/1982,23.54,10.4,16.97
14/05/1982,23.18,5.08,14.13
15/05/1982,24.65,6.78,15.72
16/05/1982,20.48,9.69,15.09
17/05/1982,17.62,7.98,12.8
18/05/1982,18.95,5.46,12.21
19/05/1982,16.48,7.36,11.92
20/05/1982,15.63,11.46,13.55
21/05/1982,18.2,11.87,15.04
22/05/1982,15.1,11.56,13.33
23/05/1982,15.32,9.06,12.19
24/05/1982,15.91,7.69,11.8
25/05/1982,18.59,11.74,15.17
26/05/1982,20.63,9.87,15.25
27/05/1982,14.89,10.78,12.84
28/05/1982,18.91,6.55,12.73
29/05/1982,21.72,7.54,14.63
30/05/1982,21.3,8.87,15.09
31/05/1982,25.45,9.85,17.65
01/06/1982,24.92,13.54,19.23
02/06/1982,25.61,13.78,19.69
03/06/1982,24.26,13.49,18.88
04/06/1982,27.42,14.78,21.1
05/06/1982,28.17,15.73,21.95
06/06/1982,26.67,16.27,21.47
07/06/1982,23.16,14.45,18.81
08/06/1982,25.18,17.37,21.28
09/06/1982,24.34,15.3,19.82
10/06/1982,20.03,11.35,15.69
11/06/1982,20.23,12.48,16.35
12/06/1982,19.42,10.44,14.93
13/06/1982,15.07,9.19,12.13
14/06/1982,16.78,7.3,12.04
15/06/1982,17.15,7.67,12.41
16/06/1982,19.9,10.23,15.07
17/06/1982,21.95,9.29,15.62
18/06/1982,18.78,12.17,15.47
19/06/1982,18,11.89,14.94
20/06/1982,20.4,8.96,14.68
21/06/1982,17.23,12.45,14.84
22/06/1982,19.01,13.55,16.28
23/06/1982,17.22,12.76,14.99
24/06/1982,19.36,12.41,15.88
25/06/1982,17.47,13.15,15.31
26/06/1982,17.2,11.96,14.58
27/06/1982,19.56,12.17,15.86
28/06/1982,18.6,12.56,15.58
29/06/1982,18.26,11.18,14.72
30/06/1982,20.25,10.26,15.25
01/07/1982,19.66,12.83,16.25
02/07/1982,18.7,13.82,16.26
03/07/1982,19.14,11.46,15.3
04/07/1982,18.07,9.49,13.78
05/07/1982,20.81,11.27,16.04
06/07/1982,21.27,13.29,17.28
07/07/1982,23.35,11.57,17.46
08/07/1982,27.21,13.33,20.27
09/07/1982,25.16,15.54,20.35
10/07/1982,22.57,15.43,19
11/07/1982,25.35,12.68,19.02
12/07/1982,17.66,14.24,15.95
13/07/1982,24.55,13.98,19.27
14/07/1982,20.06,14.51,17.29
15/07/1982,20.61,14.34,17.48
16/07/1982,19.66,9.91,14.79
17/07/1982,21.83,9.12,15.48
18/07/1982,21.52,11.69,16.6
19/07/1982,22.47,12.18,17.32
20/07/1982,20.5,9.84,15.17
21/07/1982,19.82,13.97,16.9
22/07/1982,18.4,11.09,14.74
23/07/1982,17.22,12.25,14.74
24/07/1982,18.96,12.64,15.8
25/07/1982,24.34,12.53,18.44
26/07/1982,20.64,13.86,17.25
27/07/1982,17.83,10.01,13.92
28/07/1982,21.34,8.02,14.68
29/07/1982,23.39,10.67,17.03
30/07/1982,25.59,13.74,19.66
31/07/1982,24.92,15.54,20.23
01/08/1982,24.57,15.44,20.01
02/08/1982,26.24,15.86,21.05
03/08/1982,27.4,16.15,21.78
04/08/1982,23.37,16.11,19.74
05/08/1982,22.79,15.31,19.05
06/08/1982,23.87,16.95,20.41
07/08/1982,19.11,15.17,17.14
08/08/1982,23.07,12.11,17.59
09/08/1982,22.37,14.39,18.38
10/08/1982,23.67,13.28,18.47
11/08/1982,23.12,15.23,19.17
12/08/1982,20.82,15.01,17.91
13/08/1982,18.89,13.44,16.16
14/08/1982,19.23,8.28,13.75
15/08/1982,21.37,12.46,16.91
16/08/1982,19.51,14.46,16.98
17/08/1982,18.72,10.83,14.78
18/08/1982,19.01,15.21,17.11
19/08/1982,17.9,9.28,13.59
20/08/1982,17.7,8.32,13.01
21/08/1982,19.75,9.51,14.63
22/08/1982,19.5,14.19,16.84
23/08/1982,17.79,10.25,14.02
24/08/1982,16,12.64,14.32
25/08/1982,16.71,9.45,13.08
26/08/1982,17.84,9.87,13.85
27/08/1982,18.72,8.31,13.52
28/08/1982,19.7,6.91,13.3
29/08/1982,21.05,8.87,14.96
30/08/1982,18.8,13.13,15.96
31/08/1982,16.07,9.59,12.83
01/09/1982,17.72,9.75,13.73
02/09/1982,20.48,7.96,14.22
03/09/1982,22.24,8.3,15.27
04/09/1982,22.06,11.7,16.88
05/09/1982,22.25,10.95,16.6
06/09/1982,18.54,13.8,16.17
07/09/1982,20.49,12.71,16.6
08/09/1982,18.54,11.41,14.97
09/09/1982,19.64,12.29,15.96
10/09/1982,23.43,11.61,17.52
11/09/1982,19.1,12.69,15.89
12/09/1982,21.03,12.68,16.86
13/09/1982,20.89,7.66,14.27
14/09/1982,20.48,5.07,12.78
15/09/1982,22,9.22,15.61
16/09/1982,25.41,9.8,17.61
17/09/1982,26.15,11.85,19
18/09/1982,27.12,13.55,20.34
19/09/1982,19.5,14.98,17.24
20/09/1982,19.17,15.56,17.36
21/09/1982,15.48,12.83,14.15
22/09/1982,14.57,5.13,9.85
23/09/1982,15.65,8.74,12.2
24/09/1982,15.93,7.33,11.63
25/09/1982,17.96,9.46,13.71
26/09/1982,15.94,11.68,13.81
27/09/1982,16.08,11.29,13.68
28/09/1982,16.54,8.83,12.69
29/09/1982,12.53,10.35,11.44
30/09/1982,16.33,4.82,10.57
01/10/1982,15.77,8.99,12.38
02/10/1982,14.16,13.15,13.65
03/10/1982,15.45,7.59,11.52
04/10/1982,13.89,8.49,11.19
05/10/1982,10.7,7.65,9.17
06/10/1982,14.19,7.81,11
07/10/1982,12.86,9.52,11.19
08/10/1982,11.97,9.75,10.86
09/10/1982,12.72,8.72,10.72
10/10/1982,13.34,7.1,10.22
11/10/1982,10.78,5.7,8.24
12/10/1982,11.24,4.69,7.96
13/10/1982,12.08,7.13,9.61
14/10/1982,11.24,7.08,9.16
15/10/1982,12.65,4.83,8.74
16/10/1982,12.04,6.14,9.09
17/10/1982,14.01,8.17,11.09
18/10/1982,14.98,8.68,11.83
19/10/1982,14.12,8.01,11.06
20/10/1982,14.6,10.56,12.58
21/10/1982,10.25,9.41,9.83
22/10/1982,9.89,8.4,9.15
23/10/1982,11.83,3.48,7.65
24/10/1982,12.06,1.69,6.88
25/10/1982,13.2,5.24,9.22
26/10/1982,14.99,9.44,12.21
27/10/1982,12.63,4.39,8.51
28/10/1982,12.88,3.35,8.11
29/10/1982,13.23,6.2,9.71
30/10/1982,13.34,9.92,11.63
31/10/1982,15.35,9.56,12.46
01/11/1982,15.95,12.22,14.08
02/11/1982,12.94,11.06,12
03/11/1982,12.77,10.77,11.77
04/11/1982,12.51,10.92,11.71
05/11/1982,11.82,10.96,11.39
06/11/1982,10.88,10.15,10.52
07/11/1982,11.77,9.33,10.55
08/11/1982,14.47,8.31,11.39
09/11/1982,13.51,10.32,11.91
10/11/1982,13.4,7.77,10.58
11/11/1982,14.21,10.47,12.34
12/11/1982,11.48,8.61,10.04
13/11/1982,8.53,3.32,5.93
14/11/1982,5.39,2.63,4.01
15/11/1982,9.58,1.75,5.66
16/11/1982,11.06,2.82,6.94
17/11/1982,11.2,3.76,7.48
18/11/1982,11.85,6.67,9.26
19/11/1982,9.72,4.6,7.16
20/11/1982,10.95,4.36,7.66
21/11/1982,11.47,7.34,9.41
22/11/1982,10.04,5.25,7.65
23/11/1982,11.9,6.06,8.98
24/11/1982,8.98,4.02,6.5
25/11/1982,8.88,4.71,6.8
26/11/1982,8.18,2.32,5.25
27/11/1982,2.11,-1.76,0.18
28/11/1982,5.19,-1.32,1.94
29/11/1982,4.65,-1.2,1.72
30/11/1982,2.01,-4.56,-1.27
01/12/1982,3.12,-2.99,0.06
02/12/1982,4.46,1.84,3.15
03/12/1982,6.78,0.27,3.52
04/12/1982,9.01,0.02,4.52
05/12/1982,8.54,4.51,6.52
06/12/1982,4.26,0.01,2.14
07/12/1982,11.46,-0.24,5.61
08/12/1982,6.82,3.9,5.36
09/12/1982,11.24,3.79,7.51
10/12/1982,6.33,3.44,4.89
11/12/1982,4.86,-0.2,2.33
12/12/1982,2.73,0.9,1.82
13/12/1982,4.26,0.86,2.56
14/12/1982,11.39,-1.59,4.9
15/12/1982,11.53,0.81,6.17
16/12/1982,6.66,4.77,5.72
17/12/1982,4.01,1.1,2.56
18/12/1982,6.76,-1.62,2.57
19/12/1982,11.12,-1.58,4.77
20/12/1982,5.99,2.81,4.4
21/12/1982,6.42,2.6,4.51
22/12/1982,2.66,-0.89,0.89
23/12/1982,7.68,-2.95,2.36
24/12/1982,9.21,-2.23,3.49
25/12/1982,9.45,7.65,8.55
26/12/1982,9.89,8.21,9.05
27/12/1982,8.5,6.57,7.53
28/12/1982,6.35,1.34,3.84
29/12/1982,7.05,1.82,4.43
30/12/1982,6.2,4.62,5.41
31/12/1982,8.46,3.61,6.03
01/01/1983,9.96,5.58,7.77
02/01/1983,11,2.7,6.85
03/01/1983,11.54,3.24,7.39
04/01/1983,12.05,8.31,10.18
05/01/1983,13.25,6.51,9.88
06/01/1983,11.22,11.24,11.23
07/01/1983,7.59,2.53,5.06
08/01/1983,9.16,2.12,5.64
09/01/1983,10.5,2.62,6.56
10/01/1983,10.57,4.36,7.47
11/01/1983,8.97,7.6,8.28
12/01/1983,10.34,6.23,8.28
13/01/1983,7.04,2.32,4.68
14/01/1983,9.5,0.26,4.88
15/01/1983,10.95,6.53,8.74
16/01/1983,10.36,9.24,9.8
17/01/1983,9.27,5.28,7.27
18/01/1983,6.15,3.86,5
19/01/1983,5.19,0.36,2.78
20/01/1983,4.63,-2.46,1.09
21/01/1983,6.31,-0.7,2.81
22/01/1983,5.94,4.1,5.02
23/01/1983,6.74,3.71,5.23
24/01/1983,10.43,2.6,6.52
25/01/1983,9.75,6.76,8.26
26/01/1983,11.94,5.77,8.85
27/01/1983,11.46,7.88,9.67
28/01/1983,10.55,8.1,9.32
29/01/1983,7.96,4.87,6.42
30/01/1983,3.94,0.84,2.39
31/01/1983,11.49,0.6,6.05
01/02/1983,7,0.38,3.69
02/02/1983,6.96,-0.27,3.34
03/02/1983,5.45,0.21,2.83
04/02/1983,7.88,-5.79,1.04
05/02/1983,4.94,-3.04,0.95
06/02/1983,4.55,2.57,3.56
07/02/1983,2.75,1.07,1.91
08/02/1983,1.01,0.04,0.53
09/02/1983,0.91,-2.53,-0.81
10/02/1983,0.96,-2.31,-0.68
11/02/1983,1.77,-1.56,0.1
12/02/1983,2.29,-0.83,0.73
13/02/1983,1.43,-3.05,-0.81
14/02/1983,1.47,-4.77,-1.65
15/02/1983,1.22,-1.99,-0.38
16/02/1983,1.72,-0.89,0.41
17/02/1983,2.86,-3.08,-0.11
18/02/1983,4.56,-3.95,0.3
19/02/1983,2.86,-2.45,0.21
20/02/1983,1.66,-1.49,0.08
21/02/1983,3.21,-1.03,1.09
22/02/1983,3.89,-3.72,0.08
23/02/1983,5.38,-3.7,0.84
24/02/1983,5.76,-0.7,2.53
25/02/1983,6.71,3.01,4.86
26/02/1983,11.47,4.71,8.09
27/02/1983,8.43,3.19,5.81
28/02/1983,7.87,1.83,4.85
01/03/1983,8.13,1.07,4.6
02/03/1983,7.04,3.75,5.4
03/03/1983,11.02,4.96,7.99
04/03/1983,6.88,3,4.94
05/03/1983,10.82,0.27,5.54
06/03/1983,10.81,2.39,6.6
07/03/1983,9.48,3.05,6.26
08/03/1983,10.93,-0.17,5.38
09/03/1983,7.6,1.23,4.41
10/03/1983,13.71,1.25,7.48
11/03/1983,10.57,2.82,6.7
12/03/1983,8.64,5.08,6.86
13/03/1983,11.41,5.5,8.45
14/03/1983,9.6,7.1,8.35
15/03/1983,10.68,-0.72,4.98
16/03/1983,9.57,1.65,5.61
17/03/1983,12.82,5.68,9.25
18/03/1983,11.99,9.13,10.56
19/03/1983,13.46,8.25,10.85
20/03/1983,10.84,6.5,8.67
21/03/1983,8.49,3.05,5.77
22/03/1983,9.11,1.76,5.43
23/03/1983,10.43,2.54,6.49
24/03/1983,5.98,3.63,4.81
25/03/1983,8.27,-0.58,3.84
26/03/1983,7.29,0.64,3.96
27/03/1983,7.86,3.72,5.79
28/03/1983,8.24,-1.96,3.14
29/03/1983,8.83,1.16,5
30/03/1983,8.73,3.17,5.95
31/03/1983,9.88,2.35,6.12
01/04/1983,7.75,1.13,4.44
02/04/1983,8.63,1.98,5.31
03/04/1983,7.97,-1.64,3.16
04/04/1983,9.29,1.17,5.23
05/04/1983,8.67,1.76,5.21
06/04/1983,9.28,2.15,5.72
07/04/1983,10.8,1.79,6.29
08/04/1983,11.45,3.56,7.51
09/04/1983,11.24,0.9,6.07
10/04/1983,12.47,5,8.74
11/04/1983,8.24,4.32,6.28
12/04/1983,8.99,0.52,4.76
13/04/1983,10.47,0.65,5.56
14/04/1983,11.71,1.97,6.84
15/04/1983,15.73,2.06,8.89
16/04/1983,16.8,3.34,10.07
17/04/1983,8.69,6.85,7.77
18/04/1983,4.05,3.41,3.73
19/04/1983,6.62,2.07,4.35
20/04/1983,9.09,-0.64,4.22
21/04/1983,11.3,3.14,7.22
22/04/1983,12.73,5.95,9.34
23/04/1983,13.45,6.68,10.07
24/04/1983,13.99,3.92,8.96
25/04/1983,12.07,7.41,9.74
26/04/1983,14.24,6.4,10.32
27/04/1983,14.3,6.99,10.64
28/04/1983,14.14,5.43,9.79
29/04/1983,13.89,4.75,9.32
30/04/1983,15.15,5.72,10.43
01/05/1983,11.52,7.96,9.74
02/05/1983,9.48,6.03,7.75
03/05/1983,13.74,6.83,10.28
04/05/1983,13.67,4.59,9.13
05/05/1983,17.22,9.02,13.12
06/05/1983,16.56,11.34,13.95
07/05/1983,14.43,9.92,12.17
08/05/1983,16.37,9.54,12.95
09/05/1983,13.4,5.82,9.61
10/05/1983,12.06,3.54,7.8
11/05/1983,12.19,4.19,8.19
12/05/1983,12.22,6.35,9.28
13/05/1983,13.85,7.72,10.79
14/05/1983,14.52,6.85,10.69
15/05/1983,15,7.41,11.2
16/05/1983,17.76,6.95,12.36
17/05/1983,14.74,9.32,12.03
18/05/1983,15.04,6.36,10.7
19/05/1983,12.45,7.22,9.83
20/05/1983,12.94,7.41,10.17
21/05/1983,12.57,6.75,9.66
22/05/1983,14.26,4.92,9.59
23/05/1983,14.49,6.98,10.74
24/05/1983,15.58,9.22,12.4
25/05/1983,17.32,5.95,11.64
26/05/1983,14.41,9.32,11.86
27/05/1983,14.1,6.95,10.53
28/05/1983,10.77,6.04,8.4
29/05/1983,12.88,5.93,9.41
30/05/1983,14.51,9.12,11.81
31/05/1983,20.02,10.08,15.05
01/06/1983,19.11,12.93,16.02
02/06/1983,16.16,11.56,13.86
03/06/1983,17.74,10.81,14.27
04/06/1983,19.47,11.72,15.59
05/06/1983,19.21,12.92,16.07
06/06/1983,19.01,7.74,13.38
07/06/1983,25.07,10.7,17.88
08/06/1983,21.84,16.66,19.25
09/06/1983,19.75,12.25,16
10/06/1983,18.54,8.29,13.41
11/06/1983,18.34,11.85,15.1
12/06/1983,18.15,11.63,14.89
13/06/1983,16.74,7.14,11.94
14/06/1983,16.96,10.49,13.73
15/06/1983,16.76,6.6,11.68
16/06/1983,16.47,7.33,11.9
17/06/1983,17.67,10.91,14.29
18/06/1983,18.73,10.48,14.6
19/06/1983,21.73,7.13,14.43
20/06/1983,22.68,10.74,16.71
21/06/1983,22.14,10.69,16.42
22/06/1983,22.4,9.38,15.89
23/06/1983,17.79,13.45,15.62
24/06/1983,13.83,11.7,12.77
25/06/1983,20.46,10.98,15.72
26/06/1983,22.5,10.63,16.56
27/06/1983,16.86,11.5,14.18
28/06/1983,19.63,6.52,13.08
29/06/1983,20.46,13.56,17.01
30/06/1983,16.86,11.83,14.34
01/07/1983,20.48,10.77,15.62
02/07/1983,22.48,13.62,18.05
03/07/1983,25.47,9.23,17.35
04/07/1983,26.39,12.38,19.39
05/07/1983,26.92,13.49,20.2
06/07/1983,23.25,14.82,19.03
07/07/1983,26.05,16.02,21.04
08/07/1983,26.59,15.8,21.2
09/07/1983,27.12,16.61,21.87
10/07/1983,24.45,15.82,20.14
11/07/1983,29.43,14.77,22.1
12/07/1983,29.76,15.63,22.7
13/07/1983,31.23,17.59,24.41
14/07/1983,31.36,15.53,23.45
15/07/1983,30.9,18.59,24.74
16/07/1983,31.07,18.19,24.63
17/07/1983,28.04,16.42,22.23
18/07/1983,26.28,16.87,21.57
19/07/1983,24.26,14.52,19.39
20/07/1983,20.14,14.51,17.33
21/07/1983,24.21,10.52,17.37
22/07/1983,28.5,11.88,20.19
23/07/1983,24.26,15.81,20.04
24/07/1983,21.1,15.44,18.27
25/07/1983,24.2,15.5,19.85
26/07/1983,27.79,14.92,21.36
27/07/1983,25,17.43,21.21
28/07/1983,25.6,15.19,20.4
29/07/1983,29.12,14.6,21.86
30/07/1983,29.48,15.96,22.72
31/07/1983,25.81,17.37,21.59
01/08/1983,17.83,12.99,15.41
02/08/1983,17.69,9.44,13.57
03/08/1983,20.98,7.53,14.25
04/08/1983,22.37,10.42,16.39
05/08/1983,22.97,12.49,17.73
06/08/1983,20.8,14.43,17.62
07/08/1983,21.39,11.81,16.6
08/08/1983,23.7,12.86,18.28
09/08/1983,24.19,14.54,19.36
10/08/1983,23.62,13.8,18.71
11/08/1983,21.49,11.44,16.47
12/08/1983,23.66,11.67,17.67
13/08/1983,23.72,10.86,17.29
14/08/1983,27.63,12.87,20.25
15/08/1983,26.34,15,20.67
16/08/1983,23.42,14,18.71
17/08/1983,24.88,17.5,21.19
18/08/1983,25.63,12.67,19.15
19/08/1983,29.3,14.16,21.73
20/08/1983,23.51,17.47,20.49
21/08/1983,22,15.12,18.56
22/08/1983,24.69,15.7,20.19
23/08/1983,24.88,15.84,20.36
24/08/1983,19.02,15.39,17.2
25/08/1983,24.1,12.64,18.37
26/08/1983,24.48,12.78,18.63
27/08/1983,25.19,11.85,18.52
28/08/1983,19.03,13.93,16.48
29/08/1983,18.6,12.04,15.32
30/08/1983,20.65,6.51,13.58
31/08/1983,24.39,9.75,17.07
01/09/1983,20.91,13.75,17.33
02/09/1983,18.33,10.67,14.5
03/09/1983,16.9,12.52,14.71
04/09/1983,20.34,12.05,16.2
05/09/1983,19.66,11.49,15.58
06/09/1983,18.28,9.4,13.84
07/09/1983,20.5,7.61,14.06
08/09/1983,17.18,12.24,14.71
09/09/1983,16.74,12.11,14.43
10/09/1983,15.46,9.19,12.32
11/09/1983,13.52,8.81,11.17
12/09/1983,14.64,7.96,11.3
13/09/1983,14.81,8.93,11.87
14/09/1983,18.67,9.72,14.2
15/09/1983,17.08,13.23,15.15
16/09/1983,16.31,11.32,13.81
17/09/1983,17.16,10.13,13.65
18/09/1983,16.45,11.61,14.03
19/09/1983,16.76,10.48,13.62
20/09/1983,15.32,8.46,11.89
21/09/1983,11.48,10.08,10.78
22/09/1983,16.02,5.57,10.8
23/09/1983,21.11,9.91,15.51
24/09/1983,20.76,12.68,16.72
25/09/1983,19.02,10.31,14.66
26/09/1983,19.65,10.7,15.18
27/09/1983,18.14,13.87,16.01
28/09/1983,18.31,13.38,15.85
29/09/1983,17.47,12.03,14.75
30/09/1983,16.1,12.95,14.52
01/10/1983,16.01,13.53,14.77
02/10/1983,18.78,13.06,15.92
03/10/1983,18.46,15.13,16.79
04/10/1983,19.52,15.22,17.37
05/10/1983,16.69,11.81,14.25
06/10/1983,15.36,9.63,12.49
07/10/1983,14.68,11.68,13.18
08/10/1983,13.93,7.3,10.61
09/10/1983,16.89,10.58,13.73
10/10/1983,15.63,11.13,13.38
11/10/1983,13.34,7.09,10.22
12/10/1983,15.29,10.17,12.73
13/10/1983,12.09,11.95,12.02
14/10/1983,13.97,7.96,10.96
15/10/1983,13.37,7.96,10.67
16/10/1983,12.65,8.18,10.41
17/10/1983,13.61,7.71,10.66
18/10/1983,14.63,9.57,12.1
19/10/1983,13.29,7.88,10.58
20/10/1983,11.49,3.75,7.62
21/10/1983,10.62,2.96,6.79
22/10/1983,11.34,1.14,6.24
23/10/1983,14.11,-0.01,7.05
24/10/1983,10.7,3.02,6.86
25/10/1983,12.12,1.74,6.93
26/10/1983,14.15,4.94,9.54
27/10/1983,11.39,7.56,9.47
28/10/1983,9.86,3.25,6.55
29/10/1983,8.26,-0.07,4.09
30/10/1983,10.98,-1.6,4.69
31/10/1983,12.62,2.73,7.67
01/11/1983,14.15,7.61,10.88
02/11/1983,14.09,12.31,13.2
03/11/1983,13.4,11.08,12.24
04/11/1983,12.43,5.43,8.93
05/11/1983,11.51,6.73,9.12
06/11/1983,12.93,8.1,10.52
07/11/1983,13.63,9.95,11.79
08/11/1983,15.52,10.1,12.81
09/11/1983,15.64,9.24,12.44
10/11/1983,12.31,7.65,9.98
11/11/1983,11.03,7.04,9.03
12/11/1983,9.13,7.74,8.44
13/11/1983,7.04,5.76,6.4
14/11/1983,4.72,0.19,2.46
15/11/1983,6.26,-4.81,0.73
16/11/1983,7.37,-0.57,3.4
17/11/1983,8.27,5.18,6.72
18/11/1983,7.1,5.78,6.44
19/11/1983,6.68,4.83,5.76
20/11/1983,8.36,4.87,6.61
21/11/1983,5.1,-1.76,1.67
22/11/1983,3.47,-4.59,-0.56
23/11/1983,2.08,-6.96,-2.44
24/11/1983,12.68,-6.45,3.11
25/11/1983,14.03,1.8,7.91
26/11/1983,13.07,11.75,12.41
27/11/1983,10.14,9.51,9.83
28/11/1983,8.46,7.59,8.02
29/11/1983,8.41,4.78,6.59
30/11/1983,7.68,4.37,6.02
01/12/1983,6.8,3.11,4.96
02/12/1983,6.55,0.55,3.55
03/12/1983,6.91,-1.08,2.91
04/12/1983,8.82,-0.77,4.02
05/12/1983,7.93,-0.09,3.92
06/12/1983,5.43,1.28,3.35
07/12/1983,9.15,-5,2.08
08/12/1983,11.94,-3.91,4.02
09/12/1983,8.86,7.04,7.95
10/12/1983,3.01,0.61,1.81
11/12/1983,0.93,-3.41,-1.24
12/12/1983,3.07,-1.86,0.61
13/12/1983,7.96,-1.77,3.1
14/12/1983,7.41,2.85,5.13
15/12/1983,7.31,4.76,6.04
16/12/1983,6.6,2.11,4.36
17/12/1983,8.15,4.61,6.38
18/12/1983,7.91,3.82,5.87
19/12/1983,8.84,4.3,6.57
20/12/1983,9.54,5.55,7.54
21/12/1983,8.43,5.55,6.99
22/12/1983,11,4.86,7.93
23/12/1983,11.66,7.17,9.42
24/12/1983,12.54,7.44,9.99
25/12/1983,11.39,9.96,10.67
26/12/1983,10.94,5.62,8.28
27/12/1983,11.9,5.12,8.51
28/12/1983,10.01,9.7,9.85
29/12/1983,7.06,6.08,6.57
30/12/1983,7.16,3.77,5.47
31/12/1983,9.24,1.34,5.29
01/01/1984,9.9,5.19,7.55
02/01/1984,10.61,3.28,6.94
03/01/1984,4.36,1.75,3.06
04/01/1984,5.75,1.16,3.46
05/01/1984,8.91,0.59,4.75
06/01/1984,8.95,2.09,5.52
07/01/1984,6.2,4.05,5.12
08/01/1984,4.83,1.11,2.97
09/01/1984,8.31,-1.93,3.19
10/01/1984,10.52,-0.67,4.93
11/01/1984,11.06,7.92,9.49
12/01/1984,12.17,0.88,6.53
13/01/1984,11.85,0.95,6.4
14/01/1984,8.19,3.62,5.91
15/01/1984,4.47,0.17,2.32
16/01/1984,10.61,0.74,5.67
17/01/1984,6.94,2.21,4.57
18/01/1984,4.88,-0.27,2.31
19/01/1984,2.07,-2.28,-0.1
20/01/1984,2.98,-3.47,-0.24
21/01/1984,3.31,-2.89,0.21
22/01/1984,4.4,-0.69,1.85
23/01/1984,4.41,0.15,2.28
24/01/1984,2.2,-0.17,1.01
25/01/1984,5.08,-1.79,1.65
26/01/1984,7.32,0.1,3.71
27/01/1984,6.04,3.75,4.89
28/01/1984,7.17,3.51,5.34
29/01/1984,8.22,4.22,6.22
30/01/1984,6.63,1.38,4
31/01/1984,6.52,1.06,3.79
01/02/1984,8.24,1.18,4.71
02/02/1984,9.12,2.74,5.93
03/02/1984,10.61,4.63,7.62
04/02/1984,10.92,3.57,7.24
05/02/1984,8.41,1.18,4.8
06/02/1984,9,2.32,5.66
07/02/1984,8.35,2.9,5.63
08/02/1984,6.88,3.46,5.17
09/02/1984,7.44,1.19,4.31
10/02/1984,7.55,-0.21,3.67
11/02/1984,8.19,1.38,4.79
12/02/1984,7.24,4.41,5.83
13/02/1984,4.75,-3.9,0.43
14/02/1984,5.69,-3.09,1.3
15/02/1984,0.31,-3.61,-1.65
16/02/1984,1.31,-3.52,-1.11
17/02/1984,4.65,-1.86,1.4
18/02/1984,6.92,0.02,3.47
19/02/1984,3.77,-2.65,0.56
20/02/1984,5.21,-2.18,1.51
21/02/1984,6.86,-0.26,3.3
22/02/1984,4.93,3.9,4.41
23/02/1984,3.34,2.62,2.98
24/02/1984,3.46,0.79,2.13
25/02/1984,3.3,0.44,1.87
26/02/1984,2.45,-0.03,1.21
27/02/1984,3.77,0.67,2.22
28/02/1984,3.48,2.62,3.05
29/02/1984,6.29,1.44,3.87
01/03/1984,12.18,2.58,7.38
02/03/1984,5.59,3.12,4.36
03/03/1984,7.37,1.14,4.25
04/03/1984,7.89,0.27,4.08
05/03/1984,9.56,4.01,6.79
06/03/1984,12.12,6.01,9.06
07/03/1984,9.62,6.06,7.84
08/03/1984,6.93,0.15,3.54
09/03/1984,5.72,1.6,3.66
10/03/1984,7.63,2.62,5.13
11/03/1984,9.43,2.34,5.89
12/03/1984,7.87,2.21,5.04
13/03/1984,5.2,1.75,3.48
14/03/1984,7.94,1.27,4.6
15/03/1984,5.06,0.17,2.62
16/03/1984,3.6,0.99,2.29
17/03/1984,4.27,1.31,2.79
18/03/1984,4.09,1.24,2.67
19/03/1984,4.46,-0.88,1.79
20/03/1984,7.59,0.14,3.87
21/03/1984,5.69,0.99,3.34
22/03/1984,9.66,1.41,5.53
23/03/1984,10.21,2.3,6.26
24/03/1984,7.76,3.23,5.5
25/03/1984,6.83,2.46,4.64
26/03/1984,8.66,4.37,6.52
27/03/1984,7.74,2.79,5.26
28/03/1984,6.72,1.08,3.9
29/03/1984,9.43,2.78,6.11
30/03/1984,9.71,0.66,5.19
31/03/1984,6.78,1.74,4.26
01/04/1984,5.48,-0.57,2.46
02/04/1984,6.92,-1.66,2.63
03/04/1984,7.54,-3.26,2.14
04/04/1984,8.47,0.91,4.69
05/04/1984,7.99,-2.13,2.93
06/04/1984,7.06,2.86,4.96
07/04/1984,8.8,4.22,6.51
08/04/1984,9.01,5.09,7.05
09/04/1984,11.77,4.52,8.15
10/04/1984,9.86,4.33,7.1
11/04/1984,10.76,5.76,8.26
12/04/1984,11.6,0.97,6.28
13/04/1984,13.64,2.14,7.89
14/04/1984,15.9,1.79,8.84
15/04/1984,10.77,4.19,7.48
16/04/1984,10.89,0.35,5.62
17/04/1984,11.67,-0.37,5.65
18/04/1984,14.06,5.48,9.77
19/04/1984,17.25,7.44,12.35
20/04/1984,18.9,6.12,12.51
21/04/1984,22.1,5.78,13.94
22/04/1984,16.86,10.58,13.72
23/04/1984,17.81,3.58,10.7
24/04/1984,19.83,1.86,10.85
25/04/1984,21.15,4.64,12.9
26/04/1984,19.75,4.73,12.24
27/04/1984,18.34,4.69,11.52
28/04/1984,17.08,1.55,9.31
29/04/1984,14.35,1.81,8.08
30/04/1984,16.43,2.1,9.27
01/05/1984,16.86,3.52,10.19
02/05/1984,16.07,4.09,10.08
03/05/1984,13.29,4.36,8.83
04/05/1984,16.04,5.84,10.94
05/05/1984,13.64,5.09,9.36
06/05/1984,11.45,5.28,8.37
07/05/1984,10.56,3.97,7.27
08/05/1984,10,2.04,6.02
09/05/1984,14.83,-0.05,7.39
10/05/1984,13.13,7.38,10.26
11/05/1984,12.52,2.88,7.7
12/05/1984,13.39,3.02,8.2
13/05/1984,15.14,0.81,7.98
14/05/1984,14.93,2.55,8.74
15/05/1984,14.19,6.39,10.29
16/05/1984,13.87,8.15,11.01
17/05/1984,11.7,8.26,9.98
18/05/1984,12.51,7.81,10.16
19/05/1984,16.09,4.13,10.11
20/05/1984,13.17,5.36,9.26
21/05/1984,13.82,6.96,10.39
22/05/1984,11.31,8.57,9.94
23/05/1984,17.07,7.59,12.33
24/05/1984,21.96,9.31,15.63
25/05/1984,13.89,8.7,11.29
26/05/1984,8.95,7.58,8.26
27/05/1984,8.96,5.49,7.23
28/05/1984,11.06,6.38,8.72
29/05/1984,17.63,7.88,12.76
30/05/1984,19.4,7.22,13.31
31/05/1984,16.81,8.18,12.49
01/06/1984,14.7,8.8,11.75
02/06/1984,15.57,7.23,11.4
03/06/1984,14.73,8.09,11.41
04/06/1984,17.06,4.51,10.79
05/06/1984,14.92,8.69,11.81
06/06/1984,17.79,6.69,12.24
07/06/1984,21.77,11.83,16.8
08/06/1984,21.74,9.23,15.48
09/06/1984,23.07,7.81,15.44
10/06/1984,24.14,11.22,17.68
11/06/1984,18.3,10.47,14.39
12/06/1984,18.12,10.72,14.42
13/06/1984,19.26,13.24,16.25
14/06/1984,21.96,13.87,17.92
15/06/1984,22.1,8.7,15.4
16/06/1984,23.59,12.07,17.83
17/06/1984,24.14,14.27,19.2
18/06/1984,25.24,13.23,19.23
19/06/1984,25.25,14.57,19.91
20/06/1984,26.19,17.05,21.62
21/06/1984,19.7,14.46,17.08
22/06/1984,19.05,10.39,14.72
23/06/1984,18.45,7.54,12.99
24/06/1984,19.62,8.46,14.04
25/06/1984,21.39,12.3,16.84
26/06/1984,24.5,12.28,18.39
27/06/1984,22.57,11.24,16.9
28/06/1984,14.83,8.84,11.84
29/06/1984,17.23,5.99,11.61
30/06/1984,18.41,6.96,12.68
01/07/1984,21.77,9.81,15.79
02/07/1984,17.14,8.62,12.88
03/07/1984,21,6.9,13.95
04/07/1984,22.12,7.55,14.83
05/07/1984,25.55,10.2,17.88
06/07/1984,26.74,12.03,19.39
07/07/1984,27.18,14.34,20.76
08/07/1984,29.61,12.8,21.2
09/07/1984,21.17,13.44,17.3
10/07/1984,21.87,15.31,18.59
11/07/1984,23.06,12.3,17.68
12/07/1984,19.01,13.06,16.04
13/07/1984,20.39,11.93,16.16
14/07/1984,19.33,13.46,16.39
15/07/1984,18.67,9.97,14.32
16/07/1984,21.35,9.63,15.49
17/07/1984,21.86,8.64,15.25
18/07/1984,22.58,15.95,19.27
19/07/1984,20.73,12.53,16.63
20/07/1984,21.19,10.71,15.95
21/07/1984,26.98,11.82,19.4
22/07/1984,26.03,12.56,19.29
23/07/1984,24.05,12.38,18.21
24/07/1984,23.14,9.91,16.52
25/07/1984,19.47,10.43,14.95
26/07/1984,24.8,8.45,16.63
27/07/1984,28.31,11.12,19.72
28/07/1984,30.04,15.6,22.82
29/07/1984,26.92,11.52,19.22
30/07/1984,26.96,15.04,21
31/07/1984,23.06,15.27,19.17
01/08/1984,23.46,10.76,17.11
02/08/1984,21.08,14.18,17.63
03/08/1984,20.8,14.24,17.52
04/08/1984,19.61,13.37,16.49
05/08/1984,19.75,12.92,16.34
06/08/1984,20.81,9.04,14.92
07/08/1984,16.94,13.1,15.02
08/08/1984,20.19,10.16,15.18
09/08/1984,22.24,11.42,16.83
10/08/1984,20.32,12.79,16.55
11/08/1984,22.7,7.44,15.07
12/08/1984,22.95,7.87,15.41
13/08/1984,22.17,14.86,18.51
14/08/1984,24.45,15.18,19.81
15/08/1984,23.2,14.05,18.62
16/08/1984,23.01,14.25,18.63
17/08/1984,22.94,14.82,18.88
18/08/1984,25.76,12.68,19.22
19/08/1984,28.2,12.62,20.41
20/08/1984,28.46,12.55,20.5
21/08/1984,28.8,14.82,21.81
22/08/1984,24,15.06,19.53
23/08/1984,25.32,12.39,18.85
24/08/1984,24.26,16.88,20.57
25/08/1984,20.17,16.1,18.13
26/08/1984,22.3,11.87,17.09
27/08/1984,24.42,12.32,18.37
28/08/1984,24.03,13.8,18.91
29/08/1984,24.53,14.94,19.74
30/08/1984,24.02,16.31,20.17
31/08/1984,23.21,17.34,20.28
01/09/1984,23.86,16.22,20.04
02/09/1984,25.09,12.32,18.7
03/09/1984,22.98,15.67,19.33
04/09/1984,14.53,12.79,13.66
05/09/1984,14.98,6.72,10.85
06/09/1984,17.04,8.05,12.54
07/09/1984,16.29,7.73,12.01
08/09/1984,18.45,10.28,14.37
09/09/1984,18.25,12.75,15.5
10/09/1984,15.28,10.04,12.66
11/09/1984,20.05,10.29,15.17
12/09/1984,21.55,12.59,17.07
13/09/1984,20,12.26,16.13
14/09/1984,17.86,14.1,15.98
15/09/1984,16.71,11,13.85
16/09/1984,18.77,12.84,15.81
17/09/1984,15,12.69,13.85
18/09/1984,16.6,9.02,12.81
19/09/1984,16.22,11.19,13.71
20/09/1984,14.71,11.65,13.18
21/09/1984,13.6,7.59,10.59
22/09/1984,15.35,8.98,12.16
23/09/1984,12.4,7.94,10.17
24/09/1984,12.45,8.25,10.35
25/09/1984,15.26,6.81,11.03
26/09/1984,16.36,6.4,11.38
27/09/1984,17.25,10.33,13.79
28/09/1984,18.12,12.85,15.48
29/09/1984,17.85,12.56,15.2
30/09/1984,15.26,11.34,13.3
01/10/1984,14.05,5.59,9.82
02/10/1984,14.23,5.78,10
03/10/1984,13.39,6.99,10.19
04/10/1984,14.06,5.6,9.83
05/10/1984,11.86,9.53,10.69
06/10/1984,13,6.1,9.55
07/10/1984,14.63,5.43,10.03
08/10/1984,19.02,10.48,14.75
09/10/1984,16.31,14.22,15.27
10/10/1984,14.04,10.55,12.3
11/10/1984,15.74,5.44,10.59
12/10/1984,16.09,8.87,12.48
13/10/1984,14.68,11.34,13.01
14/10/1984,17.51,9.71,13.61
15/10/1984,14.28,10.4,12.34
16/10/1984,15.54,9.42,12.48
17/10/1984,14.56,10.28,12.42
18/10/1984,13.99,10.1,12.04
19/10/1984,11.71,10.5,11.1
20/10/1984,12.17,8.12,10.14
21/10/1984,15.1,4.79,9.94
22/10/1984,15.82,7.83,11.82
23/10/1984,12.28,9.19,10.73
24/10/1984,14.93,7.27,11.1
25/10/1984,13.19,11.02,12.11
26/10/1984,10.43,4.78,7.61
27/10/1984,11.65,-0.88,5.39
28/10/1984,15.5,2.23,8.87
29/10/1984,16.32,11,13.66
30/10/1984,15.16,13.57,14.36
31/10/1984,14.89,8.89,11.89
01/11/1984,16.18,10.31,13.25
02/11/1984,14.41,11.51,12.96
03/11/1984,11.23,5.72,8.47
04/11/1984,9.75,3.76,6.75
05/11/1984,6.96,5.17,6.06
06/11/1984,9.58,4.39,6.99
07/11/1984,12.91,6.24,9.57
08/11/1984,14.44,8.93,11.69
09/11/1984,13.48,8.07,10.78
10/11/1984,12.85,8.1,10.48
11/11/1984,13.49,4.93,9.21
12/11/1984,13.06,9.47,11.26
13/11/1984,9.93,6.74,8.34
14/11/1984,10.56,6.65,8.61
15/11/1984,7.92,1.81,4.86
16/11/1984,6.04,0.44,3.24
17/11/1984,5.51,1.73,3.62
18/11/1984,6.3,4.13,5.21
19/11/1984,4.97,0.49,2.73
20/11/1984,10.46,1.02,5.74
21/11/1984,12.01,4.95,8.48
22/11/1984,11.83,7.82,9.82
23/11/1984,13.35,6.44,9.89
24/11/1984,10.13,7.65,8.89
25/11/1984,9.11,5.61,7.36
26/11/1984,9.26,1.35,5.31
27/11/1984,11.41,2.89,7.15
28/11/1984,11.48,8.05,9.77
29/11/1984,11.4,8.42,9.91
30/11/1984,11.84,8.03,9.94
01/12/1984,11.82,8.29,10.06
02/12/1984,7.83,5.91,6.87
03/12/1984,9.66,4.19,6.93
04/12/1984,10.51,6.56,8.54
05/12/1984,12.31,7.69,10
06/12/1984,9.3,5.26,7.28
07/12/1984,10.25,5.35,7.8
08/12/1984,7.93,2.33,5.13
09/12/1984,6.92,1.59,4.26
10/12/1984,7.66,2.09,4.88
11/12/1984,4.3,-1.32,1.49
12/12/1984,5.03,-1.54,1.74
13/12/1984,8.02,-0.77,3.62
14/12/1984,6.88,3.26,5.07
15/12/1984,6.22,2.33,4.28
16/12/1984,5.64,2.11,3.87
17/12/1984,8.48,2.42,5.45
18/12/1984,8.42,-0.73,3.84
19/12/1984,10.41,0.12,5.26
20/12/1984,10.69,8.06,9.37
21/12/1984,8.08,2.06,5.07
22/12/1984,10.99,1.94,6.46
23/12/1984,11.81,4.29,8.05
24/12/1984,5.83,4.6,5.22
25/12/1984,7.45,0.11,3.78
26/12/1984,3.32,-1.02,1.15
27/12/1984,4.77,-0.51,2.13
28/12/1984,2.35,-2.51,-0.08
29/12/1984,5.7,-2.51,1.6
30/12/1984,7.15,-0.15,3.5
31/12/1984,7.44,5.5,6.47
01/01/1985,4.88,1.34,3.11
02/01/1985,3.11,-0.1,1.51
03/01/1985,2.19,-2.38,-0.1
04/01/1985,2.13,-1.83,0.15
05/01/1985,0.83,-2.66,-0.92
06/01/1985,3.4,-4.5,-0.55
07/01/1985,-2.37,-4.19,-3.28
08/01/1985,-0.52,-4.45,-2.49
09/01/1985,1.14,-4.56,-1.71
10/01/1985,2.45,-3.75,-0.65
11/01/1985,2.14,-2.36,-0.11
12/01/1985,1.77,-2.93,-0.58
13/01/1985,-1.27,-2.48,-1.87
14/01/1985,0.06,-6.35,-3.15
15/01/1985,-0.53,-3.81,-2.17
16/01/1985,-2.36,-5.22,-3.79
17/01/1985,-0.68,-10.24,-5.46
18/01/1985,-0.51,-10.19,-5.35
19/01/1985,0.94,-1.51,-0.29
20/01/1985,5.58,-2.21,1.68
21/01/1985,8.44,0.44,4.44
22/01/1985,5.19,0.23,2.71
23/01/1985,3.48,-1.27,1.1
24/01/1985,7.06,-1.85,2.61
25/01/1985,6.45,-0.04,3.21
26/01/1985,3.29,1.6,2.44
27/01/1985,5.81,-4.11,0.85
28/01/1985,8.84,-1.13,3.86
29/01/1985,11.08,4.18,7.63
30/01/1985,10.36,3.37,6.87
31/01/1985,11.32,6.01,8.67
01/02/1985,11.35,7.65,9.5
02/02/1985,10.93,6.4,8.66
03/02/1985,10.06,6.55,8.3
04/02/1985,9.84,7.2,8.52
05/02/1985,8.6,-0.11,4.25
06/02/1985,10.08,2.17,6.12
07/02/1985,3.87,3.29,3.58
08/02/1985,2.97,1.64,2.31
09/02/1985,-1.61,-2.52,-2.07
10/02/1985,-3.2,-5,-4.1
11/02/1985,-1.89,-5.41,-3.65
12/02/1985,-1.24,-9.63,-5.44
13/02/1985,-3.34,-8.48,-5.91
14/02/1985,0.28,-8.67,-4.19
15/02/1985,-1.48,-5.98,-3.73
16/02/1985,1.68,-9.22,-3.77
17/02/1985,2.26,-6.2,-1.97
18/02/1985,2.63,-3.91,-0.64
19/02/1985,3.05,-5.56,-1.26
20/02/1985,2.88,-2.16,0.36
21/02/1985,4.02,1.33,2.67
22/02/1985,4.2,1.78,2.99
23/02/1985,9.95,1.74,5.84
24/02/1985,12.42,-0.35,6.03
25/02/1985,9.31,0.35,4.83
26/02/1985,11.42,-0.62,5.4
27/02/1985,12.23,3.53,7.88
28/02/1985,8.42,1.7,5.06
01/03/1985,9.47,2.21,5.84
02/03/1985,7.51,1.46,4.49
03/03/1985,9.32,4.15,6.74
04/03/1985,8.73,4.46,6.6
05/03/1985,9.75,-1.07,4.34
06/03/1985,9.93,-1.69,4.12
07/03/1985,8.63,4.25,6.44
08/03/1985,11.69,4.29,7.99
09/03/1985,11.32,2.68,7
10/03/1985,11,3.62,7.31
11/03/1985,9.03,0.24,4.63
12/03/1985,10.06,-1.93,4.06
13/03/1985,8.26,-0.13,4.06
14/03/1985,7.33,0.96,4.15
15/03/1985,6.62,-0.44,3.09
16/03/1985,3.35,-1.06,1.15
17/03/1985,4.95,-3.02,0.97
18/03/1985,5.59,-4.39,0.6
19/03/1985,3.64,-3.97,-0.17
20/03/1985,3.5,-5.1,-0.8
21/03/1985,5.55,-3.35,1.1
22/03/1985,7.45,0.85,4.15
23/03/1985,7.66,3.88,5.77
24/03/1985,8.93,4.04,6.48
25/03/1985,8.32,0.31,4.31
26/03/1985,5.36,3.61,4.48
27/03/1985,6.88,0.87,3.88
28/03/1985,8.81,-1.44,3.69
29/03/1985,10.07,3.87,6.97
30/03/1985,12.72,5.71,9.21
31/03/1985,13.86,7.55,10.71
01/04/1985,14.45,7.61,11.03
02/04/1985,13.82,7.16,10.49
03/04/1985,15.91,10.52,13.22
04/04/1985,13.81,8.13,10.97
05/04/1985,11.89,7.71,9.8
06/04/1985,13.34,6.02,9.68
07/04/1985,12.43,5.16,8.79
08/04/1985,11.43,7.18,9.3
09/04/1985,12.36,3.48,7.92
10/04/1985,12.78,4.27,8.52
11/04/1985,9.3,5.12,7.21
12/04/1985,10.69,3.74,7.21
13/04/1985,10,5.05,7.53
14/04/1985,11.52,5.63,8.58
15/04/1985,13.39,2.15,7.77
16/04/1985,16.35,8.04,12.19
17/04/1985,14.07,6.5,10.29
18/04/1985,17.86,3.86,10.86
19/04/1985,18.79,4.3,11.54
20/04/1985,9.47,5.69,7.58
21/04/1985,10.53,0.31,5.42
22/04/1985,11.03,4.14,7.58
23/04/1985,9.43,3.53,6.48
24/04/1985,11.84,-1.68,5.08
25/04/1985,8.15,4.31,6.23
26/04/1985,11.4,-1.07,5.16
27/04/1985,10.4,5.37,7.88
28/04/1985,10.04,-1.49,4.28
29/04/1985,12.32,2.6,7.46
30/04/1985,15.24,6.71,10.98
01/05/1985,12.06,5.05,8.56
02/05/1985,12.75,5.33,9.04
03/05/1985,10.23,5.97,8.1
04/05/1985,12.3,6.43,9.36
05/05/1985,11.38,5.18,8.28
06/05/1985,15.03,5.79,10.41
07/05/1985,18.6,4.17,11.39
08/05/1985,17.01,8,12.51
09/05/1985,14.03,5.48,9.76
10/05/1985,11.46,3.75,7.61
11/05/1985,10.19,6.09,8.14
12/05/1985,13.38,5.84,9.61
13/05/1985,12.98,6.62,9.8
14/05/1985,11.21,6.8,9
15/05/1985,14.52,8.2,11.36
16/05/1985,18.42,3.23,10.82
17/05/1985,19.6,6.8,13.2
18/05/1985,20.35,8.57,14.46
19/05/1985,13.56,9.73,11.64
20/05/1985,17.08,8.83,12.96
21/05/1985,12.9,10.12,11.51
22/05/1985,13.17,8.13,10.65
23/05/1985,15.36,7.08,11.22
24/05/1985,16.38,10.21,13.29
25/05/1985,18.88,8.9,13.89
26/05/1985,20.41,13.57,16.99
27/05/1985,15.78,12.07,13.92
28/05/1985,16.4,8.09,12.24
29/05/1985,17.96,5.16,11.56
30/05/1985,18.06,4.51,11.28
31/05/1985,18.39,3.88,11.14
01/06/1985,20.28,4.36,12.32
02/06/1985,21.79,6.57,14.18
03/06/1985,23.3,6.91,15.1
04/06/1985,20.89,9.59,15.24
05/06/1985,18.12,12.37,15.25
06/06/1985,11.3,10.04,10.67
07/06/1985,11.55,5.28,8.42
08/06/1985,14.71,3.98,9.35
09/06/1985,14.81,9.18,11.99
10/06/1985,15.3,6.81,11.06
11/06/1985,16.2,9.59,12.9
12/06/1985,14.69,9.06,11.88
13/06/1985,15.6,7.74,11.67
14/06/1985,15.21,6.32,10.76
15/06/1985,16.1,4.21,10.15
16/06/1985,16.54,7.97,12.26
17/06/1985,17.62,6.82,12.22
18/06/1985,16.29,8.57,12.43
19/06/1985,16.54,9.73,13.13
20/06/1985,19.44,8.2,13.82
21/06/1985,15.11,10.26,12.68
22/06/1985,15.21,11.29,13.25
23/06/1985,17.37,10.36,13.86
24/06/1985,16.09,12.54,14.32
25/06/1985,15.95,8.03,11.99
26/06/1985,17.49,9.15,13.32
27/06/1985,16.81,10.66,13.74
28/06/1985,16.59,10.44,13.51
29/06/1985,20.07,13.06,16.56
30/06/1985,20.42,12.04,16.23
01/07/1985,21.61,11.51,16.56
02/07/1985,22.2,11.6,16.9
03/07/1985,24.21,11.28,17.74
04/07/1985,25.66,11.54,18.6
05/07/1985,25.59,16.27,20.93
06/07/1985,20.04,9.88,14.96
07/07/1985,20.79,8.25,14.52
08/07/1985,24.41,11.58,18
09/07/1985,20.29,11.21,15.75
10/07/1985,21.81,9.81,15.81
11/07/1985,18.68,13,15.84
12/07/1985,21.17,15.1,18.14
13/07/1985,26.08,12.69,19.38
14/07/1985,21.35,14.92,18.13
15/07/1985,19,9.18,14.09
16/07/1985,19.67,11.78,15.73
17/07/1985,20.36,10.54,15.45
18/07/1985,18.46,12.74,15.6
19/07/1985,17.9,11.27,14.58
20/07/1985,17.32,10.48,13.9
21/07/1985,18.55,9.27,13.91
22/07/1985,18.56,12.81,15.69
23/07/1985,23.23,10.28,16.76
24/07/1985,24.18,12.61,18.4
25/07/1985,27.32,13.29,20.3
26/07/1985,20.21,16.52,18.37
27/07/1985,20.63,14.25,17.44
28/07/1985,17.94,15.03,16.49
29/07/1985,16.21,13.45,14.83
30/07/1985,17.93,13.41,15.67
31/07/1985,21.39,13.65,17.52
01/08/1985,18.02,11.45,14.74
02/08/1985,16,12.32,14.16
03/08/1985,17.47,10.89,14.18
04/08/1985,17.09,10.85,13.97
05/08/1985,17.56,12.24,14.9
06/08/1985,16.9,9.76,13.33
07/08/1985,17.51,10.67,14.09
08/08/1985,19.05,9.67,14.36
09/08/1985,18.29,13.8,16.05
10/08/1985,18.02,10.6,14.31
11/08/1985,17.15,11.02,14.08
12/08/1985,18.73,10.19,14.46
13/08/1985,18.52,11.69,15.1
14/08/1985,18.08,13.77,15.92
15/08/1985,17.75,11.73,14.74
16/08/1985,17.45,12.19,14.82
17/08/1985,20.81,10.29,15.55
18/08/1985,17.99,12.56,15.27
19/08/1985,19.46,14.86,17.16
20/08/1985,17.55,12.79,15.17
21/08/1985,21.01,12.28,16.65
22/08/1985,17.88,11.6,14.74
23/08/1985,16.71,12.17,14.44
24/08/1985,16.89,13.27,15.08
25/08/1985,17.66,9.01,13.34
26/08/1985,16.26,9.37,12.82
27/08/1985,18.26,8.72,13.49
28/08/1985,21.06,13.15,17.1
29/08/1985,23.83,15.97,19.9
30/08/1985,21.7,14.53,18.12
31/08/1985,17.92,10.84,14.38
01/09/1985,16.54,10.08,13.31
02/09/1985,14.33,10.83,12.58
03/09/1985,17.24,11.41,14.33
04/09/1985,14.87,8.94,11.91
05/09/1985,17.11,12.08,14.6
06/09/1985,15.89,6.17,11.03
07/09/1985,18.46,4.89,11.67
08/09/1985,19.69,10.63,15.16
09/09/1985,19.91,12.58,16.24
10/09/1985,21.37,12.88,17.12
11/09/1985,23.27,10.02,16.65
12/09/1985,24.98,10.08,17.53
13/09/1985,17.71,9.89,13.8
14/09/1985,16.34,10.11,13.22
15/09/1985,16.01,8.05,12.03
16/09/1985,16.77,9.65,13.21
17/09/1985,19.08,12.21,15.65
18/09/1985,19.75,14.51,17.13
19/09/1985,18.89,15.32,17.1
20/09/1985,16.71,8.63,12.67
21/09/1985,18.59,11.78,15.19
22/09/1985,19.43,14.86,17.15
23/09/1985,18.38,12.58,15.48
24/09/1985,17.17,11.1,14.13
25/09/1985,20.22,12.57,16.39
26/09/1985,21.72,13.4,17.56
27/09/1985,21.9,8.97,15.43
28/09/1985,20.92,8.28,14.6
29/09/1985,21.52,10.16,15.84
30/09/1985,22.95,12.96,17.95
01/10/1985,25.85,14.89,20.37
02/10/1985,20.28,14.03,17.16
03/10/1985,17.42,16.27,16.84
04/10/1985,17.74,13.4,15.57
05/10/1985,16.94,10.6,13.77
06/10/1985,17.31,10.15,13.73
07/10/1985,13.81,10.58,12.19
08/10/1985,12.98,5.82,9.4
09/10/1985,14.57,8.63,11.6
10/10/1985,17.4,10.17,13.79
11/10/1985,16.99,10.67,13.83
12/10/1985,15.59,8.16,11.87
13/10/1985,17.12,4.89,11.01
14/10/1985,15.4,4.73,10.06
15/10/1985,14.29,6.64,10.46
16/10/1985,11,9.6,10.3
17/10/1985,11.13,9.2,10.17
18/10/1985,11.67,8.48,10.07
19/10/1985,13.7,8.6,11.15
20/10/1985,13.4,3.61,8.51
21/10/1985,12.76,1.95,7.35
22/10/1985,13.37,3.77,8.57
23/10/1985,12.04,5.19,8.61
24/10/1985,12.3,2.33,7.32
25/10/1985,11.47,3.56,7.51
26/10/1985,8.35,4.57,6.46
27/10/1985,10.46,5.87,8.16
28/10/1985,10.68,4.05,7.37
29/10/1985,11.9,4.09,7.99
30/10/1985,8.56,4.93,6.74
31/10/1985,8.19,5.47,6.83
01/11/1985,8.95,5.14,7.05
02/11/1985,7.27,2.75,5.01
03/11/1985,8.58,-2.62,2.98
04/11/1985,13.53,1.73,7.63
05/11/1985,11.18,8.38,9.78
06/11/1985,9.76,2.07,5.91
07/11/1985,13.18,5.12,9.15
08/11/1985,15.53,9.12,12.32
09/11/1985,12.29,9.22,10.76
10/11/1985,5.13,1.41,3.27
11/11/1985,5.84,0.85,3.34
12/11/1985,5.53,-2.52,1.51
13/11/1985,5.44,-3.85,0.79
14/11/1985,6.11,-2.46,1.83
15/11/1985,7.82,1.9,4.86
16/11/1985,6.49,-0.35,3.07
17/11/1985,6.1,2.45,4.28
18/11/1985,4.05,-0.25,1.9
19/11/1985,1.26,-0.25,0.5
20/11/1985,3.41,-0.61,1.4
21/11/1985,4.13,0.61,2.37
22/11/1985,4.34,2.86,3.6
23/11/1985,5.03,3.15,4.09
24/11/1985,3.48,2.48,2.98
25/11/1985,4.8,2.06,3.43
26/11/1985,3.97,1.47,2.72
27/11/1985,3.46,0.02,1.74
28/11/1985,3.75,-2.45,0.65
29/11/1985,4.04,-3.35,0.34
30/11/1985,12.52,-1.09,5.71
01/12/1985,13.98,4.13,9.05
02/12/1985,14.7,11.24,12.97
03/12/1985,13.08,12.06,12.57
04/12/1985,13.1,11.04,12.07
05/12/1985,10.45,10.3,10.37
06/12/1985,10.61,4.2,7.41
07/12/1985,9.52,6.48,8
08/12/1985,5.72,4.65,5.19
09/12/1985,4.93,3.5,4.21
10/12/1985,8.57,-1.62,3.48
11/12/1985,9.27,1.15,5.21
12/12/1985,11.49,5.58,8.53
13/12/1985,12.56,5.76,9.16
14/12/1985,12.62,10.64,11.63
15/12/1985,12.05,9.73,10.89
16/12/1985,9.87,9.43,9.65
17/12/1985,11.46,7.54,9.5
18/12/1985,9.31,8.05,8.68
19/12/1985,9.04,3.44,6.24
20/12/1985,10.53,4.03,7.28
21/12/1985,12.18,8.62,10.4
22/12/1985,11.54,7.71,9.62
23/12/1985,9.2,5.11,7.16
24/12/1985,9.3,5.1,7.2
25/12/1985,7.21,4.36,5.78
26/12/1985,4.89,4.49,4.69
27/12/1985,1.2,0.41,0.81
28/12/1985,-0.56,-6.45,-3.5
29/12/1985,-0.05,-6.03,-3.04
30/12/1985,4.48,-5.06,-0.29
31/12/1985,4.18,-4.36,-0.09
01/01/1986,4.97,-0.24,2.37
02/01/1986,6.84,0.38,3.61
03/01/1986,3.8,1.19,2.5
04/01/1986,6.2,-1.92,2.14
05/01/1986,2.63,-1.91,0.36
06/01/1986,2.09,0.17,1.13
07/01/1986,1.65,-2.52,-0.43
08/01/1986,2.4,0.48,1.44
09/01/1986,9.26,0.13,4.7
10/01/1986,11.05,0.63,5.84
11/01/1986,7.86,4.23,6.05
12/01/1986,9.3,2.05,5.67
13/01/1986,10.59,2.96,6.78
14/01/1986,6.76,5.78,6.27
15/01/1986,6.74,4.26,5.5
16/01/1986,3.5,-0.58,1.46
17/01/1986,9.68,-0.05,4.81
18/01/1986,11.04,0.32,5.68
19/01/1986,10.56,8.58,9.57
20/01/1986,8.45,2.6,5.53
21/01/1986,8.31,2.18,5.25
22/01/1986,9.1,2.31,5.71
23/01/1986,6.91,1.79,4.35
24/01/1986,4.36,0.65,2.51
25/01/1986,3.98,-1.57,1.21
26/01/1986,4.1,-5.86,-0.88
27/01/1986,3.44,-2.89,0.28
28/01/1986,5.12,-1.13,2
29/01/1986,4.61,0.63,2.62
30/01/1986,3.46,0.83,2.14
31/01/1986,1.94,1.59,1.76
01/02/1986,2.37,0.58,1.48
02/02/1986,2.36,1.5,1.93
03/02/1986,1.45,0.22,0.84
04/02/1986,1.37,-0.01,0.68
05/02/1986,1.94,-1.23,0.35
06/02/1986,-1.67,-2.92,-2.29
07/02/1986,-1.11,-3.38,-2.25
08/02/1986,-0.11,-3.69,-1.9
09/02/1986,0.37,-7.05,-3.34
10/02/1986,-0.07,-10.81,-5.44
11/02/1986,-0.06,-10.68,-5.37
12/02/1986,0.9,-3.09,-1.09
13/02/1986,2.8,-4.7,-0.95
14/02/1986,-0.33,-4.54,-2.44
15/02/1986,1.27,-3.13,-0.93
16/02/1986,-0.29,-1.66,-0.97
17/02/1986,-0.39,-1.98,-1.19
18/02/1986,-0.06,-2.4,-1.23
19/02/1986,0.5,-2.06,-0.78
20/02/1986,-0.8,-7.54,-4.17
21/02/1986,-2.06,-10.9,-6.48
22/02/1986,0.44,-10.17,-4.86
23/02/1986,-0.76,-4.42,-2.59
24/02/1986,2.42,-6.86,-2.22
25/02/1986,-2.13,-6.69,-4.41
26/02/1986,-0.64,-4.5,-2.57
27/02/1986,1.34,-6.3,-2.48
28/02/1986,2.55,-5.48,-1.46
01/03/1986,0.28,-3,-1.36
02/03/1986,3.45,-3.18,0.14
03/03/1986,5.4,-6.38,-0.49
04/03/1986,9.27,-1.81,3.73
05/03/1986,10.93,5.12,8.02
06/03/1986,8.89,1.68,5.28
07/03/1986,9.4,0.05,4.72
08/03/1986,9.36,-0.08,4.64
09/03/1986,6.36,1.1,3.73
10/03/1986,7.07,2.78,4.93
11/03/1986,7.06,2.69,4.88
12/03/1986,6.59,1.36,3.97
13/03/1986,5.19,0.16,2.68
14/03/1986,9.86,0.78,5.32
15/03/1986,10.8,3.7,7.25
16/03/1986,11.45,3.75,7.6
17/03/1986,10.1,0.76,5.43
18/03/1986,9.31,2.81,6.06
19/03/1986,10.29,4.54,7.41
20/03/1986,10.78,3.31,7.04
21/03/1986,10.58,1.37,5.97
22/03/1986,11.96,5.49,8.72
23/03/1986,8.83,5.24,7.04
24/03/1986,7.32,3.2,5.26
25/03/1986,8.58,0.25,4.42
26/03/1986,10.27,0.99,5.63
27/03/1986,12.52,5.45,8.99
28/03/1986,9.61,2.56,6.08
29/03/1986,9.54,4.56,7.05
30/03/1986,6.54,1.05,3.79
31/03/1986,8.28,2.49,5.39
01/04/1986,10.54,3.07,6.81
02/04/1986,9.56,0.81,5.19
03/04/1986,7.47,1.23,4.35
04/04/1986,8.21,1.25,4.73
05/04/1986,7.39,0.18,3.79
06/04/1986,5.84,-0.42,2.71
07/04/1986,4.91,0.14,2.53
08/04/1986,4.23,0.26,2.25
09/04/1986,8.48,2.65,5.57
10/04/1986,5.68,2.39,4.04
11/04/1986,5.54,-1.61,1.97
12/04/1986,7.32,1.17,4.25
13/04/1986,7.6,0.97,4.28
14/04/1986,9.77,3.61,6.69
15/04/1986,10.31,4.5,7.4
16/04/1986,9.97,4.37,7.17
17/04/1986,8.59,3.98,6.28
18/04/1986,8.65,3.61,6.13
19/04/1986,10.49,3,6.74
20/04/1986,11.96,3.79,7.88
21/04/1986,9.2,4.3,6.75
22/04/1986,10.3,3.58,6.94
23/04/1986,9.47,5.49,7.48
24/04/1986,12.41,6.21,9.31
25/04/1986,12.27,1.78,7.02
26/04/1986,15.06,2.08,8.57
27/04/1986,14.03,6.63,10.33
28/04/1986,12.78,3.79,8.29
29/04/1986,13.3,3.03,8.17
30/04/1986,14.95,3.48,9.21
01/05/1986,17.99,5.22,11.61
02/05/1986,19.74,5.81,12.77
03/05/1986,12.66,8.47,10.57
04/05/1986,13.1,7.18,10.14
05/05/1986,12.91,7.97,10.44
06/05/1986,14.03,6.06,10.05
07/05/1986,11.84,7.1,9.47
08/05/1986,14.72,7.13,10.92
09/05/1986,14.62,7.05,10.83
10/05/1986,16.22,11.08,13.65
11/05/1986,14.85,9.53,12.19
12/05/1986,14.91,9.57,12.24
13/05/1986,14.58,7.76,11.17
14/05/1986,13.3,6.61,9.96
15/05/1986,13.21,4.66,8.93
16/05/1986,14.03,3.05,8.54
17/05/1986,14.83,7.37,11.1
18/05/1986,16.32,10.19,13.25
19/05/1986,19.29,6.75,13.02
20/05/1986,17.4,12.64,15.02
21/05/1986,13.3,9.07,11.19
22/05/1986,14.76,6.05,10.4
23/05/1986,15.9,9.51,12.71
24/05/1986,15.68,7.25,11.46
25/05/1986,16.97,9.71,13.34
26/05/1986,18.03,10,14.01
27/05/1986,14.47,7.91,11.19
28/05/1986,14.75,6.57,10.66
29/05/1986,15.17,4,9.59
30/05/1986,14.03,4.53,9.28
31/05/1986,12.82,7.93,10.37
01/06/1986,18.12,10.08,14.1
02/06/1986,19.22,12.75,15.98
03/06/1986,15.46,10.49,12.98
04/06/1986,13.68,5.75,9.71
05/06/1986,12.94,5.53,9.24
06/06/1986,14.58,6.55,10.56
07/06/1986,15.18,5.46,10.32
08/06/1986,16.45,6.59,11.52
09/06/1986,14.98,10.12,12.55
10/06/1986,15.39,11.5,13.45
11/06/1986,16.27,7.52,11.89
12/06/1986,18.93,5.53,12.23
13/06/1986,21.39,9.3,15.34
14/06/1986,23.37,10.46,16.92
15/06/1986,25.08,8.92,17
16/06/1986,27.36,12.76,20.06
17/06/1986,22.11,15.29,18.7
18/06/1986,19.53,8.29,13.91
19/06/1986,21.41,8.8,15.1
20/06/1986,18.24,10.89,14.56
21/06/1986,20.33,8.9,14.61
22/06/1986,16.54,9.75,13.15
23/06/1986,16.43,11.24,13.83
24/06/1986,18.63,11.73,15.18
25/06/1986,24.19,13.18,18.69
26/06/1986,26.35,13.89,20.12
27/06/1986,28.34,14.12,21.23
28/06/1986,28.54,15.26,21.9
29/06/1986,26.31,14.4,20.35
30/06/1986,26.67,11.39,19.03
01/07/1986,24.05,10.23,17.14
02/07/1986,24.49,12.37,18.43
03/07/1986,22.72,11.84,17.28
04/07/1986,20.46,13.52,16.99
05/07/1986,20,14.99,17.5
06/07/1986,19.8,12,15.9
07/07/1986,18.98,11.21,15.09
08/07/1986,19.9,12.51,16.2
09/07/1986,18.78,7.22,13
10/07/1986,20.51,13.17,16.84
11/07/1986,19.72,12.28,16
12/07/1986,18.38,14.16,16.27
13/07/1986,21.71,11.58,16.65
14/07/1986,24.69,15.47,20.08
15/07/1986,27.77,15.94,21.86
16/07/1986,25.27,16.46,20.87
17/07/1986,19.51,12.47,15.99
18/07/1986,19,9.07,14.04
19/07/1986,21.68,9.95,15.81
20/07/1986,23.1,13.44,18.27
21/07/1986,20.62,10.57,15.59
22/07/1986,19.7,11.98,15.84
23/07/1986,16.59,7.69,12.14
24/07/1986,21.23,7.11,14.17
25/07/1986,21.46,14.64,18.05
26/07/1986,22.24,15.16,18.7
27/07/1986,19.5,9.87,14.69
28/07/1986,19.95,15.7,17.82
29/07/1986,19.98,15.09,17.53
30/07/1986,16.59,9.88,13.23
31/07/1986,18.22,12.94,15.58
01/08/1986,18.65,8.88,13.77
02/08/1986,19.78,13.66,16.72
03/08/1986,13.76,11.57,12.67
04/08/1986,18.09,10.57,14.33
05/08/1986,19.43,8.87,14.15
06/08/1986,20.68,12.19,16.43
07/08/1986,19.23,13.18,16.21
08/08/1986,19.22,11.16,15.19
09/08/1986,20.88,10.56,15.72
10/08/1986,20.8,12.14,16.47
11/08/1986,19.04,14.32,16.68
12/08/1986,17.64,12.81,15.22
13/08/1986,19.66,13.73,16.69
14/08/1986,19.39,15.32,17.35
15/08/1986,18.01,11.23,14.62
16/08/1986,18.7,8.71,13.71
17/08/1986,19.32,11.65,15.49
18/08/1986,15.85,11.96,13.9
19/08/1986,17.62,10.25,13.93
20/08/1986,18.07,6.84,12.46
21/08/1986,16.11,7.73,11.92
22/08/1986,17.07,12.26,14.66
23/08/1986,15.91,8.92,12.42
24/08/1986,17.4,9.6,13.5
25/08/1986,14.72,9.86,12.29
26/08/1986,15.84,12.05,13.95
27/08/1986,16.18,7.91,12.05
28/08/1986,15.3,8.76,12.03
29/08/1986,15.83,5.13,10.48
30/08/1986,14.27,9.44,11.86
31/08/1986,17.22,8.67,12.95
01/09/1986,16,10.2,13.1
02/09/1986,20.15,11.04,15.6
03/09/1986,15.93,10.32,13.12
04/09/1986,17.94,4.91,11.43
05/09/1986,17.43,5.89,11.66
06/09/1986,15.32,7.74,11.53
07/09/1986,18.36,5.99,12.17
08/09/1986,15.05,7.71,11.38
09/09/1986,15.52,3.32,9.42
10/09/1986,15.04,4.88,9.96
11/09/1986,15.85,5.25,10.55
12/09/1986,14.29,8.54,11.42
13/09/1986,13.36,4,8.68
14/09/1986,14.28,8.79,11.54
15/09/1986,9.36,6.38,7.87
16/09/1986,13.3,5.42,9.36
17/09/1986,13.86,3.73,8.8
18/09/1986,14.13,5.41,9.77
19/09/1986,15.52,2.09,8.8
20/09/1986,19.49,2.61,11.05
21/09/1986,18.82,5.4,12.11
22/09/1986,19.61,8.09,13.85
23/09/1986,18.46,8.11,13.29
24/09/1986,12.76,9.54,11.15
25/09/1986,14.63,7.44,11.03
26/09/1986,16.26,4.05,10.15
27/09/1986,17.52,8.77,13.15
28/09/1986,19.18,11.81,15.5
29/09/1986,16.81,12.27,14.54
30/09/1986,15.37,12,13.68
01/10/1986,14.68,11.92,13.3
02/10/1986,16.38,9.54,12.96
03/10/1986,18.37,7.95,13.16
04/10/1986,18.65,7.4,13.03
05/10/1986,17.01,9.56,13.28
06/10/1986,19.43,10.41,14.92
07/10/1986,19.6,11.03,15.31
08/10/1986,18.73,11.64,15.19
09/10/1986,19.43,11.57,15.5
10/10/1986,14.57,12.16,13.37
11/10/1986,15.15,6.52,10.84
12/10/1986,13.57,4.2,8.89
13/10/1986,15.46,6.83,11.15
14/10/1986,15.63,10.39,13.01
15/10/1986,14.69,10.47,12.58
16/10/1986,13.63,1.98,7.81
17/10/1986,13.76,0.59,7.18
18/10/1986,12.69,4.17,8.43
19/10/1986,14.13,4.6,9.36
20/10/1986,14.12,6.98,10.55
21/10/1986,13.74,6.54,10.14
22/10/1986,11.73,9.73,10.73
23/10/1986,10.01,3.63,6.82
24/10/1986,10.88,3.69,7.29
25/10/1986,10.86,7.18,9.02
26/10/1986,12.57,4.28,8.42
27/10/1986,15.04,6.84,10.94
28/10/1986,15.64,12.05,13.84
29/10/1986,11.61,4.61,8.11
30/10/1986,12.25,7.74,10
31/10/1986,11.88,5.48,8.68
01/11/1986,11.59,8.5,10.04
02/11/1986,8.61,1.28,4.94
03/11/1986,9.24,3.43,6.34
04/11/1986,10.32,1.88,6.1
05/11/1986,10.97,3.95,7.46
06/11/1986,11.59,3.4,7.5
07/11/1986,14.13,4.48,9.31
08/11/1986,9.76,4.73,7.25
09/11/1986,13.33,5.06,9.19
10/11/1986,13.47,8.89,11.18
11/11/1986,12.82,10.65,11.74
12/11/1986,12.87,3.71,8.29
13/11/1986,12.22,5.85,9.04
14/11/1986,12.42,8.14,10.28
15/11/1986,11.2,6.2,8.7
16/11/1986,11.03,6.82,8.93
17/11/1986,9.68,3.84,6.76
18/11/1986,12.49,5.05,8.77
19/11/1986,10.82,8.71,9.76
20/11/1986,8.51,2.93,5.72
21/11/1986,9.49,2.89,6.19
22/11/1986,7.78,4.16,5.97
23/11/1986,11.39,2.27,6.83
24/11/1986,12.52,5.62,9.07
25/11/1986,12.85,11.04,11.94
26/11/1986,9.39,5.63,7.51
27/11/1986,10.59,4.47,7.53
28/11/1986,9.36,2.21,5.79
29/11/1986,5.44,1.86,3.65
30/11/1986,9.37,2.35,5.86
01/12/1986,11.55,4.88,8.21
02/12/1986,12.29,6.84,9.57
03/12/1986,13.15,9.07,11.11
04/12/1986,13.52,10.67,12.1
05/12/1986,12.91,12.02,12.47
06/12/1986,5.63,1,3.32
07/12/1986,11.47,1.81,6.64
08/12/1986,11.54,5.35,8.44
09/12/1986,8,4.11,6.06
10/12/1986,6.85,0.06,3.46
11/12/1986,7.73,1.72,4.73
12/12/1986,8.36,1.53,4.95
13/12/1986,8.16,2.37,5.27
14/12/1986,6.9,0.69,3.8
15/12/1986,9.89,0.51,5.2
16/12/1986,6.51,1.59,4.05
17/12/1986,10.37,2.48,6.42
18/12/1986,9.91,4.88,7.4
19/12/1986,5.76,1.96,3.86
20/12/1986,6.15,1.51,3.83
21/12/1986,3.12,-0.2,1.46
22/12/1986,2.99,-0.23,1.38
23/12/1986,4.35,-0.69,1.83
24/12/1986,8.93,-0.13,4.4
25/12/1986,9.05,0.96,5.01
26/12/1986,6.05,1.2,3.63
27/12/1986,8.08,1.56,4.82
28/12/1986,9.72,2.21,5.97
29/12/1986,10.89,7.8,9.34
30/12/1986,11.45,8.88,10.16
31/12/1986,9.62,6.96,8.29
01/01/1987,9.83,6.52,8.18
02/01/1987,6.48,4.4,5.44
03/01/1987,5.79,-0.83,2.48
04/01/1987,9.55,-0.96,4.29
05/01/1987,7.51,4.32,5.91
06/01/1987,5.09,2.61,3.85
07/01/1987,3.37,-1.89,0.74
08/01/1987,1.07,-4.4,-1.66
09/01/1987,1.6,-5.23,-1.82
10/01/1987,0.24,-0.97,-0.36
11/01/1987,-3.88,-6.83,-5.36
12/01/1987,-6.66,-9.78,-8.22
13/01/1987,-4.16,-11.07,-7.61
14/01/1987,-1.62,-9.22,-5.42
15/01/1987,0.44,-6.19,-2.88
16/01/1987,0.46,-1.89,-0.72
17/01/1987,-1.38,-4.34,-2.86
18/01/1987,-0.78,-3.27,-2.03
19/01/1987,0.77,-3.89,-1.56
20/01/1987,3.52,-3.21,0.16
21/01/1987,4.82,-0.58,2.12
22/01/1987,5.7,3.15,4.42
23/01/1987,5.13,2.69,3.91
24/01/1987,5.34,3.26,4.3
25/01/1987,4.03,3.08,3.55
26/01/1987,4.6,2.72,3.66
27/01/1987,2.12,0.68,1.4
28/01/1987,4.73,-0.12,2.3
29/01/1987,3.18,-2.03,0.58
30/01/1987,1.14,-4.97,-1.91
31/01/1987,2.93,-6.91,-1.99
01/02/1987,4.04,-6.41,-1.18
02/02/1987,5.35,-4.1,0.62
03/02/1987,8.45,3.59,6.02
04/02/1987,8.97,4.28,6.63
05/02/1987,10.84,5.65,8.24
06/02/1987,11.19,6.89,9.04
07/02/1987,9.81,1.62,5.72
08/02/1987,11.65,3.13,7.39
09/02/1987,10.1,8.09,9.1
10/02/1987,7.44,4.31,5.87
11/02/1987,6.54,1.63,4.09
12/02/1987,5.43,2.47,3.95
13/02/1987,5.44,-2.88,1.28
14/02/1987,3.94,-0.64,1.65
15/02/1987,4.54,-2.25,1.15
16/02/1987,1.81,-3.01,-0.6
17/02/1987,3.26,-1.62,0.82
18/02/1987,3.31,-1.53,0.89
19/02/1987,4.11,-3.76,0.17
20/02/1987,2.4,-3.31,-0.45
21/02/1987,4.98,-1.43,1.77
22/02/1987,6.33,0.91,3.62
23/02/1987,3.87,1.94,2.91
24/02/1987,3.05,-0.04,1.51
25/02/1987,5.18,-3.61,0.78
26/02/1987,10.28,-1.05,4.61
27/02/1987,10.38,2.52,6.45
28/02/1987,12.68,9.01,10.85
01/03/1987,12.08,7.91,9.99
02/03/1987,8.89,5.85,7.37
03/03/1987,5.58,0.21,2.89
04/03/1987,5.94,-2.62,1.66
05/03/1987,7.62,-0.58,3.52
06/03/1987,2.87,2.2,2.53
07/03/1987,2.31,-0.74,0.78
08/03/1987,2.66,-0.25,1.21
09/03/1987,2.92,-1.67,0.62
10/03/1987,5.68,-2.55,1.56
11/03/1987,5.51,-3.11,1.2
12/03/1987,5.6,-3.46,1.07
13/03/1987,5.06,-3.53,0.76
14/03/1987,6.01,-3.56,1.22
15/03/1987,7.6,-1.12,3.24
16/03/1987,8.39,-0.85,3.77
17/03/1987,11.31,2.62,6.96
18/03/1987,7.5,1.74,4.62
19/03/1987,6.41,-0.71,2.85
20/03/1987,6.07,-2.06,2
21/03/1987,7.2,-0.27,3.46
22/03/1987,8.94,-0.43,4.25
23/03/1987,10.68,4.52,7.6
24/03/1987,10.94,7.7,9.32
25/03/1987,9.14,8.3,8.72
26/03/1987,10.92,2.95,6.93
27/03/1987,10.65,6.75,8.7
28/03/1987,8.79,3.47,6.13
29/03/1987,8.32,0.16,4.24
30/03/1987,10.46,2.07,6.26
31/03/1987,10.73,4.8,7.77
01/04/1987,8.98,7.89,8.44
02/04/1987,8.74,0.55,4.64
03/04/1987,9.27,2.87,6.07
04/04/1987,7.9,6.36,7.13
05/04/1987,13.23,4.57,8.9
06/04/1987,12.3,6.4,9.35
07/04/1987,11.15,7.07,9.11
08/04/1987,11.64,7.04,9.34
09/04/1987,13.34,7.4,10.37
10/04/1987,11.58,1.94,6.76
11/04/1987,9.86,3.1,6.48
12/04/1987,11.76,1.84,6.8
13/04/1987,12.36,5.65,9
14/04/1987,16.32,5.44,10.88
15/04/1987,14.42,4.05,9.23
16/04/1987,16.84,7.88,12.36
17/04/1987,21.21,5.02,13.11
18/04/1987,16.43,8.49,12.46
19/04/1987,15.32,11.34,13.33
20/04/1987,11.85,8.06,9.95
21/04/1987,14.27,4.54,9.4
22/04/1987,14.68,5.76,10.22
23/04/1987,19.78,4.35,12.07
24/04/1987,21.03,5.82,13.43
25/04/1987,19.08,7.79,13.44
26/04/1987,19.65,8.86,14.26
27/04/1987,19.27,8.16,13.72
28/04/1987,21.97,6.07,14.02
29/04/1987,20.63,10.96,15.8
30/04/1987,14.75,11.98,13.36
01/05/1987,13.56,11.74,12.65
02/05/1987,12.57,3.17,7.87
03/05/1987,10.55,3.46,7.01
04/05/1987,12.02,0.6,6.31
05/05/1987,12.82,6.92,9.87
06/05/1987,17.33,5.44,11.39
07/05/1987,16.93,6.45,11.69
08/05/1987,19.25,5.18,12.21
09/05/1987,21.42,4.6,13.01
10/05/1987,13.63,5.15,9.39
11/05/1987,13.09,5.42,9.25
12/05/1987,12.8,9.42,11.11
13/05/1987,13.19,3.45,8.32
14/05/1987,12.69,3.95,8.32
15/05/1987,11.05,5.27,8.16
16/05/1987,13.83,2.61,8.22
17/05/1987,11,6.92,8.96
18/05/1987,11.01,7.55,9.28
19/05/1987,15.84,4.61,10.23
20/05/1987,13.84,4.07,8.96
21/05/1987,12.75,5.79,9.27
22/05/1987,10.35,5.36,7.85
23/05/1987,10.05,6.35,8.2
24/05/1987,15.61,5.84,10.73
25/05/1987,14.68,5.87,10.27
26/05/1987,19.78,7.18,13.48
27/05/1987,18.53,8.26,13.39
28/05/1987,17.43,6.36,11.89
29/05/1987,17.43,8.02,12.72
30/05/1987,17.34,11.37,14.35
31/05/1987,20.51,11.12,15.81
01/06/1987,18.63,9.87,14.25
02/06/1987,14.15,10.96,12.56
03/06/1987,17.89,11.21,14.55
04/06/1987,18.1,11.49,14.79
05/06/1987,14.32,8.29,11.31
06/06/1987,15.73,10.61,13.17
07/06/1987,13.66,9.3,11.48
08/06/1987,14.12,9.57,11.85
09/06/1987,12.41,8.07,10.24
10/06/1987,14.52,6.24,10.38
11/06/1987,17.25,9.43,13.34
12/06/1987,16.54,5.61,11.07
13/06/1987,15.18,7.52,11.35
14/06/1987,15.6,6.43,11.01
15/06/1987,15.1,6.36,10.73
16/06/1987,14.46,4.37,9.41
17/06/1987,15.56,8.98,12.27
18/06/1987,17.24,8.66,12.95
19/06/1987,14.14,11.06,12.6
20/06/1987,19.27,5.93,12.6
21/06/1987,18.8,8.64,13.72
22/06/1987,16.58,10.01,13.29
23/06/1987,18.51,10.83,14.67
24/06/1987,18.85,11.91,15.38
25/06/1987,16.61,11.35,13.98
26/06/1987,19.68,11.39,15.53
27/06/1987,21.93,13.32,17.63
28/06/1987,22.78,17.11,19.95
29/06/1987,26.58,17.93,22.25
30/06/1987,21.33,14.71,18.02
01/07/1987,19.37,10.17,14.77
02/07/1987,20.2,8.31,14.25
03/07/1987,22.31,9.85,16.08
04/07/1987,24.38,11.08,17.73
05/07/1987,26.31,12.1,19.2
06/07/1987,27.25,12.95,20.1
07/07/1987,23.11,14.97,19.04
08/07/1987,21.3,10.68,15.99
09/07/1987,20.52,9.57,15.05
10/07/1987,25.61,14.8,20.2
11/07/1987,22.64,14.45,18.55
12/07/1987,22.72,11.23,16.98
13/07/1987,24.4,11.87,18.13
14/07/1987,21.48,16.1,18.79
15/07/1987,20.96,16.02,18.49
16/07/1987,19.07,11.95,15.51
17/07/1987,17.85,11.39,14.62
18/07/1987,16.93,12.33,14.63
19/07/1987,16.52,12,14.26
20/07/1987,16.99,13.61,15.3
21/07/1987,14.81,12.66,13.73
22/07/1987,17.23,13.17,15.2
23/07/1987,15.48,12.1,13.79
24/07/1987,18.51,10.16,14.33
25/07/1987,17.86,8.77,13.32
26/07/1987,18.4,6.69,12.54
27/07/1987,20.28,13.66,16.97
28/07/1987,22.5,12.38,17.44
29/07/1987,20.27,15.23,17.75
30/07/1987,18.93,13.34,16.14
31/07/1987,24.16,14.63,19.39
01/08/1987,19.45,13.07,16.26
02/08/1987,19.57,13.87,16.72
03/08/1987,19.87,12.84,16.36
04/08/1987,17.79,8.66,13.22
05/08/1987,18.28,7.71,13
06/08/1987,18.53,7.52,13.02
07/08/1987,17.33,7.86,12.59
08/08/1987,16.42,12.65,14.54
09/08/1987,18,11.79,14.9
10/08/1987,19.28,7.6,13.44
11/08/1987,17.72,9.83,13.78
12/08/1987,21.77,13.08,17.42
13/08/1987,21.48,16.4,18.94
14/08/1987,20.68,11.44,16.06
15/08/1987,25.01,12.13,18.57
16/08/1987,26.24,12.74,19.49
17/08/1987,23.02,16.07,19.54
18/08/1987,22.19,16.42,19.3
19/08/1987,24.3,12.07,18.18
20/08/1987,27.58,16.87,22.23
21/08/1987,26.52,16.72,21.62
22/08/1987,22.66,16.61,19.63
23/08/1987,18.48,12.2,15.34
24/08/1987,14.5,12.89,13.7
25/08/1987,17.53,8.9,13.21
26/08/1987,16.59,11.32,13.95
27/08/1987,17.25,10.75,14
28/08/1987,23.88,8.62,16.25
29/08/1987,19.98,13.83,16.9
30/08/1987,21.74,9.72,15.73
31/08/1987,19.55,12.32,15.93
01/09/1987,23.62,11.3,17.46
02/09/1987,18.18,14.71,16.44
03/09/1987,20.03,15,17.52
04/09/1987,19.47,10.45,14.96
05/09/1987,20.12,12.33,16.22
06/09/1987,17.19,10.52,13.85
07/09/1987,19.18,12.39,15.78
08/09/1987,18.78,8.47,13.63
09/09/1987,19.04,9.07,14.06
10/09/1987,17.85,13.14,15.49
11/09/1987,18.62,11.19,14.91
12/09/1987,19.24,15.12,17.18
13/09/1987,17.68,11.71,14.7
14/09/1987,18.84,8.41,13.62
15/09/1987,18.9,9.11,14
16/09/1987,18.45,12.89,15.67
17/09/1987,21.7,14.22,17.96
18/09/1987,18.43,13.09,15.76
19/09/1987,15.84,10.21,13.02
20/09/1987,21.17,13.93,17.55
21/09/1987,20.95,15.58,18.26
22/09/1987,18.85,11.23,15.04
23/09/1987,17.13,11.52,14.32
24/09/1987,15.55,9.54,12.55
25/09/1987,14.76,6.2,10.48
26/09/1987,14.62,3.15,8.89
27/09/1987,13.28,3.47,8.37
28/09/1987,13.09,7.29,10.19
29/09/1987,13.64,3.02,8.33
30/09/1987,14.87,5.95,10.41
01/10/1987,15.85,3.72,9.78
02/10/1987,17.37,6.6,11.98
03/10/1987,17.55,11.42,14.48
04/10/1987,17.95,10.75,14.35
05/10/1987,18.73,12.59,15.66
06/10/1987,12.97,11.18,12.07
07/10/1987,16.85,5.24,11.04
08/10/1987,12.09,8.33,10.21
09/10/1987,13.46,6.07,9.77
10/10/1987,8.08,6.53,7.31
11/10/1987,12.27,3.81,8.04
12/10/1987,13.98,6.32,10.15
13/10/1987,12.92,7.27,10.1
14/10/1987,10.29,4.23,7.26
15/10/1987,15.2,8.26,11.73
16/10/1987,12.23,6.53,9.38
17/10/1987,14.82,7.56,11.19
18/10/1987,15.43,10.12,12.78
19/10/1987,16.45,12.49,14.47
20/10/1987,13.61,11.98,12.79
21/10/1987,13.42,10.16,11.79
22/10/1987,12.1,4.8,8.45
23/10/1987,9.66,1.21,5.43
24/10/1987,10.14,0.72,5.43
25/10/1987,12.01,-2,5
26/10/1987,11.79,0.8,6.3
27/10/1987,13.42,8.79,11.1
28/10/1987,11.4,4.78,8.09
29/10/1987,10.15,0.04,5.1
30/10/1987,11.59,2.31,6.95
31/10/1987,12.13,7.32,9.73
01/11/1987,11.99,9.49,10.74
02/11/1987,9.35,3.09,6.22
03/11/1987,9.75,4.65,7.2
04/11/1987,10.61,6.84,8.72
05/11/1987,10.75,8.01,9.38
06/11/1987,6.07,2.47,4.27
07/11/1987,6.36,3.5,4.93
08/11/1987,7.94,4.17,6.06
09/11/1987,7.28,5.4,6.34
10/11/1987,9.19,6.09,7.64
11/11/1987,11.9,4.14,8.02
12/11/1987,6.69,4.43,5.56
13/11/1987,8.38,3.74,6.06
14/11/1987,9.38,2.09,5.74
15/11/1987,12.16,3.42,7.79
16/11/1987,10.87,7.9,9.39
17/11/1987,11.4,5.9,8.65
18/11/1987,11.98,6.62,9.3
19/11/1987,11.95,8.06,10
20/11/1987,9.67,4.27,6.97
21/11/1987,8.23,3.88,6.06
22/11/1987,7.65,6.18,6.91
23/11/1987,6.3,1.42,3.86
24/11/1987,7.3,2.59,4.95
25/11/1987,5.99,4.51,5.25
26/11/1987,6.29,3.65,4.97
27/11/1987,5.96,0.48,3.22
28/11/1987,4.29,-2.51,0.89
29/11/1987,3.91,-3.36,0.28
30/11/1987,5.25,0.3,2.78
01/12/1987,6.35,2.48,4.42
02/12/1987,4.12,3.19,3.65
03/12/1987,3.44,2.65,3.04
04/12/1987,5.66,1.65,3.66
05/12/1987,5.07,3.44,4.26
06/12/1987,5.22,4.17,4.69
07/12/1987,4.56,1.36,2.96
08/12/1987,2.5,-3.64,-0.57
09/12/1987,2.49,-3.36,-0.44
10/12/1987,2.43,-3.38,-0.47
11/12/1987,2.35,-4.3,-0.97
12/12/1987,2.93,-3,-0.04
13/12/1987,4.49,-0.46,2.02
14/12/1987,1.72,-1.3,0.21
15/12/1987,10.28,0.53,5.41
16/12/1987,12.12,1.13,6.63
17/12/1987,13.7,9.9,11.8
18/12/1987,10.95,10.66,10.8
19/12/1987,10.1,6.86,8.48
20/12/1987,10.67,7.61,9.14
21/12/1987,10.97,7.82,9.4
22/12/1987,7.75,3.29,5.52
23/12/1987,5.24,1.73,3.48
24/12/1987,9.22,2.81,6.01
25/12/1987,9.61,5.09,7.35
26/12/1987,11.15,5.47,8.31
27/12/1987,12.58,9.63,11.1
28/12/1987,12.66,11.04,11.85
29/12/1987,12.92,11.37,12.15
30/12/1987,11.48,6.37,8.93
31/12/1987,9.95,6.94,8.44
01/01/1988,12.46,5.97,9.22
02/01/1988,12.07,8.01,10.04
03/01/1988,8.48,5.89,7.18
04/01/1988,9.13,5.67,7.4
05/01/1988,9.41,4.99,7.2
06/01/1988,8.71,5.01,6.86
07/01/1988,5.55,1.88,3.72
08/01/1988,11.24,-1.08,5.08
09/01/1988,11.28,4.48,7.88
10/01/1988,7.4,4.12,5.76
11/01/1988,6.92,2.02,4.47
12/01/1988,7.34,2.76,5.05
13/01/1988,7.87,4.23,6.05
14/01/1988,8.51,3.61,6.06
15/01/1988,4.39,3.37,3.88
16/01/1988,2.34,-0.48,0.93
17/01/1988,5.84,-1.81,2.01
18/01/1988,8.36,-0.77,3.8
19/01/1988,9,5.71,7.35
20/01/1988,6.51,4.1,5.31
21/01/1988,5.73,-0.02,2.86
22/01/1988,3.33,0.12,1.73
23/01/1988,10.29,-0.26,5.01
24/01/1988,9.75,1.7,5.73
25/01/1988,7.44,4.97,6.21
26/01/1988,6.63,4.93,5.78
27/01/1988,4.53,3.13,3.83
28/01/1988,7.94,1.97,4.96
29/01/1988,5.79,2.04,3.91
30/01/1988,5.04,2.76,3.9
31/01/1988,7.81,2.1,4.95
01/02/1988,9.07,2.26,5.66
02/02/1988,5.41,5.13,5.27
03/02/1988,8.88,1.59,5.23
04/02/1988,6.89,1.26,4.07
05/02/1988,7.58,2.09,4.84
06/02/1988,6.62,0.75,3.69
07/02/1988,6.42,-0.59,2.91
08/02/1988,9.04,0.97,5
09/02/1988,6.06,1.57,3.82
10/02/1988,6.41,2.2,4.3
11/02/1988,6.36,0.8,3.58
12/02/1988,6.61,-0.66,2.97
13/02/1988,9.38,0.37,4.88
14/02/1988,12,6.4,9.2
15/02/1988,13.4,4.06,8.73
16/02/1988,7.55,1.5,4.53
17/02/1988,8.39,0.2,4.29
18/02/1988,8.88,2.43,5.66
19/02/1988,10.15,4.01,7.08
20/02/1988,9.02,6.04,7.53
21/02/1988,8.36,5.28,6.82
22/02/1988,7.63,4.63,6.13
23/02/1988,5.98,1.76,3.87
24/02/1988,4.56,0.52,2.54
25/02/1988,4.4,-0.6,1.9
26/02/1988,4.98,-2.42,1.28
27/02/1988,7.51,0.51,4.01
28/02/1988,7.88,3.43,5.65
29/02/1988,3.76,-0.73,1.51
01/03/1988,4.87,-1.71,1.58
02/03/1988,6.4,-3.71,1.35
03/03/1988,7.54,0.29,3.92
04/03/1988,4.6,-1.75,1.43
05/03/1988,6.02,-3.01,1.5
06/03/1988,8.83,0.15,4.49
07/03/1988,7.15,4.71,5.93
08/03/1988,8.76,4.53,6.65
09/03/1988,12.11,2.3,7.2
10/03/1988,9.53,3.34,6.43
11/03/1988,10.26,2.77,6.52
12/03/1988,10.92,5.94,8.43
13/03/1988,9.97,5.59,7.78
14/03/1988,10.29,3.62,6.96
15/03/1988,10.58,4.08,7.33
16/03/1988,10.15,4.96,7.56
17/03/1988,8.18,3.54,5.86
18/03/1988,10.78,3.11,6.95
19/03/1988,12.02,5.13,8.57
20/03/1988,10.05,7.36,8.71
21/03/1988,12.99,7.11,10.05
22/03/1988,11.51,5.61,8.56
23/03/1988,10.94,5.28,8.11
24/03/1988,11.72,6.76,9.24
25/03/1988,11.57,5.66,8.61
26/03/1988,10.26,4.39,7.32
27/03/1988,11.41,4.34,7.88
28/03/1988,9.77,4.37,7.07
29/03/1988,8.56,5.15,6.86
30/03/1988,9.68,1.29,5.48
31/03/1988,10.78,3.66,7.22
01/04/1988,10.08,0.82,5.45
02/04/1988,11.25,6.02,8.64
03/04/1988,13.99,1.14,7.57
04/04/1988,10.45,4.62,7.53
05/04/1988,8.04,3.85,5.95
06/04/1988,9.56,4.14,6.85
07/04/1988,12.5,1.67,7.09
08/04/1988,10.66,5.74,8.2
09/04/1988,5.27,0.21,2.74
10/04/1988,11.83,-1.38,5.23
11/04/1988,14.24,1.53,7.88
12/04/1988,13.37,2.14,7.76
13/04/1988,9.85,-0.05,4.9
14/04/1988,10.5,-0.15,5.17
15/04/1988,13.38,5.7,9.54
16/04/1988,13.89,10.13,12.01
17/04/1988,15.66,10.49,13.07
18/04/1988,17.11,9.97,13.54
19/04/1988,16.07,11.29,13.68
20/04/1988,15.95,7.99,11.97
21/04/1988,15.31,7.65,11.48
22/04/1988,10.28,8.56,9.42
23/04/1988,9.59,2.28,5.93
24/04/1988,11.53,-0.96,5.28
25/04/1988,11.53,-1.03,5.25
26/04/1988,14.05,1.61,7.83
27/04/1988,10.59,5.96,8.28
28/04/1988,10.72,4.44,7.58
29/04/1988,10.09,4,7.04
30/04/1988,15.01,6.64,10.83
01/05/1988,14.69,9.07,11.88
02/05/1988,15,8.47,11.73
03/05/1988,13.59,8.77,11.18
04/05/1988,15.07,9.68,12.38
05/05/1988,17.12,6.3,11.71
06/05/1988,19.05,4.85,11.95
07/05/1988,17.87,6.65,12.26
08/05/1988,19.13,10.43,14.78
09/05/1988,11.83,10.52,11.18
10/05/1988,17.66,8.51,13.09
11/05/1988,16.04,5.63,10.83
12/05/1988,15.55,8.76,12.16
13/05/1988,19.02,9.3,14.16
14/05/1988,22.23,8.8,15.52
15/05/1988,20.99,9.27,15.13
16/05/1988,20.34,8.26,14.3
17/05/1988,18.78,5.07,11.93
18/05/1988,11.28,6.08,8.68
19/05/1988,12.32,4.34,8.33
20/05/1988,15.14,2.64,8.89
21/05/1988,16.46,4.94,10.7
22/05/1988,17.1,4.57,10.83
23/05/1988,17.31,7.6,12.46
24/05/1988,16.74,8.35,12.54
25/05/1988,11.96,8.19,10.08
26/05/1988,17.15,9.39,13.27
27/05/1988,17.38,6.34,11.86
28/05/1988,17.93,5.75,11.84
29/05/1988,15.13,9.99,12.56
30/05/1988,15.3,8.09,11.7
31/05/1988,16.84,9.4,13.12
01/06/1988,17.1,6.85,11.97
02/06/1988,18.06,10.13,14.1
03/06/1988,14.27,7.72,11
04/06/1988,16.2,8.3,12.25
05/06/1988,14.93,6.36,10.65
06/06/1988,16.04,7.79,11.92
07/06/1988,15.93,7.94,11.94
08/06/1988,14.09,9.65,11.87
09/06/1988,11.22,10.44,10.83
10/06/1988,13.38,9.92,11.65
11/06/1988,16.18,8.46,12.32
12/06/1988,19.29,8.75,14.02
13/06/1988,21,8.87,14.93
14/06/1988,21.88,7.09,14.48
15/06/1988,19.83,9.95,14.89
16/06/1988,18.72,10.2,14.46
17/06/1988,15.83,10.35,13.09
18/06/1988,19.48,8.53,14.01
19/06/1988,23.5,11.07,17.29
20/06/1988,23.19,11.55,17.37
21/06/1988,21.54,12.31,16.92
22/06/1988,20.27,10.5,15.39
23/06/1988,23.6,9.73,16.66
24/06/1988,21.19,11.23,16.21
25/06/1988,21.07,13.18,17.12
26/06/1988,18.36,14.41,16.38
27/06/1988,14.72,10.8,12.76
28/06/1988,16.89,11.48,14.19
29/06/1988,20.65,12.83,16.74
30/06/1988,22.08,13.73,17.9
01/07/1988,18.92,12.79,15.85
02/07/1988,17.16,8.89,13.03
03/07/1988,14.9,7.85,11.38
04/07/1988,16.18,11.47,13.83
05/07/1988,20.63,10.68,15.65
06/07/1988,17.38,11.27,14.33
07/07/1988,17.95,10.41,14.18
08/07/1988,18.24,9.85,14.05
09/07/1988,18.11,9.3,13.7
10/07/1988,16.94,14.05,15.5
11/07/1988,19.49,10.05,14.77
12/07/1988,18.67,10.66,14.66
13/07/1988,17.92,11.26,14.59
14/07/1988,16.32,9.73,13.03
15/07/1988,17.36,11.07,14.21
16/07/1988,16.24,7.58,11.91
17/07/1988,17.04,14.16,15.6
18/07/1988,20.36,12.38,16.37
19/07/1988,18.1,9.66,13.88
20/07/1988,22.75,14.53,18.64
21/07/1988,20.25,14.18,17.22
22/07/1988,20.03,16.75,18.39
23/07/1988,19.53,15.47,17.5
24/07/1988,19.1,10.39,14.75
25/07/1988,19.82,10.75,15.29
26/07/1988,19.21,10.65,14.93
27/07/1988,19.34,9.72,14.53
28/07/1988,15.37,12.72,14.05
29/07/1988,17.68,9.56,13.62
30/07/1988,17.82,9.82,13.82
31/07/1988,17.81,11.18,14.49
01/08/1988,16.85,11.39,14.12
02/08/1988,17.5,10.53,14.01
03/08/1988,18.57,7.14,12.85
04/08/1988,20.45,11.26,15.85
05/08/1988,19.14,14.04,16.59
06/08/1988,26.17,9.2,17.69
07/08/1988,27.82,12.55,20.19
08/08/1988,25.52,11.93,18.72
09/08/1988,21.84,14.79,18.31
10/08/1988,19.85,11.27,15.56
11/08/1988,17.86,11.46,14.66
12/08/1988,18.69,13.23,15.96
13/08/1988,17.66,10.37,14.01
14/08/1988,19.27,13.98,16.62
15/08/1988,20.41,11.26,15.84
16/08/1988,21.67,8.46,15.07
17/08/1988,24.84,11.6,18.22
18/08/1988,22.74,13.19,17.97
19/08/1988,19.39,14.5,16.95
20/08/1988,19.17,11.88,15.53
21/08/1988,16.2,12.17,14.18
22/08/1988,18.22,8.3,13.26
23/08/1988,18.77,10.75,14.76
24/08/1988,17.64,13.72,15.68
25/08/1988,16.08,9.19,12.63
26/08/1988,18.64,9.91,14.28
27/08/1988,20.85,14.42,17.63
28/08/1988,17.69,11.15,14.42
29/08/1988,18,8.37,13.18
30/08/1988,17.62,9.2,13.41
31/08/1988,18.19,13.36,15.77
01/09/1988,17.57,12.13,14.85
02/09/1988,16.71,11.47,14.09
03/09/1988,17.31,8.8,13.05
04/09/1988,18.66,8.53,13.6
05/09/1988,20.15,11.27,15.71
06/09/1988,23.03,9.33,16.18
07/09/1988,25,11.13,18.06
08/09/1988,24.63,15.5,20.07
09/09/1988,20.94,12.6,16.77
10/09/1988,20.06,9.55,14.8
11/09/1988,18.27,12.22,15.24
12/09/1988,17.04,9,13.02
13/09/1988,13.38,7.87,10.62
14/09/1988,13.17,9.41,11.29
15/09/1988,14.74,9.38,12.06
16/09/1988,17.45,8.63,13.04
17/09/1988,16.86,11.95,14.4
18/09/1988,17.26,11.01,14.13
19/09/1988,15.01,5.88,10.45
20/09/1988,13.16,5.01,9.09
21/09/1988,15.32,8.34,11.83
22/09/1988,17.21,11.91,14.56
23/09/1988,15.4,9.71,12.55
24/09/1988,14.65,9.75,12.2
25/09/1988,17.32,11.8,14.56
26/09/1988,18.88,14.46,16.67
27/09/1988,17.21,14.21,15.71
28/09/1988,14.65,11.03,12.84
29/09/1988,14.55,6.71,10.63
30/09/1988,13.45,2.91,8.18
01/10/1988,14.87,2.03,8.45
02/10/1988,15.75,4.62,10.19
03/10/1988,16.14,4.63,10.39
04/10/1988,15.41,7.99,11.7
05/10/1988,14.94,9.57,12.25
06/10/1988,13.84,10.31,12.08
07/10/1988,12.28,7.65,9.96
08/10/1988,14.29,5.93,10.11
09/10/1988,12.78,8.4,10.59
10/10/1988,13.29,5.09,9.19
11/10/1988,11.66,4.13,7.9
12/10/1988,12.55,8.5,10.53
13/10/1988,13.4,6.6,10
14/10/1988,14.06,5.12,9.59
15/10/1988,12.88,8.99,10.94
16/10/1988,14.25,11.83,13.04
17/10/1988,14.07,11.65,12.86
18/10/1988,16.62,11.91,14.26
19/10/1988,16.74,13.67,15.2
20/10/1988,14.8,10.88,12.84
21/10/1988,15.18,3.8,9.49
22/10/1988,15.86,8.11,11.99
23/10/1988,14.06,10.66,12.36
24/10/1988,15.58,10.55,13.07
25/10/1988,15.32,11.45,13.38
26/10/1988,16.74,12.67,14.71
27/10/1988,15.14,13.24,14.19
28/10/1988,13.01,8.77,10.89
29/10/1988,8.35,0.97,4.66
30/10/1988,8.16,-1.08,3.54
31/10/1988,8.77,-0.69,4.04
01/11/1988,10.56,-1.41,4.58
02/11/1988,9.3,0.1,4.7
03/11/1988,7.86,-0.98,3.44
04/11/1988,7.03,-1.71,2.66
05/11/1988,7.77,-2.84,2.46
06/11/1988,9.03,-0.08,4.47
07/11/1988,8.42,-0.75,3.84
08/11/1988,13.58,1.75,7.67
09/11/1988,14.74,5.42,10.08
10/11/1988,14.66,12.29,13.47
11/11/1988,9.72,6.92,8.32
12/11/1988,11.06,7.1,9.08
13/11/1988,9.76,3.53,6.64
14/11/1988,10.34,1.65,5.99
15/11/1988,7,-0.35,3.33
16/11/1988,10.27,-0.53,4.87
17/11/1988,13.26,2.5,7.88
18/11/1988,10.18,8.47,9.33
19/11/1988,5.66,1.23,3.45
20/11/1988,3.9,0.26,2.08
21/11/1988,2.78,-1.88,0.45
22/11/1988,3.36,-4.23,-0.43
23/11/1988,5.97,-2.39,1.79
24/11/1988,4.48,-0.96,1.76
25/11/1988,3.8,2.07,2.94
26/11/1988,4.93,-1.47,1.73
27/11/1988,6.26,-1.61,2.32
28/11/1988,11.11,-1.2,4.96
29/11/1988,11.73,5.49,8.61
30/11/1988,11.26,6.16,8.71
01/12/1988,7.25,2.8,5.02
02/12/1988,2.9,1.99,2.45
03/12/1988,8.91,-0.39,4.26
04/12/1988,7.79,1.99,4.89
05/12/1988,7.41,4.4,5.91
06/12/1988,6.6,3.05,4.82
07/12/1988,7.16,0.23,3.7
08/12/1988,10.01,1.58,5.79
09/12/1988,12.11,6.92,9.51
10/12/1988,12.12,7.3,9.71
11/12/1988,10.61,7.55,9.08
12/12/1988,9.74,6.83,8.28
13/12/1988,10.3,4.07,7.18
14/12/1988,9.87,6.63,8.25
15/12/1988,7.85,6.55,7.2
16/12/1988,8.26,4.46,6.36
17/12/1988,6.05,0.77,3.41
18/12/1988,11.33,1.8,6.56
19/12/1988,11.25,5.47,8.36
20/12/1988,9.69,2.83,6.26
21/12/1988,10.75,4.24,7.5
22/12/1988,10.69,8.92,9.81
23/12/1988,11.83,8.94,10.39
24/12/1988,12.31,7.95,10.13
25/12/1988,11.64,8.51,10.08
26/12/1988,13.47,10.11,11.79
27/12/1988,11.38,6.6,8.99
28/12/1988,11.98,7.13,9.56
29/12/1988,8.8,4.53,6.67
30/12/1988,8.48,5.53,7.01
31/12/1988,8.52,6.19,7.35
01/01/1989,6.83,5.9,6.37
02/01/1989,6.77,5.08,5.93
03/01/1989,9.29,3.9,6.6
04/01/1989,9.32,4.66,6.99
05/01/1989,10.64,1.85,6.24
06/01/1989,9.67,3.44,6.55
07/01/1989,11.88,4.78,8.33
08/01/1989,9.55,7.52,8.53
09/01/1989,10.41,8.14,9.28
10/01/1989,7.28,2.06,4.67
11/01/1989,9.11,-0.61,4.25
12/01/1989,8.53,1.53,5.03
13/01/1989,11.88,1.79,6.83
14/01/1989,9.25,3.65,6.45
15/01/1989,10.09,4.78,7.43
16/01/1989,9.29,8,8.64
17/01/1989,7.61,6.48,7.04
18/01/1989,6.24,-2.22,2.01
19/01/1989,4.6,-2.42,1.09
20/01/1989,6.66,-0.23,3.21
21/01/1989,7.98,4.22,6.1
22/01/1989,8.07,0.63,4.35
23/01/1989,10.61,1.13,5.87
24/01/1989,7.04,5.96,6.5
25/01/1989,5.56,2.46,4.01
26/01/1989,9.32,2.42,5.87
27/01/1989,11.65,5.4,8.52
28/01/1989,9.56,8.62,9.09
29/01/1989,6.76,-2.82,1.97
30/01/1989,8.39,-1.42,3.49
31/01/1989,6.69,5.48,6.08
01/02/1989,4.71,1.28,3
02/02/1989,5.27,-3.18,1.04
03/02/1989,10.12,0.3,5.21
04/02/1989,11.01,3.89,7.45
05/02/1989,10.86,7.56,9.21
06/02/1989,13.89,7.6,10.74
07/02/1989,11.93,7.91,9.92
08/02/1989,11.14,5.09,8.11
09/02/1989,10.99,4.13,7.56
10/02/1989,8.86,5.26,7.06
11/02/1989,9.78,-0.97,4.4
12/02/1989,10.27,2.72,6.49
13/02/1989,10.44,2.35,6.39
14/02/1989,9.06,2.64,5.85
15/02/1989,9.88,3.86,6.87
16/02/1989,7.3,1.33,4.31
17/02/1989,11.71,-0.72,5.5
18/02/1989,12.55,2.57,7.56
19/02/1989,11.92,8.96,10.44
20/02/1989,9.18,4.04,6.61
21/02/1989,9.48,0.51,4.99
22/02/1989,8.8,3.04,5.92
23/02/1989,6.95,-0.17,3.39
24/02/1989,4.85,2.29,3.57
25/02/1989,5.12,0.45,2.78
26/02/1989,6.89,0.4,3.65
27/02/1989,8.4,-0.62,3.89
28/02/1989,8.42,0.55,4.48
01/03/1989,8.18,3.76,5.97
02/03/1989,11.42,2.6,7.01
03/03/1989,10.42,4.7,7.56
04/03/1989,12.06,4.39,8.22
05/03/1989,13.89,8.21,11.05
06/03/1989,14.52,7.99,11.25
07/03/1989,8.79,5.11,6.95
08/03/1989,9.62,-0.11,4.76
09/03/1989,10.73,3.35,7.04
10/03/1989,11.04,9.25,10.15
11/03/1989,9.7,5.31,7.5
12/03/1989,9.35,2.07,5.71
13/03/1989,9.65,3.91,6.78
14/03/1989,10.03,3.84,6.93
15/03/1989,11.74,5.96,8.85
16/03/1989,3.61,3.32,3.46
17/03/1989,7.14,1.41,4.28
18/03/1989,10.19,-1.26,4.46
19/03/1989,12.92,2.91,7.92
20/03/1989,10.03,2.42,6.22
21/03/1989,10.82,0.71,5.76
22/03/1989,13.23,4.92,9.08
23/03/1989,9.8,0.53,5.16
24/03/1989,12.62,4.68,8.65
25/03/1989,10.45,1.52,5.98
26/03/1989,16.39,5.86,11.12
27/03/1989,17.2,8.71,12.95
28/03/1989,12.78,9.26,11.02
29/03/1989,10.69,6,8.35
30/03/1989,16.16,4.32,10.24
31/03/1989,16.15,3.88,10.01
01/04/1989,14.84,6.48,10.66
02/04/1989,9.91,6.64,8.28
03/04/1989,6.96,2.58,4.77
04/04/1989,5.66,0.22,2.94
05/04/1989,3.78,0.34,2.06
06/04/1989,6.99,0.27,3.63
07/04/1989,10.04,2.56,6.3
08/04/1989,11.6,1.28,6.44
09/04/1989,13.26,1.14,7.2
10/04/1989,12.69,6.49,9.59
11/04/1989,12.9,6.31,9.6
12/04/1989,12.67,3.59,8.13
13/04/1989,12.11,4.72,8.41
14/04/1989,13.15,2.18,7.66
15/04/1989,12.82,1.46,7.14
16/04/1989,10.22,6.97,8.6
17/04/1989,8.02,6.07,7.05
18/04/1989,12.77,-0.4,6.18
19/04/1989,10.13,1.41,5.77
20/04/1989,9.04,6.12,7.58
21/04/1989,10.62,1.49,6.05
22/04/1989,12,3.74,7.87
23/04/1989,10.66,6.77,8.71
24/04/1989,4.79,2.56,3.68
25/04/1989,7.44,0.52,3.98
26/04/1989,9.66,-1.65,4.01
27/04/1989,8.43,3.86,6.14
28/04/1989,12.87,0.28,6.58
29/04/1989,9.99,5.64,7.81
30/04/1989,13.13,6,9.56
01/05/1989,17.09,9.14,13.12
02/05/1989,17.82,5.81,11.81
03/05/1989,20.8,5.81,13.31
04/05/1989,22.6,8.66,15.63
05/05/1989,22.58,8.38,15.48
06/05/1989,16.3,8.13,12.22
07/05/1989,18.39,4.94,11.67
08/05/1989,20.63,7.58,14.1
09/05/1989,14.85,8.11,11.48
10/05/1989,15.35,3.87,9.61
11/05/1989,14,8.84,11.42
12/05/1989,12.6,5.63,9.12
13/05/1989,14.59,5.39,9.99
14/05/1989,16.46,8.95,12.7
15/05/1989,18.48,6.96,12.72
16/05/1989,18.42,9.01,13.72
17/05/1989,20.85,7.3,14.08
18/05/1989,22.03,12.6,17.32
19/05/1989,23.13,12.14,17.63
20/05/1989,23.43,9.74,16.58
21/05/1989,25.08,10.71,17.89
22/05/1989,24.58,11.58,18.08
23/05/1989,26.52,12.19,19.36
24/05/1989,26.02,14.3,20.16
25/05/1989,15.66,12.05,13.85
26/05/1989,16.55,9.01,12.78
27/05/1989,17.39,4.69,11.04
28/05/1989,19.88,5.16,12.52
29/05/1989,19.76,8.59,14.17
30/05/1989,14.43,6.8,10.62
31/05/1989,15.1,2.68,8.89
01/06/1989,10.79,6.54,8.66
02/06/1989,14.44,2.52,8.48
03/06/1989,13.82,5.38,9.6
04/06/1989,15.43,3.08,9.26
05/06/1989,15.63,5.41,10.52
06/06/1989,11.56,7.9,9.73
07/06/1989,15.3,7.88,11.59
08/06/1989,13.74,6.55,10.14
09/06/1989,17.23,9.16,13.2
10/06/1989,17.61,10.32,13.96
11/06/1989,21.29,8.18,14.73
12/06/1989,25.9,14.54,20.22
13/06/1989,26.22,16.26,21.24
14/06/1989,24.46,14.94,19.7
15/06/1989,24.62,12.81,18.71
16/06/1989,25.17,12.83,19
17/06/1989,25.9,14.51,20.2
18/06/1989,25.03,11.65,18.34
19/06/1989,26.5,11.6,19.05
20/06/1989,28.86,13.22,21.04
21/06/1989,21.79,11.3,16.54
22/06/1989,21.83,12,16.92
23/06/1989,23.4,10.49,16.95
24/06/1989,23.34,10.38,16.86
25/06/1989,24.88,10.75,17.82
26/06/1989,21.21,11.18,16.19
27/06/1989,16.85,12.74,14.79
28/06/1989,15.7,8.02,11.86
29/06/1989,18.46,10.08,14.27
30/06/1989,19.12,6.35,12.74
01/07/1989,18.84,13.55,16.2
02/07/1989,19.33,10.66,15
03/07/1989,23.08,9.08,16.08
04/07/1989,23.59,9.71,16.65
05/07/1989,26.55,12.14,19.35
06/07/1989,27.82,14.08,20.95
07/07/1989,19.52,17.56,18.54
08/07/1989,22.07,15.96,19.02
09/07/1989,18.16,14.06,16.11
10/07/1989,23.3,13.37,18.34
11/07/1989,24.74,15.76,20.25
12/07/1989,21.76,11.45,16.6
13/07/1989,22.89,12.16,17.53
14/07/1989,21.7,10.33,16.01
15/07/1989,26.61,11.69,19.15
16/07/1989,24.97,13.35,19.16
17/07/1989,27.43,13.65,20.54
18/07/1989,24.3,12.81,18.56
19/07/1989,27.39,13.29,20.34
20/07/1989,28.76,14.21,21.48
21/07/1989,30.73,16.19,23.46
22/07/1989,32.02,18.94,25.48
23/07/1989,30.62,16.63,23.62
24/07/1989,28.78,17.04,22.91
25/07/1989,29.45,15.77,22.61
26/07/1989,24.38,15.77,20.08
27/07/1989,24.1,10.97,17.54
28/07/1989,23.78,14.19,18.99
29/07/1989,23.38,13.43,18.4
30/07/1989,18.14,15.19,16.67
31/07/1989,17.16,9.37,13.26
01/08/1989,21.18,8.62,14.9
02/08/1989,20.41,9.52,14.96
03/08/1989,24.47,11.94,18.2
04/08/1989,23.89,10.17,17.03
05/08/1989,26.21,9.75,17.98
06/08/1989,27.57,10.83,19.2
07/08/1989,25.39,13.95,19.67
08/08/1989,25.62,13.51,19.57
09/08/1989,24.69,14.88,19.78
10/08/1989,21.82,13.89,17.86
11/08/1989,22.56,13.96,18.26
12/08/1989,23.19,14.48,18.84
13/08/1989,21.02,13.45,17.24
14/08/1989,21.65,13.18,17.41
15/08/1989,22.19,15.05,18.62
16/08/1989,22.17,14.45,18.31
17/08/1989,20.74,11.36,16.05
18/08/1989,21.28,9.81,15.55
19/08/1989,25.46,9.13,17.29
20/08/1989,26.78,12.46,19.62
21/08/1989,23.98,12.62,18.3
22/08/1989,23.08,11.07,17.08
23/08/1989,23.39,8.11,15.75
24/08/1989,23.48,11.14,17.31
25/08/1989,20.51,15.42,17.97
26/08/1989,20.8,14.16,17.48
27/08/1989,17.77,12.77,15.27
28/08/1989,19.35,6.77,13.06
29/08/1989,18.06,10.32,14.19
30/08/1989,24.73,14.26,19.49
31/08/1989,18.85,10.16,14.51
01/09/1989,19.83,7.58,13.71
02/09/1989,17.15,10.27,13.71
03/09/1989,17.9,5.87,11.88
04/09/1989,19.74,10.44,15.09
05/09/1989,22.09,12.49,17.29
06/09/1989,25.13,11.45,18.29
07/09/1989,25.69,11.07,18.38
08/09/1989,18.62,14.6,16.61
09/09/1989,14.65,12.53,13.59
10/09/1989,17.66,12.4,15.03
11/09/1989,17.99,13.64,15.81
12/09/1989,20.13,13.92,17.03
13/09/1989,19.2,13.51,16.35
14/09/1989,15.42,7.67,11.54
15/09/1989,19.91,11.8,15.86
16/09/1989,18.41,15.13,16.77
17/09/1989,18.41,13.93,16.17
18/09/1989,20.01,14.12,17.07
19/09/1989,18.8,12.76,15.78
20/09/1989,20.36,12.17,16.27
21/09/1989,24.63,11.11,17.87
22/09/1989,18.47,16.76,17.61
23/09/1989,19.77,8.67,14.22
24/09/1989,21.61,10.31,15.96
25/09/1989,20.96,9.72,15.34
26/09/1989,18.53,12.47,15.5
27/09/1989,16.11,13.09,14.6
28/09/1989,15.84,9.09,12.46
29/09/1989,17.81,5.8,11.8
30/09/1989,17.02,10.98,14
01/10/1989,14,8.68,11.34
02/10/1989,14.02,10.8,12.41
03/10/1989,13.42,3.21,8.32
04/10/1989,17.92,7.41,12.67
05/10/1989,16.35,8.8,12.57
06/10/1989,14.9,5.49,10.2
07/10/1989,13.82,10.16,11.99
08/10/1989,14.05,6.72,10.38
09/10/1989,14.4,6.59,10.49
10/10/1989,14.8,9.45,12.12
11/10/1989,15.27,10.69,12.98
12/10/1989,15.98,10.23,13.1
13/10/1989,14.68,10.95,12.81
14/10/1989,12.95,8.07,10.51
15/10/1989,14.27,4.41,9.34
16/10/1989,16.71,7.18,11.94
17/10/1989,18.41,7.39,12.9
18/10/1989,15.57,4.07,9.82
19/10/1989,16.72,6.71,11.72
20/10/1989,16.87,8.63,12.75
21/10/1989,16.56,9.86,13.21
22/10/1989,16.54,10.99,13.77
23/10/1989,15.4,10.38,12.89
24/10/1989,14.53,5.99,10.26
25/10/1989,16.59,9.88,13.24
26/10/1989,13.48,10.94,12.21
27/10/1989,17.18,9.46,13.32
28/10/1989,12.83,11.52,12.17
29/10/1989,14.96,8.47,11.71
30/10/1989,14.6,10.05,12.33
31/10/1989,15.94,10.07,13
01/11/1989,13.68,7.02,10.35
02/11/1989,10.27,8.59,9.43
03/11/1989,12.38,5.35,8.86
04/11/1989,11.46,5.13,8.29
05/11/1989,9.08,2.36,5.72
06/11/1989,9.77,0.57,5.17
07/11/1989,9.96,3.15,6.56
08/11/1989,12.67,7.26,9.96
09/11/1989,10.25,3.59,6.92
10/11/1989,13.31,4.9,9.1
11/11/1989,14.48,9.94,12.21
12/11/1989,14.94,6.6,10.77
13/11/1989,8.68,3.09,5.89
14/11/1989,9.11,2.9,6
15/11/1989,9.38,4.05,6.71
16/11/1989,9.66,3.73,6.7
17/11/1989,9.69,3.91,6.8
18/11/1989,11.61,4.29,7.95
19/11/1989,10.96,4.1,7.53
20/11/1989,10.31,4.94,7.63
21/11/1989,9.14,6.62,7.88
22/11/1989,7.68,4.93,6.3
23/11/1989,5.78,-0.17,2.8
24/11/1989,6.14,-2.75,1.69
25/11/1989,5.74,-1.34,2.2
26/11/1989,4.48,-4.71,-0.11
27/11/1989,5.61,-2.92,1.35
28/11/1989,4.97,-1.44,1.76
29/11/1989,6.54,-0.59,2.97
30/11/1989,3.98,-2.29,0.84
01/12/1989,1.63,-3.4,-0.88
02/12/1989,3.88,-2.08,0.9
03/12/1989,3.67,1.26,2.47
04/12/1989,6.07,1.58,3.83
05/12/1989,7.76,2.84,5.3
06/12/1989,6.81,3.33,5.07
07/12/1989,6.1,3.61,4.85
08/12/1989,5.68,3.84,4.76
09/12/1989,6.23,1.99,4.11
10/12/1989,3.45,-2.14,0.65
11/12/1989,7.38,-1.66,2.86
12/12/1989,7.83,1.12,4.48
13/12/1989,9.09,1.18,5.13
14/12/1989,11.72,4.28,8
15/12/1989,12.48,4.44,8.46
16/12/1989,13.12,4.92,9.02
17/12/1989,11.54,9.43,10.48
18/12/1989,6.73,4.56,5.64
19/12/1989,11.05,1.8,6.42
20/12/1989,13.43,2.6,8.01
21/12/1989,12.46,9.99,11.23
22/12/1989,7.75,6.6,7.18
23/12/1989,11.52,2.77,7.15
24/12/1989,12.02,4.45,8.23
25/12/1989,10.36,7.49,8.92
26/12/1989,6.82,3.21,5.02
27/12/1989,6.56,2.96,4.76
28/12/1989,6.37,3.98,5.18
29/12/1989,4.4,3.74,4.07
30/12/1989,3.39,2.79,3.09
31/12/1989,3.92,2.03,2.97
01/01/1990,5.67,2.09,3.88
02/01/1990,8.73,-0.07,4.33
03/01/1990,5.18,3.37,4.28
04/01/1990,9.04,3.77,6.41
05/01/1990,10.35,4.25,7.3
06/01/1990,11.53,7,9.26
07/01/1990,9.27,1.07,5.17
08/01/1990,8.98,1.22,5.1
09/01/1990,9.93,2.99,6.46
10/01/1990,10.71,8.21,9.46
11/01/1990,11.37,8.73,10.05
12/01/1990,9.14,6.61,7.88
13/01/1990,6.48,0.25,3.36
14/01/1990,10.22,0.87,5.54
15/01/1990,11.84,5.28,8.56
16/01/1990,11.33,9.93,10.63
17/01/1990,8.48,5.26,6.87
18/01/1990,8.84,1.39,5.12
19/01/1990,9.77,2.99,6.38
20/01/1990,11.34,4.24,7.79
21/01/1990,11.96,5.66,8.81
22/01/1990,11.09,8.49,9.79
23/01/1990,10.31,8.21,9.26
24/01/1990,11.63,1.64,6.64
25/01/1990,11.72,3.33,7.53
26/01/1990,5.65,1.8,3.73
27/01/1990,8.3,1.5,4.9
28/01/1990,8.12,1.86,4.99
29/01/1990,8.72,2.18,5.45
30/01/1990,9.57,6.04,7.81
31/01/1990,8.32,6.8,7.56
01/02/1990,8.73,4.44,6.59
02/02/1990,8.74,3.34,6.04
03/02/1990,9.12,3.4,6.26
04/02/1990,10.76,1.13,5.95
05/02/1990,13.18,8.72,10.95
06/02/1990,11.71,7.54,9.62
07/02/1990,13.73,8.32,11.03
08/02/1990,9.51,5.88,7.7
09/02/1990,9.94,4.15,7.05
10/02/1990,11.72,5.33,8.53
11/02/1990,7.69,1.98,4.84
12/02/1990,6.59,1.63,4.11
13/02/1990,9.47,1.76,5.61
14/02/1990,5.39,4.22,4.8
15/02/1990,7.22,2.54,4.88
16/02/1990,10.64,0.01,5.32
17/02/1990,12.69,2.85,7.77
18/02/1990,11.33,4.24,7.78
19/02/1990,12.88,5.93,9.41
20/02/1990,13.17,10.27,11.72
21/02/1990,10.8,5.1,7.95
22/02/1990,14.67,6.52,10.59
23/02/1990,15.34,7.53,11.44
24/02/1990,12.5,9.35,10.92
25/02/1990,11.47,5.02,8.25
26/02/1990,9.23,6.36,7.79
27/02/1990,7.87,3.21,5.54
28/02/1990,10.99,3.74,7.36
01/03/1990,8.19,0.68,4.44
02/03/1990,7.08,-1.73,2.68
03/03/1990,8.63,0.78,4.7
04/03/1990,10.38,3.68,7.03
05/03/1990,9.66,6.03,7.84
06/03/1990,11.77,6.67,9.22
07/03/1990,9.86,8.1,8.98
08/03/1990,12.68,5.18,8.93
09/03/1990,11.25,5.59,8.42
10/03/1990,12.6,7.11,9.85
11/03/1990,11.85,7.84,9.85
12/03/1990,12.84,5.79,9.31
13/03/1990,11.25,4.89,8.07
14/03/1990,12.55,3.91,8.23
15/03/1990,13,5.78,9.39
16/03/1990,15.82,4.06,9.94
17/03/1990,20.28,7.94,14.11
18/03/1990,19.44,7.82,13.63
19/03/1990,12.7,10.53,11.61
20/03/1990,14.44,4.26,9.35
21/03/1990,12.93,7.08,10.01
22/03/1990,12.1,7.28,9.69
23/03/1990,11.15,5.4,8.27
24/03/1990,9.62,8,8.81
25/03/1990,9.46,1.87,5.67
26/03/1990,8.4,0.17,4.28
27/03/1990,9.81,-2.09,3.86
28/03/1990,11.05,1.52,6.29
29/03/1990,12.33,-0.23,6.05
30/03/1990,16.2,2.24,9.22
31/03/1990,16.55,3.78,10.17
01/04/1990,18.29,2.58,10.44
02/04/1990,14.57,7.24,10.91
03/04/1990,7.45,0.47,3.96
04/04/1990,7.33,-2.72,2.31
05/04/1990,9.37,-3.14,3.11
06/04/1990,9.95,-2.3,3.82
07/04/1990,10.39,0.13,5.26
08/04/1990,10.11,-0.68,4.71
09/04/1990,11.1,-2.75,4.17
10/04/1990,14.52,3.86,9.19
11/04/1990,15.28,5.46,10.37
12/04/1990,14.99,8.12,11.55
13/04/1990,10.24,4.17,7.21
14/04/1990,9.62,0,4.81
15/04/1990,11.52,2.42,6.97
16/04/1990,10.64,2.5,6.57
17/04/1990,10.76,1.01,5.89
18/04/1990,11.2,0.58,5.89
19/04/1990,10.94,4.02,7.48
20/04/1990,10.69,2.01,6.35
21/04/1990,13.99,6.09,10.04
22/04/1990,14.35,7.33,10.84
23/04/1990,16.29,6.91,11.6
24/04/1990,16.83,3.86,10.35
25/04/1990,18.49,2.92,10.71
26/04/1990,11.86,7.08,9.47
27/04/1990,11.77,2.7,7.24
28/04/1990,16.79,2.74,9.77
29/04/1990,20.89,5.65,13.27
30/04/1990,21.95,8.48,15.21
01/05/1990,22.88,9.35,16.11
02/05/1990,23.96,6.77,15.37
03/05/1990,25.65,9.81,17.73
04/05/1990,24.61,9.63,17.12
05/05/1990,24.99,8.47,16.73
06/05/1990,22.11,10.03,16.07
07/05/1990,16.11,6.57,11.34
08/05/1990,16.69,6.38,11.54
09/05/1990,13.53,7.26,10.39
10/05/1990,15.3,5.58,10.44
11/05/1990,13.55,6.64,10.09
12/05/1990,15.17,8.45,11.81
13/05/1990,15.71,5.62,10.66
14/05/1990,18.2,4.2,11.2
15/05/1990,18.89,9.92,14.4
16/05/1990,19.14,10.64,14.89
17/05/1990,19.97,8.21,14.09
18/05/1990,14.49,9.27,11.88
19/05/1990,14.6,5.66,10.13
20/05/1990,16.67,4.87,10.77
21/05/1990,18.41,7.81,13.11
22/05/1990,17.28,3.94,10.61
23/05/1990,20.96,5.5,13.23
24/05/1990,16.95,6.18,11.57
25/05/1990,15.69,4.97,10.33
26/05/1990,16.04,3.27,9.66
27/05/1990,19.95,3.9,11.93
28/05/1990,20.43,7.46,13.95
29/05/1990,19.91,10.83,15.37
30/05/1990,19.31,10.96,15.13
31/05/1990,22.65,10.18,16.42
01/06/1990,21.42,10.66,16.04
02/06/1990,17.33,8.91,13.12
03/06/1990,15.32,11.44,13.38
04/06/1990,17.52,6.83,12.17
05/06/1990,14.48,7.43,10.96
06/06/1990,14.51,10.08,12.29
07/06/1990,15.93,5.87,10.9
08/06/1990,12.99,6.49,9.74
09/06/1990,15.84,9.29,12.56
10/06/1990,19.91,10.53,15.22
11/06/1990,13.26,9.66,11.46
12/06/1990,12.96,5.96,9.46
13/06/1990,13.59,9.14,11.36
14/06/1990,16.32,10.32,13.32
15/06/1990,18.21,11.69,14.95
16/06/1990,19.97,12.11,16.04
17/06/1990,20.85,11.43,16.14
18/06/1990,17.08,11.04,14.06
19/06/1990,19.5,12.29,15.89
20/06/1990,17.93,9.36,13.65
21/06/1990,14.91,9.86,12.38
22/06/1990,18.94,9.94,14.44
23/06/1990,17.23,11.27,14.25
24/06/1990,16.8,9.1,12.95
25/06/1990,21.49,14.09,17.79
26/06/1990,23.23,15.7,19.47
27/06/1990,21.72,14.98,18.35
28/06/1990,17.73,10.11,13.92
29/06/1990,20.67,9.07,14.87
30/06/1990,19.65,14.51,17.08
01/07/1990,16.61,11.84,14.23
02/07/1990,16.83,8.37,12.6
03/07/1990,18.47,5.8,12.14
04/07/1990,17.73,9.88,13.8
05/07/1990,15.36,10.95,13.16
06/07/1990,18.45,8.24,13.34
07/07/1990,20.33,11.84,16.09
08/07/1990,21.65,15.39,18.52
09/07/1990,17.51,11.75,14.63
10/07/1990,19.9,10.18,15.04
11/07/1990,25.38,8.68,17.03
12/07/1990,26.82,13.78,20.3
13/07/1990,26.67,13.08,19.87
14/07/1990,24.65,11.11,17.88
15/07/1990,30.03,9.46,19.74
16/07/1990,23.52,14.8,19.16
17/07/1990,26.33,13.43,19.88
18/07/1990,27.19,13.87,20.53
19/07/1990,28.82,13.73,21.27
20/07/1990,30.34,14.46,22.4
21/07/1990,30.26,14.94,22.6
22/07/1990,23.66,13.22,18.44
23/07/1990,23.58,12.12,17.85
24/07/1990,23.95,9.09,16.52
25/07/1990,26.1,10.17,18.14
26/07/1990,23.6,9.7,16.65
27/07/1990,23.09,13.43,18.26
28/07/1990,24.06,13.58,18.82
29/07/1990,23.61,12.45,18.03
30/07/1990,21.88,16.41,19.15
31/07/1990,25.63,14.31,19.97
01/08/1990,30.58,13.93,22.25
02/08/1990,32.34,16.15,24.25
03/08/1990,34.75,16.32,25.54
04/08/1990,29.57,18.25,23.91
05/08/1990,23.21,13.29,18.25
06/08/1990,21.02,11.06,16.04
07/08/1990,21.53,9.9,15.72
08/08/1990,25.22,10.66,17.94
09/08/1990,24.04,12.76,18.4
10/08/1990,23.97,14.13,19.05
11/08/1990,24.45,13.61,19.03
12/08/1990,27.16,15.36,21.26
13/08/1990,23.36,13.31,18.33
14/08/1990,20.13,13.81,16.97
15/08/1990,21.32,13.94,17.63
16/08/1990,19.39,11.37,15.38
17/08/1990,19.33,9.9,14.61
18/08/1990,18.13,12.59,15.36
19/08/1990,20.89,13.89,17.39
20/08/1990,20.18,11.98,16.08
21/08/1990,21.56,13.56,17.56
22/08/1990,25.47,12.71,19.09
23/08/1990,25.71,16.82,21.27
24/08/1990,27.25,15.55,21.4
25/08/1990,25.91,15.49,20.7
26/08/1990,24.8,15.02,19.91
27/08/1990,23,16.45,19.73
28/08/1990,25.79,15.09,20.44
29/08/1990,26.75,14.9,20.83
30/08/1990,20.1,9.99,15.04
31/08/1990,19.68,9.99,14.84
01/09/1990,21.54,13.46,17.5
02/09/1990,23.46,13.79,18.63
03/09/1990,22.48,12.64,17.56
04/09/1990,19.01,8.82,13.91
05/09/1990,18.54,8.43,13.49
06/09/1990,17.72,12.35,15.03
07/09/1990,19.44,10.29,14.86
08/09/1990,19.09,7.37,13.23
09/09/1990,20.51,7.25,13.88
10/09/1990,19.23,7.62,13.43
11/09/1990,19.92,8.03,13.97
12/09/1990,20.19,8.68,14.44
13/09/1990,20.14,8.62,14.38
14/09/1990,19.89,12.59,16.24
15/09/1990,18.25,10.2,14.22
16/09/1990,17.81,9.76,13.79
17/09/1990,14.97,11.07,13.02
18/09/1990,19.52,8.87,14.19
19/09/1990,15.58,10.64,13.11
20/09/1990,13.83,6.23,10.03
21/09/1990,14.51,7.9,11.2
22/09/1990,14.3,9.25,11.78
23/09/1990,13.31,8.62,10.97
24/09/1990,14.8,5.86,10.33
25/09/1990,15.66,7.28,11.47
26/09/1990,15.88,4,9.94
27/09/1990,15.4,3.57,9.48
28/09/1990,19.67,6.04,12.86
29/09/1990,17.29,10.43,13.86
30/09/1990,18.13,11.88,15.01
01/10/1990,15.14,5.73,10.44
02/10/1990,16.9,11.22,14.06
03/10/1990,16.16,12.76,14.46
04/10/1990,15.4,6.16,10.78
05/10/1990,16.47,10.6,13.54
06/10/1990,16.59,12.17,14.38
07/10/1990,12.6,5.75,9.17
08/10/1990,13.79,0.95,7.37
09/10/1990,15.45,6.16,10.81
10/10/1990,16.97,10.44,13.71
11/10/1990,16.46,13.09,14.78
12/10/1990,21.92,9.07,15.49
13/10/1990,21.87,10.38,16.12
14/10/1990,19.2,13.57,16.39
15/10/1990,19.05,13.72,16.39
16/10/1990,16.75,11.04,13.9
17/10/1990,16.67,11.48,14.07
18/10/1990,14.92,12.63,13.77
19/10/1990,14.25,12.16,13.2
20/10/1990,15.11,11.07,13.09
21/10/1990,14.46,11.55,13.01
22/10/1990,12.02,7.55,9.78
23/10/1990,15.23,4.7,9.97
24/10/1990,14.54,6.92,10.73
25/10/1990,14.2,7.05,10.62
26/10/1990,11.44,8.8,10.12
27/10/1990,12.47,7.14,9.8
28/10/1990,12.11,8.8,10.45
29/10/1990,8.82,3.6,6.21
30/10/1990,12.45,4.12,8.28
31/10/1990,11.75,6.45,9.1
01/11/1990,11.44,4.71,8.08
02/11/1990,8.32,3.34,5.83
03/11/1990,8.2,1.55,4.88
04/11/1990,9.07,2.75,5.91
05/11/1990,9.06,1.21,5.14
06/11/1990,8.93,-0.51,4.21
07/11/1990,8.21,2.49,5.35
08/11/1990,8.35,1.09,4.72
09/11/1990,11.59,2.36,6.98
10/11/1990,13.47,5.28,9.37
11/11/1990,12.89,5.05,8.97
12/11/1990,14.21,9.7,11.95
13/11/1990,14.67,11.61,13.14
14/11/1990,14.37,10.14,12.25
15/11/1990,13.32,7.84,10.58
16/11/1990,14.39,8.52,11.45
17/11/1990,14.72,13.06,13.89
18/11/1990,10.23,7.51,8.87
19/11/1990,8.62,4.44,6.53
20/11/1990,6.46,2.75,4.61
21/11/1990,5.29,1.23,3.26
22/11/1990,3.01,1.05,2.03
23/11/1990,4.78,0.61,2.69
24/11/1990,5.55,1.77,3.66
25/11/1990,6.58,0.72,3.65
26/11/1990,7.02,1.97,4.5
27/11/1990,7.17,2.33,4.75
28/11/1990,7.19,0.66,3.93
29/11/1990,5.58,4.26,4.92
30/11/1990,6.3,2.81,4.56
01/12/1990,5.74,3.7,4.72
02/12/1990,5.22,3.26,4.24
03/12/1990,6.87,3.4,5.14
04/12/1990,7.12,1.12,4.12
05/12/1990,6.58,0.74,3.66
06/12/1990,5.84,-2.59,1.62
07/12/1990,6.76,-2.21,2.28
08/12/1990,1.78,0.32,1.05
09/12/1990,4.56,-0.2,2.18
10/12/1990,4.75,0.7,2.72
11/12/1990,8.56,1.1,4.83
12/12/1990,4.72,2.12,3.42
13/12/1990,4.56,0.85,2.7
14/12/1990,2.55,-0.98,0.79
15/12/1990,4.66,-4.49,0.08
16/12/1990,3.75,-4.31,-0.28
17/12/1990,1.81,-0.94,0.44
18/12/1990,1.71,-0.62,0.55
19/12/1990,4.11,-0.49,1.81
20/12/1990,8.73,0.12,4.43
21/12/1990,10.26,3.9,7.08
22/12/1990,10.93,8.89,9.91
23/12/1990,9.04,8.61,8.83
24/12/1990,8.5,6.82,7.66
25/12/1990,8.75,2.89,5.82
26/12/1990,11.87,3.42,7.65
27/12/1990,6.13,3.27,4.7
28/12/1990,10.13,2.09,6.11
29/12/1990,6.73,5.67,6.2
30/12/1990,7.47,1.6,4.53
31/12/1990,7.79,2.82,5.31
01/01/1991,12.2,0.97,6.58
02/01/1991,10.49,2.64,6.56
03/01/1991,8.14,4.45,6.3
04/01/1991,8.43,2.4,5.41
05/01/1991,7.6,1.85,4.72
06/01/1991,6.69,2.79,4.74
07/01/1991,6.83,0.6,3.71
08/01/1991,10.18,3.05,6.61
09/01/1991,10.51,2.01,6.26
10/01/1991,7.06,5.11,6.09
11/01/1991,6.17,3.6,4.88
12/01/1991,5.16,-0.66,2.25
13/01/1991,4.85,-2.78,1.04
14/01/1991,2.88,-2.54,0.17
15/01/1991,2.46,-2.16,0.15
16/01/1991,6.39,-3.37,1.51
17/01/1991,7.88,-2.69,2.59
18/01/1991,8.08,1.52,4.8
19/01/1991,7.02,1.45,4.23
20/01/1991,9.07,1.63,5.35
21/01/1991,7.88,5.16,6.52
22/01/1991,4.49,-0.76,1.86
23/01/1991,3.89,0.77,2.33
24/01/1991,3.76,0.28,2.02
25/01/1991,2.97,0.95,1.96
26/01/1991,1.85,0.12,0.98
27/01/1991,1.91,-0.18,0.86
28/01/1991,3.49,0.2,1.85
29/01/1991,0.74,0.47,0.61
30/01/1991,0.6,0.07,0.33
31/01/1991,1.84,-0.89,0.47
01/02/1991,3.22,-0.95,1.14
02/02/1991,2.03,-2.6,-0.28
03/02/1991,0.57,-2.12,-0.77
04/02/1991,0.97,-4.21,-1.62
05/02/1991,1.23,-3.44,-1.1
06/02/1991,-1.27,-3.2,-2.23
07/02/1991,-3.81,-8.41,-6.11
08/02/1991,-2.74,-7.37,-5.06
09/02/1991,-3.81,-7.2,-5.51
10/02/1991,0.91,-7.86,-3.48
11/02/1991,1.46,-4.74,-1.64
12/02/1991,0.75,-5.24,-2.25
13/02/1991,2.08,-2.93,-0.42
14/02/1991,5.01,-6.32,-0.66
15/02/1991,7.59,-5.35,1.12
16/02/1991,5.09,-0.98,2.06
17/02/1991,4.35,-0.33,2.01
18/02/1991,4.82,0.21,2.52
19/02/1991,4.16,-4.55,-0.19
20/02/1991,6.66,-3.87,1.4
21/02/1991,7.05,4.22,5.63
22/02/1991,10.72,1.73,6.22
23/02/1991,11.8,4.01,7.91
24/02/1991,11.33,9.35,10.34
25/02/1991,11.22,0.89,6.05
26/02/1991,10.19,2.89,6.54
27/02/1991,7.27,3.15,5.21
28/02/1991,7.41,0.59,4
01/03/1991,6.51,-0.56,2.98
02/03/1991,6.32,-1.55,2.38
03/03/1991,10.16,2.57,6.36
04/03/1991,10.07,2.3,6.19
05/03/1991,10.27,6.22,8.25
06/03/1991,12.42,8.25,10.34
07/03/1991,12.92,7.53,10.22
08/03/1991,12.29,7.29,9.79
09/03/1991,10.92,7.97,9.44
10/03/1991,10.47,7.65,9.06
11/03/1991,11.83,8.01,9.92
12/03/1991,11.95,9.35,10.65
13/03/1991,16.07,7.47,11.77
14/03/1991,13.55,6.4,9.98
15/03/1991,10.16,5.15,7.66
16/03/1991,11.5,7.54,9.52
17/03/1991,10.48,8.11,9.3
18/03/1991,11.93,2.91,7.42
19/03/1991,13.09,5.92,9.5
20/03/1991,11.86,9.41,10.64
21/03/1991,11.61,7.25,9.43
22/03/1991,8.67,0.9,4.78
23/03/1991,8.66,1.39,5.03
24/03/1991,9.37,0.06,4.71
25/03/1991,9.51,2.95,6.23
26/03/1991,7.31,4.1,5.7
27/03/1991,12.54,1.1,6.82
28/03/1991,11.87,1.15,6.51
29/03/1991,9.76,5,7.38
30/03/1991,13.4,-0.12,6.64
31/03/1991,14.65,2.43,8.54
01/04/1991,12.33,6.18,9.25
02/04/1991,10.88,8.9,9.89
03/04/1991,11.6,3.2,7.4
04/04/1991,9.76,4.68,7.22
05/04/1991,10.67,3.98,7.33
06/04/1991,8.79,3.3,6.04
07/04/1991,11.15,4.91,8.03
08/04/1991,13.95,5.56,9.76
09/04/1991,13.62,6.88,10.25
10/04/1991,17.19,6.26,11.72
11/04/1991,15.43,8.25,11.84
12/04/1991,18.07,9.22,13.64
13/04/1991,15.91,8.35,12.13
14/04/1991,10.71,4.53,7.62
15/04/1991,14.2,5.65,9.92
16/04/1991,9.99,2.53,6.26
17/04/1991,7.22,-0.02,3.6
18/04/1991,9.23,-0.34,4.45
19/04/1991,8.73,1,4.86
20/04/1991,8.14,-1.09,3.53
21/04/1991,9.16,0.04,4.6
22/04/1991,10.97,2.91,6.94
23/04/1991,11.57,-0.39,5.59
24/04/1991,12.05,5.56,8.8
25/04/1991,11.09,5.28,8.18
26/04/1991,13.89,2.88,8.39
27/04/1991,13.42,0.73,7.07
28/04/1991,12.54,1.1,6.82
29/04/1991,8.43,5.6,7.01
30/04/1991,8.19,5.72,6.95
01/05/1991,8.77,4.7,6.74
02/05/1991,11.44,1.45,6.45
03/05/1991,11.81,2.2,7.01
04/05/1991,10,4.84,7.42
05/05/1991,9.97,4.47,7.22
06/05/1991,10.33,2.84,6.58
07/05/1991,10.78,5.14,7.96
08/05/1991,13.11,5.21,9.16
09/05/1991,14.23,2.34,8.28
10/05/1991,16.26,2.53,9.39
11/05/1991,13.91,7.35,10.63
12/05/1991,18.26,3.91,11.09
13/05/1991,19.08,8.62,13.85
14/05/1991,14.38,6.94,10.66
15/05/1991,14.22,4.92,9.57
16/05/1991,11.03,7.48,9.25
17/05/1991,10.86,8.02,9.44
18/05/1991,14.91,8.68,11.79
19/05/1991,18.01,9.36,13.68
20/05/1991,21.03,9.84,15.43
21/05/1991,22.92,10.7,16.81
22/05/1991,19.52,10.14,14.83
23/05/1991,17.62,9.44,13.53
24/05/1991,19.58,11.41,15.5
25/05/1991,18.38,9.9,14.14
26/05/1991,15.95,11.48,13.71
27/05/1991,18.81,10.79,14.8
28/05/1991,15.01,8.35,11.68
29/05/1991,12.15,7.85,10
30/05/1991,11.72,8.18,9.95
31/05/1991,12.2,7.66,9.93
01/06/1991,12.75,6.93,9.84
02/06/1991,13.6,1.21,7.41
03/06/1991,13.16,6.69,9.93
04/06/1991,14.77,1.5,8.14
05/06/1991,13.65,1.83,7.74
06/06/1991,16.13,8.87,12.5
07/06/1991,13.38,10.68,12.03
08/06/1991,14.8,9.1,11.95
09/06/1991,16.84,9.82,13.33
10/06/1991,16.9,10.86,13.88
11/06/1991,15.31,7.72,11.52
12/06/1991,17.46,10.95,14.2
13/06/1991,15.75,9.85,12.8
14/06/1991,16.4,8.73,12.57
15/06/1991,12.87,8.78,10.83
16/06/1991,14.73,8.4,11.56
17/06/1991,14.9,6.77,10.83
18/06/1991,13.33,7.13,10.23
19/06/1991,16.03,8.63,12.33
20/06/1991,18.02,6.35,12.19
21/06/1991,19.58,11.12,15.35
22/06/1991,17.32,11.17,14.25
23/06/1991,14.42,9.42,11.92
24/06/1991,16.59,10.13,13.36
25/06/1991,18.1,12.11,15.11
26/06/1991,18.3,10.33,14.31
27/06/1991,18.74,9.05,13.89
28/06/1991,20.01,10.46,15.24
29/06/1991,19.85,7.1,13.47
30/06/1991,20.95,12.7,16.82
01/07/1991,20.85,13.63,17.24
02/07/1991,20.28,10.08,15.18
03/07/1991,22.81,14.02,18.41
04/07/1991,26.21,13.97,20.09
05/07/1991,25.88,14.64,20.26
06/07/1991,22.76,17.11,19.94
07/07/1991,24.56,13.47,19.02
08/07/1991,18.97,14.82,16.9
09/07/1991,20.57,12.65,16.61
10/07/1991,24.08,12,18.04
11/07/1991,25.59,16.72,21.15
12/07/1991,18.63,11.77,15.2
13/07/1991,19.56,13.27,16.42
14/07/1991,22.47,12.03,17.25
15/07/1991,19.45,13.74,16.59
16/07/1991,19.86,12.72,16.29
17/07/1991,19.33,10.07,14.7
18/07/1991,20.6,12.39,16.49
19/07/1991,17.89,13.36,15.63
20/07/1991,21.75,11.6,16.68
21/07/1991,20.68,13.11,16.9
22/07/1991,22.36,10.52,16.44
23/07/1991,22.36,15.38,18.87
24/07/1991,17.45,12.25,14.85
25/07/1991,19.38,12.42,15.9
26/07/1991,23.12,13.69,18.41
27/07/1991,23.48,12.5,17.99
28/07/1991,23.84,12.69,18.26
29/07/1991,26.91,13.68,20.29
30/07/1991,18.32,16.74,17.53
31/07/1991,22.43,13.72,18.07
01/08/1991,23.53,11.84,17.68
02/08/1991,24.58,12.72,18.65
03/08/1991,21.96,15.05,18.51
04/08/1991,23.12,11.87,17.5
05/08/1991,20.86,14.42,17.64
06/08/1991,21.28,16.3,18.79
07/08/1991,20.76,14.04,17.4
08/08/1991,22.28,12.41,17.34
09/08/1991,22.34,11.28,16.81
10/08/1991,22.79,16.19,19.49
11/08/1991,20.15,16.73,18.44
12/08/1991,21.81,12.33,17.07
13/08/1991,22.01,11.99,17
14/08/1991,23.8,15.38,19.59
15/08/1991,23.38,12.9,18.14
16/08/1991,22.14,13.03,17.58
17/08/1991,21.54,14.22,17.88
18/08/1991,20.37,8.77,14.57
19/08/1991,23.17,8.64,15.9
20/08/1991,24.13,13.3,18.72
21/08/1991,26.04,13.15,19.6
22/08/1991,22.59,16.84,19.71
23/08/1991,16.24,12.4,14.32
24/08/1991,21.6,11.9,16.75
25/08/1991,23.17,10.13,16.65
26/08/1991,25.08,11.46,18.27
27/08/1991,24.7,12.82,18.76
28/08/1991,21.13,13.35,17.24
29/08/1991,22.51,10.37,16.44
30/08/1991,24.44,9.83,17.14
31/08/1991,25.75,10.35,18.05
01/09/1991,25.79,11.56,18.67
02/09/1991,25.13,13.87,19.5
03/09/1991,24.01,14.76,19.38
04/09/1991,23.32,14.16,18.74
05/09/1991,22.96,12.74,17.85
06/09/1991,19.6,13.15,16.37
07/09/1991,20.34,6.1,13.22
08/09/1991,22.76,7.21,14.98
09/09/1991,22.41,8.33,15.37
10/09/1991,23.17,8.93,16.05
11/09/1991,18.16,11.49,14.83
12/09/1991,20.42,10.16,15.29
13/09/1991,22.73,10.1,16.41
14/09/1991,22.63,13.91,18.27
15/09/1991,20.45,14.49,17.47
16/09/1991,20.68,13.02,16.85
17/09/1991,20.65,10.1,15.37
18/09/1991,19.23,10.82,15.03
19/09/1991,19.21,6.18,12.69
20/09/1991,17.44,4.09,10.76
21/09/1991,22.59,4.43,13.51
22/09/1991,17.32,10.14,13.73
23/09/1991,18.82,10.05,14.43
24/09/1991,15.45,13.8,14.62
25/09/1991,17.96,10,13.98
26/09/1991,14.81,8.69,11.75
27/09/1991,11.8,8.07,9.93
28/09/1991,12.27,7.15,9.71
29/09/1991,13.09,11.07,12.08
30/09/1991,13.79,5.96,9.88
01/10/1991,15.45,9.76,12.61
02/10/1991,16.27,7.43,11.85
03/10/1991,16.63,11.05,13.84
04/10/1991,15.24,6,10.62
05/10/1991,11.29,7.92,9.61
06/10/1991,14.12,3.2,8.66
07/10/1991,13.26,7.89,10.58
08/10/1991,12.98,9.39,11.18
09/10/1991,15.05,8.13,11.59
10/10/1991,18.77,10.71,14.74
11/10/1991,19.24,12.03,15.64
12/10/1991,15.85,12.09,13.97
13/10/1991,14.9,6.69,10.8
14/10/1991,13.15,7.14,10.15
15/10/1991,13.5,6.81,10.16
16/10/1991,15.52,8.65,12.08
17/10/1991,9.8,6.79,8.3
18/10/1991,8.73,5.69,7.21
19/10/1991,8.84,1.15,4.99
20/10/1991,9.05,2.03,5.54
21/10/1991,9.24,0.34,4.79
22/10/1991,10.24,0.31,5.28
23/10/1991,9.05,2.31,5.68
24/10/1991,8.98,6.89,7.94
25/10/1991,9.22,7.4,8.31
26/10/1991,10.84,6.34,8.59
27/10/1991,10.13,7.05,8.59
28/10/1991,12.27,7.44,9.86
29/10/1991,12.56,9.3,10.93
30/10/1991,12.51,8.82,10.67
31/10/1991,13.95,6.19,10.07
01/11/1991,14.41,11.19,12.8
02/11/1991,12.41,9.64,11.03
03/11/1991,9.94,6.44,8.19
04/11/1991,8.84,2.86,5.85
05/11/1991,6.54,2.19,4.37
06/11/1991,11.79,-0.01,5.89
07/11/1991,13.39,2.91,8.15
08/11/1991,10.78,9.17,9.97
09/11/1991,8.5,2.04,5.27
10/11/1991,9.84,0.36,5.1
11/11/1991,8.3,2.89,5.6
12/11/1991,9.2,1.92,5.56
13/11/1991,6.28,2.23,4.25
14/11/1991,7.19,2.12,4.65
15/11/1991,7.6,0.95,4.27
16/11/1991,5.07,1.7,3.39
17/11/1991,8.27,1.68,4.98
18/11/1991,10.29,3.77,7.03
19/11/1991,8.09,4.13,6.11
20/11/1991,6.25,2.12,4.18
21/11/1991,7.44,-1.83,2.81
22/11/1991,8.96,-0.6,4.18
23/11/1991,9.04,5.23,7.14
24/11/1991,9.77,5.09,7.43
25/11/1991,9.63,4.63,7.13
26/11/1991,12.3,5.26,8.78
27/11/1991,10.37,8.96,9.67
28/11/1991,10.79,8.83,9.81
29/11/1991,10.64,8.89,9.77
30/11/1991,8.13,6.1,7.12
01/12/1991,8.48,6.7,7.59
02/12/1991,7.25,6.02,6.63
03/12/1991,6.52,6.05,6.29
04/12/1991,5.68,4.76,5.22
05/12/1991,6.27,4.71,5.49
06/12/1991,4.94,-1.52,1.71
07/12/1991,3.81,-3.44,0.19
08/12/1991,3.14,-4.04,-0.45
09/12/1991,1.71,-4.83,-1.56
10/12/1991,0.85,-3.82,-1.49
11/12/1991,-1.23,-6.54,-3.89
12/12/1991,-1.32,-9.56,-5.44
13/12/1991,2.85,-7.42,-2.28
14/12/1991,1.83,-3.32,-0.75
15/12/1991,6.06,-3.32,1.37
16/12/1991,9.82,-1.13,4.35
17/12/1991,10.12,5.52,7.82
18/12/1991,11.38,3.35,7.36
19/12/1991,11.73,4.26,7.99
20/12/1991,10.08,1.81,5.95
21/12/1991,12.21,2.63,7.42
22/12/1991,12.48,10.1,11.29
23/12/1991,12.37,10.87,11.62
24/12/1991,6.71,2.05,4.38
25/12/1991,8.08,0.42,4.25
26/12/1991,10.81,0.91,5.86
27/12/1991,7.83,2.3,5.06
28/12/1991,6.1,2.5,4.3
29/12/1991,7.17,4.26,5.71
30/12/1991,6.4,5.25,5.83
31/12/1991,7.93,4.97,6.45
01/01/1992,9.63,5.95,7.79
02/01/1992,10.6,6.53,8.56
03/01/1992,10.94,8.51,9.73
04/01/1992,10.52,4.83,7.67
05/01/1992,11.85,5.41,8.63
06/01/1992,10.97,9.32,10.14
07/01/1992,11.07,6.09,8.58
08/01/1992,11.44,6.21,8.83
09/01/1992,3.71,3.36,3.53
10/01/1992,5.01,1.19,3.1
11/01/1992,2.8,-1.93,0.44
12/01/1992,5.11,-1.72,1.7
13/01/1992,5.46,0.85,3.15
14/01/1992,4.74,3.66,4.2
15/01/1992,4.33,2.97,3.65
16/01/1992,6.04,1.82,3.93
17/01/1992,2.89,-0.76,1.06
18/01/1992,6.42,0.11,3.26
19/01/1992,7.49,1.89,4.69
20/01/1992,4.61,4.31,4.46
21/01/1992,1.35,-2.87,-0.76
22/01/1992,1.67,-5.5,-1.91
23/01/1992,0.01,-5.9,-2.95
24/01/1992,0.87,-5.91,-2.52
25/01/1992,5.06,-5.09,-0.02
26/01/1992,5.08,0.04,2.56
27/01/1992,3.89,-0.11,1.89
28/01/1992,2.56,-3.43,-0.44
29/01/1992,5.78,-1.24,2.27
30/01/1992,2.07,-0.9,0.59
31/01/1992,1.73,-1.04,0.35
01/02/1992,0.38,-2.6,-1.11
02/02/1992,7.7,-2.25,2.72
03/02/1992,9.73,-0.78,4.48
04/02/1992,12.05,4.2,8.12
05/02/1992,9.86,6.41,8.14
06/02/1992,9,5.79,7.4
07/02/1992,7.45,2.29,4.87
08/02/1992,7.91,-0.02,3.94
09/02/1992,8.72,1.29,5.01
10/02/1992,8.07,2.08,5.08
11/02/1992,9.66,4.07,6.87
12/02/1992,11.6,7.06,9.33
13/02/1992,9.11,3.56,6.33
14/02/1992,9.87,3.39,6.63
15/02/1992,8.77,4.77,6.77
16/02/1992,6.04,0.88,3.46
17/02/1992,5.74,-1.71,2.01
18/02/1992,4.23,0.45,2.34
19/02/1992,4.62,0.88,2.75
20/02/1992,4.64,-1.89,1.37
21/02/1992,7.52,-1.4,3.06
22/02/1992,9.02,0.09,4.55
23/02/1992,10.29,4.05,7.17
24/02/1992,9.62,4.16,6.89
25/02/1992,7.38,-2.64,2.37
26/02/1992,11.68,-1.51,5.08
27/02/1992,13.25,7,10.12
28/02/1992,7.58,4.04,5.81
29/02/1992,11.27,1.42,6.35
01/03/1992,9.14,5.48,7.31
02/03/1992,9.74,1.5,5.62
03/03/1992,10.76,3.82,7.29
04/03/1992,12.25,4.57,8.41
05/03/1992,10.23,2.42,6.33
06/03/1992,12.16,3.5,7.83
07/03/1992,11.71,6.12,8.91
08/03/1992,8.67,3.65,6.16
09/03/1992,10.53,-1.68,4.43
10/03/1992,11.18,4.63,7.9
11/03/1992,9.74,1.95,5.84
12/03/1992,10.39,6.24,8.32
13/03/1992,11.97,7.81,9.89
14/03/1992,10.86,3.25,7.06
15/03/1992,13.01,5.8,9.4
16/03/1992,13.42,7.09,10.26
17/03/1992,11.56,7.39,9.47
18/03/1992,11.76,7.85,9.81
19/03/1992,13.62,5.78,9.7
20/03/1992,13.81,7.77,10.79
21/03/1992,11.48,4.74,8.11
22/03/1992,13.87,6.42,10.15
23/03/1992,8.05,2.24,5.15
24/03/1992,9.04,3.89,6.47
25/03/1992,8.58,3.43,6.01
26/03/1992,7.62,3.28,5.45
27/03/1992,6.68,3.13,4.9
28/03/1992,8.83,0.96,4.89
29/03/1992,7.33,4.7,6.01
30/03/1992,6.54,1.19,3.87
31/03/1992,8.32,3.05,5.69
01/04/1992,10.67,3.44,7.05
02/04/1992,7.1,2.53,4.82
03/04/1992,7.45,1.52,4.49
04/04/1992,8.99,-0.64,4.18
05/04/1992,11.51,-0.94,5.28
06/04/1992,7.57,4.61,6.09
07/04/1992,9,3.96,6.48
08/04/1992,15.15,4.92,10.04
09/04/1992,16.52,2.57,9.55
10/04/1992,15.63,2.99,9.31
11/04/1992,16.51,3.88,10.2
12/04/1992,13.07,8.72,10.9
13/04/1992,11.38,4.21,7.79
14/04/1992,8.95,5.94,7.45
15/04/1992,7.79,2.08,4.94
16/04/1992,9.44,1.47,5.45
17/04/1992,16.6,3.62,10.11
18/04/1992,17,8.18,12.59
19/04/1992,15.75,8.8,12.28
20/04/1992,16.55,6.08,11.32
21/04/1992,15.19,10.21,12.7
22/04/1992,13.6,7.41,10.51
23/04/1992,13.48,6.87,10.18
24/04/1992,11.7,7.84,9.77
25/04/1992,13.91,6.26,10.08
26/04/1992,14.44,9.49,11.96
27/04/1992,14.22,7.18,10.7
28/04/1992,13.25,6.66,9.95
29/04/1992,11.82,3.48,7.65
30/04/1992,13.38,6.4,9.89
01/05/1992,12.61,6.65,9.63
02/05/1992,11.95,2.95,7.45
03/05/1992,14.69,2.65,8.67
04/05/1992,15.88,4.39,10.14
05/05/1992,14.16,8.82,11.49
06/05/1992,19.16,6.14,12.65
07/05/1992,16.37,9.53,12.95
08/05/1992,13.02,6.95,9.99
09/05/1992,13.5,5.79,9.64
10/05/1992,13.67,4.25,8.96
11/05/1992,13.94,6.41,10.17
12/05/1992,15.61,9.14,12.37
13/05/1992,21.45,9.94,15.69
14/05/1992,25.39,14.17,19.78
15/05/1992,19.98,9.97,14.98
16/05/1992,19.26,7.63,13.44
17/05/1992,16.81,4.22,10.51
18/05/1992,20.57,4.92,12.75
19/05/1992,25.55,8.24,16.9
20/05/1992,24.71,9.8,17.25
21/05/1992,24.07,9.7,16.88
22/05/1992,24,11.42,17.71
23/05/1992,22.65,10.37,16.51
24/05/1992,25.11,11.1,18.11
25/05/1992,23.49,11.53,17.51
26/05/1992,24.21,13.59,18.9
27/05/1992,21.57,9.23,15.4
28/05/1992,23.2,12.88,18.04
29/05/1992,17.86,12.52,15.19
30/05/1992,18.01,12.98,15.5
31/05/1992,21.67,9.73,15.7
01/06/1992,17.15,12.38,14.77
02/06/1992,19.43,12.83,16.13
03/06/1992,19.07,10.1,14.58
04/06/1992,15.48,8.61,12.05
05/06/1992,13.71,7.66,10.68
06/06/1992,21.98,9.34,15.66
07/06/1992,18.48,11.46,14.97
08/06/1992,20.52,12.35,16.43
09/06/1992,22.2,11.04,16.62
10/06/1992,22.11,10.27,16.19
11/06/1992,21.29,11.24,16.27
12/06/1992,22.85,10.79,16.82
13/06/1992,23.81,10.09,16.95
14/06/1992,24.69,12.41,18.55
15/06/1992,24.85,11.08,17.97
16/06/1992,19.26,13.5,16.38
17/06/1992,17.51,8.01,12.76
18/06/1992,16.94,8.07,12.5
19/06/1992,15.72,6.16,10.94
20/06/1992,19.66,10.45,15.06
21/06/1992,21.37,9.52,15.44
22/06/1992,19.87,11.98,15.92
23/06/1992,18.79,11.39,15.09
24/06/1992,20.9,10.5,15.7
25/06/1992,22.33,12.95,17.64
26/06/1992,24.02,11.67,17.85
27/06/1992,25.55,12.92,19.23
28/06/1992,25.9,13.45,19.67
29/06/1992,28.37,13.26,20.82
30/06/1992,24.25,16.45,20.35
01/07/1992,16.29,15.66,15.97
02/07/1992,17.98,9.26,13.62
03/07/1992,16.69,12.68,14.68
04/07/1992,18.22,13.68,15.95
05/07/1992,18.23,10.46,14.35
06/07/1992,20.56,12.81,16.68
07/07/1992,18.61,10.47,14.54
08/07/1992,18.07,13.68,15.87
09/07/1992,18.53,13.29,15.91
10/07/1992,18.27,11.13,14.7
11/07/1992,17.59,12.73,15.16
12/07/1992,20.51,13.04,16.78
13/07/1992,18.98,12.5,15.74
14/07/1992,19.81,14.64,17.23
15/07/1992,21.6,14.63,18.12
16/07/1992,21.71,14.33,18.02
17/07/1992,22.47,16.46,19.47
18/07/1992,22.76,14.41,18.59
19/07/1992,21.67,14.77,18.22
20/07/1992,17.8,14.33,16.07
21/07/1992,21.53,14.87,18.2
22/07/1992,22.03,10.82,16.43
23/07/1992,22.29,12.85,17.57
24/07/1992,22.91,14,18.45
25/07/1992,22.31,10.88,16.59
26/07/1992,19.85,14.79,17.32
27/07/1992,19.9,11.22,15.56
28/07/1992,21.53,8.63,15.08
29/07/1992,24.23,10.75,17.49
30/07/1992,25.17,14.23,19.7
31/07/1992,26.38,13.85,20.11
01/08/1992,24.01,13.3,18.66
02/08/1992,20.73,14.37,17.55
03/08/1992,20.27,15.29,17.78
04/08/1992,20.2,11.13,15.66
05/08/1992,21.59,14.76,18.18
06/08/1992,21.47,13.7,17.59
07/08/1992,24.38,11.94,18.16
08/08/1992,22.52,15.26,18.89
09/08/1992,22.71,15.71,19.21
10/08/1992,22.5,13.07,17.79
11/08/1992,18.6,11.82,15.21
12/08/1992,18.73,13.35,16.04
13/08/1992,15.03,11.38,13.2
14/08/1992,18.13,9.34,13.74
15/08/1992,20.5,11.12,15.81
16/08/1992,19.08,14.01,16.54
17/08/1992,20.75,11.55,16.15
18/08/1992,18.67,10.94,14.8
19/08/1992,20.88,10.16,15.52
20/08/1992,20.06,14.04,17.05
21/08/1992,20.69,10.42,15.55
22/08/1992,17.76,13.36,15.56
23/08/1992,17.38,8.27,12.83
24/08/1992,17.56,11.74,14.65
25/08/1992,20.56,13.8,17.18
26/08/1992,17.5,12.49,14.99
27/08/1992,18.25,12.32,15.28
28/08/1992,18.89,14.01,16.45
29/08/1992,17.38,8.33,12.86
30/08/1992,15.65,12.21,13.93
31/08/1992,16.58,6.64,11.61
01/09/1992,15.38,8.22,11.8
02/09/1992,19.53,11.1,15.32
03/09/1992,15.61,10.26,12.93
04/09/1992,15.31,7.24,11.28
05/09/1992,15.53,6.25,10.89
06/09/1992,17.58,7.98,12.78
07/09/1992,16.11,9.98,13.04
08/09/1992,14.59,7.81,11.2
09/09/1992,15.76,8.73,12.24
10/09/1992,18.75,9.42,14.09
11/09/1992,16.02,12.53,14.28
12/09/1992,16.45,8.02,12.24
13/09/1992,14.43,11.94,13.18
14/09/1992,17.31,6.07,11.69
15/09/1992,16.83,9.69,13.26
16/09/1992,18.3,8.5,13.4
17/09/1992,20.57,10.8,15.68
18/09/1992,17.95,14.88,16.42
19/09/1992,17.55,13.93,15.74
20/09/1992,18.67,11.55,15.11
21/09/1992,15.73,12.07,13.9
22/09/1992,15.82,13.76,14.79
23/09/1992,15.65,11.36,13.51
24/09/1992,15.72,10.31,13.02
25/09/1992,13.29,9.76,11.53
26/09/1992,21.21,10.24,15.73
27/09/1992,21.88,11.19,16.54
28/09/1992,20.71,11.18,15.95
29/09/1992,19.02,12.06,15.54
30/09/1992,15.97,12.15,14.06
01/10/1992,15.06,7.34,11.2
02/10/1992,15.57,8.83,12.2
03/10/1992,12.65,10.17,11.41
04/10/1992,14.54,10.39,12.46
05/10/1992,12.11,9.14,10.63
06/10/1992,11.8,9.45,10.62
07/10/1992,11.8,9.54,10.67
08/10/1992,10.72,8.51,9.61
09/10/1992,12.14,8.01,10.07
10/10/1992,12.88,5.13,9.01
11/10/1992,11.73,6.15,8.94
12/10/1992,11.99,8.02,10.01
13/10/1992,11.99,2.23,7.11
14/10/1992,10.57,2.01,6.29
15/10/1992,8.2,2.2,5.2
16/10/1992,8.11,-0.07,4.02
17/10/1992,8.84,-1.06,3.89
18/10/1992,10.8,2.86,6.83
19/10/1992,8.5,4.04,6.27
20/10/1992,7.07,4.2,5.63
21/10/1992,8.74,1.93,5.33
22/10/1992,9.73,4.04,6.88
23/10/1992,9.72,4.65,7.19
24/10/1992,10.86,2.85,6.85
25/10/1992,11.17,4.6,7.89
26/10/1992,8.68,1.99,5.34
27/10/1992,9.15,4.44,6.8
28/10/1992,9.06,1.87,5.46
29/10/1992,8.46,4.23,6.35
30/10/1992,8.52,0.75,4.64
31/10/1992,9.36,-0.6,4.38
01/11/1992,13.31,2.53,7.92
02/11/1992,13.15,8.73,10.94
03/11/1992,10.62,4.81,7.71
04/11/1992,12.44,4.41,8.43
05/11/1992,12.66,7.12,9.89
06/11/1992,15.24,5.66,10.45
07/11/1992,12.38,9.56,10.97
08/11/1992,10.74,7.63,9.19
09/11/1992,10.97,7.85,9.41
10/11/1992,11.23,4.57,7.9
11/11/1992,8.99,4.43,6.71
12/11/1992,8.25,2.7,5.47
13/11/1992,6.23,-0.17,3.03
14/11/1992,6.51,-0.31,3.1
15/11/1992,6.49,3.66,5.07
16/11/1992,7.4,4.4,5.9
17/11/1992,6.86,1.04,3.95
18/11/1992,11.33,1.02,6.17
19/11/1992,8.68,3.89,6.29
20/11/1992,7.18,1.4,4.29
21/11/1992,12.91,1.39,7.15
22/11/1992,13.67,3.01,8.34
23/11/1992,12.63,10.54,11.58
24/11/1992,12.63,4.52,8.57
25/11/1992,10.12,5.1,7.61
26/11/1992,8.79,5.07,6.93
27/11/1992,9.88,3.07,6.47
28/11/1992,6.51,2.41,4.46
29/11/1992,12.58,3.55,8.07
30/11/1992,12.65,5.91,9.28
01/12/1992,11.37,4.69,8.03
02/12/1992,12.72,9.09,10.9
03/12/1992,6.9,4.21,5.56
04/12/1992,4.49,2.2,3.34
05/12/1992,5.49,0.32,2.91
06/12/1992,8.6,0.68,4.64
07/12/1992,7.91,1.99,4.95
08/12/1992,6.35,3.45,4.9
09/12/1992,6.15,2.52,4.34
10/12/1992,8.62,3.66,6.14
11/12/1992,10.76,2.82,6.79
12/12/1992,7.12,3.96,5.54
13/12/1992,9.76,2.23,5.99
14/12/1992,9.34,6.01,7.68
15/12/1992,9.75,7.41,8.58
16/12/1992,9.31,6.25,7.78
17/12/1992,9.44,-3.66,2.89
18/12/1992,10.7,-2.72,3.99
19/12/1992,3.78,2.32,3.05
20/12/1992,3.7,1.83,2.76
21/12/1992,2.77,-2.31,0.23
22/12/1992,2.93,-2.62,0.16
23/12/1992,-0.25,-3.59,-1.92
24/12/1992,0.33,-4.27,-1.97
25/12/1992,2.58,-3.7,-0.56
26/12/1992,4.09,-0.33,1.88
27/12/1992,4.82,1.79,3.3
28/12/1992,3.45,-0.06,1.69
29/12/1992,-1.59,-4.68,-3.14
30/12/1992,2.14,-6.53,-2.2
31/12/1992,3.19,-3.82,-0.32
01/01/1993,1.62,-2.05,-0.21
02/01/1993,-1.39,-2.43,-1.91
03/01/1993,2.91,-6.34,-1.71
04/01/1993,9.44,-5.69,1.87
05/01/1993,11.48,2.63,7.06
06/01/1993,10.34,6.36,8.35
07/01/1993,10.11,0.98,5.54
08/01/1993,10.84,1.19,6.01
09/01/1993,11.81,2.24,7.03
10/01/1993,11.8,6.47,9.13
11/01/1993,7.84,7.34,7.59
12/01/1993,6.61,1.66,4.13
13/01/1993,12.4,1.23,6.82
14/01/1993,11.66,3.15,7.4
15/01/1993,12.47,3.64,8.05
16/01/1993,12.56,8.01,10.28
17/01/1993,9.03,8.61,8.82
18/01/1993,7.93,2.2,5.07
19/01/1993,11.3,3.07,7.19
20/01/1993,11.97,4.02,7.99
21/01/1993,12.03,6.51,9.27
22/01/1993,8.39,7.28,7.83
23/01/1993,11.56,4.66,8.11
24/01/1993,9.15,5.37,7.26
25/01/1993,5.68,2.01,3.85
26/01/1993,9.86,-1.12,4.37
27/01/1993,10.1,2.53,6.32
28/01/1993,10.07,6.84,8.45
29/01/1993,7.99,4.29,6.14
30/01/1993,6.41,3.68,5.04
31/01/1993,6.52,4.61,5.56
01/02/1993,7.36,3.48,5.42
02/02/1993,9.29,2.09,5.69
03/02/1993,4.88,3.29,4.09
04/02/1993,4.62,1.34,2.98
05/02/1993,3.73,-0.86,1.43
06/02/1993,9.37,0.48,4.92
07/02/1993,9.88,2.76,6.32
08/02/1993,9.39,7.29,8.34
09/02/1993,6.46,5.49,5.98
10/02/1993,3.48,3.22,3.35
11/02/1993,2.48,1.32,1.9
12/02/1993,4.21,1.48,2.85
13/02/1993,4.96,1.91,3.44
14/02/1993,2.94,-1.65,0.64
15/02/1993,6.89,0.61,3.75
16/02/1993,9.22,1.94,5.58
17/02/1993,10.18,4.13,7.15
18/02/1993,9.79,6.99,8.39
19/02/1993,9.73,4.22,6.98
20/02/1993,7.71,0.66,4.19
21/02/1993,6.77,3.21,4.99
22/02/1993,6.99,-0.92,3.03
23/02/1993,5.79,-0.3,2.74
24/02/1993,8.03,1.5,4.76
25/02/1993,8.04,2.73,5.38
26/02/1993,5.27,2.53,3.9
27/02/1993,3.64,0.11,1.87
28/02/1993,2.62,-3.56,-0.47
01/03/1993,3.48,-1.41,1.03
02/03/1993,2.51,0.24,1.37
03/03/1993,3.18,1.63,2.4
04/03/1993,3.7,0.53,2.12
05/03/1993,9.17,-0.23,4.47
06/03/1993,9.26,2.79,6.02
07/03/1993,8.5,4.94,6.72
08/03/1993,9.78,3.9,6.84
09/03/1993,9.43,-0.6,4.42
10/03/1993,11.2,1.93,6.56
11/03/1993,13.89,2.8,8.35
12/03/1993,12.6,4.76,8.68
13/03/1993,16.09,6.13,11.11
14/03/1993,14.2,7.31,10.75
15/03/1993,17.66,8.2,12.93
16/03/1993,11.22,8.21,9.71
17/03/1993,14.45,8.11,11.28
18/03/1993,13.89,9.62,11.76
19/03/1993,11.38,-0.06,5.66
20/03/1993,11.62,-0.2,5.71
21/03/1993,11.33,6.07,8.7
22/03/1993,11.96,8.27,10.12
23/03/1993,11.71,2.1,6.9
24/03/1993,10.05,0.59,5.32
25/03/1993,9.12,1.38,5.25
26/03/1993,8.34,-2.1,3.12
27/03/1993,7.94,0.25,4.1
28/03/1993,10.04,2.53,6.29
29/03/1993,11.58,4.52,8.05
30/03/1993,12.87,7.63,10.25
31/03/1993,10.18,3.48,6.83
01/04/1993,7.06,4.9,5.98
02/04/1993,10.96,1.09,6.02
03/04/1993,9.02,2.41,5.71
04/04/1993,11.26,0.46,5.86
05/04/1993,11.94,5.32,8.63
06/04/1993,11.86,6.93,9.39
07/04/1993,9.38,4.78,7.08
08/04/1993,11.23,7.16,9.2
09/04/1993,9.27,7.99,8.63
10/04/1993,11.99,3.43,7.71
11/04/1993,11.23,5.43,8.33
12/04/1993,11.83,4.67,8.25
13/04/1993,9.5,3.36,6.43
14/04/1993,8.54,4.3,6.42
15/04/1993,13.39,1.87,7.63
16/04/1993,14.08,4.91,9.5
17/04/1993,15.25,9.28,12.26
18/04/1993,14.14,8.87,11.51
19/04/1993,14.5,9.75,12.13
20/04/1993,17.04,7.75,12.4
21/04/1993,15.02,7.62,11.32
22/04/1993,13.24,6.31,9.78
23/04/1993,12.08,10.13,11.11
24/04/1993,13.37,7.75,10.56
25/04/1993,13.09,8.17,10.63
26/04/1993,11.05,8.08,9.56
27/04/1993,15.62,7.24,11.43
28/04/1993,15.59,7.04,11.32
29/04/1993,18.89,7.72,13.3
30/04/1993,18.89,7.92,13.4
01/05/1993,16.71,8.25,12.48
02/05/1993,12.88,7.11,9.99
03/05/1993,12.88,5.11,9
04/05/1993,14.57,4.04,9.31
05/05/1993,14.35,2.76,8.55
06/05/1993,14.12,2.13,8.12
07/05/1993,14.38,2.88,8.63
08/05/1993,14.48,4.35,9.41
09/05/1993,14.73,7.23,10.98
10/05/1993,19.47,7.78,13.63
11/05/1993,22.75,9.95,16.35
12/05/1993,17.06,10.08,13.57
13/05/1993,14.79,6.73,10.76
14/05/1993,12.31,7.27,9.79
15/05/1993,13.53,3.07,8.3
16/05/1993,17.44,5.47,11.46
17/05/1993,18.83,10.33,14.58
18/05/1993,16.39,7.23,11.81
19/05/1993,16.67,8.35,12.51
20/05/1993,11.93,7.21,9.57
21/05/1993,16.62,7.33,11.97
22/05/1993,17.42,6.22,11.82
23/05/1993,21.67,11.15,16.41
24/05/1993,23.93,13.22,18.57
25/05/1993,17.09,11.05,14.07
26/05/1993,15,9.04,12.02
27/05/1993,12.29,9.55,10.92
28/05/1993,16.57,8.3,12.43
29/05/1993,18,7.83,12.92
30/05/1993,15.03,12.15,13.59
31/05/1993,15.35,8.87,12.11
01/06/1993,18.89,11.13,15.01
02/06/1993,17.33,11.23,14.28
03/06/1993,16.05,11.27,13.66
04/06/1993,19.2,10.81,15
05/06/1993,22.13,10.03,16.08
06/06/1993,23.89,10.3,17.1
07/06/1993,23.27,10.06,16.66
08/06/1993,25.92,11.4,18.66
09/06/1993,24.72,13.71,19.21
10/06/1993,23.03,16.63,19.83
11/06/1993,18.37,15.01,16.69
12/06/1993,16.09,11.74,13.91
13/06/1993,17.37,9.99,13.68
14/06/1993,16.22,10.69,13.46
15/06/1993,19.59,7.04,13.31
16/06/1993,15.86,12.08,13.97
17/06/1993,19.75,11.43,15.59
18/06/1993,18.34,12.72,15.53
19/06/1993,18.42,11.18,14.8
20/06/1993,18.73,8.77,13.75
21/06/1993,17.15,8.33,12.74
22/06/1993,18.01,8.97,13.49
23/06/1993,18.2,11.07,14.63
24/06/1993,19.82,6.4,13.11
25/06/1993,19.8,7.5,13.65
26/06/1993,21.97,12.45,17.21
27/06/1993,23.49,12.82,18.16
28/06/1993,23.28,10.97,17.12
29/06/1993,24.1,9.08,16.59
30/06/1993,25.3,11.15,18.22
01/07/1993,21.56,12.27,16.92
02/07/1993,23.4,12.37,17.88
03/07/1993,26.08,14.02,20.05
04/07/1993,25.48,14.82,20.15
05/07/1993,18.2,12.1,15.15
06/07/1993,22.62,8.82,15.72
07/07/1993,22.04,8.99,15.51
08/07/1993,21.78,11.06,16.42
09/07/1993,15.11,10.77,12.94
10/07/1993,15.96,7.23,11.59
11/07/1993,17.26,5.98,11.62
12/07/1993,17.62,7.05,12.34
13/07/1993,17.19,7.23,12.21
14/07/1993,21.68,12.96,17.32
15/07/1993,22.28,14.04,18.16
16/07/1993,22.26,15.32,18.79
17/07/1993,20.46,13.08,16.77
18/07/1993,18.64,10.34,14.49
19/07/1993,19.4,11.55,15.47
20/07/1993,18.5,12.67,15.59
21/07/1993,16.38,10.76,13.57
22/07/1993,21.23,9.87,15.55
23/07/1993,22.94,15.46,19.2
24/07/1993,17.47,15.03,16.25
25/07/1993,18.31,10.57,14.44
26/07/1993,17.5,9.86,13.68
27/07/1993,19.23,13.58,16.41
28/07/1993,22.78,14.9,18.84
29/07/1993,19.79,16.77,18.28
30/07/1993,21.48,12.75,17.11
31/07/1993,19.04,11.13,15.09
01/08/1993,19.76,10.28,15.02
02/08/1993,19.1,12.59,15.84
03/08/1993,19.91,11.67,15.79
04/08/1993,18.54,12.34,15.44
05/08/1993,18.13,13.13,15.63
06/08/1993,20.1,9.72,14.91
07/08/1993,21.91,11.88,16.9
08/08/1993,20.57,14.66,17.62
09/08/1993,22.39,14.16,18.28
10/08/1993,18.27,10.88,14.58
11/08/1993,20.14,10.73,15.43
12/08/1993,18.56,11.66,15.11
13/08/1993,19.53,6.91,13.22
14/08/1993,24.03,7.89,15.96
15/08/1993,20.68,13.87,17.27
16/08/1993,20.48,11.84,16.16
17/08/1993,21.23,9.38,15.3
18/08/1993,21.83,9.82,15.82
19/08/1993,24.38,11.25,17.81
20/08/1993,23.96,14.07,19.02
21/08/1993,21.56,12.59,17.07
22/08/1993,16.08,10.48,13.28
23/08/1993,15.61,8.25,11.93
24/08/1993,16.22,6.27,11.25
25/08/1993,18.05,6.67,12.36
26/08/1993,16.16,6.94,11.55
27/08/1993,16.86,6.16,11.51
28/08/1993,18.5,8.59,13.55
29/08/1993,20.8,9.64,15.22
30/08/1993,22.57,14.08,18.33
31/08/1993,18.83,8.4,13.62
01/09/1993,23.71,10.38,17.05
02/09/1993,19.23,11.93,15.58
03/09/1993,18.14,11.88,15.01
04/09/1993,15.63,4.6,10.12
05/09/1993,15.81,6.24,11.03
06/09/1993,17.27,6.02,11.65
07/09/1993,20.41,10.93,15.67
08/09/1993,19.63,12.96,16.3
09/09/1993,18.21,14.15,16.18
10/09/1993,16.8,13.32,15.06
11/09/1993,17.93,9.09,13.51
12/09/1993,14.58,6.79,10.68
13/09/1993,16.2,9.99,13.1
14/09/1993,15.45,10.23,12.84
15/09/1993,14.41,6.66,10.53
16/09/1993,14.34,9.07,11.71
17/09/1993,14.95,9.07,12.01
18/09/1993,15.73,4.55,10.14
19/09/1993,19.84,8.04,13.94
20/09/1993,16.44,13.08,14.76
21/09/1993,17.52,11.55,14.53
22/09/1993,17.2,9.12,13.16
23/09/1993,13.35,7.31,10.33
24/09/1993,14.85,6.59,10.72
25/09/1993,14.17,9.36,11.76
26/09/1993,12.73,3.94,8.34
27/09/1993,9.48,7.36,8.42
28/09/1993,12.37,6.99,9.68
29/09/1993,13.71,8.47,11.09
30/09/1993,12.08,6.49,9.29
01/10/1993,12.23,7.46,9.84
02/10/1993,13.51,9.13,11.32
03/10/1993,15.75,6.13,10.94
04/10/1993,14.99,9.02,12
05/10/1993,14.72,9.81,12.26
06/10/1993,14.6,9.54,12.07
07/10/1993,13.15,8.65,10.9
08/10/1993,14.52,6.76,10.64
09/10/1993,14.23,8.98,11.6
10/10/1993,15.7,8.09,11.89
11/10/1993,16.27,9.86,13.07
12/10/1993,14.53,10.23,12.38
13/10/1993,8.79,8.74,8.77
14/10/1993,9.48,4.98,7.23
15/10/1993,9.4,-0.35,4.52
16/10/1993,7.56,-2.15,2.7
17/10/1993,9.46,-2.94,3.26
18/10/1993,11.34,1.37,6.35
19/10/1993,8.77,-1.35,3.71
20/10/1993,11.2,-0.3,5.45
21/10/1993,8.44,1.81,5.12
22/10/1993,10.39,3.72,7.06
23/10/1993,9.3,4.55,6.93
24/10/1993,9.66,2.65,6.16
25/10/1993,9.16,5.2,7.18
26/10/1993,9.96,6.9,8.43
27/10/1993,8.7,6.92,7.81
28/10/1993,10.08,7.16,8.62
29/10/1993,9.46,7.44,8.45
30/10/1993,8.25,6.85,7.55
31/10/1993,7.81,6.88,7.35
01/11/1993,6.66,5.99,6.32
02/11/1993,9.09,4.99,7.04
03/11/1993,13.48,5.28,9.38
04/11/1993,13.2,9.13,11.16
05/11/1993,13.44,10.1,11.77
06/11/1993,8.91,6.66,7.78
07/11/1993,9.27,6.07,7.67
08/11/1993,10.11,4.69,7.4
09/11/1993,10.05,2.45,6.25
10/11/1993,9.84,7.1,8.47
11/11/1993,9.47,2.68,6.08
12/11/1993,9.94,2.08,6.01
13/11/1993,12.12,4.84,8.48
14/11/1993,7.87,4.93,6.4
15/11/1993,8.06,-0.2,3.93
16/11/1993,6.74,0.38,3.56
17/11/1993,5.59,1.52,3.55
18/11/1993,5.31,1.14,3.23
19/11/1993,5.38,-1.4,1.99
20/11/1993,3.12,-2.88,0.12
21/11/1993,1.05,-1.21,-0.08
22/11/1993,1.09,-3.88,-1.39
23/11/1993,0.64,-4.67,-2.02
24/11/1993,5.82,-4.23,0.79
25/11/1993,9.63,0.68,5.15
26/11/1993,9.26,4.77,7.02
27/11/1993,5.26,-0.37,2.44
28/11/1993,1.24,0.41,0.83
29/11/1993,6.48,-1.54,2.47
30/11/1993,8.31,-0.28,4.01
01/12/1993,11,3.15,7.07
02/12/1993,11.38,2.67,7.02
03/12/1993,11.71,9.39,10.55
04/12/1993,10.57,9.47,10.02
05/12/1993,9.48,3.09,6.29
06/12/1993,9.23,5.99,7.61
07/12/1993,8.91,4.97,6.94
08/12/1993,11.14,2.02,6.58
09/12/1993,8.76,6.98,7.87
10/12/1993,7.65,5.77,6.71
11/12/1993,5.9,2.29,4.1
12/12/1993,10.3,2.69,6.5
13/12/1993,8.01,3.67,5.84
14/12/1993,6.6,-1.34,2.63
15/12/1993,6.7,-0.29,3.21
16/12/1993,7.27,2.95,5.11
17/12/1993,10.25,2.99,6.62
18/12/1993,12.97,5.3,9.14
19/12/1993,12.96,10.33,11.65
20/12/1993,5.66,3.38,4.52
21/12/1993,5.76,0.48,3.12
22/12/1993,7.95,0.58,4.26
23/12/1993,6.07,2.13,4.1
24/12/1993,3.29,1.26,2.28
25/12/1993,2.26,-0.25,1.01
26/12/1993,1.8,-1.94,-0.07
27/12/1993,3.05,-3.72,-0.34
28/12/1993,9.83,-2.74,3.54
29/12/1993,10.23,2.85,6.54
30/12/1993,7.46,3.86,5.66
31/12/1993,6.28,3.25,4.76
01/01/1994,8.09,-0.26,3.92
02/01/1994,8.54,0.4,4.47
03/01/1994,6.98,3.52,5.25
04/01/1994,7.63,3.47,5.55
05/01/1994,6.68,1.71,4.19
06/01/1994,2.05,0.16,1.1
07/01/1994,4.16,-1.06,1.55
08/01/1994,7.03,0.98,4.01
09/01/1994,8.67,1.32,5
10/01/1994,7.79,5.51,6.65
11/01/1994,9.32,4.26,6.79
12/01/1994,11.92,5.6,8.76
13/01/1994,11.48,6.65,9.07
14/01/1994,7.67,4.63,6.15
15/01/1994,6.13,3.15,4.64
16/01/1994,3.4,0.89,2.14
17/01/1994,3.45,-0.03,1.71
18/01/1994,7.14,-1.39,2.88
19/01/1994,5.95,1.07,3.51
20/01/1994,9.69,0.15,4.92
21/01/1994,9.56,4.27,6.91
22/01/1994,10.9,6.2,8.55
23/01/1994,9.87,5.61,7.74
24/01/1994,10.33,2.71,6.52
25/01/1994,10.75,4.05,7.4
26/01/1994,9.77,4.29,7.03
27/01/1994,10.03,5.76,7.89
28/01/1994,7.31,2.6,4.96
29/01/1994,9.69,1.32,5.5
30/01/1994,8.52,6.18,7.35
31/01/1994,7.67,1.79,4.73
01/02/1994,8.67,3.71,6.19
02/02/1994,4.96,-0.02,2.47
03/02/1994,9.61,0.68,5.15
04/02/1994,9.01,4.09,6.55
05/02/1994,8.24,3.36,5.8
06/02/1994,7.95,1.41,4.68
07/02/1994,7.83,1.91,4.87
08/02/1994,7.71,-0.49,3.61
09/02/1994,8.02,1.14,4.58
10/02/1994,7.65,-0.04,3.81
11/02/1994,5.24,1.77,3.5
12/02/1994,5.74,-0.6,2.57
13/02/1994,2.36,-0.7,0.83
14/02/1994,1.53,-3.98,-1.23
15/02/1994,3.64,-4.18,-0.27
16/02/1994,5.02,-0.29,2.37
17/02/1994,4.81,0.23,2.52
18/02/1994,5.62,2.08,3.85
19/02/1994,6.24,0.23,3.23
20/02/1994,2.56,1.25,1.91
21/02/1994,1.61,-3.63,-1.01
22/02/1994,1.63,-2.07,-0.22
23/02/1994,2.93,-1.1,0.92
24/02/1994,2.04,0.78,1.41
25/02/1994,9.03,0.4,4.71
26/02/1994,10.13,1.92,6.03
27/02/1994,12.13,8.39,10.26
28/02/1994,10.99,6.52,8.76
01/03/1994,8.08,4.29,6.18
02/03/1994,11.2,4,7.6
03/03/1994,10.79,5.02,7.9
04/03/1994,10.09,2.27,6.18
05/03/1994,11.8,6.12,8.96
06/03/1994,9.76,3.95,6.85
07/03/1994,12.53,6,9.26
08/03/1994,12.71,9.18,10.95
09/03/1994,10.11,9.29,9.7
10/03/1994,10.71,2.21,6.46
11/03/1994,8.41,2.37,5.39
12/03/1994,10.37,1.45,5.91
13/03/1994,11.57,4.51,8.04
14/03/1994,13.45,6.47,9.96
15/03/1994,11.99,8.91,10.45
16/03/1994,9.31,3.06,6.19
17/03/1994,8.84,1.55,5.19
18/03/1994,9.6,4.05,6.82
19/03/1994,9.18,2.99,6.09
20/03/1994,9.16,-0.41,4.37
21/03/1994,8.94,2.09,5.52
22/03/1994,12.25,4.48,8.36
23/03/1994,13,7.65,10.32
24/03/1994,12.67,6.11,9.39
25/03/1994,12.76,8.79,10.77
26/03/1994,10.08,1.64,5.86
27/03/1994,9.83,1.89,5.86
28/03/1994,11.92,5.55,8.73
29/03/1994,13.91,8.65,11.28
30/03/1994,14.62,7.6,11.11
31/03/1994,11.13,4.7,7.91
01/04/1994,9.32,5.46,7.39
02/04/1994,9.17,1.48,5.33
03/04/1994,10.04,0.1,5.07
04/04/1994,7.97,4.74,6.35
05/04/1994,10.41,1.22,5.81
06/04/1994,10.16,1.57,5.87
07/04/1994,9.76,3.6,6.68
08/04/1994,7.9,1.42,4.66
09/04/1994,7.6,0.88,4.24
10/04/1994,9.57,1.34,5.46
11/04/1994,12.75,1.93,7.34
12/04/1994,8.79,3.25,6.02
13/04/1994,9.99,4.32,7.15
14/04/1994,7.5,1.81,4.65
15/04/1994,7.7,1.99,4.84
16/04/1994,10.34,4.38,7.36
17/04/1994,9.43,1.38,5.41
18/04/1994,9.27,2.27,5.77
19/04/1994,11.63,5.23,8.43
20/04/1994,10.59,5.84,8.22
21/04/1994,13,5.8,9.4
22/04/1994,15.07,5.27,10.17
23/04/1994,15.21,9.62,12.42
24/04/1994,14.93,8.33,11.63
25/04/1994,13.17,3.2,8.19
26/04/1994,17.23,8.7,12.96
27/04/1994,18.44,11.31,14.88
28/04/1994,18.93,12.06,15.5
29/04/1994,21.59,9.18,15.38
30/04/1994,18.42,10.07,14.25
01/05/1994,16.85,5.37,11.11
02/05/1994,16.71,6.49,11.6
03/05/1994,17.86,6.28,12.07
04/05/1994,13.85,8.03,10.94
05/05/1994,12.79,6.61,9.7
06/05/1994,15.1,8.3,11.7
07/05/1994,12.33,9.14,10.74
08/05/1994,15.09,5.09,10.09
09/05/1994,15.72,5.8,10.76
10/05/1994,17.04,6.09,11.56
11/05/1994,17.59,9.08,13.33
12/05/1994,16.4,10.26,13.33
13/05/1994,19.45,7.31,13.38
14/05/1994,19.93,10,14.97
15/05/1994,17.12,9.39,13.26
16/05/1994,11.59,8.8,10.2
17/05/1994,8.07,6.05,7.06
18/05/1994,11.83,4.8,8.32
19/05/1994,11.01,5.09,8.05
20/05/1994,14.52,6.87,10.7
21/05/1994,13,8.37,10.69
22/05/1994,15.41,9.35,12.38
23/05/1994,14.98,8.85,11.91
24/05/1994,12.55,9.12,10.83
25/05/1994,13.05,8.25,10.65
26/05/1994,10.45,9.07,9.76
27/05/1994,11.33,4.86,8.1
28/05/1994,12.68,6.12,9.4
29/05/1994,14.84,2.28,8.56
30/05/1994,16.51,2.86,9.68
31/05/1994,19.8,5.82,12.81
01/06/1994,23.04,6.82,14.93
02/06/1994,18.15,10.75,14.45
03/06/1994,15.21,11.18,13.19
04/06/1994,12.29,8.28,10.29
05/06/1994,16.11,4.77,10.44
06/06/1994,19.97,10.32,15.14
07/06/1994,19.75,11.87,15.81
08/06/1994,16.23,11.77,14
09/06/1994,14.84,6.25,10.55
10/06/1994,15.45,9.84,12.65
11/06/1994,18.14,6.9,12.52
12/06/1994,19.23,8.26,13.75
13/06/1994,21.88,9.59,15.73
14/06/1994,21.45,11.32,16.38
15/06/1994,22.48,6.55,14.52
16/06/1994,22.5,10.23,16.36
17/06/1994,23.56,10.2,16.88
18/06/1994,19.29,11.69,15.49
19/06/1994,19.07,12.79,15.93
20/06/1994,17.95,12.63,15.29
21/06/1994,17.17,12.58,14.87
22/06/1994,19.3,12.97,16.13
23/06/1994,22.78,8.45,15.62
24/06/1994,27.78,12.13,19.96
25/06/1994,21.04,14.99,18.01
26/06/1994,20.44,10.53,15.49
27/06/1994,23.4,12.56,17.98
28/06/1994,26.54,12.11,19.33
29/06/1994,19.62,12.8,16.21
30/06/1994,22.6,8.32,15.46
01/07/1994,24.81,9.96,17.39
02/07/1994,25.34,15.8,20.57
03/07/1994,25.74,13.6,19.67
04/07/1994,23.44,16.4,19.92
05/07/1994,19.71,11.43,15.57
06/07/1994,18.56,12.08,15.32
07/07/1994,21.54,9.46,15.5
08/07/1994,18.59,13.28,15.93
09/07/1994,23.19,12.42,17.81
10/07/1994,25.06,11.36,18.21
11/07/1994,28.42,11.8,20.11
12/07/1994,30.96,14.17,22.56
13/07/1994,22.56,14.85,18.7
14/07/1994,24.5,13.65,19.08
15/07/1994,21.56,13.21,17.38
16/07/1994,22.43,11.89,17.16
17/07/1994,23.67,11.02,17.35
18/07/1994,23.87,10.65,17.26
19/07/1994,24.11,11.84,17.97
20/07/1994,25.95,13.41,19.68
21/07/1994,27.15,13.58,20.36
22/07/1994,25.09,14.43,19.76
23/07/1994,26.44,12.92,19.68
24/07/1994,29.84,16.28,23.06
25/07/1994,26.88,15.98,21.43
26/07/1994,20.12,16.68,18.4
27/07/1994,23.83,17.82,20.83
28/07/1994,20.54,13.56,17.05
29/07/1994,24.37,9.98,17.17
30/07/1994,28.25,10.23,19.24
31/07/1994,24.3,17.45,20.88
01/08/1994,21.63,13.78,17.71
02/08/1994,20.88,13.38,17.13
03/08/1994,26.17,16.52,21.35
04/08/1994,21.53,18.91,20.22
05/08/1994,25.17,14.8,19.98
06/08/1994,23.06,13.87,18.47
07/08/1994,22.66,15.33,18.99
08/08/1994,21.85,12.82,17.34
09/08/1994,22.26,12.57,17.41
10/08/1994,16.11,13.94,15.02
11/08/1994,18.15,14.06,16.11
12/08/1994,19.36,12.87,16.11
13/08/1994,19.3,8.74,14.02
14/08/1994,19.06,7.48,13.27
15/08/1994,22.08,7.73,14.91
16/08/1994,22.96,10.24,16.6
17/08/1994,17.36,11.54,14.45
18/08/1994,19.21,9.34,14.28
19/08/1994,20.51,13.18,16.85
20/08/1994,19.48,9.82,14.65
21/08/1994,21.24,12.92,17.08
22/08/1994,24.42,13.59,19
23/08/1994,19.8,15.52,17.66
24/08/1994,19.69,11.78,15.73
25/08/1994,19.6,11.66,15.63
26/08/1994,21.85,13.82,17.84
27/08/1994,19.57,14.37,16.97
28/08/1994,18.45,9.2,13.83
29/08/1994,19.02,9.5,14.26
30/08/1994,18.93,10.04,14.49
31/08/1994,14.92,11.3,13.11
01/09/1994,15.14,12.84,13.99
02/09/1994,20.66,7.22,13.94
03/09/1994,16.6,9.3,12.95
04/09/1994,18.93,13.25,16.09
05/09/1994,18.69,10.14,14.42
06/09/1994,16.4,9.08,12.74
07/09/1994,17.18,7.23,12.2
08/09/1994,16.42,10.71,13.56
09/09/1994,17.43,8.15,12.79
10/09/1994,16.05,8.69,12.37
11/09/1994,16.54,8.15,12.34
12/09/1994,16.24,12.48,14.36
13/09/1994,17.42,9.26,13.34
14/09/1994,15.52,11.08,13.3
15/09/1994,9.98,8.44,9.21
16/09/1994,13.45,7.72,10.58
17/09/1994,13.5,5.83,9.67
18/09/1994,12.97,5.67,9.32
19/09/1994,12.46,8.57,10.51
20/09/1994,14.15,10.61,12.38
21/09/1994,18.09,9.98,14.03
22/09/1994,17.37,11.22,14.29
23/09/1994,17.29,9.99,13.64
24/09/1994,16.64,12.6,14.62
25/09/1994,15.87,13.23,14.55
26/09/1994,15.63,12.78,14.2
27/09/1994,17.43,8.55,12.99
28/09/1994,16.12,9.93,13.03
29/09/1994,14.77,11.17,12.97
30/09/1994,14.28,11.36,12.82
01/10/1994,15.26,10.99,13.13
02/10/1994,14.57,11.45,13.01
03/10/1994,10.99,8.07,9.53
04/10/1994,10.23,-0.14,5.05
05/10/1994,13.25,1.45,7.35
06/10/1994,14.08,3.39,8.73
07/10/1994,15.87,5.74,10.81
08/10/1994,15.31,7.56,11.44
09/10/1994,16.02,6.38,11.2
10/10/1994,18.2,1.51,9.85
11/10/1994,17.93,5,11.46
12/10/1994,14.81,8.63,11.72
13/10/1994,16.44,7.07,11.75
14/10/1994,11.85,5.49,8.67
15/10/1994,15.39,4.61,10
16/10/1994,11.29,7.13,9.21
17/10/1994,10.72,5.73,8.22
18/10/1994,11.8,0.54,6.17
19/10/1994,13.59,6.86,10.22
20/10/1994,13.05,8.68,10.87
21/10/1994,14.26,10.68,12.47
22/10/1994,15.16,12.43,13.8
23/10/1994,13.63,7.56,10.59
24/10/1994,12.59,4.8,8.69
25/10/1994,11.98,7.87,9.92
26/10/1994,12.01,6.97,9.49
27/10/1994,11.44,3.92,7.68
28/10/1994,11.45,3.99,7.72
29/10/1994,13.86,6.15,10.01
30/10/1994,14.36,10.43,12.4
31/10/1994,13.5,11.39,12.45
01/11/1994,12.39,7.01,9.7
02/11/1994,13.1,1.78,7.44
03/11/1994,15.67,7.45,11.56
04/11/1994,13.81,11.36,12.59
05/11/1994,11.04,8.97,10.01
06/11/1994,12.62,7.09,9.85
07/11/1994,12.17,4.82,8.49
08/11/1994,13.09,7.67,10.38
09/11/1994,11.84,10.85,11.35
10/11/1994,10.42,8.8,9.61
11/11/1994,11.01,8.31,9.66
12/11/1994,12.37,10.18,11.27
13/11/1994,14.66,7.15,10.9
14/11/1994,14.7,10.76,12.73
15/11/1994,13.15,9.73,11.44
16/11/1994,10.13,5.53,7.83
17/11/1994,11.28,4.62,7.95
18/11/1994,14.08,6.7,10.39
19/11/1994,15.05,10.36,12.71
20/11/1994,13.98,13.41,13.7
21/11/1994,10.71,7.38,9.05
22/11/1994,12.68,5.88,9.28
23/11/1994,13.23,9.71,11.47
24/11/1994,12.48,10.64,11.56
25/11/1994,13.2,10.5,11.85
26/11/1994,12.03,9.41,10.72
27/11/1994,10.35,9.18,9.76
28/11/1994,8.85,6.47,7.66
29/11/1994,8.61,2.09,5.35
30/11/1994,8.12,5.15,6.63
01/12/1994,8.73,5.9,7.32
02/12/1994,11.83,6.94,9.39
03/12/1994,11.94,7.56,9.75
04/12/1994,11.83,7.2,9.52
05/12/1994,10.71,3.25,6.98
06/12/1994,10.2,3.8,7
07/12/1994,11.54,4.61,8.07
08/12/1994,10.88,4.81,7.84
09/12/1994,11.31,1.7,6.51
10/12/1994,13.8,2.55,8.18
11/12/1994,13.38,11.27,12.32
12/12/1994,13.12,11.36,12.24
13/12/1994,11.89,11.18,11.53
14/12/1994,4.67,0.8,2.73
15/12/1994,8.22,-4.22,2
16/12/1994,9.73,-0.06,4.83
17/12/1994,11.09,2.24,6.66
18/12/1994,8.14,7.06,7.6
19/12/1994,6.67,2.72,4.7
20/12/1994,5.07,-0.16,2.45
21/12/1994,3.55,1.14,2.34
22/12/1994,2.63,-2.31,0.16
23/12/1994,-1.46,-4,-2.73
24/12/1994,5.72,-7.71,-0.99
25/12/1994,8.94,-4.91,2.02
26/12/1994,11.38,3.19,7.29
27/12/1994,12.96,4.26,8.61
28/12/1994,13.4,11.26,12.33
29/12/1994,10.51,9.13,9.82
30/12/1994,7.92,4.61,6.26
31/12/1994,5.01,2.78,3.89
01/01/1995,4.39,-1.59,1.4
02/01/1995,2.34,-2.42,-0.04
03/01/1995,3.84,-5.43,-0.8
04/01/1995,5.28,-3.91,0.68
05/01/1995,5.08,3.11,4.1
06/01/1995,7.01,2.15,4.58
07/01/1995,9.79,-0.09,4.85
08/01/1995,10.05,2.27,6.16
09/01/1995,10.17,1.65,5.91
10/01/1995,12.66,4.29,8.47
11/01/1995,4.31,1.14,2.73
12/01/1995,5.03,-1,2.02
13/01/1995,7.83,-0.61,3.61
14/01/1995,9.44,2.36,5.9
15/01/1995,10.35,6.95,8.65
16/01/1995,9.58,7.46,8.52
17/01/1995,9.98,4.55,7.27
18/01/1995,6.97,3.06,5.02
19/01/1995,8.62,0.98,4.8
20/01/1995,8.1,2.9,5.5
21/01/1995,9,2.5,5.75
22/01/1995,6.39,3.25,4.82
23/01/1995,8.08,2.38,5.23
24/01/1995,6.63,3.64,5.14
25/01/1995,11.37,3.69,7.53
26/01/1995,3.62,2.42,3.02
27/01/1995,10.83,-1.16,4.84
28/01/1995,9.23,0.77,5
29/01/1995,10.78,6.91,8.84
30/01/1995,9.98,0.42,5.2
31/01/1995,12.49,1,6.75
01/02/1995,9.12,7.41,8.27
02/02/1995,9,0.24,4.62
03/02/1995,11.08,2.06,6.57
04/02/1995,11.6,7.22,9.41
05/02/1995,10.8,2.66,6.73
06/02/1995,10.7,5.62,8.16
07/02/1995,9.95,8.2,9.07
08/02/1995,7.95,6.74,7.35
09/02/1995,6.58,0.85,3.72
10/02/1995,9.88,2.25,6.06
11/02/1995,12,6.27,9.13
12/02/1995,11.21,5.75,8.48
13/02/1995,11.3,7.23,9.26
14/02/1995,11.87,4.09,7.98
15/02/1995,11.15,6.25,8.7
16/02/1995,9.98,4.14,7.06
17/02/1995,8.54,3.71,6.13
18/02/1995,9.66,2.02,5.84
19/02/1995,9.86,4.83,7.35
20/02/1995,9.29,3.44,6.37
21/02/1995,7.87,3.9,5.88
22/02/1995,9.62,3.38,6.5
23/02/1995,7.57,1.14,4.36
24/02/1995,7.48,3.7,5.59
25/02/1995,7.82,3.57,5.7
26/02/1995,7.38,0.11,3.75
27/02/1995,10.01,-0.76,4.62
28/02/1995,11.46,4.03,7.74
01/03/1995,8.64,6.75,7.7
02/03/1995,6.36,0.1,3.23
03/03/1995,4.53,-1.98,1.27
04/03/1995,5.56,-4.41,0.57
05/03/1995,8.21,-0.55,3.83
06/03/1995,6.29,1.5,3.89
07/03/1995,5.51,-0.14,2.69
08/03/1995,7.89,-0.51,3.69
09/03/1995,8.45,-0.13,4.16
10/03/1995,12.42,3.52,7.97
11/03/1995,12.22,6.13,9.17
12/03/1995,11.39,2.99,7.19
13/03/1995,11.76,-1.13,5.31
14/03/1995,10.26,-0.3,4.98
15/03/1995,8,1.47,4.74
16/03/1995,9.77,0.1,4.94
17/03/1995,10.26,4.96,7.61
18/03/1995,10.59,3.97,7.28
19/03/1995,9.73,1.04,5.38
20/03/1995,8.25,-0.06,4.09
21/03/1995,8.15,-1.93,3.11
22/03/1995,12.33,-1.55,5.39
23/03/1995,15.48,0.33,7.9
24/03/1995,14.88,5.1,9.99
25/03/1995,12.68,6.99,9.84
26/03/1995,11.06,7.29,9.18
27/03/1995,6.59,0.89,3.74
28/03/1995,10.57,-0.49,5.04
29/03/1995,8.26,-1.34,3.46
30/03/1995,11.34,-0.84,5.25
31/03/1995,16.19,6.96,11.58
01/04/1995,17.72,8.69,13.2
02/04/1995,15.53,6.02,10.78
03/04/1995,12.92,7.82,10.37
04/04/1995,15.12,4.31,9.71
05/04/1995,14.75,7.5,11.13
06/04/1995,18.84,9.61,14.23
07/04/1995,17.7,6.98,12.34
08/04/1995,11.53,3.91,7.72
09/04/1995,13.29,1.34,7.31
10/04/1995,15.2,7.65,11.43
11/04/1995,17.58,5.09,11.34
12/04/1995,14.18,3.96,9.07
13/04/1995,14.68,1.97,8.33
14/04/1995,16.19,4.83,10.51
15/04/1995,13.98,6.55,10.27
16/04/1995,11.3,4.55,7.92
17/04/1995,11.15,7.97,9.56
18/04/1995,9.51,5.53,7.52
19/04/1995,10.18,-1.98,4.1
20/04/1995,11.13,-2.11,4.51
21/04/1995,11.98,-1.93,5.02
22/04/1995,10.23,4.62,7.43
23/04/1995,13.33,4.25,8.79
24/04/1995,12.17,6.98,9.58
25/04/1995,18.7,6.68,12.69
26/04/1995,9.71,6.28,7.99
27/04/1995,10.92,2.75,6.84
28/04/1995,11.82,3.77,7.8
29/04/1995,11.6,4.32,7.96
30/04/1995,15.7,7.46,11.58
01/05/1995,17.9,4.88,11.39
02/05/1995,21.59,8.07,14.83
03/05/1995,23.34,7.74,15.54
04/05/1995,24.82,7.78,16.3
05/05/1995,25.52,9.04,17.28
06/05/1995,25.88,10.82,18.35
07/05/1995,24.83,12.47,18.65
08/05/1995,16.56,9.25,12.9
09/05/1995,13.95,6.05,10
10/05/1995,14.61,3.22,8.91
11/05/1995,8.65,4.69,6.67
12/05/1995,9.98,2.76,6.37
13/05/1995,12,2.01,7
14/05/1995,13.46,1.04,7.25
15/05/1995,15.31,2.3,8.81
16/05/1995,11.51,6.96,9.23
17/05/1995,8.52,7.12,7.82
18/05/1995,13.09,3.88,8.49
19/05/1995,16.66,5.56,11.11
20/05/1995,14.25,6.41,10.33
21/05/1995,15.74,8.67,12.21
22/05/1995,17.69,8.39,13.04
23/05/1995,20.73,8.57,14.65
24/05/1995,19.52,8.06,13.79
25/05/1995,17.91,8.51,13.21
26/05/1995,18.19,9.04,13.62
27/05/1995,17.67,11.59,14.63
28/05/1995,18.56,13.24,15.9
29/05/1995,18.05,9.36,13.7
30/05/1995,14.97,9.42,12.19
31/05/1995,17.95,6.98,12.46
01/06/1995,16.13,7.88,12
02/06/1995,16.89,8.44,12.66
03/06/1995,15.46,9.66,12.56
04/06/1995,14.91,10.4,12.65
05/06/1995,17.51,8.99,13.25
06/06/1995,16.94,10.92,13.93
07/06/1995,18.24,12.66,15.45
08/06/1995,16,6.39,11.19
09/06/1995,18.13,6.85,12.49
10/06/1995,14.14,8.13,11.13
11/06/1995,14.67,10.4,12.54
12/06/1995,13,8.4,10.7
13/06/1995,12.74,7.29,10.01
14/06/1995,15.62,8.22,11.92
15/06/1995,17.52,8.19,12.86
16/06/1995,20.05,8.17,14.11
17/06/1995,16.83,10.49,13.66
18/06/1995,20.55,11.45,16
19/06/1995,22.52,10.22,16.37
20/06/1995,22.42,12.77,17.6
21/06/1995,21.02,11.96,16.49
22/06/1995,22.04,8.78,15.41
23/06/1995,21.46,8.62,15.04
24/06/1995,15.72,10.98,13.35
25/06/1995,20.95,11.24,16.1
26/06/1995,24.11,10.61,17.36
27/06/1995,24.99,11.42,18.21
28/06/1995,27.9,12.11,20
29/06/1995,28.94,11.56,20.25
30/06/1995,31.49,10.91,21.2
01/07/1995,21.21,12.13,16.67
02/07/1995,17.55,9.46,13.5
03/07/1995,17.73,9.71,13.72
04/07/1995,20.33,8.73,14.53
05/07/1995,23.57,14.19,18.88
06/07/1995,21.61,10.98,16.3
07/07/1995,23.78,15.77,19.78
08/07/1995,24.56,12.95,18.76
09/07/1995,26.7,11.97,19.33
10/07/1995,30.14,13.82,21.98
11/07/1995,25.82,15.82,20.82
12/07/1995,25.51,14.58,20.04
13/07/1995,23.34,14.01,18.68
14/07/1995,22.86,15.78,19.32
15/07/1995,21.79,13.2,17.49
16/07/1995,22.13,13.36,17.75
17/07/1995,20.91,13.07,16.99
18/07/1995,22.18,15.28,18.73
19/07/1995,24.97,18.08,21.53
20/07/1995,29.12,16.28,22.7
21/07/1995,25.48,15.15,20.32
22/07/1995,21.73,9.98,15.86
23/07/1995,23.2,9.34,16.27
24/07/1995,27.24,10.98,19.11
25/07/1995,28.41,12.31,20.36
26/07/1995,24.84,13.16,19
27/07/1995,24.38,15.39,19.88
28/07/1995,25.82,15.79,20.8
29/07/1995,29.38,14.85,22.12
30/07/1995,30.49,11.77,21.13
31/07/1995,31.26,16.47,23.86
01/08/1995,32.6,16.72,24.66
02/08/1995,32.61,18.41,25.51
03/08/1995,31.26,15.56,23.41
04/08/1995,24.15,14.94,19.55
05/08/1995,26.66,10.59,18.62
06/08/1995,25.14,12.32,18.73
07/08/1995,21.78,13.78,17.78
08/08/1995,20.51,11.87,16.19
09/08/1995,25.05,7.62,16.34
10/08/1995,28.19,11.56,19.88
11/08/1995,30.69,13.14,21.92
12/08/1995,28.79,15.89,22.34
13/08/1995,23.28,15.05,19.16
14/08/1995,23.98,11.91,17.94
15/08/1995,29.43,12.88,21.15
16/08/1995,29.45,13.51,21.48
17/08/1995,28.75,14.91,21.83
18/08/1995,28.68,15.97,22.33
19/08/1995,29.06,14.54,21.8
20/08/1995,28.96,16.01,22.49
21/08/1995,29.53,13.22,21.38
22/08/1995,30.16,13.14,21.65
23/08/1995,21.23,16.57,18.9
24/08/1995,23.26,10.79,17.02
25/08/1995,24.19,16.09,20.14
26/08/1995,23.51,14.44,18.98
27/08/1995,19.76,13.6,16.68
28/08/1995,19.74,8.98,14.36
29/08/1995,17.58,11.48,14.53
30/08/1995,20.62,8.61,14.61
31/08/1995,20.31,12.61,16.46
01/09/1995,19.25,13.29,16.27
02/09/1995,18.39,13.81,16.1
03/09/1995,19.59,7.12,13.36
04/09/1995,19.67,8.03,13.85
05/09/1995,19.28,8.77,14.02
06/09/1995,19.89,10.81,15.35
07/09/1995,18.13,13.18,15.65
08/09/1995,18.33,13.64,15.98
09/09/1995,20.47,11.65,16.06
10/09/1995,16.06,9.96,13.01
11/09/1995,19.49,11.76,15.62
12/09/1995,16.89,11.29,14.09
13/09/1995,17.62,8.76,13.19
14/09/1995,17.63,8.71,13.17
15/09/1995,16.12,9.26,12.69
16/09/1995,16.72,11.61,14.16
17/09/1995,16.71,12.1,14.4
18/09/1995,19.66,12.46,16.06
19/09/1995,17.05,13.83,15.44
20/09/1995,15.75,10.19,12.97
21/09/1995,18.92,6.2,12.56
22/09/1995,18.84,7.79,13.32
23/09/1995,18.12,8.47,13.3
24/09/1995,14.83,10.18,12.5
25/09/1995,16.02,4.84,10.43
26/09/1995,16.36,11.14,13.75
27/09/1995,14.21,11.16,12.69
28/09/1995,14.44,5.24,9.84
29/09/1995,16,4.48,10.24
30/09/1995,16.92,4.34,10.63
01/10/1995,18.29,9.38,13.84
02/10/1995,17.82,9.18,13.5
03/10/1995,17.52,11.92,14.72
04/10/1995,17.67,14.2,15.94
05/10/1995,16.62,8.12,12.37
06/10/1995,16.7,10.8,13.75
07/10/1995,17.81,13.63,15.72
08/10/1995,22.84,13.11,17.98
09/10/1995,19.75,13.6,16.68
10/10/1995,19.7,11.65,15.68
11/10/1995,19.25,10.28,14.76
12/10/1995,18.17,13.18,15.68
13/10/1995,19.09,13.37,16.23
14/10/1995,18.35,10.41,14.38
15/10/1995,18.82,12.83,15.83
16/10/1995,17.2,11.34,14.27
17/10/1995,16.54,12.93,14.73
18/10/1995,12.44,10.54,11.49
19/10/1995,16.11,7.47,11.79
20/10/1995,12.24,8.54,10.39
21/10/1995,14.05,3.99,9.02
22/10/1995,15.41,4.36,9.88
23/10/1995,15.61,7.62,11.61
24/10/1995,18.76,10.09,14.43
25/10/1995,15.06,8.45,11.76
26/10/1995,16.6,10.68,13.64
27/10/1995,14.51,12.19,13.35
28/10/1995,12.33,2.88,7.6
29/10/1995,12.87,6.23,9.55
30/10/1995,14.67,6.69,10.68
31/10/1995,14.57,2.17,8.37
01/11/1995,14.13,5.8,9.97
02/11/1995,11.27,2.77,7.02
03/11/1995,9.91,3.33,6.62
04/11/1995,9.58,-0.43,4.57
05/11/1995,8.92,-1.61,3.66
06/11/1995,10.75,-1.95,4.4
07/11/1995,10.84,1.79,6.32
08/11/1995,13.08,4.59,8.83
09/11/1995,12.2,10.2,11.2
10/11/1995,11.18,7.09,9.13
11/11/1995,14.29,6.56,10.43
12/11/1995,13.89,10.9,12.39
13/11/1995,12.48,10.11,11.29
14/11/1995,12.08,8.17,10.13
15/11/1995,13.38,8.22,10.8
16/11/1995,9.51,8.43,8.97
17/11/1995,4.4,-0.77,1.81
18/11/1995,5.61,-2.46,1.58
19/11/1995,9.36,-0.24,4.56
20/11/1995,8.73,-0.39,4.17
21/11/1995,9.46,0.87,5.16
22/11/1995,12.26,7.33,9.79
23/11/1995,11.67,4.23,7.95
24/11/1995,12.03,8.85,10.44
25/11/1995,9.92,9.08,9.5
26/11/1995,10.16,7.57,8.87
27/11/1995,10.12,6.19,8.15
28/11/1995,10.42,6.04,8.23
29/11/1995,11.28,7.94,9.61
30/11/1995,7.51,3.61,5.56
01/12/1995,10.44,4.88,7.66
02/12/1995,11.62,7.52,9.57
03/12/1995,11.96,10.11,11.03
04/12/1995,5.72,5.4,5.56
05/12/1995,2.31,1.37,1.84
06/12/1995,0.26,-3.08,-1.41
07/12/1995,1.57,-1.4,0.08
08/12/1995,4.09,-1.25,1.42
09/12/1995,2.71,-4.27,-0.78
10/12/1995,-0.38,-4.4,-2.39
11/12/1995,4.17,-3.35,0.41
12/12/1995,7.23,-1.87,2.68
13/12/1995,6.51,3.5,5.01
14/12/1995,4.18,2.63,3.4
15/12/1995,2.29,1.34,1.82
16/12/1995,3.61,1.02,2.31
17/12/1995,3.39,1.1,2.25
18/12/1995,4.56,2.5,3.53
19/12/1995,4.68,2.89,3.79
20/12/1995,3.28,0.13,1.7
21/12/1995,11.57,-0.69,5.44
22/12/1995,11.89,0.77,6.33
23/12/1995,4.45,3.85,4.15
24/12/1995,2.33,0.06,1.2
25/12/1995,1.61,-1.9,-0.15
26/12/1995,1.3,-4.85,-1.78
27/12/1995,-1.08,-4.36,-2.72
28/12/1995,-2.43,-3.74,-3.08
29/12/1995,1.76,-7.17,-2.7
30/12/1995,0.83,-6.69,-2.93
31/12/1995,2.04,-1.52,0.26
01/01/1996,4.75,0.11,2.43
02/01/1996,5.32,1.64,3.48
03/01/1996,6.11,2.87,4.49
04/01/1996,7.29,3,5.14
05/01/1996,7.55,4.86,6.21
06/01/1996,9.35,4.8,7.07
07/01/1996,10.03,4.8,7.42
08/01/1996,11.44,6.79,9.12
09/01/1996,11.05,7.92,9.49
10/01/1996,10.09,6.8,8.44
11/01/1996,9.67,6.02,7.85
12/01/1996,10.64,7.05,8.85
13/01/1996,10.42,8.71,9.57
14/01/1996,11.34,7.64,9.49
15/01/1996,9.83,5.3,7.57
16/01/1996,7.49,4.14,5.82
17/01/1996,8.16,3.95,6.05
18/01/1996,6,2.53,4.27
19/01/1996,7.59,3.85,5.72
20/01/1996,4.68,4.21,4.44
21/01/1996,2.67,1.41,2.04
22/01/1996,5.42,0.1,2.76
23/01/1996,2.04,1.39,1.71
24/01/1996,2.43,-0.09,1.17
25/01/1996,-1.66,-1.98,-1.82
26/01/1996,-0.59,-4.99,-2.79
27/01/1996,1.37,-5.28,-1.95
28/01/1996,0.16,-4.91,-2.38
29/01/1996,0.72,-1.42,-0.35
30/01/1996,1.54,-1.29,0.13
31/01/1996,2.93,-0.66,1.14
01/02/1996,1.82,-1.95,-0.06
02/02/1996,1.57,-1.99,-0.21
03/02/1996,4.09,-2.01,1.04
04/02/1996,2.51,-2,0.26
05/02/1996,2.22,-3.45,-0.61
06/02/1996,-0.4,-2.1,-1.25
07/02/1996,-0.09,-3.46,-1.77
08/02/1996,5.16,-3.49,0.83
09/02/1996,6.18,-2.36,1.91
10/02/1996,8.7,2.83,5.76
11/02/1996,8,5.01,6.51
12/02/1996,4.95,1.75,3.35
13/02/1996,3.9,0.84,2.37
14/02/1996,5.02,0.14,2.58
15/02/1996,6.4,-1.02,2.69
16/02/1996,11.97,0.94,6.46
17/02/1996,9.75,4.74,7.25
18/02/1996,6.92,3.97,5.44
19/02/1996,2.97,-0.1,1.44
20/02/1996,1.03,-2.77,-0.87
21/02/1996,3.12,-4.08,-0.48
22/02/1996,6.44,-4.61,0.91
23/02/1996,7.75,-1.3,3.23
24/02/1996,8.1,1.57,4.84
25/02/1996,6.39,3.78,5.09
26/02/1996,8.5,0.11,4.3
27/02/1996,9.09,-2.36,3.37
28/02/1996,8.17,-1.82,3.17
29/02/1996,9.51,-2.4,3.55
01/03/1996,7.09,0.75,3.92
02/03/1996,7.3,3.91,5.61
03/03/1996,7.65,4.23,5.94
04/03/1996,6.36,4.59,5.47
05/03/1996,6.28,4.86,5.57
06/03/1996,8.73,4.13,6.43
07/03/1996,5.15,1.84,3.5
08/03/1996,7.37,1.62,4.49
09/03/1996,7.84,0.69,4.27
10/03/1996,10.3,1.29,5.79
11/03/1996,5.59,-3.83,0.88
12/03/1996,1.97,-1.12,0.42
13/03/1996,2.9,-1.36,0.77
14/03/1996,4.4,-2.38,1.01
15/03/1996,10.6,-1,4.8
16/03/1996,6.2,1.39,3.79
17/03/1996,9.83,-0.58,4.62
18/03/1996,9.69,0.66,5.18
19/03/1996,6.14,0.35,3.25
20/03/1996,6.83,0.16,3.49
21/03/1996,8.42,0.26,4.34
22/03/1996,10.87,5.71,8.29
23/03/1996,14.66,6.06,10.36
24/03/1996,10.99,6.84,8.91
25/03/1996,9.5,4,6.75
26/03/1996,4.07,3,3.54
27/03/1996,6.22,-1.46,2.38
28/03/1996,9.3,-1.86,3.72
29/03/1996,9.12,-0.48,4.32
30/03/1996,7.66,-2.3,2.68
31/03/1996,6.62,1.78,4.2
01/04/1996,7.13,-1.9,2.61
02/04/1996,8.25,-3.56,2.35
03/04/1996,8.62,-1.2,3.71
04/04/1996,10.6,-3.09,3.75
05/04/1996,12.38,-1.41,5.48
06/04/1996,9.02,1.36,5.19
07/04/1996,11.58,4.38,7.98
08/04/1996,13.78,2.57,8.17
09/04/1996,14.84,8.97,11.91
10/04/1996,13.11,7.64,10.38
11/04/1996,14.47,5.37,9.92
12/04/1996,6.58,6,6.29
13/04/1996,9.99,0.25,5.12
14/04/1996,10.71,-0.23,5.24
15/04/1996,16,4.02,10.01
16/04/1996,16.17,9.86,13.01
17/04/1996,14.77,9.31,12.04
18/04/1996,13.08,6.34,9.71
19/04/1996,14.3,5.58,9.94
20/04/1996,20.11,7.75,13.93
21/04/1996,20.38,7.77,14.07
22/04/1996,10.08,6.7,8.39
23/04/1996,11.99,7.55,9.77
24/04/1996,14.53,6.94,10.73
25/04/1996,15.68,5.28,10.48
26/04/1996,19.03,6.03,12.53
27/04/1996,18.06,5.26,11.66
28/04/1996,13.54,6.79,10.16
29/04/1996,12.95,3.5,8.22
30/04/1996,12.29,4.54,8.41
01/05/1996,13.09,6.81,9.95
02/05/1996,10.91,6.82,8.86
03/05/1996,10.66,3.18,6.92
04/05/1996,10.52,-0.59,4.97
05/05/1996,11.72,1.67,6.7
06/05/1996,14.02,-0.11,6.95
07/05/1996,13.24,0.9,7.07
08/05/1996,12.04,0.55,6.29
09/05/1996,9.98,2.17,6.08
10/05/1996,11.08,3.97,7.53
11/05/1996,10.98,1.94,6.46
12/05/1996,13.53,3.7,8.61
13/05/1996,14.73,2.51,8.62
14/05/1996,15.62,2.6,9.11
15/05/1996,15.16,2.35,8.75
16/05/1996,8.69,0.3,4.5
17/05/1996,7.83,3.28,5.56
18/05/1996,8.25,2.18,5.21
19/05/1996,11.2,4.86,8.03
20/05/1996,15.04,4.47,9.75
21/05/1996,14.87,6.77,10.82
22/05/1996,13.76,8.7,11.23
23/05/1996,15.41,10.14,12.77
24/05/1996,14.25,10.41,12.33
25/05/1996,16.14,5.99,11.07
26/05/1996,14.47,7.23,10.85
27/05/1996,14.22,9.82,12.02
28/05/1996,15.5,6.62,11.06
29/05/1996,17.59,11.57,14.58
30/05/1996,23.53,12.9,18.21
31/05/1996,17.26,11.73,14.49
01/06/1996,16.05,8.27,12.16
02/06/1996,17.57,6.26,11.91
03/06/1996,16.35,6.41,11.38
04/06/1996,20.57,10.3,15.44
05/06/1996,25.4,9.79,17.6
06/06/1996,28.09,12.1,20.09
07/06/1996,27.45,15.57,21.51
08/06/1996,19.76,11.56,15.66
09/06/1996,20.24,7.77,14.01
10/06/1996,19.55,10.99,15.27
11/06/1996,18.12,11.93,15.02
12/06/1996,18.78,10.55,14.67
13/06/1996,19.59,6.32,12.95
14/06/1996,20.33,7.7,14.01
15/06/1996,22.82,7.57,15.2
16/06/1996,24.6,8.44,16.52
17/06/1996,26.4,12.07,19.24
18/06/1996,20.39,10.05,15.22
19/06/1996,22.18,9.94,16.06
20/06/1996,14.89,9.31,12.1
21/06/1996,15.8,8.86,12.33
22/06/1996,16.61,5.98,11.3
23/06/1996,20.57,5.18,12.87
24/06/1996,21.23,8.33,14.78
25/06/1996,24.23,9.28,16.76
26/06/1996,22.16,10.22,16.19
27/06/1996,22.7,12.45,17.57
28/06/1996,17.91,12.05,14.98
29/06/1996,16.14,9.96,13.05
30/06/1996,19.55,10.79,15.17
01/07/1996,17.1,11.44,14.27
02/07/1996,17.65,9.77,13.71
03/07/1996,18.3,11.03,14.66
04/07/1996,18.95,10.15,14.55
05/07/1996,18.57,10.71,14.64
06/07/1996,17.03,9.84,13.44
07/07/1996,19.05,7.44,13.24
08/07/1996,19.36,8.4,13.88
09/07/1996,20.23,11.14,15.68
10/07/1996,25.93,11.35,18.64
11/07/1996,23.63,14.26,18.94
12/07/1996,21.29,15.02,18.15
13/07/1996,23.7,13.9,18.8
14/07/1996,25.2,15.97,20.59
15/07/1996,23.01,10.26,16.63
16/07/1996,20.39,8.16,14.27
17/07/1996,24.3,7.61,15.96
18/07/1996,26.21,7.71,16.96
19/07/1996,26.52,13.01,19.76
20/07/1996,27.25,14.18,20.71
21/07/1996,28.71,13.28,21
22/07/1996,30.3,14.08,22.19
23/07/1996,25.94,15.71,20.83
24/07/1996,21.3,13.84,17.57
25/07/1996,23.75,9.46,16.6
26/07/1996,27.06,13.55,20.31
27/07/1996,22.24,14.53,18.39
28/07/1996,20.21,12.83,16.52
29/07/1996,23.38,15.59,19.48
30/07/1996,21.47,13.43,17.45
31/07/1996,22.63,14.98,18.81
01/08/1996,21.55,12.46,17.01
02/08/1996,19.55,10.38,14.96
03/08/1996,20.93,9.33,15.13
04/08/1996,23.94,8.47,16.2
05/08/1996,25.72,12.33,19.02
06/08/1996,20.62,14.4,17.51
07/08/1996,21.95,12.54,17.24
08/08/1996,21.46,11.45,16.45
09/08/1996,21.05,14.42,17.73
10/08/1996,20.64,14.05,17.35
11/08/1996,18.98,12.36,15.67
12/08/1996,21.62,13.21,17.41
13/08/1996,23.26,12.32,17.79
14/08/1996,20.27,11.92,16.1
15/08/1996,21.1,13.66,17.38
16/08/1996,25.66,12.89,19.28
17/08/1996,26.53,11.72,19.13
18/08/1996,29.25,14.55,21.9
19/08/1996,29.24,13.82,21.53
20/08/1996,24.46,14.95,19.7
21/08/1996,23.5,13,18.25
22/08/1996,20.73,11.24,15.98
23/08/1996,20.5,13.69,17.09
24/08/1996,19.32,12.28,15.8
25/08/1996,19.39,13.01,16.2
26/08/1996,19.58,10.75,15.16
27/08/1996,18.4,9.82,14.11
28/08/1996,19.51,9.11,14.31
29/08/1996,18.17,11.61,14.89
30/08/1996,16.88,8.2,12.54
31/08/1996,18.34,8.16,13.25
01/09/1996,20.5,9.01,14.75
02/09/1996,20.83,13.56,17.19
03/09/1996,19.81,15.12,17.47
04/09/1996,17.92,13.94,15.93
05/09/1996,21.67,12.58,17.12
06/09/1996,20.28,12.28,16.28
07/09/1996,18.41,9.03,13.72
08/09/1996,19.15,10.82,14.98
09/09/1996,16.64,11.83,14.23
10/09/1996,15.96,11.18,13.57
11/09/1996,19.45,8.72,14.08
12/09/1996,16.34,12.12,14.23
13/09/1996,17.27,5.85,11.56
14/09/1996,18.74,3.12,10.93
15/09/1996,21.24,5.18,13.21
16/09/1996,21,6.67,13.84
17/09/1996,18.68,7.21,12.94
18/09/1996,14.89,6.8,10.85
19/09/1996,14.68,9.58,12.13
20/09/1996,14.63,10.57,12.6
21/09/1996,16.37,10.46,13.41
22/09/1996,14.77,9.03,11.9
23/09/1996,14.29,9.16,11.73
24/09/1996,16.78,4.42,10.6
25/09/1996,18.47,11,14.73
26/09/1996,15.77,8.89,12.33
27/09/1996,18.17,11.5,14.83
28/09/1996,17.87,10.17,14.02
29/09/1996,19.36,13.36,16.36
30/09/1996,13.8,11.4,12.6
01/10/1996,15.52,6.32,10.92
02/10/1996,16.59,3.35,9.97
03/10/1996,15.2,9.27,12.23
04/10/1996,14.94,6.12,10.53
05/10/1996,14.37,5.31,9.84
06/10/1996,13.92,5.87,9.89
07/10/1996,15.82,9.55,12.69
08/10/1996,15.33,12.13,13.73
09/10/1996,14.51,6.86,10.69
10/10/1996,13.26,7.06,10.16
11/10/1996,14.45,6.82,10.63
12/10/1996,15.32,10.11,12.72
13/10/1996,17.63,11.2,14.42
14/10/1996,17.73,11.9,14.82
15/10/1996,13.94,9.1,11.52
16/10/1996,14.08,6.39,10.24
17/10/1996,13.36,0.89,7.12
18/10/1996,15.63,2.84,9.24
19/10/1996,15.1,7.32,11.21
20/10/1996,15.67,11.23,13.45
21/10/1996,14.9,8.32,11.61
22/10/1996,17.46,9.52,13.49
23/10/1996,18.53,10.28,14.4
24/10/1996,17.59,10.27,13.93
25/10/1996,15.75,12.27,14.01
26/10/1996,13.8,7.4,10.6
27/10/1996,15.28,9.86,12.57
28/10/1996,15.07,12.4,13.74
29/10/1996,11.45,8.6,10.02
30/10/1996,11.23,4.3,7.77
31/10/1996,14.39,8.16,11.28
01/11/1996,15.52,7.65,11.58
02/11/1996,16.38,10.53,13.46
03/11/1996,15.43,14.08,14.76
04/11/1996,14.27,11.08,12.68
05/11/1996,14.36,7.77,11.06
06/11/1996,12.91,8.88,10.9
07/11/1996,10.94,6.73,8.83
08/11/1996,9.96,0.57,5.26
09/11/1996,10.19,4.16,7.17
10/11/1996,6.98,4.03,5.5
11/11/1996,6.77,-2.27,2.25
12/11/1996,7.09,0.02,3.55
13/11/1996,8.2,0.8,4.5
14/11/1996,6.4,-1.7,2.35
15/11/1996,9.54,1.17,5.36
16/11/1996,7.75,-0.05,3.85
17/11/1996,7.47,3.1,5.28
18/11/1996,5.36,0.63,3
19/11/1996,5.37,-0.9,2.23
20/11/1996,4.95,0.96,2.96
21/11/1996,5.38,-1.88,1.75
22/11/1996,5.54,-2.39,1.58
23/11/1996,5.14,-1.5,1.82
24/11/1996,9.91,-0.04,4.93
25/11/1996,8.05,1.47,4.76
26/11/1996,5.53,1.77,3.65
27/11/1996,5.47,-0.28,2.59
28/11/1996,10.19,-2.38,3.9
29/11/1996,8.86,-2,3.43
30/11/1996,9.28,4.75,7.01
01/12/1996,11.18,2.46,6.82
02/12/1996,10.95,4.43,7.69
03/12/1996,11.65,3.87,7.76
04/12/1996,8.29,2.19,5.24
05/12/1996,5.27,-1.32,1.98
06/12/1996,3.88,-0.44,1.72
07/12/1996,4.18,0.24,2.21
08/12/1996,3.95,0.96,2.46
09/12/1996,3.21,1.79,2.5
10/12/1996,2.99,0.99,1.99
11/12/1996,3.68,1.55,2.62
12/12/1996,3.54,2.37,2.96
13/12/1996,4.64,1.9,3.27
14/12/1996,6.73,-3.85,1.44
15/12/1996,8.22,-2.38,2.92
16/12/1996,6.78,5.85,6.31
17/12/1996,8.83,2.82,5.82
18/12/1996,9.78,4.21,7
19/12/1996,7.55,7.15,7.35
20/12/1996,6.91,3.48,5.19
21/12/1996,1.81,0.9,1.35
22/12/1996,3.9,-1.19,1.36
23/12/1996,2.81,-0.29,1.26
24/12/1996,1.21,-2.08,-0.44
25/12/1996,3.69,-1.88,0.91
26/12/1996,0.89,-4.5,-1.8
27/12/1996,3.88,-2.69,0.59
28/12/1996,1.18,0.1,0.64
29/12/1996,2.55,-4.46,-0.95
30/12/1996,1.58,-2.76,-0.59
31/12/1996,-1.72,-4.22,-2.97
01/01/1997,-1.77,-5.91,-3.84
02/01/1997,-0.7,-7.86,-4.28
03/01/1997,0.29,-6.82,-3.27
04/01/1997,1.24,-2.89,-0.83
05/01/1997,3.05,-0.8,1.13
06/01/1997,1.85,0.03,0.94
07/01/1997,-1.39,-4.16,-2.78
08/01/1997,-1.2,-3.56,-2.38
09/01/1997,0.21,-2.81,-1.3
10/01/1997,1.63,-1.35,0.14
11/01/1997,6.91,-0.83,3.04
12/01/1997,8.51,1.36,4.93
13/01/1997,9.79,4.19,6.99
14/01/1997,7.62,0.49,4.06
15/01/1997,2.38,-3.81,-0.71
16/01/1997,6.81,-1.63,2.59
17/01/1997,7.84,-1.05,3.4
18/01/1997,8.01,4.8,6.4
19/01/1997,4.26,2.95,3.6
20/01/1997,5.6,2.63,4.12
21/01/1997,4.62,1.26,2.94
22/01/1997,6.76,0.5,3.63
23/01/1997,6.75,2.54,4.64
24/01/1997,7.58,2.32,4.95
25/01/1997,10.58,-1.68,4.45
26/01/1997,8.59,-1.23,3.68
27/01/1997,7.41,0.32,3.86
28/01/1997,6.47,-0.46,3
29/01/1997,4.67,-0.31,2.18
30/01/1997,4.27,2.62,3.44
31/01/1997,4.75,2.65,3.7
01/02/1997,4.97,3.13,4.05
02/02/1997,7.51,2.45,4.98
03/02/1997,8.48,-3.14,2.67
04/02/1997,9.55,0.12,4.84
05/02/1997,9.24,2.54,5.89
06/02/1997,10.31,3.45,6.88
07/02/1997,10.92,8.48,9.7
08/02/1997,8.79,-1.41,3.69
09/02/1997,10.69,-0.53,5.08
10/02/1997,10.54,7.53,9.03
11/02/1997,11.06,3.03,7.05
12/02/1997,11.7,6.7,9.2
13/02/1997,7.53,3.26,5.39
14/02/1997,5.56,0.31,2.93
15/02/1997,9.27,0.14,4.7
16/02/1997,8.3,2.99,5.65
17/02/1997,10.27,4.48,7.37
18/02/1997,8.25,4.84,6.55
19/02/1997,10.76,1.48,6.12
20/02/1997,10.67,4.81,7.74
21/02/1997,12.23,7.95,10.09
22/02/1997,10.71,7.75,9.23
23/02/1997,11.19,7.8,9.49
24/02/1997,10.99,4.89,7.94
25/02/1997,11.02,4.86,7.94
26/02/1997,9.44,4.6,7.02
27/02/1997,9.81,2.75,6.28
28/02/1997,11.74,5.44,8.59
01/03/1997,11.36,4.3,7.83
02/03/1997,11.96,7.73,9.84
03/03/1997,8.62,2.87,5.75
04/03/1997,9.56,4.68,7.12
05/03/1997,11.09,6.26,8.67
06/03/1997,11.34,1.38,6.36
07/03/1997,10.56,5.2,7.88
08/03/1997,8.74,7.87,8.3
09/03/1997,13.53,6.54,10.04
10/03/1997,14.8,4.47,9.63
11/03/1997,16.7,0.72,8.71
12/03/1997,14.07,4.67,9.37
13/03/1997,13.4,6.7,10.05
14/03/1997,12.96,8.23,10.59
15/03/1997,16.28,8.14,12.21
16/03/1997,14.46,7.92,11.19
17/03/1997,15.92,5.08,10.5
18/03/1997,12.41,7.33,9.87
19/03/1997,11.52,7.29,9.4
20/03/1997,12.91,1.05,6.98
21/03/1997,11.01,3.02,7.01
22/03/1997,12.3,2.5,7.4
23/03/1997,11.56,6.43,8.99
24/03/1997,9.81,4.51,7.16
25/03/1997,11.55,3.4,7.47
26/03/1997,13.74,8.02,10.88
27/03/1997,15.55,4.32,9.93
28/03/1997,11.42,4.02,7.72
29/03/1997,12.64,2.35,7.5
30/03/1997,13.61,1.81,7.71
31/03/1997,15.58,1.43,8.5
01/04/1997,15.72,2.43,9.08
02/04/1997,15.22,6.85,11.03
03/04/1997,13.25,6.91,10.08
04/04/1997,12.36,1.45,6.91
05/04/1997,14.64,7.06,10.85
06/04/1997,12.46,7.33,9.9
07/04/1997,14.17,2.79,8.48
08/04/1997,15.94,0.17,8.06
09/04/1997,18.71,2.23,10.47
10/04/1997,19.08,3.08,11.08
11/04/1997,14.54,5.61,10.08
12/04/1997,12.7,-1.17,5.76
13/04/1997,15.24,2.88,9.06
14/04/1997,14.19,6.43,10.31
15/04/1997,12.86,5.79,9.33
16/04/1997,14.24,0.22,7.23
17/04/1997,12.08,5.6,8.84
18/04/1997,10.51,0.52,5.52
19/04/1997,8.22,3.22,5.72
20/04/1997,7.71,1.4,4.55
21/04/1997,12.69,-2.7,4.99
22/04/1997,11.13,3.49,7.31
23/04/1997,14.63,5.89,10.26
24/04/1997,14.16,4.8,9.48
25/04/1997,10.42,7.56,8.99
26/04/1997,11.7,7.88,9.79
27/04/1997,17.22,8.19,12.71
28/04/1997,16.55,8.88,12.71
29/04/1997,15.46,9.68,12.57
30/04/1997,19.16,4.77,11.96
01/05/1997,21.46,6.56,14.01
02/05/1997,23.92,6.99,15.46
03/05/1997,22.92,7.76,15.34
04/05/1997,17.9,12.55,15.22
05/05/1997,16.31,10.57,13.44
06/05/1997,8.97,2.14,5.55
07/05/1997,11.1,-0.64,5.23
08/05/1997,12.47,3.21,7.84
09/05/1997,13.11,4.46,8.79
10/05/1997,14.07,6.45,10.26
11/05/1997,13.68,6.73,10.21
12/05/1997,13.76,6.28,10.02
13/05/1997,15.33,6.98,11.15
14/05/1997,17.86,5.02,11.44
15/05/1997,18.42,5.61,12.02
16/05/1997,17.3,9.83,13.56
17/05/1997,20.13,12.39,16.26
18/05/1997,19.44,13.65,16.54
19/05/1997,16.78,8.85,12.82
20/05/1997,15.4,8.85,12.13
21/05/1997,12.02,10.09,11.06
22/05/1997,12.04,7.2,9.62
23/05/1997,13.72,7.12,10.42
24/05/1997,14.14,1.93,8.04
25/05/1997,16.55,2.67,9.61
26/05/1997,21.53,4.53,13.03
27/05/1997,17.27,10.56,13.91
28/05/1997,16.37,5.48,10.92
29/05/1997,21.31,4.03,12.67
30/05/1997,24.08,7.22,15.65
31/05/1997,22.38,7.81,15.1
01/06/1997,18.83,7.54,13.18
02/06/1997,20.43,10.14,15.28
03/06/1997,19.82,8.51,14.17
04/06/1997,21.81,8.29,15.05
05/06/1997,24.67,9.85,17.26
06/06/1997,21.87,13.76,17.82
07/06/1997,21.31,14.79,18.05
08/06/1997,20.23,12.7,16.46
09/06/1997,20.5,8.73,14.61
10/06/1997,24.12,11.44,17.78
11/06/1997,23.28,14.69,18.98
12/06/1997,19.2,13.81,16.51
13/06/1997,18.96,13.39,16.17
14/06/1997,15.49,11.22,13.35
15/06/1997,17.29,9.34,13.32
16/06/1997,17.97,10.99,14.48
17/06/1997,19.15,9.73,14.44
18/06/1997,18.57,9.9,14.23
19/06/1997,14.89,11.46,13.18
20/06/1997,15.41,7.77,11.59
21/06/1997,16.28,10.37,13.33
22/06/1997,17.12,10.93,14.02
23/06/1997,18.43,11.12,14.77
24/06/1997,16.35,9.22,12.79
25/06/1997,16.08,10.52,13.3
26/06/1997,11.17,10.82,10.99
27/06/1997,12.4,9.64,11.02
28/06/1997,15.34,9.39,12.37
29/06/1997,16.1,11.37,13.74
30/06/1997,15.78,10.29,13.04
01/07/1997,16.68,9.31,13
02/07/1997,16.92,9.32,13.12
03/07/1997,15.79,9.02,12.4
04/07/1997,18.64,11.09,14.86
05/07/1997,21.43,8.91,15.17
06/07/1997,24.41,10.48,17.45
07/07/1997,24.6,13.47,19.03
08/07/1997,26.75,13.89,20.32
09/07/1997,25.31,16.65,20.98
10/07/1997,21.91,12.74,17.32
11/07/1997,21.76,11.29,16.52
12/07/1997,22.7,13.18,17.94
13/07/1997,22.32,15.61,18.97
14/07/1997,22.58,13.88,18.23
15/07/1997,24.4,13.97,19.18
16/07/1997,21.51,14.17,17.84
17/07/1997,17.88,14.25,16.07
18/07/1997,20.18,10.64,15.41
19/07/1997,23.62,10.93,17.28
20/07/1997,24.33,10.3,17.31
21/07/1997,23.8,10.76,17.28
22/07/1997,25.06,11.53,18.29
23/07/1997,26.49,11.79,19.14
24/07/1997,22.92,15.2,19.06
25/07/1997,22.73,12.74,17.73
26/07/1997,21.62,11.71,16.66
27/07/1997,23.63,13.01,18.32
28/07/1997,23.5,11.69,17.6
29/07/1997,23.73,12.25,17.99
30/07/1997,22.34,12.92,17.63
31/07/1997,18.69,13.74,16.22
01/08/1997,22.88,13.76,18.32
02/08/1997,21.43,12,16.71
03/08/1997,18.52,11.04,14.78
04/08/1997,20.31,13.43,16.87
05/08/1997,21.97,13.95,17.96
06/08/1997,25.65,14.02,19.84
07/08/1997,27.06,16.07,21.56
08/08/1997,29.11,15.2,22.16
09/08/1997,27.6,16.16,21.88
10/08/1997,29.71,14.82,22.26
11/08/1997,27.94,19.75,23.85
12/08/1997,28.18,16.15,22.16
13/08/1997,25.48,18.61,22.04
14/08/1997,25.49,13.09,19.29
15/08/1997,26.92,13.73,20.32
16/08/1997,28.04,13.68,20.86
17/08/1997,24.6,18.02,21.31
18/08/1997,28.47,15.68,22.07
19/08/1997,29.45,16.36,22.91
20/08/1997,27,17.14,22.07
21/08/1997,24.21,16.85,20.53
22/08/1997,25.45,18.64,22.05
23/08/1997,24.19,19.29,21.74
24/08/1997,21.57,18.93,20.25
25/08/1997,21.61,16.7,19.15
26/08/1997,20.57,11.11,15.84
27/08/1997,19.96,13.32,16.64
28/08/1997,19.18,11.75,15.47
29/08/1997,19.6,12.62,16.11
30/08/1997,18.37,13.4,15.88
31/08/1997,21.25,13.84,17.55
01/09/1997,20.5,14.37,17.43
02/09/1997,20.61,9.55,15.08
03/09/1997,17.77,14.41,16.09
04/09/1997,20.12,11.16,15.64
05/09/1997,18.7,11.54,15.12
06/09/1997,18.36,9.14,13.75
07/09/1997,19.8,12.91,16.35
08/09/1997,21.06,8.14,14.6
09/09/1997,20.23,9.83,15.03
10/09/1997,20.08,7.75,13.91
11/09/1997,18.77,11.05,14.91
12/09/1997,17.15,11.77,14.46
13/09/1997,16.07,5.87,10.97
14/09/1997,17.41,6.39,11.9
15/09/1997,18.37,8.35,13.36
16/09/1997,20.25,10.27,15.26
17/09/1997,19.06,11.41,15.23
18/09/1997,23,6.62,14.81
19/09/1997,15.78,13.24,14.51
20/09/1997,17.59,13.21,15.4
21/09/1997,17.66,6.59,12.13
22/09/1997,19.12,6.11,12.62
23/09/1997,19.08,6.79,12.94
24/09/1997,19.03,7.77,13.4
25/09/1997,18.68,13.72,16.2
26/09/1997,19.2,12.38,15.79
27/09/1997,17.12,10.19,13.66
28/09/1997,18.41,9.03,13.72
29/09/1997,22.38,11.31,16.84
30/09/1997,19.88,14.58,17.23
01/10/1997,22.84,15.68,19.26
02/10/1997,18.23,10.53,14.38
03/10/1997,17.58,7.67,12.62
04/10/1997,19.49,10.26,14.88
05/10/1997,18.33,9.63,13.98
06/10/1997,17.97,10.84,14.4
07/10/1997,14.63,10.74,12.69
08/10/1997,17.46,10.34,13.9
09/10/1997,17.79,12.52,15.16
10/10/1997,15.97,9.13,12.55
11/10/1997,10.62,9,9.81
12/10/1997,11.61,7.15,9.38
13/10/1997,10.94,4.64,7.79
14/10/1997,13.41,1.07,7.24
15/10/1997,13.99,4.32,9.15
16/10/1997,15.76,10.31,13.03
17/10/1997,17.04,12.04,14.54
18/10/1997,20.69,11.16,15.93
19/10/1997,20.75,7.82,14.29
20/10/1997,11.23,10.69,10.96
21/10/1997,11.81,7.24,9.52
22/10/1997,11.42,0.76,6.09
23/10/1997,11.28,2.49,6.89
24/10/1997,9.91,5.41,7.66
25/10/1997,10.71,-1.21,4.75
26/10/1997,10.79,-1.71,4.54
27/10/1997,12.23,2.19,7.21
28/10/1997,8.7,-1.53,3.59
29/10/1997,9.81,-3.92,2.95
30/10/1997,8.83,-2.94,2.94
31/10/1997,11.83,-2.12,4.85
01/11/1997,10.55,-0.88,4.84
02/11/1997,10.58,0.97,5.77
03/11/1997,10.23,6.03,8.13
04/11/1997,12.81,5.11,8.96
05/11/1997,13.68,6.77,10.22
06/11/1997,12.55,9.74,11.14
07/11/1997,11.2,6.8,9
08/11/1997,11.58,7.3,9.44
09/11/1997,10.71,6.13,8.42
10/11/1997,11.58,6.06,8.82
11/11/1997,11.55,3.09,7.32
12/11/1997,9.65,0.19,4.92
13/11/1997,8.76,-0.15,4.3
14/11/1997,12.98,-0.16,6.41
15/11/1997,14.5,3.91,9.21
16/11/1997,15.07,12.31,13.69
17/11/1997,14.68,11.55,13.11
18/11/1997,13.08,10.31,11.7
19/11/1997,12.59,9.82,11.2
20/11/1997,10.65,8.53,9.59
21/11/1997,9.38,4.68,7.03
22/11/1997,8.61,2.83,5.72
23/11/1997,8.99,3.05,6.02
24/11/1997,8.71,3.7,6.21
25/11/1997,8.94,4.77,6.86
26/11/1997,10.26,5.45,7.86
27/11/1997,10.29,7.62,8.96
28/11/1997,11.83,7.6,9.71
29/11/1997,10.31,7.82,9.07
30/11/1997,7.5,7.45,7.48
01/12/1997,4.69,-0.04,2.33
02/12/1997,2.94,-0.99,0.98
03/12/1997,2.83,-1.29,0.77
04/12/1997,5.02,-0.53,2.24
05/12/1997,8.38,-1.7,3.34
06/12/1997,10.23,-1.32,4.45
07/12/1997,10.59,6.86,8.72
08/12/1997,12.06,6.87,9.46
09/12/1997,13.11,7.17,10.14
10/12/1997,12.99,8.4,10.7
11/12/1997,12.37,10.43,11.4
12/12/1997,8.39,4.12,6.26
13/12/1997,7.57,0.67,4.12
14/12/1997,8.76,1.77,5.26
15/12/1997,4.58,1.66,3.12
16/12/1997,1.89,1.55,1.72
17/12/1997,7.85,-0.79,3.53
18/12/1997,9.72,-0.5,4.61
19/12/1997,7.48,5.97,6.73
20/12/1997,8.1,5.35,6.73
21/12/1997,5.78,3.66,4.72
22/12/1997,7.77,3,5.39
23/12/1997,12.94,5.52,9.23
24/12/1997,13.2,7.71,10.45
25/12/1997,11.08,7.48,9.28
26/12/1997,8.42,5.79,7.11
27/12/1997,7.87,3.5,5.69
28/12/1997,6.67,0.91,3.79
29/12/1997,8.57,0.99,4.78
30/12/1997,10.37,1.5,5.94
31/12/1997,9.04,3.82,6.43
01/01/1998,8.7,0.92,4.81
02/01/1998,11.91,2.31,7.11
03/01/1998,9.69,5.16,7.42
04/01/1998,8.8,2.6,5.7
05/01/1998,6.3,2.06,4.18
06/01/1998,10.59,0.64,5.62
07/01/1998,10.06,1.87,5.96
08/01/1998,12.51,4.04,8.28
09/01/1998,13.93,9.96,11.94
10/01/1998,11.64,6.92,9.28
11/01/1998,10.9,5.78,8.34
12/01/1998,10.99,6.69,8.84
13/01/1998,11.08,8.8,9.94
14/01/1998,9.6,5.86,7.73
15/01/1998,10.45,4.36,7.4
16/01/1998,8.6,4.93,6.76
17/01/1998,9.3,2.67,5.98
18/01/1998,7.26,5.42,6.34
19/01/1998,5.06,4.59,4.82
20/01/1998,3.74,-0.85,1.45
21/01/1998,5.28,-0.78,2.25
22/01/1998,6.28,2.05,4.16
23/01/1998,3.22,-2.76,0.23
24/01/1998,5.93,-2.06,1.93
25/01/1998,3.76,0.18,1.97
26/01/1998,4.44,-0.81,1.82
27/01/1998,3.77,-0.95,1.41
28/01/1998,3.19,-0.6,1.3
29/01/1998,3.74,-1.6,1.07
30/01/1998,4.94,-0.55,2.19
31/01/1998,5.03,0.01,2.52
01/02/1998,2.33,-3.52,-0.6
02/02/1998,6.95,-3.45,1.75
03/02/1998,5.01,-1.36,1.82
04/02/1998,8.71,-1.9,3.41
05/02/1998,9.07,0.92,4.99
06/02/1998,9.52,5.43,7.48
07/02/1998,8.63,1.71,5.17
08/02/1998,10.96,1.38,6.17
09/02/1998,10.44,5.02,7.73
10/02/1998,11.52,6.87,9.2
11/02/1998,14.13,7.47,10.8
12/02/1998,15.22,7.36,11.29
13/02/1998,17.7,7.31,12.51
14/02/1998,16.85,4.97,10.91
15/02/1998,14.13,4.81,9.47
16/02/1998,11.98,6.98,9.48
17/02/1998,13.06,3.09,8.08
18/02/1998,10.25,1.2,5.73
19/02/1998,11.63,3.09,7.36
20/02/1998,13.99,7.83,10.91
21/02/1998,10.82,8.34,9.58
22/02/1998,9.9,1.23,5.57
23/02/1998,11.5,2.42,6.96
24/02/1998,11.14,4.94,8.04
25/02/1998,11.87,2.67,7.27
26/02/1998,9.21,4.19,6.7
27/02/1998,9.35,6.35,7.85
28/02/1998,7.07,1.81,4.44
01/03/1998,9.77,0.57,5.17
02/03/1998,12.31,4.35,8.33
03/03/1998,13.52,6.97,10.24
04/03/1998,9.66,5.41,7.53
05/03/1998,10.7,3.48,7.09
06/03/1998,11.52,5.78,8.65
07/03/1998,12.35,9.05,10.7
08/03/1998,9.19,6.54,7.87
09/03/1998,8.55,-1.8,3.38
10/03/1998,8.35,0.28,4.32
11/03/1998,9.51,5.56,7.54
12/03/1998,8.44,0.09,4.27
13/03/1998,10.15,3.98,7.07
14/03/1998,9.64,2.54,6.09
15/03/1998,10.36,5.76,8.06
16/03/1998,9.99,6.89,8.44
17/03/1998,11.3,7.52,9.41
18/03/1998,13.42,3.62,8.52
19/03/1998,11.78,2.26,7.02
20/03/1998,11.95,1.86,6.9
21/03/1998,10.12,7.06,8.59
22/03/1998,9.71,4.19,6.95
23/03/1998,8.95,0.24,4.59
24/03/1998,7.87,3.03,5.45
25/03/1998,9.81,4.06,6.94
26/03/1998,12.05,6.69,9.37
27/03/1998,14.57,9.56,12.07
28/03/1998,15.97,8.9,12.43
29/03/1998,15.6,9.08,12.34
30/03/1998,13.82,12.19,13
31/03/1998,14.56,2.32,8.44
01/04/1998,10.6,5.91,8.26
02/04/1998,13.12,7.66,10.39
03/04/1998,11.67,6.08,8.87
04/04/1998,12.69,5.67,9.18
05/04/1998,12.86,7.35,10.11
06/04/1998,13.37,5.86,9.61
07/04/1998,13.03,4.73,8.88
08/04/1998,12.19,3.92,8.06
09/04/1998,7.18,4.69,5.94
10/04/1998,6,1.69,3.84
11/04/1998,6.42,2.76,4.59
12/04/1998,8.06,-1.28,3.39
13/04/1998,7.69,-0.25,3.72
14/04/1998,7.25,0.04,3.64
15/04/1998,5.28,0.63,2.96
16/04/1998,6.77,-0.04,3.36
17/04/1998,7.9,2.76,5.33
18/04/1998,8.78,2.04,5.41
19/04/1998,11.4,5.22,8.31
20/04/1998,13.41,6.03,9.72
21/04/1998,12.21,4.59,8.4
22/04/1998,18.46,8.62,13.54
23/04/1998,12.61,10.03,11.32
24/04/1998,15.35,7.42,11.38
25/04/1998,15.34,8.79,12.06
26/04/1998,13.74,6.84,10.29
27/04/1998,12.45,3.14,7.8
28/04/1998,13.9,4.92,9.41
29/04/1998,15.14,3.77,9.45
30/04/1998,12.17,8.03,10.1
01/05/1998,11.52,6.84,9.18
02/05/1998,15.26,6.4,10.83
03/05/1998,12.53,6.92,9.72
04/05/1998,15.13,1.27,8.2
05/05/1998,13.49,6.77,10.13
06/05/1998,15.78,9.75,12.77
07/05/1998,14.94,10.93,12.94
08/05/1998,21.48,8.55,15.02
09/05/1998,19.74,12.93,16.33
10/05/1998,17.09,9.52,13.31
11/05/1998,18.45,8.8,13.62
12/05/1998,18.9,9.04,13.97
13/05/1998,21.26,10.13,15.69
14/05/1998,21.18,11.73,16.45
15/05/1998,23.1,9.99,16.55
16/05/1998,22.57,8.21,15.39
17/05/1998,20.46,7.23,13.85
18/05/1998,21.73,6.21,13.97
19/05/1998,22.4,8.31,15.35
20/05/1998,23.98,9.19,16.58
21/05/1998,17,11.4,14.2
22/05/1998,18.15,8.17,13.16
23/05/1998,15.18,8.46,11.82
24/05/1998,18.12,10.61,14.37
25/05/1998,18.71,9.74,14.23
26/05/1998,14.96,9.74,12.35
27/05/1998,14.06,6.04,10.05
28/05/1998,15.95,6.91,11.43
29/05/1998,18.23,9.79,14.01
30/05/1998,21.36,5.31,13.33
31/05/1998,19.11,9.95,14.53
01/06/1998,19.7,8.68,14.19
02/06/1998,17.01,11.21,14.11
03/06/1998,17.07,10.35,13.71
04/06/1998,15.4,9.03,12.22
05/06/1998,17.82,7.65,12.73
06/06/1998,20.37,12.27,16.32
07/06/1998,19.89,10,14.95
08/06/1998,16.62,9.72,13.17
09/06/1998,19.81,13.16,16.49
10/06/1998,18.08,10.25,14.16
11/06/1998,12.46,8.46,10.46
12/06/1998,16.08,5.31,10.69
13/06/1998,14.82,9.66,12.24
14/06/1998,17.78,10.3,14.04
15/06/1998,15.97,10.94,13.46
16/06/1998,17.22,11.02,14.12
17/06/1998,17.24,8.28,12.76
18/06/1998,17.98,11.7,14.84
19/06/1998,23.98,14.23,19.11
20/06/1998,26.48,15.23,20.86
21/06/1998,22.29,15.21,18.75
22/06/1998,19.78,10.76,15.27
23/06/1998,18.8,12.47,15.64
24/06/1998,19.49,14.8,17.14
25/06/1998,18.83,11.97,15.4
26/06/1998,16.18,11.14,13.66
27/06/1998,18.47,11.86,15.17
28/06/1998,20.19,10.7,15.44
29/06/1998,17.82,11.68,14.75
30/06/1998,18.05,11.95,15
01/07/1998,17.77,11.41,14.59
02/07/1998,15.71,10.03,12.87
03/07/1998,20.65,8.79,14.72
04/07/1998,20.06,10.26,15.16
05/07/1998,22.46,10.68,16.57
06/07/1998,17.88,15.16,16.52
07/07/1998,20.19,11.62,15.9
08/07/1998,22.15,8.32,15.23
09/07/1998,21.83,13.9,17.87
10/07/1998,20.49,12.99,16.74
11/07/1998,17.43,12.22,14.83
12/07/1998,18.33,14.18,16.26
13/07/1998,18.22,10.08,14.15
14/07/1998,18.6,9.74,14.17
15/07/1998,18.47,11.77,15.12
16/07/1998,21.23,12.28,16.75
17/07/1998,20.95,13.12,17.04
18/07/1998,19.49,11.75,15.62
19/07/1998,21.78,11.15,16.46
20/07/1998,24.11,13.85,18.98
21/07/1998,19.57,13.88,16.72
22/07/1998,21.17,11.89,16.53
23/07/1998,21.08,14.59,17.84
24/07/1998,20.27,9.55,14.91
25/07/1998,22.08,7.86,14.97
26/07/1998,19.65,10.77,15.21
27/07/1998,21.53,12.44,16.98
28/07/1998,20.71,13.44,17.08
29/07/1998,20.74,14.11,17.42
30/07/1998,20.26,12.2,16.23
31/07/1998,20.46,12.02,16.24
01/08/1998,18.49,12.28,15.39
02/08/1998,19.38,10.7,15.04
03/08/1998,18.94,12.21,15.57
04/08/1998,20.84,11,15.92
05/08/1998,24.05,11.76,17.91
06/08/1998,23.31,10.35,16.83
07/08/1998,25.96,11.4,18.68
08/08/1998,27.8,11.34,19.57
09/08/1998,26.1,13.95,20.03
10/08/1998,28.58,12.72,20.65
11/08/1998,27.74,14.21,20.97
12/08/1998,21.75,13.44,17.6
13/08/1998,20.11,10.21,15.16
14/08/1998,24.77,14.61,19.69
15/08/1998,21.31,12.79,17.05
16/08/1998,21.82,9.66,15.74
17/08/1998,21.22,13.11,17.16
18/08/1998,21.05,12.53,16.79
19/08/1998,23.76,8.23,15.99
20/08/1998,20.06,11.3,15.68
21/08/1998,21.13,14.83,17.98
22/08/1998,19.3,11.35,15.32
23/08/1998,19.34,9.18,14.26
24/08/1998,17.8,10.09,13.95
25/08/1998,20.12,7.23,13.67
26/08/1998,15.1,14.33,14.72
27/08/1998,19.34,6.99,13.17
28/08/1998,18.87,6.98,12.92
29/08/1998,21.28,8.47,14.88
30/08/1998,20.71,9.46,15.08
31/08/1998,20.53,11.97,16.25
01/09/1998,22.98,14.61,18.8
02/09/1998,21.19,11.37,16.28
03/09/1998,21.32,14.07,17.7
04/09/1998,18.84,10.74,14.79
05/09/1998,19.77,13.46,16.61
06/09/1998,20.26,11.43,15.84
07/09/1998,21.2,12.23,16.71
08/09/1998,21.15,14.53,17.84
09/09/1998,19.66,14.83,17.24
10/09/1998,19.24,14,16.62
11/09/1998,16.38,10.02,13.2
12/09/1998,14.35,6.31,10.33
13/09/1998,14.79,5.9,10.34
14/09/1998,16.15,6.09,11.12
15/09/1998,18.21,9.18,13.69
16/09/1998,16.47,8.76,12.61
17/09/1998,18.45,8.83,13.64
18/09/1998,20.58,11.32,15.95
19/09/1998,22.29,15.29,18.79
20/09/1998,22.5,10.72,16.61
21/09/1998,20.21,11.11,15.66
22/09/1998,17.29,11.39,14.34
23/09/1998,20.55,10.97,15.76
24/09/1998,20.66,10.99,15.83
25/09/1998,20.4,10.73,15.57
26/09/1998,19.15,12.47,15.81
27/09/1998,15.56,13.17,14.36
28/09/1998,16.46,13.29,14.87
29/09/1998,15.37,10.5,12.93
30/09/1998,16.95,12.72,14.84
01/10/1998,16.34,12.26,14.3
02/10/1998,12.45,10.62,11.54
03/10/1998,11.16,4.03,7.6
04/10/1998,12.16,7.64,9.9
05/10/1998,11.72,6.44,9.08
06/10/1998,10.6,8.56,9.58
07/10/1998,12.66,7.45,10.06
08/10/1998,11.29,6.92,9.11
09/10/1998,13.82,6.49,10.16
10/10/1998,14.66,9.13,11.89
11/10/1998,16.26,8.52,12.39
12/10/1998,14.85,7.73,11.29
13/10/1998,17.48,7.71,12.59
14/10/1998,16.71,11.45,14.08
15/10/1998,15.02,6.92,10.97
16/10/1998,16.22,6.75,11.49
17/10/1998,13.08,8.92,11
18/10/1998,11.19,1.47,6.33
19/10/1998,12.13,3.76,7.94
20/10/1998,15.45,4.64,10.04
21/10/1998,16.55,9.51,13.03
22/10/1998,16.58,13.91,15.25
23/10/1998,16.37,14.19,15.28
24/10/1998,13.58,5.99,9.78
25/10/1998,11.44,6.69,9.07
26/10/1998,12.87,5.1,8.98
27/10/1998,15.09,6.5,10.79
28/10/1998,12.66,9.43,11.05
29/10/1998,11.37,6.25,8.81
30/10/1998,12.69,6.41,9.55
31/10/1998,9.76,5.56,7.66
01/11/1998,9.53,2.23,5.88
02/11/1998,8.32,1.74,5.03
03/11/1998,8.39,5.29,6.84
04/11/1998,6.83,-2.03,2.4
05/11/1998,10.68,-2.14,4.27
06/11/1998,11.99,3.99,7.99
07/11/1998,12.24,3.01,7.63
08/11/1998,15.55,6.57,11.06
09/11/1998,14.24,8.56,11.4
10/11/1998,10.79,5.89,8.34
11/11/1998,10.07,-0.61,4.73
12/11/1998,9.23,2.13,5.68
13/11/1998,7.45,4.13,5.79
14/11/1998,8.32,0.82,4.57
15/11/1998,7.82,-0.2,3.81
16/11/1998,6.1,-1.17,2.46
17/11/1998,4.06,-2.18,0.94
18/11/1998,4.89,-2.55,1.17
19/11/1998,7.65,0.24,3.94
20/11/1998,6.41,1.37,3.89
21/11/1998,6.13,2.4,4.27
22/11/1998,6.01,2.38,4.2
23/11/1998,6.6,2.05,4.32
24/11/1998,7.73,2.38,5.05
25/11/1998,7.71,2.5,5.1
26/11/1998,10.15,2.33,6.24
27/11/1998,11.37,5.14,8.26
28/11/1998,11.24,6.83,9.03
29/11/1998,7.41,-0.2,3.6
30/11/1998,6.14,1.14,3.64
01/12/1998,3.69,-0.84,1.43
02/12/1998,4.66,1.01,2.83
03/12/1998,3.88,0.4,2.14
04/12/1998,4.32,-1.05,1.63
05/12/1998,4.87,-2.01,1.43
06/12/1998,2.94,-3.98,-0.52
07/12/1998,9.24,-2.16,3.54
08/12/1998,10.01,1.84,5.93
09/12/1998,9.65,8.36,9.01
10/12/1998,9.54,6.41,7.98
11/12/1998,12.93,4.29,8.61
12/12/1998,12.6,4.3,8.45
13/12/1998,13.42,6.09,9.75
14/12/1998,13.68,6.95,10.32
15/12/1998,11.83,11.27,11.55
16/12/1998,9.92,5.03,7.48
17/12/1998,9.98,6.46,8.22
18/12/1998,9.39,5.89,7.64
19/12/1998,7.37,3.72,5.54
20/12/1998,3.82,0.61,2.22
21/12/1998,5.13,-3.2,0.96
22/12/1998,9.39,-1.7,3.84
23/12/1998,8.84,1.23,5.03
24/12/1998,11.37,-0.78,5.29
25/12/1998,11.4,0.3,5.85
26/12/1998,12.31,4.08,8.2
27/12/1998,8.65,5.77,7.21
28/12/1998,6.9,4.1,5.5
29/12/1998,10.71,0.65,5.68
30/12/1998,10.93,5.31,8.12
31/12/1998,9.36,6.68,8.02
01/01/1999,9.46,6.9,8.18
02/01/1999,8.08,5.9,6.99
03/01/1999,12.68,2.92,7.8
04/01/1999,12.38,4.55,8.46
05/01/1999,13.23,8.12,10.68
06/01/1999,13.83,9.94,11.89
07/01/1999,7.56,3.16,5.36
08/01/1999,4.99,2.16,3.57
09/01/1999,3.56,0.36,1.96
10/01/1999,3.11,0.28,1.7
11/01/1999,2.88,-1.1,0.89
12/01/1999,6,-2.61,1.69
13/01/1999,7.8,1.28,4.54
14/01/1999,9.05,2.45,5.75
15/01/1999,11.32,2.93,7.12
16/01/1999,7.23,3.69,5.46
17/01/1999,7.67,2.37,5.02
18/01/1999,11.36,1.53,6.45
19/01/1999,12.29,4.36,8.33
20/01/1999,11.17,10.16,10.67
21/01/1999,4.88,2.24,3.56
22/01/1999,3.21,-2.42,0.4
23/01/1999,8.81,-2.8,3
24/01/1999,12.12,2.78,7.45
25/01/1999,11.77,5.31,8.54
26/01/1999,7.48,3.57,5.53
27/01/1999,10.64,1.38,6.01
28/01/1999,10.01,2.74,6.38
29/01/1999,6.82,1.98,4.4
30/01/1999,5.47,4.06,4.77
31/01/1999,6.66,3.24,4.95
01/02/1999,8.44,3.93,6.19
02/02/1999,8.34,3.83,6.09
03/02/1999,9.89,3.9,6.9
04/02/1999,11.34,7.82,9.58
05/02/1999,9.17,6.44,7.8
06/02/1999,8.66,5.04,6.85
07/02/1999,4.6,0.64,2.62
08/02/1999,2.05,-1.43,0.31
09/02/1999,3.03,-3.16,-0.07
10/02/1999,4.45,-3.11,0.67
11/02/1999,4.07,-4.13,-0.03
12/02/1999,7.02,-1.14,2.94
13/02/1999,6.47,1.88,4.17
14/02/1999,7.09,-0.36,3.37
15/02/1999,9.1,1.69,5.39
16/02/1999,8.5,3.77,6.14
17/02/1999,9.33,2.28,5.81
18/02/1999,10.97,3,6.98
19/02/1999,12.35,8.33,10.34
20/02/1999,8.8,3.37,6.08
21/02/1999,9.35,4.96,7.15
22/02/1999,7.01,1.99,4.5
23/02/1999,6.61,0.24,3.42
24/02/1999,5.13,1.75,3.44
25/02/1999,9.28,0.76,5.02
26/02/1999,10.02,4.5,7.26
27/02/1999,9.68,5.38,7.53
28/02/1999,11.26,4.03,7.64
01/03/1999,13,6.75,9.88
02/03/1999,13.93,10.11,12.02
03/03/1999,9.26,6.4,7.83
04/03/1999,6.56,2.37,4.46
05/03/1999,4.9,1.96,3.43
06/03/1999,5.07,1.13,3.1
07/03/1999,4.21,1.69,2.95
08/03/1999,5.18,2.94,4.06
09/03/1999,6.59,1.92,4.25
10/03/1999,6.27,0.72,3.5
11/03/1999,8.81,-1.87,3.47
12/03/1999,11.16,2.49,6.83
13/03/1999,11.77,6.47,9.12
14/03/1999,12.76,1.86,7.31
15/03/1999,13.48,3.89,8.69
16/03/1999,14.53,2.99,8.76
17/03/1999,18.59,5.16,11.88
18/03/1999,12.27,7.03,9.65
19/03/1999,9.87,3.36,6.61
20/03/1999,10.02,1.51,5.77
21/03/1999,10.96,5.92,8.44
22/03/1999,11.07,3.96,7.52
23/03/1999,14.37,6.05,10.21
24/03/1999,11.84,6.91,9.38
25/03/1999,9.58,3.26,6.42
26/03/1999,11.21,4.08,7.64
27/03/1999,12.71,1.2,6.96
28/03/1999,14.11,1.02,7.57
29/03/1999,13.19,8.66,10.93
30/03/1999,12.08,8.44,10.26
31/03/1999,17.47,9.42,13.45
01/04/1999,19.49,6.45,12.97
02/04/1999,15.72,9.23,12.47
03/04/1999,12.64,4.72,8.68
04/04/1999,16.19,8.25,12.22
05/04/1999,15.89,12.03,13.96
06/04/1999,15.03,10.22,12.63
07/04/1999,12.62,6.55,9.58
08/04/1999,15.13,4.54,9.83
09/04/1999,15.96,10.25,13.11
10/04/1999,14.87,8.43,11.65
11/04/1999,13.64,3.63,8.64
12/04/1999,11.88,6.21,9.04
13/04/1999,8.14,3.77,5.96
14/04/1999,7.38,-1.13,3.12
15/04/1999,10.04,-2.69,3.68
16/04/1999,9.18,1.57,5.37
17/04/1999,9.99,1.33,5.66
18/04/1999,10.59,-0.46,5.07
19/04/1999,9.84,-0.04,4.9
20/04/1999,11.5,4.37,7.93
21/04/1999,13.12,8.27,10.7
22/04/1999,13.88,8.63,11.26
23/04/1999,12.09,6.88,9.48
24/04/1999,15.1,7.07,11.08
25/04/1999,14.07,6,10.04
26/04/1999,15.36,8.54,11.95
27/04/1999,17.65,8.55,13.1
28/04/1999,17.14,5.77,11.46
29/04/1999,16.01,6.17,11.09
30/04/1999,19.86,3.49,11.68
01/05/1999,18.6,5.96,12.28
02/05/1999,19.89,8.85,14.37
03/05/1999,21.28,9.4,15.34
04/05/1999,16.7,8.75,12.72
05/05/1999,17.64,7.42,12.53
06/05/1999,16.65,10.24,13.45
07/05/1999,15.68,6.67,11.17
08/05/1999,15.64,7.28,11.46
09/05/1999,18.93,11.55,15.24
10/05/1999,16.69,11.3,13.99
11/05/1999,16.74,11.06,13.9
12/05/1999,16.53,9.43,12.98
13/05/1999,14.4,8.94,11.67
14/05/1999,16.57,9.67,13.12
15/05/1999,16.22,9.25,12.74
16/05/1999,15.91,8.27,12.09
17/05/1999,13.5,6.22,9.86
18/05/1999,14.43,8.43,11.43
19/05/1999,20.99,10.25,15.62
20/05/1999,21.42,9.15,15.29
21/05/1999,15.64,8.97,12.31
22/05/1999,15.99,6.91,11.45
23/05/1999,16.74,10.22,13.48
24/05/1999,17.35,11.43,14.39
25/05/1999,16.35,6.58,11.46
26/05/1999,19.54,6.95,13.24
27/05/1999,24.25,9.57,16.91
28/05/1999,20.54,14.26,17.4
29/05/1999,23.4,10.38,16.89
30/05/1999,11.97,11.24,11.61
31/05/1999,16.75,8.48,12.62
01/06/1999,20.95,9.92,15.43
02/06/1999,19.28,12.28,15.78
03/06/1999,17.48,10.61,14.05
04/06/1999,16.21,10.39,13.3
05/06/1999,14.61,7.35,10.98
06/06/1999,18.1,8.38,13.24
07/06/1999,16.83,8.64,12.74
08/06/1999,16.63,4.99,10.81
09/06/1999,18.08,5.61,11.85
10/06/1999,16.22,6.87,11.55
11/06/1999,16.14,10.41,13.27
12/06/1999,15.11,10.97,13.04
13/06/1999,20.22,7.38,13.8
14/06/1999,21.22,10.54,15.88
15/06/1999,22.84,10.78,16.81
16/06/1999,24.19,11.68,17.94
17/06/1999,20.69,10.96,15.82
18/06/1999,22.54,7.87,15.2
19/06/1999,18.44,10.87,14.66
20/06/1999,17.53,13.75,15.64
21/06/1999,16.6,7.63,12.11
22/06/1999,17.8,6.59,12.2
23/06/1999,19.84,10.91,15.38
24/06/1999,21.43,10.93,16.18
25/06/1999,22.36,10.54,16.45
26/06/1999,25.46,8.43,16.95
27/06/1999,16.96,9.93,13.45
28/06/1999,17.24,9.43,13.34
29/06/1999,18.34,11.63,14.98
30/06/1999,18.8,8.99,13.9
01/07/1999,20.53,13.53,17.03
02/07/1999,24.58,13.73,19.15
03/07/1999,21.88,17.08,19.48
04/07/1999,21.16,13.98,17.57
05/07/1999,22.71,13.28,18
06/07/1999,25,12.42,18.71
07/07/1999,23.65,13.28,18.46
08/07/1999,26.48,13.76,20.12
09/07/1999,24.34,16.87,20.61
10/07/1999,25.18,11.46,18.32
11/07/1999,25.41,12.11,18.76
12/07/1999,24.06,14.01,19.04
13/07/1999,23.96,11.29,17.62
14/07/1999,17.96,11.55,14.76
15/07/1999,20.41,10.07,15.24
16/07/1999,21.28,11.82,16.55
17/07/1999,23.04,12.24,17.64
18/07/1999,26.2,11.72,18.96
19/07/1999,23.2,14.49,18.85
20/07/1999,21.42,16.23,18.83
21/07/1999,18.73,12.34,15.54
22/07/1999,18.45,11.15,14.8
23/07/1999,25.2,8.41,16.81
24/07/1999,28.02,12.83,20.42
25/07/1999,25.61,13.74,19.67
26/07/1999,21.34,13.54,17.44
27/07/1999,21.64,8.57,15.1
28/07/1999,23.68,12.28,17.98
29/07/1999,26.95,10.46,18.7
30/07/1999,27.95,12.41,20.18
31/07/1999,29.9,14.83,22.37
01/08/1999,30.52,15.6,23.06
02/08/1999,29.9,15.58,22.74
03/08/1999,22.38,17.48,19.93
04/08/1999,25.07,13.9,19.49
05/08/1999,24.8,16.97,20.88
06/08/1999,24.1,13.76,18.93
07/08/1999,22.49,15.15,18.82
08/08/1999,19.27,16.22,17.75
09/08/1999,19.37,14.3,16.84
10/08/1999,17.16,12.17,14.67
11/08/1999,18.48,10,14.24
12/08/1999,19.18,9.68,14.43
13/08/1999,20.27,13.04,16.65
14/08/1999,21.36,13.12,17.24
15/08/1999,19,10.53,14.77
16/08/1999,18.01,8.87,13.44
17/08/1999,16.03,8.81,12.42
18/08/1999,17.8,11.73,14.77
19/08/1999,18.67,11.49,15.08
20/08/1999,19.59,7.99,13.79
21/08/1999,19.31,7.36,13.33
22/08/1999,17.59,7.24,12.41
23/08/1999,20.79,11.9,16.35
24/08/1999,17.52,11.96,14.74
25/08/1999,21.01,13.88,17.44
26/08/1999,20.71,15.8,18.26
27/08/1999,20.77,11.71,16.24
28/08/1999,23.58,10.88,17.23
29/08/1999,22.19,11.61,16.9
30/08/1999,22.3,12.93,17.61
31/08/1999,20.75,12.66,16.7
01/09/1999,23.67,10.6,17.14
02/09/1999,25.1,12.29,18.69
03/09/1999,25.63,12.37,19
04/09/1999,26.03,10.52,18.28
05/09/1999,26.38,12.87,19.63
06/09/1999,25.81,14.06,19.94
07/09/1999,22.71,14.43,18.57
08/09/1999,21.64,10.97,16.31
09/09/1999,21.28,9.66,15.47
10/09/1999,23.39,7.34,15.37
11/09/1999,27.21,16.97,22.09
12/09/1999,19.69,13.37,16.53
13/09/1999,18.93,11.21,15.07
14/09/1999,14.48,10.34,12.41
15/09/1999,15.22,11.71,13.46
16/09/1999,18.33,10.94,14.64
17/09/1999,18.64,9.61,14.13
18/09/1999,17.01,11.16,14.09
19/09/1999,16.9,14.28,15.59
20/09/1999,15.96,14.1,15.03
21/09/1999,18.57,9.14,13.85
22/09/1999,19.17,10.97,15.07
23/09/1999,19.36,13.48,16.42
24/09/1999,19.36,14.33,16.84
25/09/1999,18.2,12.66,15.43
26/09/1999,16.76,10.96,13.86
27/09/1999,17.65,11.9,14.77
28/09/1999,17.59,10.2,13.9
29/09/1999,17.39,12.35,14.87
30/09/1999,16.39,11.39,13.89
01/10/1999,14.79,9.17,11.98
02/10/1999,14.4,7.53,10.96
03/10/1999,13.8,6.13,9.97
04/10/1999,13.1,5.43,9.27
05/10/1999,13.31,1.28,7.3
06/10/1999,14.21,0.55,7.38
07/10/1999,14.43,6.39,10.41
08/10/1999,16.57,11,13.79
09/10/1999,17.29,12.56,14.92
10/10/1999,17.63,12.82,15.22
11/10/1999,14.52,7.53,11.02
12/10/1999,14.28,2.95,8.62
13/10/1999,14.82,2.16,8.49
14/10/1999,15.47,2.58,9.03
15/10/1999,14.97,7.3,11.13
16/10/1999,15.04,5.55,10.3
17/10/1999,13.95,4.48,9.22
18/10/1999,12.5,4.07,8.29
19/10/1999,12.21,4.17,8.19
20/10/1999,8.71,4.11,6.41
21/10/1999,13.19,6.59,9.89
22/10/1999,14.99,7.63,11.31
23/10/1999,14.57,10.28,12.42
24/10/1999,12.51,9.55,11.03
25/10/1999,14.37,8.8,11.58
26/10/1999,14.84,6.84,10.84
27/10/1999,14.72,6.81,10.76
28/10/1999,15.35,7.92,11.63
29/10/1999,15.55,7.35,11.45
30/10/1999,16.31,8.95,12.63
31/10/1999,15.07,8.63,11.85
01/11/1999,15.93,10.83,13.38
02/11/1999,12.77,7.87,10.32
03/11/1999,14.24,5.99,10.12
04/11/1999,12.07,6.92,9.5
05/11/1999,11.96,9.36,10.66
06/11/1999,10.42,4.74,7.58
07/11/1999,10.02,1.79,5.9
08/11/1999,12.11,5.46,8.78
09/11/1999,11.98,7.83,9.9
10/11/1999,9.5,4.3,6.9
11/11/1999,9.48,6.45,7.96
12/11/1999,9.41,6.17,7.79
13/11/1999,9.23,2.14,5.69
14/11/1999,9.52,4.91,7.22
15/11/1999,9.97,3.88,6.93
16/11/1999,8.23,4.1,6.16
17/11/1999,6.17,0.97,3.57
18/11/1999,5.17,1.68,3.43
19/11/1999,7.17,1.03,4.1
20/11/1999,6.05,1.34,3.69
21/11/1999,6.71,0.56,3.63
22/11/1999,8.24,2.26,5.25
23/11/1999,11.3,3.16,7.23
24/11/1999,12.38,7.04,9.71
25/11/1999,12.6,8.91,10.75
26/11/1999,10.52,9.29,9.9
27/11/1999,12.39,4.25,8.32
28/11/1999,12.41,5.57,8.99
29/11/1999,8.02,6.89,7.45
30/11/1999,11.47,0.57,6.02
01/12/1999,11.24,5.95,8.59
02/12/1999,10.39,3.56,6.98
03/12/1999,10.8,5.01,7.9
04/12/1999,6.51,1.03,3.77
05/12/1999,9.48,-0.5,4.49
06/12/1999,11,0.92,5.96
07/12/1999,9.45,7.12,8.29
08/12/1999,10.77,3.57,7.17
09/12/1999,7.54,3.75,5.64
10/12/1999,11.16,3.56,7.36
11/12/1999,11.06,3.29,7.18
12/12/1999,6.6,5.62,6.11
13/12/1999,5.89,1.8,3.84
14/12/1999,3.92,-0.81,1.56
15/12/1999,3.49,-0.44,1.52
16/12/1999,9.9,-0.93,4.48
17/12/1999,10.91,-0.27,5.32
18/12/1999,4.04,0.66,2.35
19/12/1999,-0.5,-4.53,-2.52
20/12/1999,2.24,-8.08,-2.92
21/12/1999,5.77,-6.15,-0.19
22/12/1999,11.52,-0.08,5.72
23/12/1999,11.02,3.02,7.02
24/12/1999,12.52,4.29,8.4
25/12/1999,5.54,3.19,4.37
26/12/1999,7.52,2.09,4.81
27/12/1999,4.22,1.15,2.68
28/12/1999,4.38,1.06,2.72
29/12/1999,5.5,-1.19,2.15
30/12/1999,6.92,0.14,3.53
31/12/1999,8.54,3.32,5.93
01/01/2000,8.62,3.28,5.95
02/01/2000,10.45,3.64,7.05
03/01/2000,10.73,5.8,8.26
04/01/2000,7.98,0.66,4.32
05/01/2000,10.93,1.27,6.1
06/01/2000,9.97,5.71,7.84
07/01/2000,10.21,2.97,6.59
08/01/2000,8.31,3.06,5.69
09/01/2000,5.61,-0.94,2.33
10/01/2000,7.86,-2.5,2.68
11/01/2000,9.97,0.92,5.44
12/01/2000,8.74,7.14,7.94
13/01/2000,3.97,1.33,2.65
14/01/2000,5.02,-1.91,1.55
15/01/2000,5.56,1.58,3.57
16/01/2000,4.93,-0.36,2.28
17/01/2000,7.44,0.36,3.9
18/01/2000,6.79,0.85,3.82
19/01/2000,6.78,2.76,4.77
20/01/2000,4.46,-1.01,1.72
21/01/2000,8.28,1.22,4.75
22/01/2000,6.95,2.41,4.68
23/01/2000,6.42,0.75,3.58
24/01/2000,4.54,-0.26,2.14
25/01/2000,4.74,-1.73,1.51
26/01/2000,1.35,-3.57,-1.11
27/01/2000,4.27,-3.74,0.27
28/01/2000,10.01,-2.33,3.84
29/01/2000,12.43,2.85,7.64
30/01/2000,11.86,8.71,10.29
31/01/2000,11.24,9.39,10.32
01/02/2000,10.5,8.26,9.38
02/02/2000,9.18,3.73,6.45
03/02/2000,8.82,4.07,6.44
04/02/2000,9.98,5.66,7.82
05/02/2000,9.58,6.94,8.26
06/02/2000,11.53,5.36,8.44
07/02/2000,11.39,3.71,7.55
08/02/2000,12.77,6.18,9.47
09/02/2000,9.53,2.28,5.91
10/02/2000,8.72,5.26,6.99
11/02/2000,9.89,0.5,5.2
12/02/2000,8.95,4.24,6.59
13/02/2000,8.82,3.2,6.01
14/02/2000,9.86,-0.89,4.49
15/02/2000,7.27,2.34,4.81
16/02/2000,6.96,0.72,3.84
17/02/2000,9.08,0.24,4.66
18/02/2000,10.19,3.87,7.03
19/02/2000,8.29,4.76,6.53
20/02/2000,7.6,-2.57,2.52
21/02/2000,8.87,2.48,5.68
22/02/2000,8.55,-1.78,3.39
23/02/2000,10.94,2.94,6.94
24/02/2000,9.47,4.77,7.12
25/02/2000,9.53,0.76,5.14
26/02/2000,9.94,1.22,5.58
27/02/2000,11.85,5.47,8.66
28/02/2000,9.47,4.62,7.04
29/02/2000,9.48,3.87,6.67
01/03/2000,8.3,1.78,5.04
02/03/2000,9.69,0.72,5.2
03/03/2000,9.34,5.01,7.17
04/03/2000,7.55,-0.96,3.3
05/03/2000,10.04,-1.34,4.35
06/03/2000,11.43,2.2,6.81
07/03/2000,13.05,8.16,10.61
08/03/2000,13.23,9.66,11.45
09/03/2000,14.8,9.5,12.15
10/03/2000,13.45,9.52,11.48
11/03/2000,11.9,7.31,9.61
12/03/2000,13.99,2.1,8.04
13/03/2000,14.89,4.8,9.84
14/03/2000,11.27,7.25,9.26
15/03/2000,12.14,1.98,7.06
16/03/2000,10.34,5.31,7.83
17/03/2000,9.82,6.96,8.39
18/03/2000,9.76,6.27,8.01
19/03/2000,12.23,0.02,6.13
20/03/2000,12.78,1.06,6.92
21/03/2000,13.38,4.34,8.86
22/03/2000,13.55,-0.13,6.71
23/03/2000,12.88,3.9,8.39
24/03/2000,12.47,5.61,9.04
25/03/2000,10.55,3.31,6.93
26/03/2000,9.61,0.43,5.02
27/03/2000,9.01,2.14,5.58
28/03/2000,7.02,3.32,5.17
29/03/2000,6.06,1.97,4.02
30/03/2000,8.36,3.54,5.95
31/03/2000,9.35,-0.13,4.61
01/04/2000,9.18,0,4.59
02/04/2000,11.99,6.52,9.26
03/04/2000,6.33,6.11,6.22
04/04/2000,5.68,0.57,3.12
05/04/2000,8.83,1.45,5.14
06/04/2000,10.47,-0.71,4.88
07/04/2000,13.77,-0.3,6.74
08/04/2000,15.56,0.26,7.91
09/04/2000,13.14,4.55,8.84
10/04/2000,11.41,1.59,6.5
11/04/2000,7.05,3.35,5.2
12/04/2000,5.08,0.2,2.64
13/04/2000,8.87,2.52,5.69
14/04/2000,8.1,3.57,5.83
15/04/2000,7.85,2.78,5.31
16/04/2000,10.75,0.3,5.52
17/04/2000,11.27,5.22,8.24
18/04/2000,10.47,4.6,7.54
19/04/2000,14.43,3.68,9.05
20/04/2000,13.65,8.4,11.03
21/04/2000,13.52,7.27,10.39
22/04/2000,14,8.36,11.18
23/04/2000,14.23,4.63,9.43
24/04/2000,14.16,6.35,10.26
25/04/2000,14.05,9.07,11.56
26/04/2000,13.99,9.15,11.57
27/04/2000,15.2,7.01,11.11
28/04/2000,13.2,7.52,10.36
29/04/2000,17.23,8.69,12.96
30/04/2000,16.78,4.12,10.45
01/05/2000,15.94,6.3,11.12
02/05/2000,14.73,7.35,11.04
03/05/2000,10.65,7.73,9.19
04/05/2000,11.09,6.67,8.88
05/05/2000,15.08,6.88,10.98
06/05/2000,22.89,7.07,14.98
07/05/2000,20.87,10.69,15.78
08/05/2000,16.26,9.25,12.76
09/05/2000,19.94,10.62,15.28
10/05/2000,16.37,11.22,13.8
11/05/2000,15.81,9.2,12.51
12/05/2000,17.86,7.73,12.8
13/05/2000,22.69,10.47,16.58
14/05/2000,24.58,11.71,18.14
15/05/2000,24.58,13.33,18.95
16/05/2000,20.06,12.27,16.16
17/05/2000,14.8,8.84,11.82
18/05/2000,14.37,5.69,10.03
19/05/2000,14.13,7.79,10.96
20/05/2000,15.44,4.41,9.92
21/05/2000,15.99,7.64,11.82
22/05/2000,17.89,5.84,11.87
23/05/2000,14.28,10.19,12.23
24/05/2000,16.23,8.31,12.27
25/05/2000,14.98,7.37,11.17
26/05/2000,11.14,8.73,9.94
27/05/2000,12.33,5.19,8.76
28/05/2000,14.36,4.76,9.56
29/05/2000,16.37,4.46,10.42
30/05/2000,15.1,8.33,11.71
31/05/2000,18.08,5.11,11.59
01/06/2000,18.92,11.05,14.99
02/06/2000,18.47,11.82,15.14
03/06/2000,20.07,12.23,16.15
04/06/2000,17.97,9,13.49
05/06/2000,15.44,8.67,12.05
06/06/2000,17.66,8.52,13.09
07/06/2000,19.15,8.17,13.66
08/06/2000,20.8,11.08,15.94
09/06/2000,19.46,10.88,15.17
10/06/2000,18.09,7.09,12.59
11/06/2000,17.94,10.51,14.22
12/06/2000,22.3,11.36,16.83
13/06/2000,19.73,13.96,16.85
14/06/2000,19.14,12.37,15.75
15/06/2000,20.03,13.61,16.82
16/06/2000,22.74,10.85,16.79
17/06/2000,24.82,13.21,19.02
18/06/2000,29.52,13.69,21.61
19/06/2000,29.38,17.91,23.65
20/06/2000,18.95,14.36,16.65
21/06/2000,18.16,14.61,16.38
22/06/2000,17.18,11.89,14.53
23/06/2000,17.84,12.32,15.08
24/06/2000,15.69,7.99,11.84
25/06/2000,17.37,8.25,12.81
26/06/2000,19.18,10.56,14.87
27/06/2000,21.24,9.18,15.21
28/06/2000,20.92,12.94,16.93
29/06/2000,19.45,14.31,16.88
30/06/2000,18.54,13.1,15.82
01/07/2000,19.72,13.86,16.79
02/07/2000,20.03,12.52,16.28
03/07/2000,22.54,12.15,17.34
04/07/2000,15.7,13.56,14.63
05/07/2000,17.62,12.56,15.09
06/07/2000,21.34,13.87,17.6
07/07/2000,17.43,12.57,15
08/07/2000,17.35,10.5,13.93
09/07/2000,17.66,12.26,14.96
10/07/2000,16.66,11.15,13.91
11/07/2000,16.37,8.36,12.37
12/07/2000,18.97,6.81,12.89
13/07/2000,20.6,13.41,17
14/07/2000,15.4,12.75,14.07
15/07/2000,17.7,8.32,13.01
16/07/2000,19.26,8.44,13.85
17/07/2000,21.75,6.86,14.31
18/07/2000,23.85,9.49,16.67
19/07/2000,23.8,10.69,17.24
20/07/2000,24.66,12.2,18.43
21/07/2000,25.19,11.69,18.44
22/07/2000,18.95,11.86,15.41
23/07/2000,17.61,11.8,14.7
24/07/2000,15.76,11.5,13.63
25/07/2000,19.47,12.1,15.79
26/07/2000,21.8,13.42,17.61
27/07/2000,23.26,14.2,18.73
28/07/2000,21.84,13.96,17.9
29/07/2000,23.63,13.32,18.47
30/07/2000,23.84,12.26,18.05
31/07/2000,24.32,13.61,18.97
01/08/2000,22.4,14.7,18.55
02/08/2000,21.48,12.22,16.85
03/08/2000,20.21,13.18,16.7
04/08/2000,20.86,12.53,16.7
05/08/2000,24.21,10.59,17.4
06/08/2000,23.49,15.3,19.39
07/08/2000,23.19,16.24,19.72
08/08/2000,21.68,15.91,18.8
09/08/2000,22.8,14.57,18.68
10/08/2000,23.7,16.33,20.02
11/08/2000,24.32,14.08,19.2
12/08/2000,26.02,12.2,19.11
13/08/2000,21.81,15.36,18.59
14/08/2000,22.82,16.76,19.79
15/08/2000,22.33,12.92,17.63
16/08/2000,21.24,12.96,17.1
17/08/2000,20.26,13.33,16.79
18/08/2000,17.82,12.21,15.01
19/08/2000,21.14,12.63,16.88
20/08/2000,20.75,9.62,15.18
21/08/2000,19.72,8.55,14.13
22/08/2000,21.18,9.49,15.34
23/08/2000,22.71,10.57,16.64
24/08/2000,25.69,10.26,17.97
25/08/2000,26.68,12.29,19.48
26/08/2000,18.88,16.63,17.75
27/08/2000,20.73,12.45,16.59
28/08/2000,19.99,11.41,15.7
29/08/2000,20.97,8.88,14.93
30/08/2000,20.66,10.08,15.37
31/08/2000,20.64,11.22,15.93
01/09/2000,17.1,11.76,14.43
02/09/2000,18.98,11.1,15.04
03/09/2000,17.77,6.66,12.21
04/09/2000,20,4.8,12.4
05/09/2000,17,11.3,14.15
06/09/2000,19.34,13.41,16.38
07/09/2000,19.48,8.36,13.92
08/09/2000,18.67,14.68,16.68
09/09/2000,21.35,12.38,16.87
10/09/2000,24.71,15.21,19.96
11/09/2000,26.69,13.29,19.99
12/09/2000,22.65,13.54,18.1
13/09/2000,19.13,12.44,15.79
14/09/2000,18.12,12.71,15.42
15/09/2000,16.76,14.79,15.77
16/09/2000,18.24,12.44,15.34
17/09/2000,17.94,11.14,14.54
18/09/2000,14.27,12.8,13.54
19/09/2000,13.71,9.59,11.65
20/09/2000,16.45,9.59,13.02
21/09/2000,16.71,7.66,12.18
22/09/2000,19.95,13.73,16.84
23/09/2000,23.05,14.23,18.64
24/09/2000,15.4,14.49,14.95
25/09/2000,17.34,9.37,13.36
26/09/2000,19.47,12.2,15.84
27/09/2000,16.2,10.33,13.27
28/09/2000,17.09,10.62,13.85
29/09/2000,16.9,10.82,13.86
30/09/2000,17.98,10.2,14.09
01/10/2000,17.61,6.02,11.82
02/10/2000,14.5,6.84,10.67
03/10/2000,16.05,8.28,12.17
04/10/2000,15.54,10.84,13.19
05/10/2000,13.99,9.44,11.71
06/10/2000,13.79,4.52,9.15
07/10/2000,13.36,8.66,11.01
08/10/2000,13.98,9.25,11.62
09/10/2000,12.05,5.07,8.56
10/10/2000,11.88,5.55,8.71
11/10/2000,12.67,4.89,8.78
12/10/2000,13.28,5.89,9.59
13/10/2000,14.97,7.27,11.12
14/10/2000,12.93,8.15,10.54
15/10/2000,13.67,10.44,12.05
16/10/2000,14.31,10.64,12.47
17/10/2000,13.88,4.26,9.07
18/10/2000,14.85,8.97,11.91
19/10/2000,13.81,6.77,10.29
20/10/2000,12.66,6.28,9.47
21/10/2000,10.27,8.87,9.57
22/10/2000,13.99,7.9,10.94
23/10/2000,14.7,9.02,11.86
24/10/2000,13.16,9.15,11.15
25/10/2000,13.65,10.37,12.01
26/10/2000,13.28,6.31,9.79
27/10/2000,14.92,8.96,11.94
28/10/2000,14.93,10.02,12.47
29/10/2000,12.37,6.19,9.28
30/10/2000,9.66,6.39,8.02
31/10/2000,12.2,5.97,9.08
01/11/2000,9.91,5.14,7.53
02/11/2000,9.56,4.63,7.09
03/11/2000,10.25,5.06,7.66
04/11/2000,9.87,3.01,6.44
05/11/2000,9.45,3.21,6.33
06/11/2000,9.3,6.11,7.71
07/11/2000,10.17,6.93,8.55
08/11/2000,8.99,5.63,7.31
09/11/2000,9.85,6.01,7.93
10/11/2000,10.8,3.23,7.02
11/11/2000,10.58,5.04,7.81
12/11/2000,10.09,6.27,8.18
13/11/2000,9.31,2.36,5.83
14/11/2000,8.61,0.11,4.36
15/11/2000,9.54,0.91,5.23
16/11/2000,8.93,3.32,6.13
17/11/2000,8.24,1.63,4.94
18/11/2000,10.8,2.84,6.82
19/11/2000,9.01,6.43,7.72
20/11/2000,6.65,1.87,4.26
21/11/2000,8.57,2.48,5.52
22/11/2000,8.63,2.68,5.66
23/11/2000,8.05,4.44,6.24
24/11/2000,9.78,2.34,6.06
25/11/2000,10.44,3.65,7.05
26/11/2000,10.21,5.66,7.94
27/11/2000,13.68,4.21,8.94
28/11/2000,14.45,6.29,10.37
29/11/2000,13.37,10.68,12.02
30/11/2000,11.47,6.35,8.91
01/12/2000,13.03,8.2,10.62
02/12/2000,11.47,7.96,9.71
03/12/2000,11.22,4.48,7.85
04/12/2000,12.99,7.28,10.13
05/12/2000,12.44,11.04,11.74
06/12/2000,11.28,9.64,10.46
07/12/2000,12.42,6.98,9.7
08/12/2000,11.15,8.01,9.58
09/12/2000,10.64,6.96,8.8
10/12/2000,12.38,7.95,10.16
11/12/2000,13.38,8.16,10.77
12/12/2000,13.04,11.78,12.41
13/12/2000,12.25,6.8,9.53
14/12/2000,6.85,3.97,5.41
15/12/2000,7.26,1.23,4.24
16/12/2000,4.48,-1.76,1.36
17/12/2000,4.83,0.56,2.69
18/12/2000,7.27,2.34,4.81
19/12/2000,9.12,2.88,6
20/12/2000,9.44,6.77,8.1
21/12/2000,6.6,5.81,6.2
22/12/2000,5.7,3.7,4.7
23/12/2000,5.25,3.03,4.14
24/12/2000,5.46,3.26,4.36
25/12/2000,4.38,2.34,3.36
26/12/2000,1.13,-1.32,-0.09
27/12/2000,1.78,-1.23,0.27
28/12/2000,1.94,-2.96,-0.51
29/12/2000,0.71,-7.07,-3.18
30/12/2000,2.14,-5.9,-1.88
31/12/2000,7.42,-4.03,1.69
01/01/2001,10.24,-0.85,4.69
02/01/2001,10.18,7.19,8.69
03/01/2001,9.57,2.09,5.83
04/01/2001,8.28,2.96,5.62
05/01/2001,6.18,5.36,5.77
06/01/2001,7.46,1.74,4.6
07/01/2001,6.87,1.98,4.42
08/01/2001,7.54,2,4.77
09/01/2001,5.33,-0.79,2.27
10/01/2001,4.84,-0.11,2.37
11/01/2001,3.75,1.73,2.74
12/01/2001,5.59,1.83,3.71
13/01/2001,6.25,-0.43,2.91
14/01/2001,5.21,-1.09,2.06
15/01/2001,3.48,-0.12,1.68
16/01/2001,2.16,-3.47,-0.66
17/01/2001,1.47,-3.44,-0.98
18/01/2001,2.23,-2.72,-0.25
19/01/2001,1.29,-1.04,0.13
20/01/2001,1.64,-2.95,-0.65
21/01/2001,6.38,-2.27,2.05
22/01/2001,7.45,1.23,4.34
23/01/2001,11.56,4.34,7.95
24/01/2001,8.98,5.18,7.08
25/01/2001,7.65,2.94,5.29
26/01/2001,6.74,2.94,4.84
27/01/2001,6.02,0.23,3.13
28/01/2001,4.91,-2.24,1.34
29/01/2001,5.73,-0.38,2.68
30/01/2001,5.14,1.37,3.26
31/01/2001,5.12,3.36,4.24
01/02/2001,5.81,-1.44,2.18
02/02/2001,7.83,-1.71,3.06
03/02/2001,9.07,5.27,7.17
04/02/2001,10.08,3.47,6.78
05/02/2001,11.22,5.85,8.53
06/02/2001,11.38,6.95,9.17
07/02/2001,11.25,6.69,8.97
08/02/2001,4.43,3.84,4.13
09/02/2001,5.66,-1.45,2.1
10/02/2001,12.04,0.01,6.02
11/02/2001,12.67,5.19,8.93
12/02/2001,10.86,10.07,10.46
13/02/2001,8.96,0.22,4.59
14/02/2001,9.87,-1.06,4.41
15/02/2001,7.92,-0.44,3.74
16/02/2001,9.62,0.2,4.91
17/02/2001,6.58,-1.14,2.72
18/02/2001,6,-1.99,2.01
19/02/2001,6.73,-2,2.36
20/02/2001,7.34,-0.87,3.24
21/02/2001,11.2,1.67,6.44
22/02/2001,10.2,5.66,7.93
23/02/2001,6.37,3.54,4.96
24/02/2001,5.21,0.29,2.75
25/02/2001,5.04,-2.9,1.07
26/02/2001,6.26,0.15,3.21
27/02/2001,5.78,0.74,3.26
28/02/2001,3.25,0.39,1.82
01/03/2001,3.27,-0.81,1.23
02/03/2001,2.46,-3.2,-0.37
03/03/2001,3.06,-3.45,-0.19
04/03/2001,4.12,-2,1.06
05/03/2001,6.29,-5.62,0.33
06/03/2001,11.9,-0.3,5.8
07/03/2001,13.8,3.43,8.61
08/03/2001,10.58,8.16,9.37
09/03/2001,12.64,6.34,9.49
10/03/2001,13.6,8.52,11.06
11/03/2001,12.88,8.7,10.79
12/03/2001,9.3,3.21,6.25
13/03/2001,9.3,3.72,6.51
14/03/2001,10.41,2.14,6.28
15/03/2001,8.28,2.88,5.58
16/03/2001,6.67,5.12,5.9
17/03/2001,2.35,1.2,1.77
18/03/2001,3.93,0.7,2.32
19/03/2001,5.67,-0.47,2.6
20/03/2001,3.52,1.3,2.41
21/03/2001,5.84,0.27,3.05
22/03/2001,13,1.36,7.18
23/03/2001,10.11,5.63,7.87
24/03/2001,7.13,5.9,6.51
25/03/2001,5.8,4.2,5
26/03/2001,5.97,2.39,4.18
27/03/2001,7.78,3.09,5.44
28/03/2001,9.34,5.75,7.54
29/03/2001,11.73,3.33,7.53
30/03/2001,12.26,3.35,7.8
31/03/2001,14.75,6.9,10.83
01/04/2001,15.85,7.85,11.85
02/04/2001,16.66,8.47,12.56
03/04/2001,12.17,5.34,8.75
04/04/2001,10.63,3.59,7.11
05/04/2001,11.68,3.42,7.55
06/04/2001,14.13,6.12,10.13
07/04/2001,11.19,3.25,7.22
08/04/2001,12.05,3.1,7.58
09/04/2001,16.51,5.89,11.2
10/04/2001,12.44,7.68,10.06
11/04/2001,9.78,3.89,6.83
12/04/2001,12.39,3.96,8.18
13/04/2001,9.34,3.57,6.45
14/04/2001,11.43,4,7.72
15/04/2001,12.14,6.42,9.28
16/04/2001,9.78,4.63,7.21
17/04/2001,9.91,-0.1,4.9
18/04/2001,8.34,1.42,4.88
19/04/2001,9.99,-0.59,4.7
20/04/2001,9.13,1.35,5.24
21/04/2001,9.6,0.13,4.86
22/04/2001,9.88,3.85,6.86
23/04/2001,13.47,5.88,9.67
24/04/2001,10.3,5.49,7.89
25/04/2001,13.18,5.69,9.44
26/04/2001,14.88,5.11,10
27/04/2001,14.39,4.61,9.5
28/04/2001,13.47,6.82,10.15
29/04/2001,13.22,5.49,9.35
30/04/2001,13.58,2.61,8.1
01/05/2001,11.36,4.57,7.97
02/05/2001,12.94,6.4,9.67
03/05/2001,14.27,8.36,11.32
04/05/2001,12.63,2.33,7.48
05/05/2001,13.52,2.15,7.84
06/05/2001,11.49,2.41,6.95
07/05/2001,15.11,3.11,9.11
08/05/2001,16.68,3.3,9.99
09/05/2001,14.39,4.76,9.57
10/05/2001,20.98,8.29,14.64
11/05/2001,25.49,10.72,18.1
12/05/2001,23.71,9.56,16.63
13/05/2001,24.46,8.94,16.7
14/05/2001,13.58,10,11.79
15/05/2001,17.85,9.06,13.45
16/05/2001,16.87,10.3,13.58
17/05/2001,11.99,4.75,8.37
18/05/2001,15.32,4.7,10.01
19/05/2001,15.68,7.83,11.76
20/05/2001,18.19,6.86,12.52
21/05/2001,18.55,6.4,12.47
22/05/2001,19.6,6.41,13.01
23/05/2001,22.22,7.22,14.72
24/05/2001,21.27,9.28,15.28
25/05/2001,19.65,9.02,14.34
26/05/2001,21.7,9.75,15.72
27/05/2001,19.17,13.65,16.41
28/05/2001,22.76,15.19,18.98
29/05/2001,21.63,10.11,15.87
30/05/2001,21.13,8.95,15.04
31/05/2001,18.38,8.93,13.65
01/06/2001,18.72,8.86,13.79
02/06/2001,15.36,12.05,13.7
03/06/2001,16.36,4.55,10.46
04/06/2001,19,7.79,13.4
05/06/2001,19.49,7.62,13.56
06/06/2001,17.25,10.86,14.06
07/06/2001,16.22,6.19,11.21
08/06/2001,15.42,4.21,9.81
09/06/2001,15,3.72,9.36
10/06/2001,16.25,8.3,12.27
11/06/2001,16.51,4.63,10.57
12/06/2001,18.49,8.38,13.43
13/06/2001,21.4,11.15,16.27
14/06/2001,20.29,9.86,15.08
15/06/2001,19.69,12.08,15.89
16/06/2001,17.68,12.98,15.33
17/06/2001,15.06,11.18,13.12
18/06/2001,18.65,9.58,14.11
19/06/2001,21.49,11.16,16.33
20/06/2001,21.43,10.48,15.95
21/06/2001,21.2,8.78,14.99
22/06/2001,21.15,7.22,14.19
23/06/2001,22.33,11.52,16.93
24/06/2001,25.94,11.88,18.91
25/06/2001,28.41,12.85,20.63
26/06/2001,31.04,15.12,23.08
27/06/2001,22.73,16.15,19.44
28/06/2001,21.92,13.28,17.6
29/06/2001,21.72,15.53,18.63
30/06/2001,21.62,13.18,17.4
01/07/2001,24.48,12.17,18.32
02/07/2001,26.29,15.12,20.7
03/07/2001,27.57,17.02,22.3
04/07/2001,28.44,15.74,22.09
05/07/2001,28.41,15.72,22.06
06/07/2001,23.19,17.34,20.26
07/07/2001,23.75,14.39,19.07
08/07/2001,20.37,14.98,17.68
09/07/2001,18.74,11.71,15.22
10/07/2001,19,14.69,16.84
11/07/2001,18.47,13.2,15.84
12/07/2001,19.14,10.02,14.58
13/07/2001,19.44,11.44,15.44
14/07/2001,17.98,10.27,14.12
15/07/2001,18.71,7.09,12.9
16/07/2001,19.87,6.37,13.12
17/07/2001,19.39,9.06,14.23
18/07/2001,18.93,12.49,15.71
19/07/2001,16.67,10.99,13.83
20/07/2001,20,8.55,14.28
21/07/2001,19.22,11.92,15.57
22/07/2001,21.37,14.31,17.84
23/07/2001,22.79,11.8,17.29
24/07/2001,20.84,9.94,15.39
25/07/2001,24.6,12.11,18.35
26/07/2001,26.07,11.62,18.84
27/07/2001,27.24,14.43,20.83
28/07/2001,28.9,14.41,21.65
29/07/2001,29.58,18.86,24.22
30/07/2001,26.83,15.26,21.05
31/07/2001,25.14,14.9,20.02
01/08/2001,25.54,12.27,18.91
02/08/2001,19.08,10.33,14.71
03/08/2001,21.1,13.08,17.09
04/08/2001,20.7,10.65,15.67
05/08/2001,22.11,10.36,16.23
06/08/2001,22.71,14.8,18.76
07/08/2001,21.45,13.25,17.35
08/08/2001,19.19,12.55,15.87
09/08/2001,15.99,12.54,14.27
10/08/2001,20.32,7.98,14.15
11/08/2001,19.56,10.25,14.91
12/08/2001,19.7,15.09,17.39
13/08/2001,22.61,15.62,19.12
14/08/2001,25.67,15.85,20.76
15/08/2001,28.73,16.92,22.82
16/08/2001,21.31,14.9,18.1
17/08/2001,21.69,10.51,16.1
18/08/2001,21.66,13.04,17.35
19/08/2001,22.49,15.04,18.77
20/08/2001,21.39,13.06,17.23
21/08/2001,23.23,9.73,16.48
22/08/2001,23.79,14.9,19.34
23/08/2001,22.31,13.35,17.83
24/08/2001,26.2,16.04,21.12
25/08/2001,27.72,12.82,20.27
26/08/2001,20.34,15.1,17.72
27/08/2001,21.04,9.71,15.38
28/08/2001,21.83,8.08,14.96
29/08/2001,22.23,7.65,14.94
30/08/2001,19.57,13.36,16.47
31/08/2001,18.4,10.1,14.25
01/09/2001,20.02,9.1,14.56
02/09/2001,20.44,14.81,17.63
03/09/2001,18.55,12.26,15.41
04/09/2001,17.72,12.43,15.07
05/09/2001,19.83,7.34,13.58
06/09/2001,17.26,11.87,14.56
07/09/2001,19.34,10.6,14.97
08/09/2001,17.44,13.13,15.28
09/09/2001,16,6.91,11.45
10/09/2001,17.06,7.16,12.11
11/09/2001,17.04,11.88,14.46
12/09/2001,17.64,11.85,14.74
13/09/2001,15.8,9.15,12.47
14/09/2001,18.1,7.91,13
15/09/2001,17.41,9.11,13.26
16/09/2001,16.05,8.38,12.22
17/09/2001,13.61,7.37,10.49
18/09/2001,14.08,10.07,12.08
19/09/2001,13.7,11.76,12.73
20/09/2001,17.7,10.63,14.17
21/09/2001,15.99,9.3,12.65
22/09/2001,16.27,8.2,12.23
23/09/2001,14.15,5.56,9.86
24/09/2001,15.31,10.18,12.74
25/09/2001,14.62,7.97,11.29
26/09/2001,16.1,6.35,11.22
27/09/2001,18.55,10.8,14.68
28/09/2001,22.17,11.8,16.99
29/09/2001,19.84,14.66,17.25
30/09/2001,16.41,12.27,14.34
01/10/2001,17.94,13.2,15.57
02/10/2001,16.81,11.64,14.23
03/10/2001,17.96,11.16,14.56
04/10/2001,17.6,11.13,14.36
05/10/2001,17.58,13.49,15.53
06/10/2001,17.34,12,14.67
07/10/2001,14.37,11.37,12.87
08/10/2001,14.46,10.94,12.7
09/10/2001,16.67,9.97,13.32
10/10/2001,16.42,8.3,12.36
11/10/2001,17.73,12.16,14.95
12/10/2001,20.59,10.01,15.3
13/10/2001,21.35,11.6,16.48
14/10/2001,18.31,12.61,15.46
15/10/2001,17.32,13.86,15.59
16/10/2001,16.05,8.86,12.45
17/10/2001,18.11,11.1,14.6
18/10/2001,17.3,12.6,14.95
19/10/2001,16.03,9.07,12.55
20/10/2001,15.45,12.62,14.04
21/10/2001,11.13,10.11,10.62
22/10/2001,15.14,6.62,10.88
23/10/2001,15.15,7.77,11.46
24/10/2001,15.5,11.06,13.28
25/10/2001,15.49,10.38,12.93
26/10/2001,14.85,12.99,13.92
27/10/2001,15.76,9.46,12.61
28/10/2001,14.81,9.49,12.15
29/10/2001,14.49,6.85,10.67
30/10/2001,16.93,10.62,13.77
31/10/2001,12.3,8,10.15
01/11/2001,13.62,3.42,8.52
02/11/2001,13.15,3.82,8.48
03/11/2001,13.66,3.54,8.6
04/11/2001,11.59,4.16,7.87
05/11/2001,11.32,1.88,6.6
06/11/2001,13.43,4.77,9.1
07/11/2001,13.52,8.99,11.25
08/11/2001,6.47,5.02,5.75
09/11/2001,6.08,0.32,3.2
10/11/2001,9.58,-1.9,3.84
11/11/2001,13.06,2.44,7.75
12/11/2001,11.34,6.33,8.83
13/11/2001,6.57,3.37,4.97
14/11/2001,7.47,-1.45,3.01
15/11/2001,8.01,-2.18,2.91
16/11/2001,9.89,-0.49,4.7
17/11/2001,8.98,7.74,8.36
18/11/2001,8.35,6.61,7.48
19/11/2001,8.73,4.9,6.81
20/11/2001,9.65,0.91,5.28
21/11/2001,11.94,5.27,8.61
22/11/2001,10.66,8.42,9.54
23/11/2001,9.79,-0.93,4.43
24/11/2001,12.81,1.25,7.03
25/11/2001,13.14,9.42,11.28
26/11/2001,7.74,0.62,4.18
27/11/2001,9.37,0.95,5.16
28/11/2001,11.89,2.51,7.2
29/11/2001,13.33,3.87,8.6
30/11/2001,14.71,11.68,13.2
01/12/2001,10.93,8.7,9.81
02/12/2001,5.48,-0.33,2.58
03/12/2001,10.51,-0.2,5.16
04/12/2001,10.7,4.02,7.36
05/12/2001,13.42,5.6,9.51
06/12/2001,8.26,2.2,5.23
07/12/2001,10.44,3.23,6.83
08/12/2001,6.72,-1.04,2.84
09/12/2001,5.73,-0.01,2.86
10/12/2001,4.28,-0.1,2.09
11/12/2001,5.39,1.19,3.29
12/12/2001,7.6,-0.72,3.44
13/12/2001,6.85,1.14,3.99
14/12/2001,2.85,-1.17,0.84
15/12/2001,4.95,-2.75,1.1
16/12/2001,3.85,-2.3,0.77
17/12/2001,4.6,-3.13,0.73
18/12/2001,5.87,-0.95,2.46
19/12/2001,6.19,2.4,4.29
20/12/2001,4.36,-1.29,1.54
21/12/2001,7.09,-1.96,2.56
22/12/2001,2.54,-2.07,0.24
23/12/2001,5.17,-4.75,0.21
24/12/2001,8.33,-4.04,2.14
25/12/2001,4.5,4.06,4.28
26/12/2001,5.95,-2.44,1.76
27/12/2001,8.32,-1.73,3.3
28/12/2001,6.44,5.63,6.04
29/12/2001,2.29,0.28,1.29
30/12/2001,3.6,-2.06,0.77
31/12/2001,2.81,-3.55,-0.37
01/01/2002,3.04,-6.16,-1.56
02/01/2002,2.97,-6.19,-1.61
03/01/2002,3.91,-2.05,0.93
04/01/2002,6.24,-5.09,0.58
05/01/2002,8.34,-4.23,2.06
06/01/2002,7.25,4.87,6.06
07/01/2002,5.55,5,5.27
08/01/2002,3.85,2.81,3.33
09/01/2002,4.81,1.48,3.14
10/01/2002,5.55,2.05,3.8
11/01/2002,5.7,-0.08,2.81
12/01/2002,8.53,-0.03,4.25
13/01/2002,9.9,3.12,6.51
14/01/2002,10.58,7.38,8.98
15/01/2002,8.49,5.7,7.09
16/01/2002,8.86,0.13,4.49
17/01/2002,8.92,2.62,5.77
18/01/2002,8.81,0.57,4.69
19/01/2002,10.42,1.24,5.83
20/01/2002,12.49,5.03,8.76
21/01/2002,11.84,10.14,10.99
22/01/2002,9.19,7.04,8.11
23/01/2002,11.54,6.59,9.06
24/01/2002,9.59,7.57,8.58
25/01/2002,11.66,1.09,6.38
26/01/2002,11.39,4.43,7.91
27/01/2002,12.93,7.04,9.98
28/01/2002,11.42,7.62,9.52
29/01/2002,13.28,7.6,10.44
30/01/2002,11.62,8.95,10.28
31/01/2002,11.59,4.65,8.12
01/02/2002,12.74,5.52,9.13
02/02/2002,12.2,10.82,11.51
03/02/2002,10.37,8.29,9.33
04/02/2002,12.55,4.14,8.35
05/02/2002,11.65,6.63,9.14
06/02/2002,9.04,4.6,6.82
07/02/2002,10.91,0.96,5.93
08/02/2002,13.22,4.05,8.64
09/02/2002,9.88,8.95,9.42
10/02/2002,12.5,5.35,8.92
11/02/2002,12.64,7.08,9.86
12/02/2002,12.02,9.03,10.52
13/02/2002,9.41,5.85,7.63
14/02/2002,8.05,1.79,4.92
15/02/2002,8.34,-1.86,3.24
16/02/2002,6.92,-0.42,3.25
17/02/2002,8.31,-1.21,3.55
18/02/2002,9.19,0.29,4.74
19/02/2002,10.69,4.17,7.43
20/02/2002,9.26,7.16,8.21
21/02/2002,11.75,0.02,5.89
22/02/2002,12.61,1.51,7.06
23/02/2002,6.91,3.13,5.02
24/02/2002,10.09,0.68,5.38
25/02/2002,11.61,3.2,7.41
26/02/2002,11.79,7.13,9.46
27/02/2002,6.21,1.72,3.96
28/02/2002,8.99,1.33,5.16
01/03/2002,8.08,-0.82,3.63
02/03/2002,8.35,-2.22,3.06
03/03/2002,9.12,1.96,5.54
04/03/2002,8.39,5.64,7.01
05/03/2002,11.75,3.73,7.74
06/03/2002,11.61,4.68,8.14
07/03/2002,14.22,9.16,11.69
08/03/2002,13.06,5.72,9.39
09/03/2002,9.88,1.85,5.87
10/03/2002,11.24,1.08,6.16
11/03/2002,11.58,6.22,8.9
12/03/2002,11.03,1.04,6.03
13/03/2002,6.73,3.47,5.1
14/03/2002,7.5,2.21,4.86
15/03/2002,9,2.47,5.74
16/03/2002,13.32,5.58,9.45
17/03/2002,13.32,7.88,10.6
18/03/2002,10.93,7.24,9.09
19/03/2002,11.27,5.75,8.51
20/03/2002,12.08,8.36,10.22
21/03/2002,15.12,9.48,12.3
22/03/2002,14.88,8.08,11.48
23/03/2002,11.9,6.7,9.3
24/03/2002,11.85,3.53,7.69
25/03/2002,13.41,4.42,8.91
26/03/2002,11.09,3.92,7.51
27/03/2002,12.2,-0.63,5.78
28/03/2002,13.44,0.01,6.72
29/03/2002,16.21,0.32,8.27
30/03/2002,16.11,2.66,9.38
31/03/2002,12.79,6.49,9.64
01/04/2002,13.53,8.73,11.13
02/04/2002,17.81,8.26,13.04
03/04/2002,19.32,9.65,14.48
04/04/2002,18.35,5.37,11.86
05/04/2002,17.02,4.15,10.59
06/04/2002,12.33,4.11,8.22
07/04/2002,12.9,2.01,7.45
08/04/2002,12.37,0.92,6.65
09/04/2002,9.64,1.01,5.33
10/04/2002,12.33,3.58,7.95
11/04/2002,12.2,2.89,7.54
12/04/2002,12.38,0.53,6.45
13/04/2002,11.05,1.1,6.07
14/04/2002,10.51,0.59,5.55
15/04/2002,13.39,5.44,9.42
16/04/2002,14.41,0.89,7.65
17/04/2002,14.37,2.25,8.31
18/04/2002,12.87,2.67,7.77
19/04/2002,14.09,5,9.55
20/04/2002,15.23,3.48,9.36
21/04/2002,19.04,7.4,13.22
22/04/2002,16.32,7.16,11.74
23/04/2002,19.74,7.98,13.86
24/04/2002,20.91,8.38,14.64
25/04/2002,16.09,8,12.04
26/04/2002,14.91,7.08,11
27/04/2002,12.7,4.87,8.78
28/04/2002,13.7,7.52,10.61
29/04/2002,13.87,4.26,9.07
30/04/2002,11.15,7.2,9.17
01/05/2002,14.17,5.43,9.8
02/05/2002,14.83,2.76,8.79
03/05/2002,13.14,2.82,7.98
04/05/2002,13.17,2.3,7.74
05/05/2002,12.99,2.87,7.93
06/05/2002,14.79,6.14,10.47
07/05/2002,14.96,7.98,11.47
08/05/2002,15.01,5.26,10.14
09/05/2002,12.27,8.02,10.15
10/05/2002,16.26,9.21,12.73
11/05/2002,16.63,8.58,12.61
12/05/2002,17.02,4.44,10.73
13/05/2002,13.59,9.81,11.7
14/05/2002,15.91,10.08,13
15/05/2002,18.63,10.01,14.32
16/05/2002,24.38,8.02,16.2
17/05/2002,22.86,13.99,18.42
18/05/2002,16.83,11.34,14.08
19/05/2002,18.42,11.34,14.88
20/05/2002,16.77,11.45,14.11
21/05/2002,16.9,10.8,13.85
22/05/2002,16.57,11.93,14.25
23/05/2002,16.39,10.43,13.41
24/05/2002,16.14,8.84,12.49
25/05/2002,14.28,7.65,10.96
26/05/2002,14.09,7.71,10.9
27/05/2002,16.63,4.08,10.35
28/05/2002,14.46,7.93,11.19
29/05/2002,16.14,8.26,12.2
30/05/2002,16.58,8.59,12.59
31/05/2002,18.36,7.54,12.95
01/06/2002,22.02,6.44,14.23
02/06/2002,24.61,8.72,16.66
03/06/2002,16.72,10.77,13.75
04/06/2002,16.7,7.92,12.31
05/06/2002,15.21,9.8,12.51
06/06/2002,17.23,11.03,14.13
07/06/2002,16.54,13.43,14.98
08/06/2002,17.55,10.46,14
09/06/2002,14.93,11.19,13.06
10/06/2002,16.63,10.01,13.32
11/06/2002,17.16,7.84,12.5
12/06/2002,16.41,10.05,13.23
13/06/2002,20.28,9.86,15.07
14/06/2002,21.73,12.55,17.14
15/06/2002,19.79,11.91,15.85
16/06/2002,20.78,13.18,16.98
17/06/2002,22.27,14.05,18.16
18/06/2002,20.55,13.01,16.78
19/06/2002,20.33,9.35,14.84
20/06/2002,21.31,9.42,15.36
21/06/2002,20.31,10.8,15.56
22/06/2002,18.06,11.94,15
23/06/2002,19.62,9.7,14.66
24/06/2002,20.66,7.42,14.04
25/06/2002,19.67,7.72,13.69
26/06/2002,22.79,7.91,15.35
27/06/2002,18.15,7.78,12.96
28/06/2002,18.54,7.32,12.93
29/06/2002,18.83,6.59,12.71
30/06/2002,20.35,9.3,14.82
01/07/2002,15.76,10.82,13.29
02/07/2002,17.64,9.99,13.82
03/07/2002,17.68,9.9,13.79
04/07/2002,19.27,7.74,13.51
05/07/2002,19.45,10.53,14.99
06/07/2002,19.79,11.5,15.64
07/07/2002,20.03,12.6,16.32
08/07/2002,18.5,12.92,15.71
09/07/2002,19.41,12.09,15.75
10/07/2002,19.53,8.79,14.16
11/07/2002,18.99,9.21,14.1
12/07/2002,18.36,9.01,13.68
13/07/2002,21.83,7.92,14.87
14/07/2002,24.47,8.45,16.46
15/07/2002,25.13,12.1,18.62
16/07/2002,24.7,16.04,20.37
17/07/2002,21.45,11.42,16.43
18/07/2002,22.24,10.57,16.4
19/07/2002,24.95,11.8,18.38
20/07/2002,21.27,13.24,17.26
21/07/2002,19.75,9.6,14.67
22/07/2002,20.93,8.4,14.67
23/07/2002,21.14,13,17.07
24/07/2002,18.69,13.16,15.92
25/07/2002,21.87,10.9,16.38
26/07/2002,25.41,14.96,20.18
27/07/2002,23.2,13.99,18.6
28/07/2002,26.24,14.51,20.37
29/07/2002,29.59,14.04,21.82
30/07/2002,23.75,16.65,20.2
31/07/2002,20.97,14.73,17.85
01/08/2002,19.27,12.16,15.72
02/08/2002,22.56,9.2,15.88
03/08/2002,21.44,12.74,17.09
04/08/2002,21.09,11.94,16.51
05/08/2002,22.92,12.01,17.46
06/08/2002,24.42,12.36,18.39
07/08/2002,24.9,14.43,19.67
08/08/2002,19.49,13.42,16.46
09/08/2002,18.88,12.53,15.71
10/08/2002,21.09,11.69,16.39
11/08/2002,18.78,12.25,15.52
12/08/2002,22.26,14.17,18.21
13/08/2002,22.89,12.41,17.65
14/08/2002,24.58,15.25,19.91
15/08/2002,25.74,14.68,20.21
16/08/2002,25.21,13.69,19.45
17/08/2002,27.7,13.39,20.55
18/08/2002,25.52,14.45,19.99
19/08/2002,21.11,15.55,18.33
20/08/2002,20.45,13.96,17.21
21/08/2002,22.32,10.98,16.65
22/08/2002,22.27,9.47,15.87
23/08/2002,20.89,12.87,16.88
24/08/2002,22.23,11.41,16.82
25/08/2002,20.18,12.69,16.43
26/08/2002,16.88,8.86,12.87
27/08/2002,20.99,11.45,16.22
28/08/2002,22.36,10.85,16.6
29/08/2002,22.52,13.1,17.81
30/08/2002,22.71,15,18.86
31/08/2002,19.31,10.47,14.89
01/09/2002,19.67,6.06,12.86
02/09/2002,21.14,6.36,13.75
03/09/2002,21.7,10.98,16.34
04/09/2002,21.72,8.59,15.16
05/09/2002,21.87,11.63,16.75
06/09/2002,21.31,14.43,17.87
07/09/2002,18.44,11.7,15.07
08/09/2002,19.12,8.04,13.58
09/09/2002,15.3,9.49,12.39
10/09/2002,20.17,9.05,14.61
11/09/2002,21.52,6.41,13.96
12/09/2002,22.2,14.65,18.42
13/09/2002,23.61,12.18,17.9
14/09/2002,19.01,13.59,16.3
15/09/2002,16.49,12.75,14.62
16/09/2002,16.9,8.98,12.94
17/09/2002,16.99,10.75,13.87
18/09/2002,16.65,9.71,13.18
19/09/2002,17.99,10.38,14.19
20/09/2002,17.05,11.23,14.14
21/09/2002,18.78,10.92,14.85
22/09/2002,17.18,9.52,13.35
23/09/2002,18.13,6.84,12.49
24/09/2002,17.45,5.06,11.25
25/09/2002,18.12,5.83,11.98
26/09/2002,18.15,9.12,13.63
27/09/2002,15.71,8.98,12.34
28/09/2002,18.93,11.56,15.24
29/09/2002,19.39,8.89,14.14
30/09/2002,20.45,6.2,13.32
01/10/2002,20.76,9.2,14.98
02/10/2002,17.27,12.5,14.88
03/10/2002,19.08,11.37,15.22
04/10/2002,18.4,5.82,12.11
05/10/2002,18.32,7.15,12.73
06/10/2002,17.25,10.52,13.88
07/10/2002,15.11,9.36,12.23
08/10/2002,15.46,9.44,12.45
09/10/2002,14.72,6.24,10.48
10/10/2002,15.26,6.07,10.67
11/10/2002,14.41,8.07,11.24
12/10/2002,15.03,8.14,11.58
13/10/2002,10.59,4.16,7.38
14/10/2002,10.61,6.54,8.58
15/10/2002,12.71,6.32,9.52
16/10/2002,10.47,7.07,8.77
17/10/2002,11.19,1.6,6.39
18/10/2002,9.72,2.49,6.11
19/10/2002,11.15,-0.47,5.34
20/10/2002,11.48,2.35,6.91
21/10/2002,16.6,5.71,11.16
22/10/2002,16.1,10.91,13.51
23/10/2002,10.74,5.9,8.32
24/10/2002,14.33,0.24,7.28
25/10/2002,15.02,5.99,10.51
26/10/2002,15.04,8.13,11.58
27/10/2002,12.6,9.25,10.93
28/10/2002,11.56,4.74,8.15
29/10/2002,13.09,7.32,10.2
30/10/2002,9.7,8.14,8.92
31/10/2002,12.88,8.31,10.59
01/11/2002,14.58,9.53,12.06
02/11/2002,15.21,9.04,12.12
03/11/2002,13.09,8.97,11.03
04/11/2002,13.86,5.41,9.64
05/11/2002,13.94,7.64,10.79
06/11/2002,13.17,10.66,11.91
07/11/2002,10.4,3.87,7.14
08/11/2002,13.04,3.91,8.48
09/11/2002,12.07,6.8,9.44
10/11/2002,14.19,7.34,10.77
11/11/2002,12.42,6.45,9.43
12/11/2002,11.52,8.08,9.8
13/11/2002,11.49,6.82,9.16
14/11/2002,11.94,7.5,9.72
15/11/2002,12.47,7.01,9.74
16/11/2002,9.65,6.86,8.25
17/11/2002,9.2,6.26,7.73
18/11/2002,8.2,0.56,4.38
19/11/2002,9.01,1.7,5.35
20/11/2002,10.3,5.09,7.7
21/11/2002,10.22,7,8.61
22/11/2002,9.07,6.84,7.95
23/11/2002,10.14,5.69,7.92
24/11/2002,8.74,4.52,6.63
25/11/2002,6.04,2.15,4.1
26/11/2002,11.22,3.06,7.14
27/11/2002,10.84,5.3,8.07
28/11/2002,11.15,7.68,9.41
29/11/2002,8.65,5.07,6.86
30/11/2002,11.59,3.06,7.32
01/12/2002,11.67,5.39,8.53
02/12/2002,10.16,6.23,8.19
03/12/2002,9.75,6.2,7.97
04/12/2002,9.86,5.88,7.87
05/12/2002,8.21,2.48,5.34
06/12/2002,7.24,2.43,4.84
07/12/2002,5.57,4.17,4.87
08/12/2002,5.06,1.9,3.48
09/12/2002,4.23,1.24,2.73
10/12/2002,1.68,-0.72,0.48
11/12/2002,2.03,-0.51,0.76
12/12/2002,4.16,0.58,2.37
13/12/2002,6.13,0.98,3.56
14/12/2002,6.96,3.62,5.29
15/12/2002,5.58,4.14,4.86
16/12/2002,6.35,3.83,5.09
17/12/2002,4.82,3.31,4.07
18/12/2002,5.53,-1.25,2.14
19/12/2002,5.81,-1.08,2.37
20/12/2002,5.8,1.29,3.54
21/12/2002,11.31,2.38,6.84
22/12/2002,11.66,4.32,7.99
23/12/2002,11.77,7.98,9.88
24/12/2002,12.93,9.38,11.16
25/12/2002,10.84,7.07,8.95
26/12/2002,11.72,7.5,9.61
27/12/2002,10.91,9.01,9.96
28/12/2002,10.77,5.8,8.29
29/12/2002,12.56,6.41,9.48
30/12/2002,10.79,5.61,8.2
31/12/2002,9.17,3.4,6.28
01/01/2003,11.35,2.56,6.96
02/01/2003,8.68,7.12,7.9
03/01/2003,5.49,4.52,5.01
04/01/2003,3.42,-1.06,1.18
05/01/2003,3.13,-3.68,-0.27
06/01/2003,2.85,-3.46,-0.3
07/01/2003,1.51,-3.25,-0.87
08/01/2003,0.63,-5.37,-2.37
09/01/2003,2.44,-2.35,0.05
10/01/2003,4.23,-0.52,1.85
11/01/2003,2.16,-3.6,-0.72
12/01/2003,7.69,-5.2,1.25
13/01/2003,9.59,-3.47,3.06
14/01/2003,9.01,6.99,8
15/01/2003,9.73,7.28,8.51
16/01/2003,9.19,3.06,6.12
17/01/2003,7.72,4.98,6.35
18/01/2003,8.75,2.18,5.46
19/01/2003,9.34,3.71,6.53
20/01/2003,9.83,5.06,7.45
21/01/2003,8.39,5.76,7.07
22/01/2003,8.35,4.6,6.47
23/01/2003,7.65,2.71,5.18
24/01/2003,9.99,0.45,5.22
25/01/2003,12.07,3.49,7.78
26/01/2003,12.29,3.76,8.03
27/01/2003,11.43,6.35,8.89
28/01/2003,8,4.37,6.18
29/01/2003,6.13,3.25,4.69
30/01/2003,1.94,-0.43,0.76
31/01/2003,4.14,-3.57,0.29
01/02/2003,8.68,-1.96,3.36
02/02/2003,7.84,1.24,4.54
03/02/2003,6.06,2.03,4.05
04/02/2003,5.59,-1.7,1.94
05/02/2003,4.19,-1.46,1.36
06/02/2003,7.71,-3.53,2.09
07/02/2003,11.75,1.21,6.48
08/02/2003,10.58,6.71,8.65
09/02/2003,8.2,6.66,7.43
10/02/2003,8.28,-1.47,3.41
11/02/2003,6.66,1.97,4.31
12/02/2003,7.11,3.45,5.28
13/02/2003,1.33,0.62,0.98
14/02/2003,3.33,-3.52,-0.1
15/02/2003,4.92,-4.21,0.36
16/02/2003,3.19,-1.1,1.04
17/02/2003,3.28,-3.74,-0.23
18/02/2003,4.78,-5.26,-0.24
19/02/2003,5.13,-3.84,0.64
20/02/2003,6.62,-1.63,2.5
21/02/2003,10.57,-0.63,4.97
22/02/2003,9.54,-2,3.77
23/02/2003,12.69,-0.67,6.01
24/02/2003,12.19,3.44,7.82
25/02/2003,11.15,2.5,6.82
26/02/2003,12.44,4.29,8.36
27/02/2003,13.78,5.99,9.88
28/02/2003,9.95,5.83,7.89
01/03/2003,10.69,3.18,6.94
02/03/2003,11.53,3.45,7.49
03/03/2003,9.55,-0.12,4.72
04/03/2003,13.15,2.82,7.99
05/03/2003,10.63,8.71,9.67
06/03/2003,11.7,2.47,7.08
07/03/2003,8.35,3.61,5.98
08/03/2003,10.55,4.25,7.4
09/03/2003,12.94,7.5,10.22
10/03/2003,12.51,7.12,9.81
11/03/2003,10.95,7.53,9.24
12/03/2003,9.05,3.54,6.3
13/03/2003,7.07,2.46,4.76
14/03/2003,11.16,-0.83,5.17
15/03/2003,10.87,-1.28,4.79
16/03/2003,13.35,-1.9,5.72
17/03/2003,15.42,-1.47,6.98
18/03/2003,12.15,1.89,7.02
19/03/2003,14.66,-1.22,6.72
20/03/2003,13.57,-1.41,6.08
21/03/2003,9.49,3.34,6.41
22/03/2003,13.91,-1.66,6.13
23/03/2003,17.72,-1.03,8.34
24/03/2003,15.47,5.96,10.71
25/03/2003,15.62,3.14,9.38
26/03/2003,15.82,2.64,9.23
27/03/2003,17.09,3,10.05
28/03/2003,13.92,2.22,8.07
29/03/2003,15.33,5.39,10.36
30/03/2003,14.8,3.61,9.21
31/03/2003,14.01,0.91,7.46
01/04/2003,11.39,4.09,7.74
02/04/2003,11.21,3.31,7.26
03/04/2003,13.59,1.38,7.48
04/04/2003,18.27,5.28,11.77
05/04/2003,15.83,4.75,10.29
06/04/2003,9.73,3.34,6.53
07/04/2003,9.78,-1.08,4.35
08/04/2003,9.21,-2.88,3.17
09/04/2003,8.18,-2.73,2.72
10/04/2003,7.14,-1.07,3.04
11/04/2003,9.1,-0.27,4.41
12/04/2003,13.6,-1.67,5.97
13/04/2003,16.99,2.54,9.77
14/04/2003,18.14,9.35,13.74
15/04/2003,22.93,6.27,14.6
16/04/2003,25.76,6.53,16.14
17/04/2003,22.65,7.23,14.94
18/04/2003,20.93,6.38,13.66
19/04/2003,10.04,4.34,7.19
20/04/2003,14.01,5.69,9.85
21/04/2003,14.86,7.24,11.05
22/04/2003,15.81,4.89,10.35
23/04/2003,18.1,4.11,11.11
24/04/2003,14.27,4.18,9.23
25/04/2003,15.36,7.62,11.49
26/04/2003,14.72,5.19,9.96
27/04/2003,15.49,8.13,11.81
28/04/2003,13.78,11.24,12.51
29/04/2003,14.94,7.09,11.02
30/04/2003,15.18,7.85,11.52
01/05/2003,15.43,7.08,11.25
02/05/2003,12.59,8.18,10.38
03/05/2003,16.4,5.72,11.06
04/05/2003,20.51,7.65,14.08
05/05/2003,15.64,9.55,12.6
06/05/2003,16.24,3.54,9.89
07/05/2003,18.82,4.55,11.68
08/05/2003,15.16,8.29,11.72
09/05/2003,16.24,5.72,10.98
10/05/2003,13.42,5.57,9.49
11/05/2003,15.5,4.23,9.86
12/05/2003,13.25,6.66,9.95
13/05/2003,12.97,2.94,7.95
14/05/2003,14.82,3.37,9.1
15/05/2003,15.37,1.62,8.5
16/05/2003,12.99,6.74,9.86
17/05/2003,15.32,8.78,12.05
18/05/2003,15.92,9.66,12.79
19/05/2003,16.3,8.94,12.62
20/05/2003,14.67,7.1,10.88
21/05/2003,14.85,9.04,11.94
22/05/2003,15.79,11.78,13.79
23/05/2003,16.74,10.9,13.82
24/05/2003,16.59,8.5,12.55
25/05/2003,16.95,6.37,11.66
26/05/2003,17.82,6.13,11.97
27/05/2003,16.84,10.99,13.92
28/05/2003,21.04,13.25,17.15
29/05/2003,24.45,9.58,17.01
30/05/2003,24.75,11.18,17.97
31/05/2003,26.93,12.65,19.79
01/06/2003,21.79,11.87,16.83
02/06/2003,21.2,13.14,17.17
03/06/2003,19.49,10.42,14.96
04/06/2003,19.94,10.33,15.14
05/06/2003,19.81,8.96,14.38
06/06/2003,18.16,11.08,14.62
07/06/2003,21.59,13.5,17.54
08/06/2003,19.5,11.06,15.28
09/06/2003,19.49,8.45,13.97
10/06/2003,20.99,12.37,16.68
11/06/2003,19.71,12.11,15.91
12/06/2003,20.99,11.7,16.35
13/06/2003,21.52,7.67,14.59
14/06/2003,23.25,13.53,18.39
15/06/2003,25.43,9.85,17.64
16/06/2003,26.07,11.88,18.97
17/06/2003,24.41,12.68,18.55
18/06/2003,19.46,10.73,15.1
19/06/2003,21.57,15.38,18.47
20/06/2003,20.76,9.47,15.11
21/06/2003,23.79,7.69,15.74
22/06/2003,27.07,14.91,20.99
23/06/2003,21.51,14.03,17.77
24/06/2003,22.73,8.68,15.71
25/06/2003,21.74,10.75,16.24
26/06/2003,22.88,11.98,17.43
27/06/2003,19.81,14.4,17.11
28/06/2003,22.07,9.37,15.72
29/06/2003,25.17,8.67,16.92
30/06/2003,18.2,13,15.6
01/07/2003,19.36,11.45,15.41
02/07/2003,20,12.99,16.49
03/07/2003,20.33,12.09,16.21
04/07/2003,20.31,9.85,15.08
05/07/2003,18.15,10.17,14.16
06/07/2003,21.85,12.9,17.38
07/07/2003,21.22,9.62,15.42
08/07/2003,23.39,13.42,18.4
09/07/2003,27.52,14.37,20.95
10/07/2003,27.42,14.93,21.17
11/07/2003,22.22,12.03,17.13
12/07/2003,25.8,10.14,17.97
13/07/2003,28.32,13.26,20.79
14/07/2003,30.31,11.33,20.82
15/07/2003,31.91,13.85,22.88
16/07/2003,24.18,15.71,19.95
17/07/2003,18.43,15.05,16.74
18/07/2003,25.72,13.36,19.54
19/07/2003,25.31,14.89,20.1
20/07/2003,23.32,13.35,18.33
21/07/2003,22.68,14.22,18.45
22/07/2003,22.91,13.36,18.13
23/07/2003,22.84,14.5,18.67
24/07/2003,21.79,13.17,17.48
25/07/2003,19.8,14.11,16.96
26/07/2003,21.23,10.5,15.86
27/07/2003,21.35,14.08,17.72
28/07/2003,21.55,10.63,16.09
29/07/2003,19.24,15.32,17.28
30/07/2003,21.47,14.67,18.07
31/07/2003,20.9,12.81,16.85
01/08/2003,18.78,14.21,16.5
02/08/2003,22.75,9.28,16.02
03/08/2003,27.79,9.36,18.58
04/08/2003,30.15,12.42,21.28
05/08/2003,30.91,17.11,24.01
06/08/2003,30.65,16.69,23.67
07/08/2003,29.23,15.37,22.3
08/08/2003,28.7,15.69,22.2
09/08/2003,33.92,15.88,24.9
10/08/2003,30.75,18.08,24.41
11/08/2003,30.87,18.42,24.64
12/08/2003,26.96,17.47,22.21
13/08/2003,26.74,14.33,20.53
14/08/2003,23.39,11.49,17.44
15/08/2003,23.58,9.82,16.7
16/08/2003,23.25,11.59,17.42
17/08/2003,25.44,11.3,18.37
18/08/2003,22.57,15.48,19.03
19/08/2003,20.5,9.84,15.17
20/08/2003,21.87,9.15,15.51
21/08/2003,22.38,12.32,17.35
22/08/2003,24.35,15.37,19.86
23/08/2003,27.07,16.1,21.59
24/08/2003,25.69,18.35,22.02
25/08/2003,20.63,12.81,16.72
26/08/2003,21.55,13.63,17.59
27/08/2003,22.03,14.33,18.18
28/08/2003,18.21,11.42,14.81
29/08/2003,19.05,10.67,14.86
30/08/2003,19.94,4.65,12.3
31/08/2003,18.66,5.63,12.15
01/09/2003,18.59,8.94,13.76
02/09/2003,20.68,10.21,15.44
03/09/2003,20.91,11.71,16.31
04/09/2003,23.18,6.6,14.89
05/09/2003,23.43,7.79,15.61
06/09/2003,20.79,11.03,15.91
07/09/2003,19.43,6.11,12.77
08/09/2003,21.72,7.63,14.67
09/09/2003,19.78,9,14.39
10/09/2003,20.14,10.72,15.43
11/09/2003,20.01,9.62,14.81
12/09/2003,19.58,8.74,14.16
13/09/2003,23.54,8.61,16.07
14/09/2003,25.27,7.51,16.39
15/09/2003,25.28,7.14,16.21
16/09/2003,26.48,8.29,17.39
17/09/2003,26.43,8.02,17.22
18/09/2003,18.96,11.07,15.01
19/09/2003,21.7,12,16.85
20/09/2003,24.45,10.39,17.42
21/09/2003,22.96,9.48,16.22
22/09/2003,20.55,14.23,17.39
23/09/2003,14.42,4.83,9.63
24/09/2003,16.48,1.95,9.21
25/09/2003,17.97,1.36,9.67
26/09/2003,18.44,5.03,11.74
27/09/2003,14.99,6.7,10.85
28/09/2003,16.06,4.31,10.18
29/09/2003,17.05,2.34,9.7
30/09/2003,18.25,8.79,13.52
01/10/2003,18.19,7.05,12.62
02/10/2003,15.35,7.24,11.29
03/10/2003,13.47,10.19,11.83
04/10/2003,13.04,6.75,9.9
05/10/2003,12.65,0.35,6.5
06/10/2003,14.18,5.14,9.66
07/10/2003,14.8,9.08,11.94
08/10/2003,18.49,4.36,11.43
09/10/2003,18.43,9.45,13.94
10/10/2003,17.22,11.4,14.31
11/10/2003,17.92,4.86,11.39
12/10/2003,15.61,4.44,10.02
13/10/2003,15.97,7.89,11.93
14/10/2003,16.25,6.83,11.54
15/10/2003,15.5,3.53,9.51
16/10/2003,15.5,2.94,9.22
17/10/2003,14.85,2.44,8.65
18/10/2003,13.5,3.14,8.32
19/10/2003,12.28,3.33,7.81
20/10/2003,10.85,2.88,6.87
21/10/2003,9.5,-2.06,3.72
22/10/2003,9.15,1.93,5.54
23/10/2003,9.77,2.16,5.96
24/10/2003,9.88,-1.71,4.08
25/10/2003,9.57,-2.11,3.73
26/10/2003,10.58,1.15,5.87
27/10/2003,10.98,-1.21,4.88
28/10/2003,10.83,-1.44,4.7
29/10/2003,11.21,4.24,7.72
30/10/2003,9.21,1.72,5.47
31/10/2003,8.7,4.71,6.7
01/11/2003,11.75,4.06,7.91
02/11/2003,14.02,5.33,9.67
03/11/2003,13.94,8.27,11.11
04/11/2003,14.26,3.62,8.94
05/11/2003,14.19,8.22,11.21
06/11/2003,14.98,8.77,11.88
07/11/2003,13.67,5.77,9.72
08/11/2003,8.45,4.63,6.54
09/11/2003,10,4.72,7.36
10/11/2003,12.02,5.72,8.87
11/11/2003,11.56,5.49,8.53
12/11/2003,12.97,7.2,10.09
13/11/2003,12.59,5.46,9.03
14/11/2003,12.15,8.63,10.39
15/11/2003,11.72,7.45,9.58
16/11/2003,9.6,1.89,5.74
17/11/2003,12.9,2.24,7.57
18/11/2003,14.17,8.47,11.32
19/11/2003,14.25,10.89,12.57
20/11/2003,12.29,10.31,11.3
21/11/2003,9.31,7.17,8.24
22/11/2003,6.78,5.37,6.07
23/11/2003,6.17,4.56,5.37
24/11/2003,8.78,1.78,5.28
25/11/2003,11.49,1.24,6.36
26/11/2003,8.59,6.95,7.77
27/11/2003,6.7,-0.8,2.95
28/11/2003,10.91,0.58,5.75
29/11/2003,12.48,1.98,7.23
30/11/2003,8.65,4.21,6.43
01/12/2003,9.37,5.86,7.62
02/12/2003,9.88,5.36,7.62
03/12/2003,8.73,5.88,7.3
04/12/2003,8.46,6.55,7.5
05/12/2003,8.64,6.49,7.57
06/12/2003,8.08,0.71,4.4
07/12/2003,5.12,-1.15,1.98
08/12/2003,6.31,-4.46,0.92
09/12/2003,9.57,-3.34,3.12
10/12/2003,9.3,-2.56,3.37
11/12/2003,11.27,-2.18,4.55
12/12/2003,13.24,2.09,7.67
13/12/2003,12.81,5.4,9.1
14/12/2003,9.32,4.53,6.93
15/12/2003,6.09,-0.01,3.04
16/12/2003,5.57,-2.79,1.39
17/12/2003,6.92,-0.67,3.12
18/12/2003,6.9,-2.15,2.37
19/12/2003,7.62,-0.99,3.31
20/12/2003,12.19,2.15,7.17
21/12/2003,6.85,2.04,4.44
22/12/2003,5.86,-1.49,2.19
23/12/2003,9.38,-0.39,4.49
24/12/2003,9.12,5.55,7.34
25/12/2003,10.29,7.61,8.95
26/12/2003,10.59,8.52,9.55
27/12/2003,8.17,2.25,5.21
28/12/2003,4.95,1.1,3.02
29/12/2003,2.94,0.4,1.67
30/12/2003,3.17,1.02,2.09
31/12/2003,5.77,0.5,3.14
01/01/2004,8,0.41,4.2
02/01/2004,4.64,4.05,4.35
03/01/2004,5.68,-1.55,2.07
04/01/2004,7.83,-0.54,3.64
05/01/2004,10.41,2.31,6.36
06/01/2004,11.25,6.52,8.89
07/01/2004,10.4,5.56,7.98
08/01/2004,11.2,7,9.1
09/01/2004,8.42,4.16,6.29
10/01/2004,11.39,3.36,7.38
11/01/2004,9.04,7.3,8.17
12/01/2004,10.07,3.5,6.79
13/01/2004,8.98,4.67,6.83
14/01/2004,5.9,2.76,4.33
15/01/2004,8.83,1.09,4.96
16/01/2004,7.73,2.64,5.19
17/01/2004,5.32,-0.49,2.41
18/01/2004,7.41,-1.94,2.73
19/01/2004,10.49,-1.18,4.66
20/01/2004,10.11,7.09,8.6
21/01/2004,8.55,7.35,7.95
22/01/2004,8.56,5.89,7.23
23/01/2004,8.34,6.09,7.22
24/01/2004,8.63,2.39,5.51
25/01/2004,5.93,-0.24,2.85
26/01/2004,3.76,-0.27,1.75
27/01/2004,4.8,0.91,2.85
28/01/2004,5.27,-1.82,1.72
29/01/2004,3.96,-4.21,-0.12
30/01/2004,10.45,-2.19,4.13
31/01/2004,12.63,3.54,8.08
01/02/2004,12.82,7.82,10.32
02/02/2004,14.15,8.76,11.46
03/02/2004,14.14,10.93,12.53
04/02/2004,16,11.74,13.87
05/02/2004,13.3,11.57,12.44
06/02/2004,8.42,6.92,7.67
07/02/2004,9.1,4.37,6.74
08/02/2004,8.81,3.31,6.06
09/02/2004,5.52,-3.11,1.2
10/02/2004,8.8,-0.99,3.9
11/02/2004,11.5,4.21,7.85
12/02/2004,9.95,7.46,8.71
13/02/2004,8.99,7.05,8.02
14/02/2004,8.05,4.49,6.27
15/02/2004,9.03,4.47,6.75
16/02/2004,7.76,4.17,5.96
17/02/2004,6.58,3.82,5.2
18/02/2004,7.44,1.41,4.42
19/02/2004,7.21,1.33,4.27
20/02/2004,4.54,-0.74,1.9
21/02/2004,5.39,-2.22,1.58
22/02/2004,5.39,-0.23,2.58
23/02/2004,5.47,-2.57,1.45
24/02/2004,5.7,-2.63,1.54
25/02/2004,3.41,-2.51,0.45
26/02/2004,4.33,-4.78,-0.22
27/02/2004,4.17,-4.35,-0.09
28/02/2004,3.43,-2.46,0.48
29/02/2004,5.22,-2.35,1.43
01/03/2004,5.77,-4.65,0.56
02/03/2004,7.72,-4.7,1.51
03/03/2004,9.63,-0.41,4.61
04/03/2004,9.69,3.87,6.78
05/03/2004,9.28,2.63,5.95
06/03/2004,10.13,2.69,6.41
07/03/2004,7.95,2.24,5.1
08/03/2004,7.98,0.55,4.27
09/03/2004,6.53,1.54,4.03
10/03/2004,4.79,0.36,2.58
11/03/2004,4.84,0.32,2.58
12/03/2004,6.06,-0.27,2.89
13/03/2004,11.37,0.79,6.08
14/03/2004,11.75,5.99,8.87
15/03/2004,12.3,8.16,10.23
16/03/2004,16.78,10.1,13.44
17/03/2004,13.75,8.53,11.14
18/03/2004,13.45,7,10.23
19/03/2004,13.84,6.16,10
20/03/2004,14.12,6.26,10.19
21/03/2004,11.53,5.22,8.38
22/03/2004,9.81,2.7,6.25
23/03/2004,8.85,2.32,5.58
24/03/2004,9.01,2.8,5.91
25/03/2004,8.02,0.05,4.04
26/03/2004,7.77,0.13,3.95
27/03/2004,9.07,4.24,6.66
28/03/2004,10.45,6.27,8.36
29/03/2004,11.86,6.7,9.28
30/03/2004,14.81,1.85,8.33
31/03/2004,18.03,2.69,10.36
01/04/2004,15.28,9.08,12.18
02/04/2004,15.21,8.2,11.7
03/04/2004,13.39,6.75,10.07
04/04/2004,12.43,5.4,8.91
05/04/2004,11.83,4.92,8.37
06/04/2004,9.22,3.27,6.25
07/04/2004,10.45,3.99,7.22
08/04/2004,10.46,1.74,6.1
09/04/2004,12.89,1.11,7
10/04/2004,12.56,4.43,8.49
11/04/2004,12.54,2.94,7.74
12/04/2004,15.74,7.43,11.58
13/04/2004,14.47,5.27,9.87
14/04/2004,15.47,4.52,10
15/04/2004,14.57,4.95,9.76
16/04/2004,17.76,6.42,12.09
17/04/2004,13.89,7.43,10.66
18/04/2004,10.25,6.15,8.2
19/04/2004,12.61,2.13,7.37
20/04/2004,12.54,2.7,7.62
21/04/2004,14.3,8.1,11.2
22/04/2004,16.58,5.34,10.96
23/04/2004,17.8,3.51,10.66
24/04/2004,20.73,6.15,13.44
25/04/2004,20.07,8.15,14.11
26/04/2004,20.1,9.15,14.63
27/04/2004,14.99,8.88,11.94
28/04/2004,11.14,9.21,10.18
29/04/2004,8.18,6.08,7.13
30/04/2004,10.99,6.44,8.72
01/05/2004,13.03,7.95,10.49
02/05/2004,17.78,8.56,13.17
03/05/2004,14.06,8.52,11.29
04/05/2004,12.36,6.2,9.28
05/05/2004,11.85,4.54,8.19
06/05/2004,14.46,5.18,9.82
07/05/2004,16.26,4.32,10.29
08/05/2004,11.35,8.7,10.02
09/05/2004,16.22,9.44,12.83
10/05/2004,19.2,11.43,15.32
11/05/2004,14.81,10.21,12.51
12/05/2004,14.01,9.14,11.58
13/05/2004,16.16,7.39,11.78
14/05/2004,18.66,8.58,13.62
15/05/2004,20.61,8.49,14.55
16/05/2004,22.04,8.54,15.29
17/05/2004,23.19,9.8,16.49
18/05/2004,21.8,9.14,15.47
19/05/2004,22.87,9.58,16.23
20/05/2004,19.4,11.07,15.24
21/05/2004,14.46,6.87,10.66
22/05/2004,15.53,2.86,9.19
23/05/2004,18.3,3.49,10.89
24/05/2004,19.31,5.38,12.34
25/05/2004,18.18,7.72,12.95
26/05/2004,17.36,9.65,13.51
27/05/2004,17.25,9.45,13.35
28/05/2004,19.4,8.13,13.77
29/05/2004,17.72,12.93,15.32
30/05/2004,19.77,9.53,14.65
31/05/2004,19.64,8.15,13.89
01/06/2004,16.64,11.69,14.16
02/06/2004,19.35,9.12,14.24
03/06/2004,20.26,10.63,15.45
04/06/2004,22.67,13.87,18.27
05/06/2004,20.58,15.25,17.92
06/06/2004,24.55,13.78,19.17
07/06/2004,26.06,13.91,19.99
08/06/2004,28.66,14.49,21.57
09/06/2004,22.34,14.19,18.26
10/06/2004,22.77,14.35,18.56
11/06/2004,20.01,12.07,16.04
12/06/2004,20.13,10.27,15.2
13/06/2004,24.11,9.32,16.72
14/06/2004,27.93,13.38,20.65
15/06/2004,25.77,12.83,19.3
16/06/2004,25.65,12.99,19.32
17/06/2004,17.33,14.01,15.67
18/06/2004,18.03,11.86,14.94
19/06/2004,17.84,5.58,11.71
20/06/2004,16.55,6.39,11.47
21/06/2004,17.09,6.86,11.97
22/06/2004,19.37,7.46,13.42
23/06/2004,17.42,13.23,15.32
24/06/2004,18.34,10.15,14.25
25/06/2004,20.53,8.09,14.31
26/06/2004,18.74,9.72,14.23
27/06/2004,21.49,12.91,17.2
28/06/2004,19.34,9.66,14.5
29/06/2004,21.48,11.39,16.43
30/06/2004,20.06,12.97,16.52
01/07/2004,19.35,9.67,14.51
02/07/2004,19.42,11.19,15.3
03/07/2004,18.53,10.73,14.63
04/07/2004,18.39,10.83,14.61
05/07/2004,20.3,8.3,14.3
06/07/2004,22.76,7.33,15.05
07/07/2004,21.17,9.67,15.42
08/07/2004,18.32,11.86,15.09
09/07/2004,18.18,9.72,13.95
10/07/2004,17.89,7.98,12.94
11/07/2004,17.37,10.59,13.98
12/07/2004,17.77,11.67,14.72
13/07/2004,19.8,7.72,13.76
14/07/2004,22.39,12.42,17.41
15/07/2004,21.58,15.49,18.54
16/07/2004,20.93,16.3,18.62
17/07/2004,23.21,15.08,19.14
18/07/2004,19.98,13.58,16.78
19/07/2004,21.17,9.62,15.39
20/07/2004,24.1,10.28,17.19
21/07/2004,20.94,15.74,18.34
22/07/2004,23.83,13.82,18.83
23/07/2004,23.62,11.19,17.41
24/07/2004,22.28,11.22,16.75
25/07/2004,21.31,11.58,16.45
26/07/2004,20.98,14.65,17.81
27/07/2004,21.13,12.17,16.65
28/07/2004,24.57,11.85,18.21
29/07/2004,27.49,13.27,20.38
30/07/2004,24.18,14.88,19.53
31/07/2004,26.11,12.4,19.26
01/08/2004,25.9,14.42,20.16
02/08/2004,26.9,13.54,20.22
03/08/2004,22.68,16.57,19.62
04/08/2004,25.87,13.86,19.87
05/08/2004,25.42,16.08,20.75
06/08/2004,26.05,13.6,19.82
07/08/2004,27.58,13.18,20.38
08/08/2004,28.67,14.46,21.56
09/08/2004,24.56,19.05,21.81
10/08/2004,24.93,15.56,20.25
11/08/2004,24.64,14.76,19.7
12/08/2004,22.43,15.27,18.85
13/08/2004,22.3,13.33,17.81
14/08/2004,23.63,14.29,18.96
15/08/2004,22.38,15.23,18.81
16/08/2004,20.42,14.79,17.6
17/08/2004,22.83,14.95,18.89
18/08/2004,21.25,16.22,18.73
19/08/2004,21.9,13.59,17.74
20/08/2004,22.24,13.2,17.72
21/08/2004,19.59,10.82,15.2
22/08/2004,21.71,11.78,16.75
23/08/2004,21.32,13,17.16
24/08/2004,20.39,14.09,17.24
25/08/2004,20.7,12.75,16.72
26/08/2004,20.4,12.12,16.26
27/08/2004,21.15,13.32,17.23
28/08/2004,19.29,8.84,14.07
29/08/2004,17.92,11.13,14.52
30/08/2004,18.61,11.57,15.09
31/08/2004,19.38,9.44,14.41
01/09/2004,21.3,8.53,14.92
02/09/2004,23.09,8.78,15.94
03/09/2004,23.88,13.1,18.49
04/09/2004,24.16,13.25,18.7
05/09/2004,28.83,13.15,20.99
06/09/2004,22.69,13.05,17.87
07/09/2004,22.7,15.08,18.89
08/09/2004,23.5,12.34,17.92
09/09/2004,24.45,12.45,18.45
10/09/2004,20.26,12.12,16.19
11/09/2004,19.92,12.63,16.28
12/09/2004,17.71,9.78,13.74
13/09/2004,18.06,12.51,15.28
14/09/2004,16.69,11.11,13.9
15/09/2004,17.74,8.38,13.06
16/09/2004,17.87,5.4,11.63
17/09/2004,16.97,13.26,15.12
18/09/2004,17.38,14.91,16.15
19/09/2004,16.61,8.52,12.56
20/09/2004,17.9,12.56,15.23
21/09/2004,14.91,9.32,12.11
22/09/2004,17.94,11.14,14.54
23/09/2004,18.18,14.78,16.48
24/09/2004,15.42,7.33,11.37
25/09/2004,15.73,5.15,10.44
26/09/2004,19.41,9.89,14.65
27/09/2004,18.24,12.38,15.31
28/09/2004,18.66,11.03,14.85
29/09/2004,14.42,11.78,13.1
30/09/2004,19.1,12.59,15.84
01/10/2004,15.46,8.2,11.83
02/10/2004,16.36,9.2,12.78
03/10/2004,15.75,9.7,12.73
04/10/2004,15.51,11.15,13.33
05/10/2004,16.71,7.11,11.91
06/10/2004,14.22,8.1,11.16
07/10/2004,15.42,6.42,10.92
08/10/2004,13.84,7.3,10.57
09/10/2004,13.92,5.93,9.93
10/10/2004,14.61,7.5,11.06
11/10/2004,13.4,6.45,9.92
12/10/2004,12.79,8.04,10.41
13/10/2004,13.5,7.69,10.6
14/10/2004,13.11,6.74,9.93
15/10/2004,11,6.71,8.85
16/10/2004,11.28,6.79,9.03
17/10/2004,12.61,6.29,9.45
18/10/2004,13.73,7.3,10.52
19/10/2004,12.24,5.15,8.69
20/10/2004,15.43,8.24,11.84
21/10/2004,14.29,7.14,10.72
22/10/2004,15.21,10.6,12.9
23/10/2004,15.32,13.38,14.35
24/10/2004,16.97,13.35,15.16
25/10/2004,13.31,10.92,12.11
26/10/2004,13.02,5.09,9.06
27/10/2004,12.82,4.75,8.79
28/10/2004,15.09,9.06,12.08
29/10/2004,13.54,9.14,11.34
30/10/2004,13.76,9.18,11.47
31/10/2004,11.67,9.3,10.48
01/11/2004,12.03,8.89,10.46
02/11/2004,10.43,8.86,9.65
03/11/2004,12.75,8.15,10.45
04/11/2004,12.75,9.44,11.09
05/11/2004,12.11,4.89,8.5
06/11/2004,12.41,6.7,9.56
07/11/2004,12.03,8.79,10.41
08/11/2004,11.65,9.64,10.64
09/11/2004,10.54,7.44,8.99
10/11/2004,9.29,4.82,7.06
11/11/2004,11.14,2.27,6.71
12/11/2004,13.57,5.52,9.54
13/11/2004,7.44,0.7,4.07
14/11/2004,8.81,-1.29,3.76
15/11/2004,9.77,0.87,5.32
16/11/2004,12.79,7.04,9.91
17/11/2004,12.75,9.63,11.19
18/11/2004,9.54,7.59,8.57
19/11/2004,4.86,0.09,2.48
20/11/2004,4.61,-0.09,2.26
21/11/2004,11.85,1.52,6.68
22/11/2004,13.14,4.74,8.94
23/11/2004,10.55,8.68,9.61
24/11/2004,10.54,9.06,9.8
25/11/2004,11.13,5.67,8.4
26/11/2004,11.92,6.78,9.35
27/11/2004,9.08,4.95,7.02
28/11/2004,6.32,4.85,5.59
29/11/2004,6.75,2.71,4.73
30/11/2004,7.18,1,4.09
01/12/2004,6.85,0.32,3.58
02/12/2004,6.85,0.73,3.79
03/12/2004,6.89,-1.63,2.63
04/12/2004,8.67,-1.22,3.73
05/12/2004,10.71,4.82,7.77
06/12/2004,10.64,7.43,9.04
07/12/2004,8.83,5.04,6.93
08/12/2004,8.64,8.02,8.33
09/12/2004,5.8,3.38,4.59
10/12/2004,5.26,1.46,3.36
11/12/2004,8.29,1.75,5.02
12/12/2004,6.26,2.11,4.18
13/12/2004,7.14,1.42,4.28
14/12/2004,9.91,1.57,5.74
15/12/2004,11.54,7.22,9.38
16/12/2004,10.1,7.5,8.8
17/12/2004,6,5.33,5.67
18/12/2004,6.52,0.47,3.49
19/12/2004,4.76,1.67,3.22
20/12/2004,4.35,-3.57,0.39
21/12/2004,8.43,-0.17,4.13
22/12/2004,11.87,0.75,6.31
23/12/2004,11.85,8.43,10.14
24/12/2004,9.25,5.19,7.22
25/12/2004,2.5,0.5,1.5
26/12/2004,4.76,-2.62,1.07
27/12/2004,7.38,-2.5,2.44
28/12/2004,6.06,-1.43,2.31
29/12/2004,10.36,1.2,5.78
30/12/2004,12.27,2.03,7.15
31/12/2004,12.06,9.12,10.59
01/01/2005,11.35,5.49,8.42
02/01/2005,9.11,2.73,5.92
03/01/2005,10.09,1.12,5.61
04/01/2005,10.31,6.75,8.53
05/01/2005,8.12,2.23,5.18
06/01/2005,12.16,3.41,7.79
07/01/2005,13.52,6.13,9.83
08/01/2005,8.12,6.48,7.3
09/01/2005,12.8,4.23,8.52
10/01/2005,11.55,6.44,8.99
11/01/2005,12.74,6.11,9.42
12/01/2005,8.45,4.78,6.62
13/01/2005,7.46,1.38,4.42
14/01/2005,7.82,1.5,4.66
15/01/2005,8.91,2.6,5.76
16/01/2005,11.62,5.16,8.39
17/01/2005,9.62,5.32,7.47
18/01/2005,6.7,1.2,3.95
19/01/2005,11.7,2.22,6.96
20/01/2005,12.64,4.74,8.69
21/01/2005,8.02,4.64,6.33
22/01/2005,5.06,-0.15,2.46
23/01/2005,5.02,-0.93,2.04
24/01/2005,4.71,0.19,2.45
25/01/2005,4.06,1.14,2.6
26/01/2005,4.31,-1.19,1.56
27/01/2005,6.47,0.16,3.32
28/01/2005,7.33,4.4,5.86
29/01/2005,7.13,4.24,5.69
30/01/2005,7.75,4.8,6.28
31/01/2005,9.64,5.41,7.52
01/02/2005,10.25,7.7,8.98
02/02/2005,7.77,5.18,6.48
03/02/2005,10.01,3.6,6.8
04/02/2005,8.7,6.41,7.56
05/02/2005,7.16,4.31,5.74
06/02/2005,7.22,4.56,5.89
07/02/2005,6.13,-0.5,2.82
08/02/2005,8.72,2.18,5.45
09/02/2005,9.77,4.25,7.01
10/02/2005,10.04,6.88,8.46
11/02/2005,11.61,5,8.31
12/02/2005,11.93,6.1,9.02
13/02/2005,6.54,1.64,4.09
14/02/2005,6.48,1,3.74
15/02/2005,6.68,0.39,3.54
16/02/2005,6.45,-1.98,2.24
17/02/2005,7.39,-1.62,2.89
18/02/2005,8.88,2.24,5.56
19/02/2005,5.61,1.25,3.43
20/02/2005,4.12,-1.94,1.09
21/02/2005,3.71,-1.2,1.25
22/02/2005,3.76,-0.62,1.57
23/02/2005,2.22,-1.29,0.47
24/02/2005,1.53,-0.51,0.51
25/02/2005,3.1,-1.45,0.82
26/02/2005,4.81,0.3,2.55
27/02/2005,3.35,-1.27,1.04
28/02/2005,3.25,-4.63,-0.69
01/03/2005,4.65,-0.23,2.21
02/03/2005,3.53,-1.03,1.25
03/03/2005,3.67,-2.26,0.7
04/03/2005,7.98,-3.43,2.27
05/03/2005,6.21,-0.86,2.68
06/03/2005,4.09,-1.05,1.52
07/03/2005,6.94,-2.28,2.33
08/03/2005,6.96,3.17,5.06
09/03/2005,7.68,5.07,6.37
10/03/2005,7.79,4.12,5.96
11/03/2005,9.29,3.07,6.18
12/03/2005,8.07,1.45,4.76
13/03/2005,6.47,-0.52,2.98
14/03/2005,9.75,-0.06,4.84
15/03/2005,12.7,3.09,7.89
16/03/2005,14.76,8.46,11.61
17/03/2005,14.05,10.97,12.51
18/03/2005,16.99,8.48,12.74
19/03/2005,16.05,4.82,10.43
20/03/2005,13.95,7.31,10.63
21/03/2005,15.5,6.57,11.04
22/03/2005,13.39,11.43,12.41
23/03/2005,16.49,8.64,12.57
24/03/2005,16.15,9.91,13.03
25/03/2005,15.54,8.26,11.9
26/03/2005,15.75,4.89,10.32
27/03/2005,10.17,7.07,8.62
28/03/2005,13.46,5.79,9.63
29/03/2005,8.06,4.02,6.04
30/03/2005,8.47,5.84,7.15
31/03/2005,11.07,6.7,8.88
01/04/2005,13.93,7.25,10.59
02/04/2005,17.8,6.84,12.32
03/04/2005,17.95,5.73,11.84
04/04/2005,12.31,8.34,10.32
05/04/2005,11.34,3.83,7.58
06/04/2005,12.92,7.14,10.03
07/04/2005,12.69,3.97,8.33
08/04/2005,8.02,2.58,5.3
09/04/2005,11.05,-2.39,4.33
10/04/2005,14.69,4.81,9.75
11/04/2005,14.95,4,9.48
12/04/2005,14.48,5.49,9.99
13/04/2005,14.03,6.2,10.11
14/04/2005,11.85,5.86,8.86
15/04/2005,9.18,1.71,5.44
16/04/2005,10.67,4.06,7.36
17/04/2005,13.06,0.47,6.77
18/04/2005,13.2,6.99,10.09
19/04/2005,13.48,3.69,8.58
20/04/2005,9.32,3.08,6.2
21/04/2005,15.1,5.95,10.52
22/04/2005,16.51,0.74,8.63
23/04/2005,13.18,5.83,9.51
24/04/2005,15.07,4.92,10
25/04/2005,11.25,6.51,8.88
26/04/2005,14.28,7.16,10.72
27/04/2005,13.91,5.03,9.47
28/04/2005,14.37,8.87,11.62
29/04/2005,18.08,7.61,12.84
30/04/2005,20.11,11.86,15.98
01/05/2005,22.22,12.63,17.42
02/05/2005,19.83,11.45,15.64
03/05/2005,15.99,10.19,13.09
04/05/2005,13.04,8.86,10.95
05/05/2005,17.42,3.84,10.63
06/05/2005,16.29,8.84,12.57
07/05/2005,13.89,8.02,10.96
08/05/2005,14.57,3.02,8.79
09/05/2005,12.24,2.79,7.51
10/05/2005,12.25,1.45,6.85
11/05/2005,12.61,-0.12,6.25
12/05/2005,14.57,0.83,7.7
13/05/2005,15.22,4.63,9.93
14/05/2005,14.46,5.23,9.84
15/05/2005,16.9,1.01,8.96
16/05/2005,15.45,6.49,10.97
17/05/2005,13.04,3.17,8.1
18/05/2005,14.19,5.3,9.74
19/05/2005,16.38,8.56,12.47
20/05/2005,17.42,11.54,14.48
21/05/2005,13.21,6.6,9.9
22/05/2005,15.08,8.37,11.73
23/05/2005,15.08,5.82,10.45
24/05/2005,17.57,9.3,13.43
25/05/2005,20.75,9.9,15.33
26/05/2005,22.02,13.01,17.51
27/05/2005,27.86,13.08,20.47
28/05/2005,18.01,13.5,15.75
29/05/2005,16.09,7.5,11.8
30/05/2005,17.52,6.32,11.92
31/05/2005,18.51,6.96,12.74
01/06/2005,16.04,10.36,13.2
02/06/2005,16.82,12.45,14.64
03/06/2005,18.77,10.87,14.82
04/06/2005,16.89,10.61,13.75
05/06/2005,17.19,11.77,14.48
06/06/2005,15.39,11.19,13.29
07/06/2005,16.84,3.59,10.21
08/06/2005,20.79,7.13,13.96
09/06/2005,22.02,9,15.51
10/06/2005,16.94,14.06,15.5
11/06/2005,17.72,5.05,11.39
12/06/2005,16.7,10.69,13.69
13/06/2005,18.14,4.53,11.33
14/06/2005,19.23,8.65,13.94
15/06/2005,19.42,11.44,15.43
16/06/2005,20.23,12.04,16.13
17/06/2005,24.86,14.48,19.67
18/06/2005,27.87,14.39,21.13
19/06/2005,30.51,16.86,23.68
20/06/2005,25.57,17.62,21.6
21/06/2005,23.48,11.23,17.35
22/06/2005,26.9,12.39,19.64
23/06/2005,29.6,13.88,21.74
24/06/2005,21.16,14.27,17.72
25/06/2005,16.86,14.94,15.9
26/06/2005,19.02,11.01,15.02
27/06/2005,23.99,9.85,16.92
28/06/2005,24.84,11.66,18.25
29/06/2005,22.03,12.91,17.47
30/06/2005,19.64,13.34,16.49
01/07/2005,19.95,12.08,16.01
02/07/2005,19.84,15.94,17.89
03/07/2005,20.99,12.04,16.51
04/07/2005,16.08,11.41,13.75
05/07/2005,15.65,9.26,12.45
06/07/2005,18.01,12.87,15.44
07/07/2005,19.48,11.29,15.39
08/07/2005,20.55,9.93,15.24
09/07/2005,22.46,12.56,17.51
10/07/2005,27.59,13.43,20.51
11/07/2005,26.74,14.94,20.84
12/07/2005,25.55,14.11,19.83
13/07/2005,28.81,14.16,21.48
14/07/2005,28.93,15.6,22.27
15/07/2005,25.9,15.61,20.76
16/07/2005,23.31,12.43,17.87
17/07/2005,27.51,11.82,19.66
18/07/2005,22.16,14.35,18.26
19/07/2005,21.27,11.71,16.49
20/07/2005,23.37,12.67,18.02
21/07/2005,23.36,11.58,17.47
22/07/2005,18.87,10.89,14.88
23/07/2005,22.41,13.32,17.86
24/07/2005,20.41,14.94,17.68
25/07/2005,15.16,13.15,14.15
26/07/2005,18.67,12.41,15.54
27/07/2005,16.5,11.36,13.93
28/07/2005,23.26,12.25,17.76
29/07/2005,19.74,14.09,16.91
30/07/2005,18.68,12.29,15.49
31/07/2005,18.74,12.73,15.74
01/08/2005,21.4,13.43,17.42
02/08/2005,23.75,11.49,17.62
03/08/2005,23.27,14.27,18.77
04/08/2005,21.24,11.06,16.15
05/08/2005,20.98,12.82,16.9
06/08/2005,20.66,10.15,15.4
07/08/2005,21.21,8.65,14.93
08/08/2005,23.46,8.05,15.75
09/08/2005,24.92,9.72,17.32
10/08/2005,22.01,13.61,17.81
11/08/2005,25.71,12.32,19.01
12/08/2005,20.66,12.49,16.58
13/08/2005,19.56,10.94,15.25
14/08/2005,20.72,11.62,16.17
15/08/2005,23.11,9.72,16.42
16/08/2005,22.84,11.03,16.94
17/08/2005,25.67,11.15,18.41
18/08/2005,26.88,12.12,19.5
19/08/2005,20.37,14.17,17.27
20/08/2005,21.15,10.68,15.91
21/08/2005,24.32,11.03,17.67
22/08/2005,18.1,14.95,16.52
23/08/2005,20.99,9.52,15.26
24/08/2005,16.87,12.82,14.85
25/08/2005,18.1,10.75,14.43
26/08/2005,19.03,8.99,14.01
27/08/2005,19.42,12.43,15.92
28/08/2005,23.25,11.23,17.24
29/08/2005,24.31,11.98,18.15
30/08/2005,26.55,13.15,19.85
31/08/2005,29.17,14,21.59
01/09/2005,22.75,16.1,19.43
02/09/2005,22.23,11.18,16.71
03/09/2005,24.85,12.75,18.8
04/09/2005,27.65,13.42,20.54
05/09/2005,21.84,17.43,19.64
06/09/2005,23.48,11.79,17.63
07/09/2005,24.26,12.34,18.3
08/09/2005,23.81,13.31,18.56
09/09/2005,23.39,12.1,17.75
10/09/2005,19.36,15.73,17.54
11/09/2005,16.08,13.82,14.95
12/09/2005,21.22,10.18,15.7
13/09/2005,22.56,12.55,17.55
14/09/2005,24.09,14.97,19.53
15/09/2005,20.97,14.44,17.7
16/09/2005,14.42,9.04,11.73
17/09/2005,16.13,3.12,9.63
18/09/2005,16.23,7.89,12.06
19/09/2005,16.75,11.67,14.21
20/09/2005,21.67,12.26,16.97
21/09/2005,21.76,10.54,16.15
22/09/2005,20.59,10.35,15.47
23/09/2005,18.07,11.42,14.74
24/09/2005,16.62,4.68,10.65
25/09/2005,19.84,11.09,15.47
26/09/2005,17.94,9.36,13.65
27/09/2005,18.46,13.08,15.77
28/09/2005,14.51,6.72,10.61
29/09/2005,16.78,7.23,12.01
30/09/2005,18.75,10.82,14.79
01/10/2005,15.74,6.78,11.26
02/10/2005,14.68,6.47,10.58
03/10/2005,14.26,9.57,11.92
04/10/2005,16.01,7.86,11.93
05/10/2005,14.32,5.38,9.85
06/10/2005,14.99,9.85,12.42
07/10/2005,16.1,13.04,14.57
08/10/2005,16.99,13.38,15.19
09/10/2005,16.07,5.56,10.81
10/10/2005,21.3,8.25,14.78
11/10/2005,21.63,13.44,17.53
12/10/2005,19.07,16.24,17.66
13/10/2005,15.13,10.87,13
14/10/2005,15.2,10.59,12.9
15/10/2005,19.83,11.86,15.84
16/10/2005,17.55,9.37,13.46
17/10/2005,16.63,12.44,14.53
18/10/2005,12.91,8.53,10.72
19/10/2005,13.29,9.28,11.29
20/10/2005,15.05,9.18,12.11
21/10/2005,15.73,9.81,12.77
22/10/2005,15,10.93,12.96
23/10/2005,15.73,6.47,11.1
24/10/2005,16.64,10.05,13.34
25/10/2005,16.06,13.05,14.55
26/10/2005,17.56,11.6,14.58
27/10/2005,19.35,13.37,16.36
28/10/2005,16.79,13.56,15.17
29/10/2005,16.83,11.85,14.34
30/10/2005,17.17,13.15,15.16
31/10/2005,16.63,11.59,14.11
01/11/2005,16.16,7.85,12
02/11/2005,17.45,9.78,13.61
03/11/2005,15.04,13.2,14.12
04/11/2005,12.31,7.51,9.91
05/11/2005,13.7,2.78,8.24
06/11/2005,13.76,7.61,10.68
07/11/2005,13.9,7.18,10.54
08/11/2005,15.3,9.45,12.38
09/11/2005,12.78,4.65,8.71
10/11/2005,14.19,4.61,9.4
11/11/2005,13.81,12.77,13.29
12/11/2005,10.18,4.98,7.58
13/11/2005,9.66,1.59,5.63
14/11/2005,10.54,-0.86,4.84
15/11/2005,11.27,1.34,6.3
16/11/2005,7.07,4.64,5.86
17/11/2005,6.71,-2.15,2.28
18/11/2005,5.1,-4.38,0.36
19/11/2005,5.03,-3.07,0.98
20/11/2005,1.23,-3.58,-1.17
21/11/2005,5.04,-3.21,0.91
22/11/2005,6.38,-1.3,2.54
23/11/2005,5.7,2.76,4.23
24/11/2005,9.75,2.16,5.96
25/11/2005,3.05,-1.92,0.57
26/11/2005,6.01,-1.44,2.29
27/11/2005,4.22,-0.09,2.06
28/11/2005,4.11,1.15,2.63
29/11/2005,5.57,-1.54,2.02
30/11/2005,8.49,-1.81,3.34
01/12/2005,9.19,2.63,5.91
02/12/2005,9.16,6.62,7.89
03/12/2005,7.71,6.25,6.98
04/12/2005,8.74,4.24,6.49
05/12/2005,8.37,4.46,6.41
06/12/2005,5.86,1.07,3.46
07/12/2005,6.33,-0.58,2.88
08/12/2005,7.8,0.67,4.23
09/12/2005,5.28,0.1,2.69
10/12/2005,8.25,0.67,4.46
11/12/2005,6.51,-0.89,2.81
12/12/2005,7.62,-0.35,3.63
13/12/2005,7.05,2.71,4.88
14/12/2005,8.53,2.4,5.46
15/12/2005,10.62,6.27,8.44
16/12/2005,10.52,6.18,8.35
17/12/2005,3.83,-1.02,1.41
18/12/2005,7.27,-4.27,1.5
19/12/2005,8.38,-2.29,3.04
20/12/2005,7.3,-0.45,3.43
21/12/2005,9.13,2.44,5.79
22/12/2005,9.44,5.74,7.59
23/12/2005,9.92,6.16,8.04
24/12/2005,8.71,4.05,6.38
25/12/2005,5.31,-0.28,2.52
26/12/2005,4.98,0.61,2.79
27/12/2005,1.44,-1.72,-0.14
28/12/2005,0.53,-3.6,-1.54
29/12/2005,2.48,-2.49,0
30/12/2005,9.62,-2.04,3.79
31/12/2005,7.58,2.24,4.91
01/01/2006,7.75,4.29,6.02
02/01/2006,7.24,2.89,5.06
03/01/2006,9.23,3.82,6.52
04/01/2006,6.9,5.4,6.15
05/01/2006,2.54,0.13,1.33
06/01/2006,2.33,0.9,1.61
07/01/2006,2.93,0.57,1.75
08/01/2006,3.81,0.88,2.35
09/01/2006,7.22,2.77,4.99
10/01/2006,9.58,3.73,6.66
11/01/2006,9.44,7.24,8.34
12/01/2006,6.48,0.23,3.35
13/01/2006,8.01,1.65,4.83
14/01/2006,7.9,6.14,7.02
15/01/2006,7.78,3.95,5.86
16/01/2006,9.15,5.75,7.45
17/01/2006,10.03,4.95,7.49
18/01/2006,13.58,5.12,9.35
19/01/2006,11,8.33,9.66
20/01/2006,8.85,6.79,7.82
21/01/2006,8.91,2.08,5.5
22/01/2006,6.95,-2.64,2.15
23/01/2006,2.75,-4.51,-0.88
24/01/2006,2.96,-3.42,-0.23
25/01/2006,5.46,-4.79,0.33
26/01/2006,5.36,-1.93,1.71
27/01/2006,3.89,-1.31,1.29
28/01/2006,4.06,-2.37,0.84
29/01/2006,5.02,-1.19,1.92
30/01/2006,5.48,1.2,3.34
31/01/2006,5.53,1.74,3.63
01/02/2006,0.83,-0.3,0.27
02/02/2006,-1.03,-3.4,-2.22
03/02/2006,2.47,-3.44,-0.49
04/02/2006,5.06,-1.96,1.55
05/02/2006,6.9,-2.28,2.31
06/02/2006,7.26,-0.52,3.37
07/02/2006,8.49,4.22,6.35
08/02/2006,8.81,3.05,5.93
09/02/2006,5.05,0.76,2.9
10/02/2006,6.03,-3.96,1.03
11/02/2006,6.63,-4.02,1.31
12/02/2006,9.09,-0.76,4.16
13/02/2006,9.86,5,7.43
14/02/2006,10.68,5.33,8.01
15/02/2006,11.21,6.52,8.86
16/02/2006,7.66,3.94,5.8
17/02/2006,9.73,3.5,6.62
18/02/2006,6.1,-1.81,2.14
19/02/2006,6.08,-0.93,2.57
20/02/2006,5.94,2.27,4.11
21/02/2006,5.03,0.57,2.8
22/02/2006,2.34,0.47,1.4
23/02/2006,3.01,-0.13,1.44
24/02/2006,3.1,-0.8,1.15
25/02/2006,5.92,0.17,3.04
26/02/2006,6.16,1.05,3.6
27/02/2006,5.17,1.12,3.14
28/02/2006,5.54,-0.05,2.74
01/03/2006,4.72,-3.96,0.38
02/03/2006,4.92,-4.98,-0.03
03/03/2006,4.41,-4.73,-0.16
04/03/2006,4.41,-5.66,-0.63
05/03/2006,7.92,-2.86,2.53
06/03/2006,8.59,-1.97,3.31
07/03/2006,9.79,1.27,5.53
08/03/2006,12.05,2.67,7.36
09/03/2006,9.96,6.11,8.04
10/03/2006,8.22,3.15,5.68
11/03/2006,5.89,1.64,3.77
12/03/2006,3.77,-1.14,1.32
13/03/2006,4.77,0,2.39
14/03/2006,7.25,0.72,3.98
15/03/2006,8.78,2.74,5.76
16/03/2006,3.19,-0.62,1.29
17/03/2006,3.77,0.11,1.94
18/03/2006,5.31,0.28,2.8
19/03/2006,8.65,0.57,4.61
20/03/2006,5.28,0.97,3.12
21/03/2006,5.1,1.08,3.09
22/03/2006,5.99,-1.89,2.05
23/03/2006,9.82,-3.74,3.04
24/03/2006,13.28,3.01,8.15
25/03/2006,13.37,7.52,10.44
26/03/2006,14.56,9.76,12.16
27/03/2006,12.76,10.54,11.65
28/03/2006,12.75,6.23,9.49
29/03/2006,13.49,5.5,9.5
30/03/2006,15.17,7.88,11.52
31/03/2006,14.82,8.65,11.73
01/04/2006,13.81,7.58,10.7
02/04/2006,13.11,5.04,9.07
03/04/2006,11.76,4.71,8.23
04/04/2006,8.28,0.09,4.18
05/04/2006,10.72,-2.71,4
06/04/2006,11.85,-0.59,5.63
07/04/2006,11.3,4.06,7.68
08/04/2006,11.22,1.96,6.59
09/04/2006,10.55,0.37,5.46
10/04/2006,9.41,-1.01,4.2
11/04/2006,10.38,0.67,5.53
12/04/2006,13.51,3.5,8.51
13/04/2006,14.1,8.27,11.18
14/04/2006,16.01,5.86,10.93
15/04/2006,14.47,7.54,11.01
16/04/2006,14.74,7.65,11.19
17/04/2006,14.52,4.85,9.68
18/04/2006,14.06,5.49,9.78
19/04/2006,13.82,6.99,10.41
20/04/2006,12.92,9.11,11.02
21/04/2006,16.58,8.53,12.55
22/04/2006,16.28,5.82,11.05
23/04/2006,12.55,7.25,9.9
24/04/2006,13.92,7.31,10.61
25/04/2006,15.75,8.43,12.09
26/04/2006,14.53,5.63,10.08
27/04/2006,14.77,8.19,11.48
28/04/2006,14.5,5.24,9.87
29/04/2006,13.32,7.19,10.25
30/04/2006,12.24,4.27,8.25
01/05/2006,14.05,5.82,9.94
02/05/2006,15.13,4.24,9.69
03/05/2006,20.76,9.04,14.9
04/05/2006,26.08,10.51,18.29
05/05/2006,19.41,9.83,14.62
06/05/2006,15.88,5.25,10.56
07/05/2006,16.37,9.56,12.97
08/05/2006,14.81,10.75,12.78
09/05/2006,17.95,8.83,13.39
10/05/2006,21.75,8.01,14.88
11/05/2006,22.47,6.78,14.62
12/05/2006,23.32,6.48,14.9
13/05/2006,17.73,10.5,14.11
14/05/2006,16.12,9.57,12.84
15/05/2006,16.65,10.17,13.41
16/05/2006,16.1,9.74,12.92
17/05/2006,15.91,9.76,12.84
18/05/2006,17.45,11.17,14.31
19/05/2006,15.95,10.55,13.25
20/05/2006,14.27,9.22,11.74
21/05/2006,15.05,10.05,12.55
22/05/2006,15.32,10.16,12.74
23/05/2006,13.47,4.57,9.02
24/05/2006,12.8,8.09,10.44
25/05/2006,17.48,7.96,12.72
26/05/2006,18.12,11.61,14.86
27/05/2006,15.15,12.39,13.77
28/05/2006,16.66,8.09,12.38
29/05/2006,14.11,8.48,11.29
30/05/2006,13.28,4.94,9.11
31/05/2006,15.43,4.01,9.72
01/06/2006,17.79,4.35,11.07
02/06/2006,19.97,6.48,13.23
03/06/2006,23.37,6.89,15.13
04/06/2006,24.45,8.15,16.3
05/06/2006,19,9.67,14.34
06/06/2006,20.89,7.32,14.11
07/06/2006,25.29,9.36,17.32
08/06/2006,25.5,12.87,19.19
09/06/2006,25.65,12.32,18.98
10/06/2006,27.66,12.46,20.06
11/06/2006,25.49,17.26,21.37
12/06/2006,29.19,16.49,22.84
13/06/2006,21.7,13.31,17.51
14/06/2006,20.89,12.27,16.58
15/06/2006,19.98,8.96,14.47
16/06/2006,23.11,10.42,16.76
17/06/2006,26.29,14.02,20.15
18/06/2006,22.61,14.03,18.32
19/06/2006,19.26,13.81,16.54
20/06/2006,21.12,12.22,16.67
21/06/2006,17.64,11.83,14.73
22/06/2006,19.33,9.8,14.57
23/06/2006,20.37,8.7,14.54
24/06/2006,23.49,12.09,17.79
25/06/2006,22.76,10.82,16.79
26/06/2006,15.51,12.58,14.04
27/06/2006,18.71,10.31,14.51
28/06/2006,20.96,10.92,15.94
29/06/2006,24.75,12.06,18.4
30/06/2006,26.71,13.82,20.27
01/07/2006,29.08,12.59,20.84
02/07/2006,31.05,17.28,24.17
03/07/2006,30.58,16.51,23.55
04/07/2006,29.4,14.61,22
05/07/2006,21.51,15.31,18.41
06/07/2006,24.08,16.71,20.39
07/07/2006,20.99,15.78,18.38
08/07/2006,21.48,12.21,16.85
09/07/2006,20.89,13.59,17.24
10/07/2006,20.64,12.45,16.55
11/07/2006,23,13.83,18.41
12/07/2006,23.42,10.51,16.97
13/07/2006,23.92,13.03,18.48
14/07/2006,23.21,9,16.1
15/07/2006,25.44,9.4,17.42
16/07/2006,28.76,11.51,20.14
17/07/2006,30.66,12.5,21.58
18/07/2006,32.33,14.63,23.48
19/07/2006,34.32,15.42,24.87
20/07/2006,28.95,19.63,24.29
21/07/2006,29.28,16.93,23.1
22/07/2006,28.56,18.53,23.54
23/07/2006,24.25,15.49,19.87
24/07/2006,28.21,12.42,20.31
25/07/2006,30.93,15.67,23.3
26/07/2006,28.98,18.59,23.78
27/07/2006,27.55,18.02,22.78
28/07/2006,26.58,14.53,20.55
29/07/2006,24.08,14.29,19.19
30/07/2006,23.85,15.3,19.58
31/07/2006,22.08,14.75,18.42
01/08/2006,20.6,13.26,16.93
02/08/2006,20.74,12.93,16.83
03/08/2006,22.75,13.49,18.12
04/08/2006,22.68,12.69,17.68
05/08/2006,24.45,13.56,19.01
06/08/2006,27.23,17.46,22.34
07/08/2006,22.97,16.68,19.82
08/08/2006,24.79,11.55,18.17
09/08/2006,21.51,14.3,17.91
10/08/2006,19.77,10.68,15.22
11/08/2006,20.1,11.01,15.56
12/08/2006,19.47,12.71,16.09
13/08/2006,17.57,11.18,14.37
14/08/2006,19.51,12.71,16.11
15/08/2006,19.78,12.85,16.31
16/08/2006,20.69,11.67,16.18
17/08/2006,21.33,13.33,17.33
18/08/2006,19.21,12.57,15.89
19/08/2006,21.24,12.86,17.05
20/08/2006,19.75,14.18,16.97
21/08/2006,20.21,13,16.6
22/08/2006,20.79,9.44,15.11
23/08/2006,19.03,14.87,16.95
24/08/2006,20.85,12.39,16.62
25/08/2006,21.64,8.18,14.91
26/08/2006,21.34,14.15,17.74
27/08/2006,20.51,11.52,16.01
28/08/2006,18.92,13.32,16.12
29/08/2006,18.73,11.11,14.92
30/08/2006,19.6,8.15,13.88
31/08/2006,22.57,13.51,18.04
01/09/2006,21.61,13.96,17.79
02/09/2006,20.94,13.94,17.44
03/09/2006,22.87,14.55,18.71
04/09/2006,22.25,13.86,18.06
05/09/2006,24.34,17.02,20.68
06/09/2006,24.59,16.31,20.45
07/09/2006,20.41,10.74,15.57
08/09/2006,20.42,6.81,13.62
09/09/2006,21.37,8.02,14.7
10/09/2006,25.62,8.4,17.01
11/09/2006,28.2,12.28,20.24
12/09/2006,22.03,14.27,18.15
13/09/2006,23.07,16.22,19.65
14/09/2006,18.38,15.61,16.99
15/09/2006,21.42,13.79,17.61
16/09/2006,19.18,14.62,16.9
17/09/2006,23.04,13.79,18.41
18/09/2006,19.81,13.66,16.74
19/09/2006,19.25,11.38,15.31
20/09/2006,21.66,11.09,16.38
21/09/2006,25.6,16.18,20.89
22/09/2006,16.97,14.6,15.79
23/09/2006,22.1,13.07,17.59
24/09/2006,21.23,13.89,17.56
25/09/2006,20.91,13.24,17.07
26/09/2006,20.7,11.38,16.04
27/09/2006,18.89,11.81,15.35
28/09/2006,18.69,15.35,17.02
29/09/2006,18.53,14.55,16.54
30/09/2006,17.47,10.85,14.16
01/10/2006,17.53,13.02,15.28
02/10/2006,18.03,12.05,15.04
03/10/2006,15.24,7.93,11.58
04/10/2006,16.15,6.59,11.37
05/10/2006,16.42,7.43,11.93
06/10/2006,16.91,12.03,14.47
07/10/2006,16.09,8.07,12.08
08/10/2006,17.6,8.45,13.02
09/10/2006,19.06,12.32,15.69
10/10/2006,19.39,13.16,16.28
11/10/2006,16.18,14.98,15.58
12/10/2006,17.93,7.64,12.78
13/10/2006,16.25,11.39,13.82
14/10/2006,16.89,7.83,12.36
15/10/2006,16.73,10.99,13.86
16/10/2006,18.26,10.36,14.31
17/10/2006,15.95,8.79,12.37
18/10/2006,17.68,12.39,15.03
19/10/2006,16.66,14.31,15.49
20/10/2006,17.19,11.32,14.25
21/10/2006,17.26,11.87,14.57
22/10/2006,14.89,10.92,12.9
23/10/2006,12.37,8.68,10.52
24/10/2006,14.94,10.06,12.5
25/10/2006,17.24,7,12.12
26/10/2006,17.67,10.57,14.12
27/10/2006,15.03,5.81,10.42
28/10/2006,16.42,9.88,13.15
29/10/2006,14.91,10.79,12.85
30/10/2006,16.28,10.88,13.58
31/10/2006,14.06,9.76,11.91
01/11/2006,9.05,1.83,5.44
02/11/2006,8.67,-1.22,3.72
03/11/2006,9.94,-1.6,4.17
04/11/2006,11.06,-0.92,5.07
05/11/2006,12.06,1.85,6.96
06/11/2006,8.07,1.49,4.78
07/11/2006,10.05,2.34,6.2
08/11/2006,13.89,5.89,9.89
09/11/2006,10.96,3.4,7.18
10/11/2006,12.3,1.06,6.68
11/11/2006,10.47,5.24,7.85
12/11/2006,13.62,5.94,9.78
13/11/2006,15.24,7.26,11.25
14/11/2006,13.22,9.7,11.46
15/11/2006,14.48,10.94,12.71
16/11/2006,9.9,9.35,9.63
17/11/2006,10.76,4.54,7.65
18/11/2006,8.87,3.22,6.04
19/11/2006,11.36,-0.39,5.49
20/11/2006,11.83,2.76,7.29
21/11/2006,8.31,3.97,6.14
22/11/2006,11.73,3.59,7.66
23/11/2006,11.86,5.46,8.66
24/11/2006,12.98,6.03,9.51
25/11/2006,12.92,9.43,11.17
26/11/2006,12.03,6.39,9.21
27/11/2006,13.95,9.13,11.54
28/11/2006,12.12,10.27,11.19
29/11/2006,12.68,4.69,8.69
30/11/2006,11.43,6.98,9.21
01/12/2006,12.49,8.13,10.31
02/12/2006,10.99,8.25,9.62
03/12/2006,9.66,7.05,8.36
04/12/2006,13.46,6.58,10.02
05/12/2006,11.76,7.55,9.66
06/12/2006,11.39,7.63,9.51
07/12/2006,9.89,5.97,7.93
08/12/2006,8.18,6.4,7.29
09/12/2006,8.16,1.82,4.99
10/12/2006,12.38,0.31,6.35
11/12/2006,11.75,2.32,7.03
12/12/2006,10.9,3.74,7.32
13/12/2006,11.83,5.91,8.87
14/12/2006,12.74,10.32,11.53
15/12/2006,11.99,10.33,11.16
16/12/2006,7.73,2.69,5.21
17/12/2006,8.36,2.25,5.3
18/12/2006,7.02,3.14,5.08
19/12/2006,4.82,-0.58,2.12
20/12/2006,0.39,-3.1,-1.35
21/12/2006,1.54,-3.01,-0.73
22/12/2006,0.83,-1.58,-0.38
23/12/2006,4.04,-1.31,1.37
24/12/2006,5.8,-0.25,2.77
25/12/2006,5.44,3.99,4.72
26/12/2006,5.41,3.34,4.38
27/12/2006,10.58,2.64,6.61
28/12/2006,10.92,3.39,7.15
29/12/2006,13.41,4.69,9.05
30/12/2006,11.37,6.78,9.08
31/12/2006,11.53,6.69,9.11
01/01/2007,9.13,4.73,6.93
02/01/2007,9.56,2.98,6.27
03/01/2007,11.27,3.81,7.54
04/01/2007,10.27,7.29,8.78
05/01/2007,11.2,7.77,9.48
06/01/2007,9.93,4.13,7.03
07/01/2007,11.31,4.88,8.1
08/01/2007,12.54,5.05,8.79
09/01/2007,13.02,6.4,9.71
10/01/2007,11.58,9.48,10.53
11/01/2007,12.71,4.3,8.5
12/01/2007,12.24,6.64,9.44
13/01/2007,11.23,9.32,10.28
14/01/2007,9.48,3.75,6.62
15/01/2007,10.66,4.09,7.37
16/01/2007,11.24,7.29,9.27
17/01/2007,12.56,8.76,10.66
18/01/2007,12.57,6.13,9.35
19/01/2007,13.01,6.6,9.8
20/01/2007,9.75,8.02,8.88
21/01/2007,8.17,3.77,5.97
22/01/2007,4.57,1.87,3.22
23/01/2007,3.23,-1.38,0.93
24/01/2007,4.3,-2.06,1.12
25/01/2007,4.05,-1.61,1.22
26/01/2007,7.75,-2.41,2.67
27/01/2007,9.43,1.66,5.55
28/01/2007,9.38,2.57,5.98
29/01/2007,9.15,4.9,7.02
30/01/2007,7.84,5.8,6.82
31/01/2007,10.65,0.35,5.5
01/02/2007,11.83,4.74,8.28
02/02/2007,11.33,5.1,8.22
03/02/2007,9.72,-1.62,4.05
04/02/2007,9.11,-2.5,3.3
05/02/2007,4.24,-2.11,1.07
06/02/2007,5.05,-2.9,1.07
07/02/2007,3.41,-5.66,-1.12
08/02/2007,1.88,-3.39,-0.76
09/02/2007,3.76,-1.19,1.28
10/02/2007,9.39,0.27,4.83
11/02/2007,10.3,3.58,6.94
12/02/2007,9.67,6.7,8.19
13/02/2007,8.34,5.08,6.71
14/02/2007,9.39,6.36,7.87
15/02/2007,10.81,2.45,6.63
16/02/2007,10.65,6.6,8.63
17/02/2007,8.37,2.79,5.58
18/02/2007,8.4,4.93,6.67
19/02/2007,10.28,6.3,8.29
20/02/2007,11.45,7.93,9.69
21/02/2007,11.6,6.95,9.27
22/02/2007,10.56,7.32,8.94
23/02/2007,11.11,6.78,8.95
24/02/2007,10.84,7.25,9.05
25/02/2007,11.11,5.23,8.17
26/02/2007,10.17,6.58,8.38
27/02/2007,11.77,3.82,7.79
28/02/2007,10.22,6.78,8.5
01/03/2007,9.94,4.1,7.02
02/03/2007,10.75,0.06,5.41
03/03/2007,11.94,3.35,7.64
04/03/2007,10.86,3.65,7.25
05/03/2007,10.92,4.51,7.72
06/03/2007,13.01,6.35,9.68
07/03/2007,12.27,4.72,8.49
08/03/2007,12.65,2.19,7.42
09/03/2007,12.04,6.14,9.09
10/03/2007,13.14,3.43,8.29
11/03/2007,15.52,4.48,10
12/03/2007,13.85,6.57,10.21
13/03/2007,13.24,2.85,8.04
14/03/2007,12.95,2.06,7.5
15/03/2007,10.92,3.53,7.23
16/03/2007,12.24,3.28,7.76
17/03/2007,15,7.58,11.29
18/03/2007,8.35,5.36,6.86
19/03/2007,7.94,0.44,4.19
20/03/2007,5.66,0.71,3.19
21/03/2007,7.49,-1.74,2.87
22/03/2007,7.26,-1.28,2.99
23/03/2007,8,1.96,4.98
24/03/2007,7.41,2.4,4.91
25/03/2007,11.64,5.39,8.52
26/03/2007,14.82,3.03,8.92
27/03/2007,13.41,1.26,7.33
28/03/2007,14.97,1.52,8.24
29/03/2007,9.72,5.07,7.4
30/03/2007,9.85,1.03,5.44
31/03/2007,14.05,6.26,10.15
01/04/2007,15.47,4.73,10.1
02/04/2007,16.58,4.08,10.33
03/04/2007,9.55,3.93,6.74
04/04/2007,10.38,0.94,5.66
05/04/2007,18.28,0.88,9.58
06/04/2007,15.75,1.5,8.62
07/04/2007,14.8,2.49,8.64
08/04/2007,17.55,2.09,9.82
09/04/2007,16.22,4.13,10.17
10/04/2007,18.48,8.52,13.5
11/04/2007,18.3,5.07,11.68
12/04/2007,17.02,5.71,11.37
13/04/2007,15.45,5.92,10.68
14/04/2007,21.17,7.5,14.34
15/04/2007,22.38,7.5,14.94
16/04/2007,20.29,10.24,15.27
17/04/2007,15.34,9.77,12.56
18/04/2007,15.57,3.14,9.36
19/04/2007,19.02,2.92,10.97
20/04/2007,17.03,3.13,10.08
21/04/2007,18.95,3.86,11.4
22/04/2007,19.63,5.18,12.4
23/04/2007,15.88,7.61,11.75
24/04/2007,18.8,10.54,14.67
25/04/2007,17.44,11.12,14.28
26/04/2007,17.21,6.65,11.93
27/04/2007,14.8,7.56,11.18
28/04/2007,19.62,5.31,12.47
29/04/2007,17.31,6.3,11.8
30/04/2007,19.87,4.84,12.35
01/05/2007,22.02,5.12,13.57
02/05/2007,19.4,5.77,12.58
03/05/2007,14.83,5.54,10.18
04/05/2007,13.94,4.76,9.35
05/05/2007,15.1,6.35,10.72
06/05/2007,18.04,7.12,12.58
07/05/2007,18.44,9.6,14.02
08/05/2007,17.52,8.14,12.83
09/05/2007,14.38,8.08,11.23
10/05/2007,14.87,7.66,11.27
11/05/2007,14.92,5.76,10.34
12/05/2007,15.9,8.12,12.01
13/05/2007,13.8,8,10.9
14/05/2007,13.27,7.4,10.34
15/05/2007,16.47,4.96,10.72
16/05/2007,15.96,6.15,11.06
17/05/2007,20.19,10.35,15.27
18/05/2007,18,11.65,14.82
19/05/2007,16.2,7.13,11.66
20/05/2007,17.81,4.9,11.36
21/05/2007,16.54,8.02,12.28
22/05/2007,20.73,5.26,13
23/05/2007,22.89,7.37,15.13
24/05/2007,23.33,11.06,17.2
25/05/2007,17.83,10.69,14.26
26/05/2007,15.04,8.24,11.64
27/05/2007,10.05,6.88,8.46
28/05/2007,11.43,3.81,7.62
29/05/2007,15.01,1.96,8.49
30/05/2007,16.83,3.8,10.31
31/05/2007,18.12,7.15,12.64
01/06/2007,20.52,6.33,13.43
02/06/2007,23.16,8.15,15.66
03/06/2007,22.69,9.05,15.87
04/06/2007,18.83,11.44,15.14
05/06/2007,20.65,8.41,14.53
06/06/2007,15.97,8.66,12.32
07/06/2007,17.64,9.81,13.73
08/06/2007,19.99,11.58,15.78
09/06/2007,24.28,13.34,18.81
10/06/2007,23.31,12.36,17.84
11/06/2007,20.66,12.68,16.67
12/06/2007,21.87,14.47,18.17
13/06/2007,21.79,10.76,16.28
14/06/2007,20.45,14.24,17.34
15/06/2007,19.93,13.32,16.63
16/06/2007,19.16,12.38,15.77
17/06/2007,19.14,10.21,14.68
18/06/2007,19.82,11.48,15.65
19/06/2007,23.42,10.93,17.18
20/06/2007,20.09,12.2,16.15
21/06/2007,19.92,11.81,15.87
22/06/2007,18.32,12.86,15.59
23/06/2007,20.08,13.1,16.59
24/06/2007,15.66,11.37,13.52
25/06/2007,16.87,11.08,13.98
26/06/2007,16.44,8.95,12.69
27/06/2007,16.68,8.69,12.69
28/06/2007,18.57,6.05,12.31
29/06/2007,20.62,12.37,16.5
30/06/2007,18.55,12.5,15.53
01/07/2007,19.72,13.29,16.5
02/07/2007,19.76,12.85,16.31
03/07/2007,19.04,11.28,15.16
04/07/2007,18.22,11.74,14.98
05/07/2007,18.16,12.41,15.29
06/07/2007,18.07,12,15.03
07/07/2007,20.34,11.05,15.7
08/07/2007,20.74,8.68,14.71
09/07/2007,20.12,9.11,14.61
10/07/2007,18.43,10.79,14.61
11/07/2007,20.56,11.18,15.87
12/07/2007,22.17,12.98,17.58
13/07/2007,19.56,13.84,16.7
14/07/2007,22.09,14.63,18.36
15/07/2007,21.31,14.16,17.74
16/07/2007,21.41,15.33,18.37
17/07/2007,19.91,13.68,16.8
18/07/2007,22.09,13.23,17.66
19/07/2007,22.51,11.29,16.9
20/07/2007,16.72,13.27,14.99
21/07/2007,18.07,11.23,14.65
22/07/2007,19.53,9.66,14.59
23/07/2007,17.94,11.99,14.97
24/07/2007,21.11,11.36,16.24
25/07/2007,17.63,10.85,14.24
26/07/2007,17.75,13.69,15.72
27/07/2007,20.66,12.77,16.72
28/07/2007,21.13,11.44,16.29
29/07/2007,19.13,10.9,15.02
30/07/2007,19.18,8.47,13.82
31/07/2007,21.62,7.45,14.54
01/08/2007,22.9,10.68,16.79
02/08/2007,19.71,11.17,15.44
03/08/2007,23.4,10.18,16.79
04/08/2007,25.14,14.61,19.88
05/08/2007,28.12,11.79,19.95
06/08/2007,21.98,14.23,18.1
07/08/2007,20.19,9.8,14.99
08/08/2007,20.63,9.4,15.02
09/08/2007,21.23,9.08,15.15
10/08/2007,23.3,8.56,15.93
11/08/2007,24.49,10.98,17.74
12/08/2007,21.72,12.85,17.29
13/08/2007,20.36,11.01,15.68
14/08/2007,19.41,14.31,16.86
15/08/2007,20.99,14.9,17.94
16/08/2007,17.68,9.68,13.68
17/08/2007,19.06,9.08,14.07
18/08/2007,17.91,13.4,15.66
19/08/2007,16.83,13.88,15.35
20/08/2007,15.82,11.17,13.49
21/08/2007,16.72,11.17,13.94
22/08/2007,19.88,13.59,16.74
23/08/2007,23.57,12.8,18.19
24/08/2007,25.51,14.26,19.88
25/08/2007,23.68,11.84,17.76
26/08/2007,21.68,12.12,16.9
27/08/2007,18.64,9.83,14.23
28/08/2007,19.54,10.66,15.1
29/08/2007,19.22,10.19,14.7
30/08/2007,19.81,8.44,14.12
31/08/2007,18.32,11.88,15.1
01/09/2007,18.72,14.16,16.44
02/09/2007,20.69,11.64,16.16
03/09/2007,18.35,12.2,15.27
04/09/2007,19.13,6.34,12.74
05/09/2007,22.39,12.45,17.42
06/09/2007,22.79,11.81,17.3
07/09/2007,22.41,13.96,18.19
08/09/2007,17.53,10.49,14.01
09/09/2007,20.85,10.64,15.74
10/09/2007,20.1,12.51,16.31
11/09/2007,20.07,7.68,13.88
12/09/2007,20.41,8.46,14.43
13/09/2007,22.02,8.24,15.13
14/09/2007,20,11.99,15.99
15/09/2007,20.29,6.58,13.43
16/09/2007,19.64,7.12,13.38
17/09/2007,14.97,10.1,12.54
18/09/2007,14.8,4.7,9.75
19/09/2007,17.7,7.69,12.69
20/09/2007,18.46,12.78,15.62
21/09/2007,17.99,13.78,15.89
22/09/2007,21.01,13.08,17.04
23/09/2007,19.15,12.14,15.64
24/09/2007,16.72,11.7,14.21
25/09/2007,16.68,8.76,12.72
26/09/2007,12.15,6.39,9.27
27/09/2007,12.31,4.99,8.65
28/09/2007,13.85,9.4,11.63
29/09/2007,16.89,11.2,14.04
30/09/2007,14.93,4.93,9.93
01/10/2007,13.52,10.94,12.23
02/10/2007,13.89,10.97,12.43
03/10/2007,16.54,11.85,14.2
04/10/2007,16.99,10.87,13.93
05/10/2007,16.72,4.62,10.67
06/10/2007,15.98,6.27,11.13
07/10/2007,14.85,9.17,12.01
08/10/2007,14.62,10.42,12.52
09/10/2007,14.14,7.26,10.7
10/10/2007,16.58,10.48,13.53
11/10/2007,16.91,6.95,11.93
12/10/2007,16.45,8.48,12.46
13/10/2007,17.77,12.55,15.16
14/10/2007,16.92,11.65,14.29
15/10/2007,16.83,10.24,13.54
16/10/2007,16.65,10.73,13.69
17/10/2007,13.61,7.86,10.74
18/10/2007,12.63,2.83,7.73
19/10/2007,12.8,1.15,6.97
20/10/2007,13.73,1.67,7.7
21/10/2007,13.06,0.12,6.59
22/10/2007,11.41,4.78,8.09
23/10/2007,11.37,1.56,6.46
24/10/2007,10.39,2.35,6.37
25/10/2007,9.7,7.59,8.65
26/10/2007,12.32,8.33,10.33
27/10/2007,14.71,8.84,11.77
28/10/2007,15.27,12.27,13.77
29/10/2007,12.9,8.6,10.75
30/10/2007,13.76,5.51,9.63
31/10/2007,15.14,6.22,10.68
01/11/2007,16.33,6.34,11.34
02/11/2007,16.28,6.95,11.62
03/11/2007,15.15,5.91,10.53
04/11/2007,10.44,4.36,7.4
05/11/2007,11.51,0.88,6.19
06/11/2007,11.34,4.13,7.74
07/11/2007,14.09,5.54,9.82
08/11/2007,14,9.34,11.67
09/11/2007,11.33,5.13,8.23
10/11/2007,13.56,6.51,10.03
11/11/2007,11.72,9.07,10.39
12/11/2007,7.3,-0.89,3.21
13/11/2007,10.62,0.47,5.54
14/11/2007,8.74,5.3,7.02
15/11/2007,7.81,-2.05,2.88
16/11/2007,7.67,-2.89,2.39
17/11/2007,7.97,-0.17,3.9
18/11/2007,6.99,4.52,5.75
19/11/2007,9.99,1.06,5.53
20/11/2007,9.45,3.14,6.3
21/11/2007,9.41,5.34,7.38
22/11/2007,8.8,4.9,6.85
23/11/2007,7.76,1.24,4.5
24/11/2007,7.83,-2.59,2.62
25/11/2007,9.56,0.86,5.21
26/11/2007,9.14,6.3,7.72
27/11/2007,10.03,6.73,8.38
28/11/2007,11.1,6.99,9.04
29/11/2007,11.37,6.81,9.09
30/11/2007,13.32,4.17,8.75
01/12/2007,10.12,5.33,7.72
02/12/2007,12.22,4.91,8.56
03/12/2007,9.9,5.24,7.57
04/12/2007,13.12,5.59,9.35
05/12/2007,13.48,8.1,10.79
06/12/2007,13.91,8.55,11.23
07/12/2007,9.03,6.9,7.97
08/12/2007,11.44,3.56,7.5
09/12/2007,8.52,4.48,6.5
10/12/2007,6.84,4.9,5.87
11/12/2007,5.34,-1.56,1.89
12/12/2007,5.34,-3.17,1.09
13/12/2007,5.53,-3.13,1.2
14/12/2007,3.5,-1.53,0.98
15/12/2007,3.46,0.58,2.02
16/12/2007,2.98,-2.4,0.29
17/12/2007,3.69,-2.4,0.65
18/12/2007,3.95,1.09,2.52
19/12/2007,4.84,2.02,3.43
20/12/2007,2.59,-5.48,-1.45
21/12/2007,2.83,-5.28,-1.23
22/12/2007,6.76,-2.47,2.14
23/12/2007,7.71,-2.51,2.6
24/12/2007,9.87,-2.04,3.92
25/12/2007,8.42,7.7,8.06
26/12/2007,11.08,2.7,6.89
27/12/2007,12.18,4.06,8.12
28/12/2007,11.01,9.63,10.32
29/12/2007,8.17,4.35,6.26
30/12/2007,7.65,3.15,5.4
31/12/2007,8.16,4.35,6.25
01/01/2008,8.55,5.72,7.13
02/01/2008,5.01,4.69,4.85
03/01/2008,3.83,0,1.92
04/01/2008,7.93,0.49,4.21
05/01/2008,7.58,3.76,5.67
06/01/2008,8.97,1.65,5.31
07/01/2008,8.4,2.42,5.41
08/01/2008,10.56,3.99,7.28
09/01/2008,10.08,3.6,6.84
10/01/2008,10.99,3.85,7.42
11/01/2008,8.34,4.84,6.59
12/01/2008,10.17,1.16,5.67
13/01/2008,10.43,3.23,6.83
14/01/2008,9.96,6.51,8.24
15/01/2008,11.86,6.7,9.28
16/01/2008,7.61,3.13,5.37
17/01/2008,11.35,1.07,6.21
18/01/2008,12.59,6.01,9.3
19/01/2008,12.41,7.9,10.16
20/01/2008,12.9,11.61,12.26
21/01/2008,11.07,10.18,10.63
22/01/2008,10.7,1.07,5.89
23/01/2008,11.87,2.07,6.97
24/01/2008,9.2,9.04,9.12
25/01/2008,9.75,3.53,6.64
26/01/2008,10.69,5.63,8.16
27/01/2008,10.91,4.68,7.79
28/01/2008,7.87,3.96,5.92
29/01/2008,11.46,3.95,7.71
30/01/2008,8.23,2.43,5.33
31/01/2008,8.53,3.36,5.94
01/02/2008,7.47,3.41,5.44
02/02/2008,6.31,-1.17,2.57
03/02/2008,7.16,1.98,4.57
04/02/2008,10.23,1.63,5.93
05/02/2008,12.46,3.46,7.96
06/02/2008,11.89,6.18,9.04
07/02/2008,10.19,2.59,6.39
08/02/2008,12.1,4.85,8.47
09/02/2008,13.12,1.6,7.36
10/02/2008,12.1,-1.18,5.46
11/02/2008,12.79,-1.62,5.59
12/02/2008,13.19,-0.29,6.45
13/02/2008,11.4,-0.2,5.6
14/02/2008,4.41,-0.22,2.1
15/02/2008,6.22,2.02,4.12
16/02/2008,5.55,-2.85,1.35
17/02/2008,8.05,-5.41,1.32
18/02/2008,9.7,-4.45,2.63
19/02/2008,5.06,-3.81,0.63
20/02/2008,7.58,-1.88,2.85
21/02/2008,10.3,0.5,5.4
22/02/2008,11.58,7.5,9.54
23/02/2008,11.23,7.19,9.21
24/02/2008,11.55,8.13,9.84
25/02/2008,10.55,0.21,5.38
26/02/2008,11.77,4.34,8.06
27/02/2008,11.72,3.74,7.73
28/02/2008,10.69,0.83,5.76
29/02/2008,11.91,1.23,6.57
01/03/2008,12.33,5.32,8.82
02/03/2008,10.71,8.45,9.58
03/03/2008,8.45,1.52,4.98
04/03/2008,8.57,-0.43,4.07
05/03/2008,9.76,-3.08,3.34
06/03/2008,11.54,2.73,7.13
07/03/2008,11.16,4.58,7.87
08/03/2008,10.96,4,7.48
09/03/2008,10.65,3.94,7.3
10/03/2008,7.93,2.85,5.39
11/03/2008,13.31,4.36,8.83
12/03/2008,10.06,4.81,7.44
13/03/2008,10.19,3.99,7.09
14/03/2008,11.09,6.06,8.58
15/03/2008,12.92,7.24,10.08
16/03/2008,7.26,6.54,6.9
17/03/2008,7.79,3.67,5.73
18/03/2008,6.88,-0.41,3.24
19/03/2008,8.34,0.06,4.2
20/03/2008,10.39,1.22,5.8
21/03/2008,8.88,3.72,6.3
22/03/2008,5.75,1.25,3.5
23/03/2008,5.81,-1.41,2.2
24/03/2008,5.72,0.46,3.09
25/03/2008,7.39,0.63,4.01
26/03/2008,11.23,3.24,7.24
27/03/2008,11.5,0.85,6.18
28/03/2008,12.12,4.08,8.1
29/03/2008,10.57,4.02,7.29
30/03/2008,13.09,5.75,9.42
31/03/2008,12.7,4.59,8.64
01/04/2008,15.04,7.47,11.25
02/04/2008,13.76,6.19,9.98
03/04/2008,15.78,9.61,12.7
04/04/2008,15.24,6.42,10.83
05/04/2008,9.79,4.52,7.16
06/04/2008,5.47,-1.13,2.17
07/04/2008,8.6,-0.3,4.15
08/04/2008,10.69,-1.11,4.79
09/04/2008,10.78,-0.39,5.19
10/04/2008,11.77,0.91,6.34
11/04/2008,10.86,2.89,6.88
12/04/2008,12.57,4.06,8.32
13/04/2008,12.02,2.73,7.37
14/04/2008,11.59,1.57,6.58
15/04/2008,12.09,-0.47,5.81
16/04/2008,10.85,-0.5,5.17
17/04/2008,10.58,2.62,6.6
18/04/2008,10.23,2.61,6.42
19/04/2008,8.65,6.16,7.41
20/04/2008,11.45,6.85,9.15
21/04/2008,13.1,7.11,10.1
22/04/2008,17.2,5.26,11.23
23/04/2008,17.35,7.7,12.53
24/04/2008,15.34,6.71,11.03
25/04/2008,16.76,7.26,12.01
26/04/2008,18.83,6.16,12.5
27/04/2008,18.13,10.77,14.45
28/04/2008,13.73,5.98,9.86
29/04/2008,11.78,4.77,8.28
30/04/2008,11.07,5.29,8.18
01/05/2008,14.2,6.08,10.14
02/05/2008,15.29,5.62,10.46
03/05/2008,19.13,6.92,13.03
04/05/2008,19.33,14.02,16.67
05/05/2008,20.79,12.97,16.88
06/05/2008,21.97,7.42,14.7
07/05/2008,23.91,9.58,16.74
08/05/2008,23.76,10.19,16.97
09/05/2008,23.22,13.26,18.24
10/05/2008,23.98,13.34,18.66
11/05/2008,25.56,11.84,18.7
12/05/2008,23.29,9.6,16.44
13/05/2008,19.7,9.53,14.61
14/05/2008,18.29,9.89,14.09
15/05/2008,13.36,8.82,11.09
16/05/2008,12.96,8.47,10.71
17/05/2008,14.11,9.53,11.82
18/05/2008,14.45,6.77,10.61
19/05/2008,13.29,1.92,7.6
20/05/2008,14.29,2.74,8.52
21/05/2008,18.24,3.42,10.83
22/05/2008,20.13,6.36,13.24
23/05/2008,18.12,10.78,14.45
24/05/2008,18.31,10.5,14.4
25/05/2008,12.84,10.52,11.68
26/05/2008,11.09,10.03,10.56
27/05/2008,15.61,8.78,12.19
28/05/2008,16.99,11.04,14.01
29/05/2008,20.37,9.93,15.15
30/05/2008,18,12.31,15.15
31/05/2008,19.51,12.24,15.88
01/06/2008,17.38,12.83,15.1
02/06/2008,17.76,12.58,15.17
03/06/2008,15.85,12.84,14.35
04/06/2008,18.56,10.37,14.46
05/06/2008,19.39,8.09,13.74
06/06/2008,20.11,7.99,14.05
07/06/2008,19.81,7.93,13.87
08/06/2008,24.12,12.21,18.16
09/06/2008,25.3,12.03,18.67
10/06/2008,21.94,13.44,17.69
11/06/2008,19.44,9.78,14.61
12/06/2008,15.09,10.11,12.6
13/06/2008,15.6,6.92,11.26
14/06/2008,18.53,7.1,12.81
15/06/2008,17.43,7.47,12.45
16/06/2008,18.65,6.69,12.67
17/06/2008,19.07,10.32,14.69
18/06/2008,16.99,10.62,13.8
19/06/2008,19.5,12.49,15.99
20/06/2008,19.34,10.78,15.06
21/06/2008,18.35,11.2,14.78
22/06/2008,18.62,13.93,16.28
23/06/2008,20.11,10.37,15.24
24/06/2008,21.04,9.07,15.06
25/06/2008,20.06,13.94,17
26/06/2008,20.19,9.78,14.99
27/06/2008,19.31,11.56,15.43
28/06/2008,20.33,15.24,17.79
29/06/2008,19.71,11.25,15.48
30/06/2008,20.92,9.91,15.41
01/07/2008,25.06,10.54,17.8
02/07/2008,17.84,11.95,14.9
03/07/2008,19.94,12.33,16.14
04/07/2008,20.39,7.73,14.06
05/07/2008,19.99,14.51,17.25
06/07/2008,18.31,13.17,15.74
07/07/2008,19.1,12.08,15.59
08/07/2008,18.19,11.78,14.99
09/07/2008,16.88,11.02,13.95
10/07/2008,19.65,12.59,16.12
11/07/2008,19.86,11.63,15.75
12/07/2008,17.2,9.1,13.15
13/07/2008,20.2,8.48,14.34
14/07/2008,20.2,11.41,15.81
15/07/2008,23.75,15.64,19.7
16/07/2008,19.12,13.45,16.29
17/07/2008,18.59,12.72,15.65
18/07/2008,19.25,12.75,16
19/07/2008,19.63,14.55,17.09
20/07/2008,18.59,9.74,14.17
21/07/2008,20.37,8.42,14.4
22/07/2008,23.35,9.54,16.44
23/07/2008,23.96,13.69,18.83
24/07/2008,25.91,13.23,19.57
25/07/2008,23.4,14.09,18.75
26/07/2008,25.51,13.65,19.58
27/07/2008,27.7,14.22,20.96
28/07/2008,27.7,15.62,21.66
29/07/2008,21.21,14.5,17.86
30/07/2008,24.67,13.34,19
31/07/2008,23.41,14.59,19
01/08/2008,21.35,13.71,17.53
02/08/2008,22.31,15.29,18.8
03/08/2008,20.51,14.47,17.49
04/08/2008,20.11,11.5,15.8
05/08/2008,20.05,13,16.52
06/08/2008,22.71,15,18.85
07/08/2008,23.3,15.72,19.51
08/08/2008,19.51,14.19,16.85
09/08/2008,17.36,12,14.68
10/08/2008,20.22,13.62,16.92
11/08/2008,18.55,13.69,16.12
12/08/2008,19.57,13.08,16.32
13/08/2008,17.26,10.73,13.99
14/08/2008,20.01,9.8,14.91
15/08/2008,19.94,8.49,14.21
16/08/2008,18.78,12.3,15.54
17/08/2008,19.66,13.29,16.47
18/08/2008,18.1,13.09,15.6
19/08/2008,17.66,14.05,15.85
20/08/2008,19.5,14.43,16.96
21/08/2008,20.22,14.28,17.25
22/08/2008,19.25,12.75,16
23/08/2008,20.04,8.98,14.51
24/08/2008,19.75,13.23,16.49
25/08/2008,20.83,13.76,17.3
26/08/2008,18.94,15.28,17.11
27/08/2008,19.28,15.44,17.36
28/08/2008,21.07,15.37,18.22
29/08/2008,22.29,16.35,19.32
30/08/2008,24.69,17.72,21.2
31/08/2008,18.91,11.73,15.32
01/09/2008,19.17,10.7,14.93
02/09/2008,18.07,12.35,15.21
03/09/2008,17.43,10.29,13.86
04/09/2008,16.04,11.79,13.92
05/09/2008,16,12.92,14.46
06/09/2008,17.41,12.61,15.01
07/09/2008,16.16,12.74,14.45
08/09/2008,16.32,12.24,14.28
09/09/2008,16.71,12.06,14.38
10/09/2008,19.7,11.97,15.84
11/09/2008,18.25,13.19,15.72
12/09/2008,15.3,10.8,13.05
13/09/2008,18.9,11.52,15.21
14/09/2008,17.58,8.84,13.21
15/09/2008,16.13,8.39,12.26
16/09/2008,15.91,8.14,12.03
17/09/2008,17.29,10.26,13.77
18/09/2008,17.54,6.5,12.02
19/09/2008,19.3,7.6,13.45
20/09/2008,18.57,6.17,12.37
21/09/2008,18.74,5.65,12.2
22/09/2008,18.28,8.42,13.35
23/09/2008,15.9,11.58,13.74
24/09/2008,17.07,10.98,14.03
25/09/2008,18.04,12.18,15.11
26/09/2008,17.13,6.84,11.99
27/09/2008,16.45,6.44,11.45
28/09/2008,15.74,4.88,10.31
29/09/2008,14.71,7.61,11.16
30/09/2008,14.41,11.11,12.76
01/10/2008,14.23,11.05,12.64
02/10/2008,12.7,5.6,9.15
03/10/2008,12.11,6.05,9.08
04/10/2008,15.32,2.72,9.02
05/10/2008,15.29,9.17,12.23
06/10/2008,16.43,5.26,10.84
07/10/2008,16.94,6.9,11.92
08/10/2008,15.04,4.14,9.59
09/10/2008,16.63,2.5,9.57
10/10/2008,17.86,7.07,12.46
11/10/2008,18.31,9.17,13.74
12/10/2008,20.5,6.97,13.74
13/10/2008,15.93,9.32,12.63
14/10/2008,17.27,10.56,13.91
15/10/2008,15.56,11.88,13.72
16/10/2008,12.05,6.83,9.44
17/10/2008,13.9,3.36,8.63
18/10/2008,13.63,6.2,9.91
19/10/2008,14.04,6.37,10.2
20/10/2008,15.46,10,12.73
21/10/2008,13.7,5.06,9.38
22/10/2008,13.3,2.42,7.86
23/10/2008,13.87,5.93,9.9
24/10/2008,12.56,9.03,10.8
25/10/2008,14.31,3.23,8.77
26/10/2008,12.47,4.53,8.5
27/10/2008,10.39,3.27,6.83
28/10/2008,8.25,-0.1,4.08
29/10/2008,6.98,-3.16,1.91
30/10/2008,7.38,0.51,3.95
31/10/2008,7.73,0.37,4.05
01/11/2008,7.9,-0.49,3.71
02/11/2008,8.98,5.07,7.03
03/11/2008,10.25,7.94,9.09
04/11/2008,10.44,8.82,9.63
05/11/2008,10.15,8.65,9.4
06/11/2008,9.86,8.08,8.97
07/11/2008,12.05,7.87,9.96
08/11/2008,12.93,6.78,9.85
09/11/2008,11.16,4.78,7.97
10/11/2008,8.26,6.15,7.2
11/11/2008,10.08,5.79,7.93
12/11/2008,9.51,3.19,6.35
13/11/2008,10.85,3.17,7.01
14/11/2008,13.5,6.29,9.89
15/11/2008,13.79,9.17,11.48
16/11/2008,12.4,9.7,11.05
17/11/2008,9.84,1.92,5.88
18/11/2008,10.86,5.55,8.2
19/11/2008,12.49,5,8.74
20/11/2008,12.51,6.13,9.32
21/11/2008,8.46,7.18,7.82
22/11/2008,6.11,1.57,3.84
23/11/2008,8.38,-2.03,3.18
24/11/2008,7.16,0.99,4.07
25/11/2008,6.21,1.08,3.65
26/11/2008,9.51,-0.43,4.54
27/11/2008,11.2,5.34,8.27
28/11/2008,5.09,1.32,3.2
29/11/2008,3.45,-0.78,1.34
30/11/2008,4.07,-0.18,1.95
01/12/2008,3.98,-0.07,1.91
02/12/2008,4.32,-0.64,2.04
03/12/2008,7.74,-1.74,2.59
04/12/2008,8.49,-0.41,3.76
05/12/2008,7.43,0.76,4.35
06/12/2008,7.43,1.4,4.25
07/12/2008,4.91,-3.31,1.32
08/12/2008,6.29,-1.92,1.99
09/12/2008,5.63,1.11,2.86
10/12/2008,4.15,-1.73,1.14
11/12/2008,3.55,-0.42,1.69
12/12/2008,8.02,-1.79,2.58
13/12/2008,6.9,1.02,3.82
14/12/2008,5.03,1.18,3.02
15/12/2008,5.02,2.35,3.54
16/12/2008,8.02,0.16,4.25
17/12/2008,9.5,0.33,5.02
18/12/2008,10.62,2.8,6.53
19/12/2008,10.74,1.78,6.39
20/12/2008,11.52,2.02,6.57
21/12/2008,10.91,8.56,9.76
22/12/2008,11.34,9.2,8.94
23/12/2008,8.24,7.66,7.74
24/12/2008,7.72,6.45,6.46
25/12/2008,6.44,5,4.57
26/12/2008,3.84,1.16,1.73
27/12/2008,1.98,-0.23,0.97
28/12/2008,2.26,0.39,1.93
29/12/2008,3.16,-1.48,-0.26
30/12/2008,1.13,-3.24,-1.29
31/12/2008,0.37,-3.86,-1.14
01/01/2009,1.55,-1.87,1.3
02/01/2009,4.75,-1.59,0.58
03/01/2009,2.53,-4.84,-1.65
04/01/2009,1.26,-5.84,-2.32
05/01/2009,2.29,-4.83,-1.28
06/01/2009,0.36,-6.53,-3.15
07/01/2009,1.89,-7.04,-3.09
08/01/2009,3.77,-0.33,1.86
09/01/2009,-2.09,-3.28,-2.05
10/01/2009,4.84,-4.58,-0.1
11/01/2009,8.83,-3.78,2.53
12/01/2009,9.2,4.83,7.23
13/01/2009,8.49,5.73,7.15
14/01/2009,8.13,-1.26,2.72
15/01/2009,8.04,-0.98,3.13
16/01/2009,9.09,4.5,6.94
17/01/2009,9.14,5.95,7.47
18/01/2009,6.22,2.95,4.72
19/01/2009,6.46,1.81,5.6
20/01/2009,6.53,1.31,3.84
21/01/2009,8.82,-0.93,3.98
22/01/2009,9.31,0.6,5.93
23/01/2009,6.26,2.99,4.94
24/01/2009,7.29,-1.43,2.9
25/01/2009,7.55,-0.55,3.53
26/01/2009,7.42,3.96,6.23
27/01/2009,7.34,-1.25,2.98
28/01/2009,7.56,2.81,5.21
29/01/2009,4.64,2.73,3.76
30/01/2009,6.39,1.4,3.72
31/01/2009,4.88,2.92,4.37
01/02/2009,1.67,-0.33,0.78
02/02/2009,-0.06,-3.43,-1.65
03/02/2009,2.67,-3.53,-1.13
04/02/2009,3.65,-1.79,0.54
05/02/2009,1.26,-1.29,0.14
06/02/2009,1.28,-0.11,0.6
07/02/2009,3.3,-4.22,-0.71
08/02/2009,3.95,-1.87,0.2
09/02/2009,4.05,-0.26,1.38
10/02/2009,6.13,0.52,3.1
11/02/2009,7.25,-1.06,2.46
12/02/2009,5.18,-3.51,0.82
13/02/2009,5.57,-0.91,2.76
14/02/2009,7.61,-3.11,1.29
15/02/2009,7.78,2.24,5.12
16/02/2009,10.57,3,6.95
17/02/2009,9.91,3.76,6.71
18/02/2009,8,6.82,7.67
19/02/2009,9.36,4.9,7.08
20/02/2009,9.83,3.92,6.7
21/02/2009,12.1,2.53,7.16
22/02/2009,11.83,3.2,7.19
23/02/2009,10.03,7.1,8.39
24/02/2009,9.98,7.3,8.77
25/02/2009,10.15,7.25,8.35
26/02/2009,8.95,4.81,6.9
27/02/2009,12.71,5.44,9.12
28/02/2009,9.11,6.17,7.64
01/03/2009,10.94,1.9,6.42
02/03/2009,10.82,0.03,5.43
03/03/2009,9.49,5.01,7.25
04/03/2009,7.21,0.58,3.9
05/03/2009,7.3,-0.07,3.61
06/03/2009,9.74,-2.08,3.83
07/03/2009,11.65,3.43,7.54
08/03/2009,9.03,4.41,6.72
09/03/2009,10,1.87,5.93
10/03/2009,11.03,5.94,8.49
11/03/2009,12.57,-0.34,6.12
12/03/2009,11.55,5.23,8.39
13/03/2009,10.31,5.72,8.01
14/03/2009,12.09,7.12,9.61
15/03/2009,13.57,2.14,7.85
16/03/2009,15.02,1.21,8.11
17/03/2009,13.98,2.61,8.29
18/03/2009,14.86,3.06,8.96
19/03/2009,14.01,0.85,7.43
20/03/2009,13.01,2.47,7.74
21/03/2009,14.3,-0.46,6.92
22/03/2009,14.43,4.62,9.53
23/03/2009,12.2,4.92,8.56
24/03/2009,11,2.77,6.89
25/03/2009,11.7,5.96,8.83
26/03/2009,12.87,5.92,9.39
27/03/2009,9.84,3.14,6.49
28/03/2009,9.75,2.2,5.98
29/03/2009,9.66,-0.81,4.43
30/03/2009,12.05,-0.99,5.53
31/03/2009,13.36,6.27,9.82
01/04/2009,15.25,2.84,9.04
02/04/2009,13.2,5.4,9.3
03/04/2009,14.45,4.69,9.57
04/04/2009,14.64,5.22,9.93
05/04/2009,13.86,1.4,7.63
06/04/2009,15.29,4.22,9.76
07/04/2009,13.81,6.92,10.36
08/04/2009,14.3,7.55,10.92
09/04/2009,13.59,6.55,10.07
10/04/2009,11.79,9.37,10.58
11/04/2009,11.83,7.38,9.61
12/04/2009,11.24,7.73,9.48
13/04/2009,15.59,6.05,10.82
14/04/2009,16.36,4.7,10.53
15/04/2009,19.79,8.88,14.34
16/04/2009,13.48,9.95,11.71
17/04/2009,10.97,7.97,9.47
18/04/2009,13.96,4.64,9.3
19/04/2009,14.89,5.39,10.14
20/04/2009,17.6,3.95,10.77
21/04/2009,18.31,4.12,11.21
22/04/2009,17.13,4.33,10.73
23/04/2009,17.46,6.81,12.13
24/04/2009,17.01,8.54,12.78
25/04/2009,14.45,8.7,11.57
26/04/2009,15.58,3.87,9.72
27/04/2009,10.53,5.21,7.87
28/04/2009,13.35,1.61,7.48
29/04/2009,15.79,1.44,8.62
30/04/2009,14.55,8.42,11.48
01/05/2009,17.61,10.18,13.9
02/05/2009,16.57,6.26,11.41
03/05/2009,13.68,7.83,10.76
04/05/2009,13.54,2.5,8.02
05/05/2009,17.55,10.12,13.83
06/05/2009,17.1,11.1,14.1
07/05/2009,15.37,9.4,12.39
08/05/2009,14.24,7.87,11.05
09/05/2009,14.89,5.96,10.43
10/05/2009,18.11,3.19,10.65
11/05/2009,15.77,7.11,11.44
12/05/2009,16.87,6.17,11.52
13/05/2009,14.03,8.9,11.47
14/05/2009,15.53,10.67,13.1
15/05/2009,14.85,11.52,13.19
16/05/2009,14.93,6.41,10.67
17/05/2009,13.29,6.44,9.87
18/05/2009,14.74,8.54,11.64
19/05/2009,15.55,9.04,12.29
20/05/2009,17.15,7.63,12.39
21/05/2009,16.91,8.62,12.76
22/05/2009,17.24,6.38,11.81
23/05/2009,20.24,7.22,13.73
24/05/2009,22.12,6.28,14.2
25/05/2009,21.67,10.38,16.02
26/05/2009,16,11.01,13.5
27/05/2009,17.56,8.03,12.8
28/05/2009,21.16,10.64,15.9
29/05/2009,23.77,10.11,16.94
30/05/2009,22.17,8.33,15.25
31/05/2009,23.79,9.47,16.63
01/06/2009,24.27,10.72,17.49
02/06/2009,24.32,8.56,16.44
03/06/2009,18.54,11.58,15.06
04/06/2009,17.81,4.75,11.28
05/06/2009,15.11,8.98,12.05
06/06/2009,12.45,9.51,10.98
07/06/2009,15.38,7.61,11.5
08/06/2009,15.89,7.41,11.65
09/06/2009,15.18,10.11,12.65
10/06/2009,16.36,10.29,13.32
11/06/2009,18.26,9.83,14.04
12/06/2009,18.32,5.04,11.68
13/06/2009,22.13,13.49,17.81
14/06/2009,21.42,11.37,16.4
15/06/2009,21.27,11.31,16.29
16/06/2009,21.77,8.84,15.3
17/06/2009,19.62,11.14,15.38
18/06/2009,17.15,9.03,13.09
19/06/2009,18.17,9.06,13.61
20/06/2009,18.34,10.05,14.2
21/06/2009,18.28,10.36,14.32
22/06/2009,21.11,9.63,15.37
23/06/2009,23.58,13.62,18.6
24/06/2009,23.48,8.93,16.21
25/06/2009,25.56,12.14,18.85
26/06/2009,20.32,13.8,17.06
27/06/2009,24.43,12.62,18.52
28/06/2009,25.45,13.65,19.55
29/06/2009,28.67,16.87,22.77
30/06/2009,27.99,15.59,21.79
01/07/2009,29.85,18.66,24.25
02/07/2009,28.97,15.62,22.3
03/07/2009,23.92,17.61,20.77
04/07/2009,23.78,11.73,17.76
05/07/2009,23.1,14.58,18.84
06/07/2009,19.95,13.33,16.64
07/07/2009,19.02,12.3,15.66
08/07/2009,18.79,11.68,15.24
09/07/2009,17.42,8.95,13.18
10/07/2009,20,8.7,14.35
11/07/2009,21.4,14.12,17.76
12/07/2009,21.5,14.61,18.05
13/07/2009,20.99,12.8,16.89
14/07/2009,21.46,12.15,16.81
15/07/2009,21.66,14.41,18.04
16/07/2009,20.98,12.36,16.67
17/07/2009,17.13,13.8,15.46
18/07/2009,19.19,12.76,15.98
19/07/2009,18.42,12.63,15.52
20/07/2009,19.17,10.97,15.07
21/07/2009,19.22,13.59,16.41
22/07/2009,20.53,13.18,16.85
23/07/2009,21.36,12.74,17.05
24/07/2009,19.13,12.29,15.71
25/07/2009,22.57,11.67,17.12
26/07/2009,18.67,12.44,15.55
27/07/2009,20.25,12.45,16.35
28/07/2009,20.2,11.09,15.65
29/07/2009,17.17,14.39,15.78
30/07/2009,18.5,11.13,14.81
31/07/2009,20.52,10.49,15.5
01/08/2009,18.1,13.38,15.74
02/08/2009,19.87,9.35,14.61
03/08/2009,20.79,11.29,16.04
04/08/2009,19.87,16.19,18.03
05/08/2009,22.68,17.47,20.07
06/08/2009,20.99,14.61,17.8
07/08/2009,21.96,14.16,18.06
08/08/2009,22.45,10.87,16.66
09/08/2009,23.62,11.53,17.57
10/08/2009,19.16,13.79,16.48
11/08/2009,24.28,15.08,19.68
12/08/2009,21.57,15.42,18.5
13/08/2009,21.41,15.63,18.52
14/08/2009,21.88,11.59,16.73
15/08/2009,22.37,16.48,19.43
16/08/2009,21.5,14.33,17.92
17/08/2009,21.61,12.57,17.09
18/08/2009,21.35,11.53,16.44
19/08/2009,26.67,13.48,20.07
20/08/2009,21.65,16.12,18.89
21/08/2009,18.33,11.68,15.01
22/08/2009,20.98,8.85,14.92
23/08/2009,24.61,13.85,19.23
24/08/2009,21.57,13.57,17.57
25/08/2009,19.85,9.8,14.83
26/08/2009,19.36,13.33,16.34
27/08/2009,21.61,14.92,18.26
28/08/2009,18.37,11.47,14.92
29/08/2009,18.46,9.19,13.82
30/08/2009,17.83,9.24,13.53
31/08/2009,23.24,15.28,19.26
01/09/2009,19.84,12.84,16.34
02/09/2009,17.38,12.25,14.81
03/09/2009,16.94,12.95,14.95
04/09/2009,17.4,9.69,13.54
05/09/2009,17.62,9.05,13.33
06/09/2009,18.08,12.52,15.3
07/09/2009,20.01,13.91,16.96
08/09/2009,24.07,17.12,20.6
09/09/2009,19.38,12.83,16.11
10/09/2009,18.69,7.01,12.85
11/09/2009,19.6,8.32,13.96
12/09/2009,20.94,9.87,15.4
13/09/2009,17.46,8.62,13.04
14/09/2009,18.1,12.17,15.13
15/09/2009,16.94,12.62,14.78
16/09/2009,18.33,13.08,15.71
17/09/2009,15.66,9.83,12.74
18/09/2009,18.52,9.98,14.25
19/09/2009,22.03,11.75,16.89
20/09/2009,19.23,12.83,16.03
21/09/2009,18.44,8.27,13.35
22/09/2009,19.16,11.97,15.57
23/09/2009,17.26,12.96,15.11
24/09/2009,18.17,6.86,12.52
25/09/2009,17.95,6.31,12.13
26/09/2009,18.93,7.28,13.11
27/09/2009,19.43,6.9,13.17
28/09/2009,18.25,10.91,14.58
29/09/2009,19.92,9.9,14.91
30/09/2009,17.87,12.19,15.03
01/10/2009,16.03,10.64,13.33
02/10/2009,15.64,5.74,10.69
03/10/2009,16.03,11.38,13.7
04/10/2009,15.41,6.91,11.16
05/10/2009,16.44,9.14,12.79
06/10/2009,19.04,11.33,15.18
07/10/2009,11.46,10.21,10.83
08/10/2009,14.29,3.77,9.03
09/10/2009,13.33,4.48,8.91
10/10/2009,17.46,9.5,13.48
11/10/2009,15.63,11,13.31
12/10/2009,14.6,5.44,10.02
13/10/2009,15.56,2.21,8.88
14/10/2009,16.05,7.75,11.9
15/10/2009,12.59,9.44,11.01
16/10/2009,13.43,9.9,11.67
17/10/2009,11.61,4.99,8.3
18/10/2009,11.39,1.7,6.55
19/10/2009,12.62,4.57,8.6
20/10/2009,12.19,6.23,9.21
21/10/2009,14.41,8.77,11.59
22/10/2009,14.32,9.74,12.03
23/10/2009,15.81,7.66,11.74
24/10/2009,17.48,11.6,14.54
25/10/2009,15.8,11.21,13.51
26/10/2009,15.34,9.17,12.25
27/10/2009,16.89,10.2,13.54
28/10/2009,17.83,10.83,14.33
29/10/2009,16.12,7.77,11.94
30/10/2009,15.02,10.65,12.84
31/10/2009,16.43,11.58,14
01/11/2009,16.38,11.54,13.96
02/11/2009,11.75,4.75,8.25
03/11/2009,12.91,7.22,10.07
04/11/2009,11.44,5.15,8.29
05/11/2009,11.86,6.98,9.42
06/11/2009,10.84,7.71,9.27
07/11/2009,10.21,3.03,6.62
08/11/2009,9.45,4.49,6.97
09/11/2009,6.7,2.27,4.49
10/11/2009,7.56,3.04,5.3
11/11/2009,9.47,4.61,7.04
12/11/2009,12.92,6.39,9.65
13/11/2009,14.38,8.65,11.51
14/11/2009,11.84,9.4,10.62
15/11/2009,13.06,6.18,9.62
16/11/2009,12.72,7.45,10.09
17/11/2009,12.43,7.5,9.96
18/11/2009,13.38,8.81,11.09
19/11/2009,13.63,12.11,12.87
20/11/2009,14.01,12.27,13.14
21/11/2009,14.41,6.85,10.63
22/11/2009,10.54,7.92,9.23
23/11/2009,12.91,7.49,10.2
24/11/2009,13.22,8.32,10.77
25/11/2009,10.55,7.58,9.06
26/11/2009,9.03,5.9,7.47
27/11/2009,7.93,4.33,6.13
28/11/2009,7.83,3.63,5.73
29/11/2009,7.04,4.57,5.8
30/11/2009,5.18,4.9,5.04
01/12/2009,7.49,-2.22,2.63
02/12/2009,8.89,-0.96,3.97
03/12/2009,6.77,5.8,6.28
04/12/2009,9.68,0.94,5.31
05/12/2009,12.09,2.44,7.27
06/12/2009,9.99,7.38,8.69
07/12/2009,9.96,6.5,8.23
08/12/2009,10.75,4.12,7.43
09/12/2009,10.85,5.32,8.09
10/12/2009,9.71,5.26,7.49
11/12/2009,5.89,-0.39,2.75
12/12/2009,7.8,1.56,4.68
13/12/2009,6.41,3.17,4.79
14/12/2009,4.88,2.83,3.86
15/12/2009,2.44,2.81,2.62
16/12/2009,4.04,-1.55,1.25
17/12/2009,3.38,0.21,1.8
18/12/2009,0.66,-1.27,-0.3
19/12/2009,1.57,-5.53,-1.98
20/12/2009,2.08,-4.81,-1.37
21/12/2009,0.84,-4.21,-1.69
22/12/2009,0.97,-3.36,-1.19
23/12/2009,2.65,-6.23,-1.79
24/12/2009,3.42,-4.69,-0.63
25/12/2009,6.46,0.91,3.69
26/12/2009,8.05,0.89,4.47
27/12/2009,6.34,3.98,5.16
28/12/2009,3.89,-2.96,0.46
29/12/2009,2.98,-2.39,0.29
30/12/2009,3.35,1.92,2.63
31/12/2009,3.63,2.63,3.13
01/01/2010,3.53,-2.28,0.63
02/01/2010,4.27,-2.34,0.97
03/01/2010,2.23,-2.33,-0.05
04/01/2010,-0.16,-6.92,-3.54
05/01/2010,2.23,-6.71,-2.24
06/01/2010,0.1,-1.81,-0.85
07/01/2010,0.08,-8.59,-4.26
08/01/2010,0.18,-6.59,-3.2
09/01/2010,1.35,-5.57,-2.11
10/01/2010,1.77,-5.27,-1.75
11/01/2010,0.96,0.36,0.66
12/01/2010,1.67,-0.58,0.54
13/01/2010,0.68,-0.91,-0.11
14/01/2010,2.82,-1.24,0.79
15/01/2010,5.22,0.01,2.61
16/01/2010,7.26,1.42,4.34
17/01/2010,8.68,2.2,5.44
18/01/2010,8.94,1.86,5.4
19/01/2010,6.69,4.44,5.56
20/01/2010,2.2,1.67,1.94
21/01/2010,7.69,0.22,3.95
22/01/2010,8.57,0.64,4.61
23/01/2010,5.18,4.5,4.84
24/01/2010,6.45,1.01,3.73
25/01/2010,3.85,2.22,3.04
26/01/2010,1.95,1.5,1.73
27/01/2010,6.9,-2.38,2.26
28/01/2010,6.69,0.55,3.62
29/01/2010,5.09,3.89,4.49
30/01/2010,2.78,-1.85,0.47
31/01/2010,2.66,-4.08,-0.71
01/02/2010,5.38,-1.61,1.88
02/02/2010,8.45,-0.08,4.18
03/02/2010,7.83,1.77,4.8
04/02/2010,7.73,2.24,4.99
05/02/2010,10.47,5.13,7.8
06/02/2010,5.48,2.19,3.84
07/02/2010,4.34,2.14,3.24
08/02/2010,1.82,1.77,1.79
09/02/2010,4.59,0.13,2.36
10/02/2010,2.94,0.51,1.72
11/02/2010,2.69,-1.73,0.48
12/02/2010,4.87,-1.2,1.84
13/02/2010,4.19,0.39,2.29
14/02/2010,5.21,0.61,2.91
15/02/2010,4.27,-0.43,1.92
16/02/2010,5.84,1.24,3.54
17/02/2010,6.34,1.61,3.98
18/02/2010,3.73,-0.62,1.56
19/02/2010,5.33,0.62,2.98
20/02/2010,5.88,-2.84,1.52
21/02/2010,7.31,-2.49,2.41
22/02/2010,2.63,0.47,1.55
23/02/2010,6,0.68,3.34
24/02/2010,10.07,1.47,5.77
25/02/2010,8.44,5.61,7.03
26/02/2010,7.77,4.26,6.01
27/02/2010,9.24,1.88,5.56
28/02/2010,5.78,3.86,4.82
01/03/2010,10.11,-0.82,4.64
02/03/2010,9.46,-1.48,3.99
03/03/2010,6.62,0.84,3.73
04/03/2010,7.42,-0.35,3.54
05/03/2010,7.9,-3.65,2.13
06/03/2010,8.65,-2.93,2.86
07/03/2010,4.77,-4.93,-0.08
08/03/2010,6.5,-4.61,0.95
09/03/2010,8.48,0.17,4.33
10/03/2010,5.51,2.78,4.15
11/03/2010,6.85,-0.83,3.01
12/03/2010,8.93,-0.81,4.06
13/03/2010,9.11,2.33,5.72
14/03/2010,12.63,2.73,7.68
15/03/2010,12.51,2.03,7.27
16/03/2010,12.18,-0.08,6.05
17/03/2010,13.35,3.75,8.55
18/03/2010,16.83,6.86,11.85
19/03/2010,12.08,7.38,9.73
20/03/2010,13.07,9.36,11.21
21/03/2010,12.92,3.68,8.3
22/03/2010,11.82,5.86,8.84
23/03/2010,10.45,2.62,6.54
24/03/2010,16.2,5.18,10.69
25/03/2010,13.62,9.66,11.64
26/03/2010,13.09,6.9,10
27/03/2010,13.17,6.97,10.07
28/03/2010,13.2,5.6,9.4
29/03/2010,12.21,6,9.1
30/03/2010,11.62,8.33,9.98
31/03/2010,6.37,2.85,4.61
01/04/2010,8.76,1.48,5.12
02/04/2010,10.46,4.77,7.61
03/04/2010,10.8,4.09,7.44
04/04/2010,11.43,4.59,8.01
05/04/2010,12.96,4.81,8.89
06/04/2010,15.41,8.24,11.83
07/04/2010,14.79,7.24,11.02
08/04/2010,16.3,3.23,9.77
09/04/2010,17.44,4.07,10.76
10/04/2010,17.94,5.48,11.71
11/04/2010,13.72,5.71,9.72
12/04/2010,15.03,4.38,9.71
13/04/2010,12.84,3.63,8.24
14/04/2010,13.9,4.47,9.18
15/04/2010,12.6,5.39,9
16/04/2010,12.53,4.39,8.46
17/04/2010,16.87,3.65,10.26
18/04/2010,18.15,0.4,9.28
19/04/2010,15.68,4.56,10.12
20/04/2010,13.37,1.79,7.58
21/04/2010,11.44,0.74,6.09
22/04/2010,13.51,0.7,7.1
23/04/2010,16.39,1.35,8.87
24/04/2010,19.62,1.87,10.74
25/04/2010,17.23,9.66,13.45
26/04/2010,17.18,8.18,12.68
27/04/2010,19.17,4.06,11.61
28/04/2010,20.1,7.18,13.64
29/04/2010,15.03,9.59,12.31
30/04/2010,14.59,6.06,10.33
01/05/2010,15.45,8.21,11.83
02/05/2010,10.45,6.56,8.51
03/05/2010,11.31,4.85,8.08
04/05/2010,13.07,0.33,6.7
05/05/2010,15.42,6.45,10.93
06/05/2010,13.05,8.46,10.75
07/05/2010,12.94,5.31,9.13
08/05/2010,9.64,6.02,7.83
09/05/2010,12.54,5.81,9.17
10/05/2010,13.02,2.45,7.73
11/05/2010,11.21,3.45,7.33
12/05/2010,11.97,1.26,6.61
13/05/2010,13.63,0.53,7.08
14/05/2010,13.43,5.07,9.25
15/05/2010,17.47,3.87,10.67
16/05/2010,15.72,3.79,9.76
17/05/2010,17.9,4.31,11.11
18/05/2010,19.54,4.97,12.25
19/05/2010,19.68,9.72,14.7
20/05/2010,22.95,13.44,18.19
21/05/2010,24.27,12.42,18.35
22/05/2010,24.85,11.9,18.37
23/05/2010,26.36,10.14,18.25
24/05/2010,27.72,12.62,20.17
25/05/2010,19.73,10.53,15.13
26/05/2010,17.38,7.42,12.4
27/05/2010,16.98,7.88,12.43
28/05/2010,17.96,6.94,12.45
29/05/2010,15.77,9.7,12.73
30/05/2010,19.2,9.39,14.29
31/05/2010,17.64,7.7,12.67
01/06/2010,13.94,11.17,12.55
02/06/2010,21.26,9.16,15.21
03/06/2010,23.36,8.4,15.88
04/06/2010,27.19,8.21,17.7
05/06/2010,26.03,12.23,19.13
06/06/2010,21.07,14.01,17.54
07/06/2010,18.51,11,14.76
08/06/2010,18.29,11.59,14.94
09/06/2010,19.31,12.36,15.84
10/06/2010,16.73,13.9,15.32
11/06/2010,19.52,11.37,15.44
12/06/2010,19.12,9.13,14.12
13/06/2010,20.54,9.93,15.23
14/06/2010,17.77,11.46,14.61
15/06/2010,17.1,7.31,12.2
16/06/2010,19.24,6.18,12.71
17/06/2010,21.55,5.92,13.73
18/06/2010,18.93,8.71,13.82
19/06/2010,15.06,6.64,10.85
20/06/2010,19.1,6.01,12.55
21/06/2010,24.01,10.6,17.31
22/06/2010,24.59,11.71,18.15
23/06/2010,24.8,10.25,17.52
24/06/2010,23.69,11.61,17.65
25/06/2010,24.61,10.82,17.72
26/06/2010,26.65,13.83,20.24
27/06/2010,27.21,12.01,19.61
28/06/2010,26.16,11.46,18.81
29/06/2010,25.86,15.12,20.49
30/06/2010,24.21,13.77,18.99
01/07/2010,24.89,12.91,18.9
02/07/2010,22.85,16.42,19.63
03/07/2010,23.58,12.01,17.79
04/07/2010,22.12,10.03,16.08
05/07/2010,22.07,11.95,17.01
06/07/2010,22.46,9.11,15.78
07/07/2010,22.02,14.45,18.24
08/07/2010,24.64,15.71,20.17
09/07/2010,28.1,12.66,20.38
10/07/2010,26.42,15.72,21.07
11/07/2010,23.99,16.81,20.4
12/07/2010,21.11,15.17,18.14
13/07/2010,18.6,13.65,16.12
14/07/2010,21.01,14.54,17.77
15/07/2010,20.74,14.81,17.77
16/07/2010,20.76,12.26,16.51
17/07/2010,20.05,12.11,16.08
18/07/2010,22.37,10.63,16.5
19/07/2010,27.06,14.54,20.8
20/07/2010,26.41,15.8,21.1
21/07/2010,23.01,14.12,18.56
22/07/2010,20.75,12.27,16.51
23/07/2010,19.89,13.34,16.61
24/07/2010,21.94,11.98,16.96
25/07/2010,25.25,15.45,20.35
26/07/2010,24.23,17.37,20.8
27/07/2010,24.06,15.96,20.01
28/07/2010,21.86,12.04,16.95
29/07/2010,20.75,13.58,17.16
30/07/2010,20.78,10.94,15.86
31/07/2010,21.91,16.78,19.35
01/08/2010,21.34,14.12,17.73
02/08/2010,21.94,13.65,17.79
03/08/2010,21.21,9.22,15.21
04/08/2010,18.72,13.84,16.28
05/08/2010,20.01,10.74,15.37
06/08/2010,19.71,9.97,14.84
07/08/2010,20.79,15,17.89
08/08/2010,23.3,13.22,18.26
09/08/2010,22.94,11.49,17.21
10/08/2010,17.66,13.28,15.47
11/08/2010,20.94,9.3,15.12
12/08/2010,18.58,11.98,15.28
13/08/2010,16.33,10.96,13.65
14/08/2010,17.84,12.55,15.2
15/08/2010,22.51,12.72,17.62
16/08/2010,23.88,11.91,17.9
17/08/2010,21.87,14.39,18.13
18/08/2010,20.2,10.07,15.13
19/08/2010,19.86,11.28,15.57
20/08/2010,21.21,15.48,18.35
21/08/2010,22.4,18.37,20.39
22/08/2010,22.37,15.23,18.8
23/08/2010,19.88,15.15,17.52
24/08/2010,19.3,10.23,14.77
25/08/2010,15.91,10.74,13.32
26/08/2010,16.16,13.11,14.64
27/08/2010,17.73,11.54,14.63
28/08/2010,18.78,9.25,14.02
29/08/2010,17.27,12.1,14.69
30/08/2010,18,7.62,12.81
31/08/2010,19.74,6.69,13.21
01/09/2010,20.45,7.06,13.76
02/09/2010,20.9,7.68,14.29
03/09/2010,20.69,9.3,15
04/09/2010,20.29,9.32,14.8
05/09/2010,18.97,12.7,15.84
06/09/2010,19.82,13.68,16.75
07/09/2010,18.56,11.88,15.22
08/09/2010,19.6,10.3,14.95
09/09/2010,20.76,11.11,15.94
10/09/2010,20.84,13.8,17.32
11/09/2010,21.08,16.64,18.86
12/09/2010,19.19,9.42,14.3
13/09/2010,17.3,8.97,13.13
14/09/2010,18.59,15.18,16.88
15/09/2010,16.04,8.83,12.44
16/09/2010,16.65,11.02,13.83
17/09/2010,15.47,6.59,11.03
18/09/2010,16.41,4.43,10.42
19/09/2010,16.97,10.83,13.9
20/09/2010,19.85,13.4,16.62
21/09/2010,20.54,7.89,14.22
22/09/2010,21.14,9.36,15.25
23/09/2010,18.14,14.04,16.09
24/09/2010,11.83,10.98,11.4
25/09/2010,13.03,3.66,8.35
26/09/2010,12.51,5.71,9.11
27/09/2010,13.81,10.1,11.96
28/09/2010,16.15,12.08,14.11
29/09/2010,15.44,13.74,14.59
30/09/2010,15.98,5.73,10.85
01/10/2010,15.05,10.5,12.78
02/10/2010,16.09,7.19,11.64
03/10/2010,15.98,10.53,13.25
04/10/2010,17.55,8.96,13.26
05/10/2010,17.47,10.44,13.95
06/10/2010,16.74,12.4,14.57
07/10/2010,17.08,6.92,12
08/10/2010,20.41,12.4,16.4
09/10/2010,15.94,14.52,15.23
10/10/2010,19.37,13.21,16.29
11/10/2010,16.49,10.41,13.45
12/10/2010,13.08,6.9,9.99
13/10/2010,11.49,8.15,9.82
14/10/2010,9.85,5.99,7.92
15/10/2010,12.08,8.51,10.3
16/10/2010,12.38,5.47,8.93
17/10/2010,12.21,0.58,6.4
18/10/2010,13.81,3.49,8.65
19/10/2010,12.7,5.91,9.3
20/10/2010,8.25,1.69,4.97
21/10/2010,11.55,-1.39,5.08
22/10/2010,12.44,3.56,8
23/10/2010,11.01,7.75,9.38
24/10/2010,9.79,1.16,5.48
25/10/2010,10.16,-1.21,4.48
26/10/2010,13.39,0.2,6.8
27/10/2010,15.86,8.57,12.22
28/10/2010,14.54,9.51,12.03
29/10/2010,14.01,11.78,12.9
30/10/2010,13.74,6.68,10.21
31/10/2010,11.23,9.39,10.31
01/11/2010,13.05,8.25,10.65
02/11/2010,14.24,9.68,11.96
03/11/2010,15.2,11.03,13.11
04/11/2010,16.31,12.33,14.32
05/11/2010,14.94,14.35,14.64
06/11/2010,10.62,7.76,9.19
07/11/2010,7.86,3.06,5.46
08/11/2010,7.41,2.59,5
09/11/2010,7.65,3.61,5.63
10/11/2010,10.4,1.13,5.77
11/11/2010,13.52,0.34,6.93
12/11/2010,11.06,9.61,10.33
13/11/2010,9.47,7.62,8.55
14/11/2010,6.32,2.74,4.53
15/11/2010,8.94,-1.16,3.89
16/11/2010,7.52,-1.35,3.09
17/11/2010,6.74,0.3,3.52
18/11/2010,9.97,5.3,7.64
19/11/2010,10.36,1.15,5.76
20/11/2010,6.9,2.68,4.79
21/11/2010,5.9,4.52,5.21
22/11/2010,6.57,4.26,5.42
23/11/2010,6.65,4.49,5.57
24/11/2010,4.62,-1.69,1.47
25/11/2010,1.97,-1.74,0.12
26/11/2010,2.93,-4.1,-0.59
27/11/2010,0.48,-4.12,-1.82
28/11/2010,-1.33,-6.57,-3.95
29/11/2010,0.36,-5.73,-2.69
30/11/2010,0.74,-3.15,-1.21
01/12/2010,-0.33,-2.75,-1.54
02/12/2010,-0.13,-2.05,-1.09
03/12/2010,2.36,-4.8,-1.22
04/12/2010,4.01,-4.28,-0.13
05/12/2010,3.65,-0.85,1.4
06/12/2010,-2.37,-3.82,-3.09
07/12/2010,-0.46,-5.28,-2.87
08/12/2010,1.09,-4.98,-1.95
09/12/2010,4.36,-4.16,0.1
10/12/2010,6.45,-1.17,2.64
11/12/2010,6.98,3.64,5.31
12/12/2010,4.56,-1.15,1.71
13/12/2010,3.69,-1.25,1.22
14/12/2010,3.59,-0.2,1.7
15/12/2010,5.85,-0.5,2.67
16/12/2010,6.66,1.1,3.88
17/12/2010,-0.08,-4.47,-2.27
18/12/2010,-1.19,-5.88,-3.53
19/12/2010,-2.54,-10.38,-6.46
20/12/2010,-0.64,-11.93,-6.28
21/12/2010,0.15,-7.96,-3.91
22/12/2010,0.51,-1.47,-0.48
23/12/2010,0.95,-3.06,-1.06
24/12/2010,-0.09,-2.41,-1.25
25/12/2010,-1.32,-7.86,-4.59
26/12/2010,2.39,-9.14,-3.37
27/12/2010,3.17,-7.65,-2.24
28/12/2010,6,2,4
29/12/2010,7.06,3.05,5.06
30/12/2010,5.85,5.1,5.48
31/12/2010,5.79,4.33,5.06
01/01/2011,6.34,4.13,5.23
02/01/2011,3.07,0.72,1.9
03/01/2011,1.32,-1.77,-0.23
04/01/2011,5.55,-1.93,1.81
05/01/2011,5.5,0.26,2.88
06/01/2011,3.92,2.13,3.03
07/01/2011,9.64,-0.04,4.8
08/01/2011,7.72,3.12,5.42
09/01/2011,6.33,0.34,3.33
10/01/2011,8.03,-1.1,3.46
11/01/2011,9.34,4.59,6.97
12/01/2011,12.05,1.95,7
13/01/2011,12.49,9.88,11.18
14/01/2011,11.07,11.2,11.14
15/01/2011,11.48,7.14,9.31
16/01/2011,11.74,9.6,10.67
17/01/2011,7.35,5.01,6.18
18/01/2011,6.88,2.46,4.67
19/01/2011,5.63,-1.31,2.16
20/01/2011,4.21,-1.41,1.4
21/01/2011,2.3,-2.3,0
22/01/2011,5.4,-2.06,1.67
23/01/2011,6.57,1.36,3.97
24/01/2011,6.48,3.95,5.21
25/01/2011,7.93,3.09,5.51
26/01/2011,5.74,5.19,5.47
27/01/2011,1.79,0.13,0.96
28/01/2011,1.34,-0.65,0.34
29/01/2011,0.79,-2.63,-0.92
30/01/2011,4.06,-2.85,0.61
31/01/2011,3.35,-5.16,-0.9
01/02/2011,7.94,-3.6,2.17
02/02/2011,9.52,0.52,5.02
03/02/2011,10.42,2.44,6.43
04/02/2011,11.21,3.51,7.36
05/02/2011,12.15,10.4,11.28
06/02/2011,11.4,10.51,10.96
07/02/2011,11.4,9.05,10.22
08/02/2011,9.19,-2.26,3.47
09/02/2011,9.56,-0.05,4.75
10/02/2011,9.97,7.63,8.8
11/02/2011,12.57,7.32,9.94
12/02/2011,10.52,7.3,8.91
13/02/2011,7.79,3.56,5.68
14/02/2011,8.58,2.46,5.52
15/02/2011,6.42,2.09,4.25
16/02/2011,9.27,1.14,5.21
17/02/2011,7.98,3.04,5.51
18/02/2011,6.44,2.08,4.26
19/02/2011,5.78,2.75,4.26
20/02/2011,4.71,4.21,4.46
21/02/2011,5.51,3.55,4.53
22/02/2011,7.87,3.97,5.92
23/02/2011,11,5.22,8.11
24/02/2011,12.67,7.84,10.26
25/02/2011,12.35,6.93,9.64
26/02/2011,9.55,7.59,8.57
27/02/2011,7.27,2.14,4.7
28/02/2011,4.05,2.94,3.5
01/03/2011,4.76,2.76,3.76
02/03/2011,6.02,2.31,4.16
03/03/2011,3.44,0.27,1.85
04/03/2011,6.42,0.75,3.59
05/03/2011,6.86,-1.79,2.54
06/03/2011,6.83,1.57,4.2
07/03/2011,9.19,-2.23,3.48
08/03/2011,9.82,-4.37,2.72
09/03/2011,9.92,1.63,5.78
10/03/2011,12.06,5.31,8.69
11/03/2011,10.53,2.31,6.42
12/03/2011,13.36,6.35,9.86
13/03/2011,10.28,7.28,8.78
14/03/2011,11.78,-2.57,4.61
15/03/2011,14.01,3.11,8.56
16/03/2011,8.79,7.09,7.94
17/03/2011,11.38,3.75,7.56
18/03/2011,7.29,4.5,5.89
19/03/2011,11.92,-2.93,4.5
20/03/2011,13.02,2.01,7.51
21/03/2011,14.29,4.23,9.26
22/03/2011,14.83,7.55,11.19
23/03/2011,16.56,2.94,9.75
24/03/2011,16.54,2.87,9.7
25/03/2011,17.32,1.48,9.4
26/03/2011,13.36,3.48,8.42
27/03/2011,13.17,6.02,9.59
28/03/2011,14.04,4.89,9.47
29/03/2011,14.59,2.61,8.6
30/03/2011,12.67,8.58,10.63
31/03/2011,16.21,8.97,12.59
01/04/2011,15.04,11.21,13.12
02/04/2011,16.24,11.75,13.99
03/04/2011,14.04,3.48,8.76
04/04/2011,12.75,3.19,7.97
05/04/2011,15.19,8.51,11.85
06/04/2011,21.23,10.63,15.93
07/04/2011,19.32,6.66,12.99
08/04/2011,19.79,4.66,12.22
09/04/2011,19.37,6.91,13.14
10/04/2011,19.57,3.93,11.75
11/04/2011,17.51,6.31,11.91
12/04/2011,13.6,3.38,8.49
13/04/2011,11.57,2.4,6.98
14/04/2011,12.69,6.63,9.66
15/04/2011,15.6,8.39,11.99
16/04/2011,16.69,8.66,12.68
17/04/2011,18.63,5.18,11.9
18/04/2011,17.68,5.35,11.52
19/04/2011,21.3,5.06,13.18
20/04/2011,22.86,5.91,14.38
21/04/2011,23.77,8.32,16.04
22/04/2011,24.31,8.02,16.16
23/04/2011,25.49,8.48,16.98
24/04/2011,20.18,9.16,14.67
25/04/2011,19.9,7.89,13.9
26/04/2011,14.26,7.74,11
27/04/2011,15.72,8,11.86
28/04/2011,16.3,3.47,9.89
29/04/2011,18.04,8.88,13.46
30/04/2011,20.4,9.41,14.91
01/05/2011,19.5,9.05,14.28
02/05/2011,16.6,6.82,11.71
03/05/2011,15.51,3.51,9.51
04/05/2011,17.24,1.28,9.26
05/05/2011,19.81,8.25,14.03
06/05/2011,23.39,10.14,16.76
07/05/2011,21.02,13.59,17.3
08/05/2011,18.08,14.17,16.13
09/05/2011,18.36,8.63,13.5
10/05/2011,18.97,8.13,13.55
11/05/2011,17.16,8.92,13.04
12/05/2011,16.41,6.62,11.51
13/05/2011,15.94,4.88,10.41
14/05/2011,15.51,4.16,9.83
15/05/2011,14.59,6.33,10.46
16/05/2011,17.84,11.07,14.45
17/05/2011,17.09,10.99,14.04
18/05/2011,17.33,12.6,14.96
19/05/2011,17.6,4.2,10.9
20/05/2011,17.72,8.03,12.87
21/05/2011,19.44,4.59,12.01
22/05/2011,17.05,9.43,13.24
23/05/2011,16.82,8.64,12.73
24/05/2011,17.31,6.16,11.73
25/05/2011,18.86,3.73,11.3
26/05/2011,15.72,9.86,12.79
27/05/2011,15.53,9.48,12.5
28/05/2011,16.32,8.72,12.52
29/05/2011,18.11,11.65,14.88
30/05/2011,14.54,12.59,13.56
31/05/2011,16.87,4.7,10.79
01/06/2011,18.83,4.65,11.74
02/06/2011,22.86,8.27,15.56
03/06/2011,24.04,11.3,17.67
04/06/2011,23.72,11.13,17.42
05/06/2011,16.95,11.08,14.01
06/06/2011,16.29,9.84,13.06
07/06/2011,16.7,6.09,11.39
08/06/2011,16.96,7.53,12.25
09/06/2011,17.17,8.57,12.87
10/06/2011,15.88,7.16,11.52
11/06/2011,17.35,6.67,12.01
12/06/2011,16.22,4.17,10.19
13/06/2011,19.34,10.71,15.03
14/06/2011,21.13,6.42,13.77
15/06/2011,19.14,13.73,16.43
16/06/2011,17.97,11.47,14.72
17/06/2011,15.28,8.98,12.13
18/06/2011,16.79,9.97,13.38
19/06/2011,17.55,10.62,14.08
20/06/2011,19.78,6.93,13.36
21/06/2011,20.08,14.09,17.09
22/06/2011,19.04,11.99,15.52
23/06/2011,17.77,10.88,14.33
24/06/2011,17.99,7.91,12.95
25/06/2011,21.01,10.98,16
26/06/2011,27.5,14.63,21.06
27/06/2011,28.12,17.55,22.84
28/06/2011,18.61,14.56,16.58
29/06/2011,18.94,7.58,13.26
30/06/2011,18.72,7.02,12.87
01/07/2011,19.61,6.68,13.15
02/07/2011,21.25,11.06,16.16
03/07/2011,22.17,10.81,16.49
04/07/2011,24.31,12.99,18.65
05/07/2011,23.59,10.86,17.22
06/07/2011,19.12,12.29,15.71
07/07/2011,19.15,13.25,16.2
08/07/2011,18.37,11.84,15.1
09/07/2011,20.96,11.34,16.15
10/07/2011,21.88,10.84,16.36
11/07/2011,22.33,9.52,15.93
12/07/2011,19.6,13.21,16.4
13/07/2011,17.89,11.59,14.74
14/07/2011,22.66,8.37,15.51
15/07/2011,22.89,9.57,16.23
16/07/2011,18.99,14.13,16.56
17/07/2011,18.73,12.15,15.44
18/07/2011,17.64,13.09,15.36
19/07/2011,19.87,10.28,15.08
20/07/2011,17.2,12.61,14.91
21/07/2011,18.77,11.27,15.02
22/07/2011,19.27,8.95,14.11
23/07/2011,19.65,9.74,14.7
24/07/2011,22.66,8.61,15.63
25/07/2011,23.23,7.17,15.2
26/07/2011,20.82,13.13,16.98
27/07/2011,20.58,14.24,17.41
28/07/2011,24.03,11.38,17.71
29/07/2011,18.79,14.01,16.4
30/07/2011,22,10.38,16.19
31/07/2011,24.21,12.19,18.2
01/08/2011,27.35,16.13,21.74
02/08/2011,26.68,15.95,21.32
03/08/2011,27.08,14.3,20.69
04/08/2011,20.73,16.12,18.43
05/08/2011,22.74,13.83,18.28
06/08/2011,19.51,13.39,16.45
07/08/2011,18.89,11.49,15.19
08/08/2011,19.89,10.01,14.95
09/08/2011,20.1,10.25,15.17
10/08/2011,21.89,8.85,15.37
11/08/2011,22.33,14.56,18.45
12/08/2011,21.3,15.57,18.43
13/08/2011,19.67,15.73,17.7
14/08/2011,21.31,13.18,17.25
15/08/2011,20.46,9.14,14.8
16/08/2011,21.72,13.54,17.63
17/08/2011,18.73,10.55,14.64
18/08/2011,14.89,9.27,12.08
19/08/2011,20.8,7.27,14.03
20/08/2011,20.1,12.86,16.48
21/08/2011,23.14,13.27,18.2
22/08/2011,22.4,8.31,15.35
23/08/2011,16.11,13.51,14.81
24/08/2011,20.98,12.19,16.58
25/08/2011,19.44,12.42,15.93
26/08/2011,15.37,12.72,14.04
27/08/2011,17.94,10.46,14.2
28/08/2011,18.55,11.73,15.14
29/08/2011,16.06,9.42,12.74
30/08/2011,15.81,11.85,13.83
31/08/2011,17.35,12.05,14.7
01/09/2011,20.9,8.31,14.61
02/09/2011,24.7,10.53,17.61
03/09/2011,20.65,13.38,17.01
04/09/2011,18.9,15.15,17.02
05/09/2011,18.07,10.37,14.22
06/09/2011,17.51,13.91,15.71
07/09/2011,16.31,12.24,14.28
08/09/2011,19.45,12.55,16
09/09/2011,20.58,14.5,17.54
10/09/2011,21.17,17.11,19.14
11/09/2011,19.59,13.45,16.52
12/09/2011,19.28,14.72,17
13/09/2011,17.57,11.46,14.51
14/09/2011,18.11,9.13,13.62
15/09/2011,18.47,5.22,11.84
16/09/2011,20.84,9.35,15.09
17/09/2011,16.91,13.08,15
18/09/2011,16.03,7.6,11.82
19/09/2011,16.55,8.57,12.56
20/09/2011,18.02,14.25,16.14
21/09/2011,16.76,11.89,14.32
22/09/2011,17.08,10.66,13.87
23/09/2011,17.82,7.91,12.87
24/09/2011,19.13,8.48,13.81
25/09/2011,19.32,12.46,15.89
26/09/2011,19.96,14.84,17.4
27/09/2011,21.23,11.45,16.34
28/09/2011,24.76,13.01,18.89
29/09/2011,27.04,13.66,20.35
30/09/2011,27.13,12.88,20
01/10/2011,27.79,11.08,19.44
02/10/2011,26.82,10.59,18.71
03/10/2011,25.31,14.92,20.11
04/10/2011,17.84,13.94,15.89
05/10/2011,18.82,14.58,16.7
06/10/2011,14.2,10.15,12.18
07/10/2011,15.14,8.66,11.9
08/10/2011,15.98,8.1,12.04
09/10/2011,18.85,11.47,15.16
10/10/2011,18.14,15.38,16.76
11/10/2011,17.92,15.56,16.74
12/10/2011,18.91,13.89,16.4
13/10/2011,17.56,12.31,14.94
14/10/2011,15.59,8.06,11.82
15/10/2011,16.29,2.46,9.37
16/10/2011,17.75,2.94,10.34
17/10/2011,15.4,6.23,10.82
18/10/2011,12.42,6.64,9.53
19/10/2011,11.86,3.31,7.59
20/10/2011,11.55,0.97,6.26
21/10/2011,13.76,4.45,9.1
22/10/2011,13.92,6.34,10.13
23/10/2011,18.58,8.51,13.54
24/10/2011,16.84,12.05,14.45
25/10/2011,14.16,10.37,12.26
26/10/2011,12.98,4.31,8.65
27/10/2011,11.74,8.09,9.91
28/10/2011,14.49,5.02,9.76
29/10/2011,14.81,6.98,10.89
30/10/2011,16.55,10.68,13.62
31/10/2011,15.47,13.77,14.62
01/11/2011,14.87,9.9,12.39
02/11/2011,14.71,7.37,11.04
03/11/2011,16.1,11.08,13.59
04/11/2011,15.16,11.55,13.35
05/11/2011,11.95,9.65,10.8
06/11/2011,11.49,5.61,8.55
07/11/2011,10.82,6.54,8.68
08/11/2011,10.09,8.64,9.37
09/11/2011,14.08,9.18,11.63
10/11/2011,13.21,10.28,11.75
11/11/2011,12.09,8.88,10.48
12/11/2011,14.37,9.08,11.72
13/11/2011,15.98,11.12,13.55
14/11/2011,9.43,8.5,8.97
15/11/2011,11.15,6.6,8.87
16/11/2011,10.41,4.66,7.54
17/11/2011,12.94,5.29,9.11
18/11/2011,13.78,8.27,11.02
19/11/2011,11.76,6.83,9.3
20/11/2011,9.16,3.97,6.56
21/11/2011,10.3,6.4,8.35
22/11/2011,11.79,7.96,9.87
23/11/2011,10.18,0.84,5.51
24/11/2011,12.75,3.69,8.22
25/11/2011,11.24,8.5,9.87
26/11/2011,12.6,5.16,8.88
27/11/2011,11.96,9.18,10.57
28/11/2011,12.38,-1.54,5.42
29/11/2011,12.9,0.94,6.92
30/11/2011,11.19,4.62,7.91
01/12/2011,9.12,6.44,7.78
02/12/2011,10.84,0.28,5.56
03/12/2011,10.94,1.49,6.21
04/12/2011,8.59,5.99,7.29
05/12/2011,6.63,1.97,4.3
06/12/2011,8.13,1.54,4.83
07/12/2011,9.14,3.49,6.31
08/12/2011,11.89,2.64,7.26
09/12/2011,7.36,2.52,4.94
10/12/2011,6.14,-1.55,2.29
11/12/2011,8.61,0.26,4.43
12/12/2011,11.26,1.62,6.44
13/12/2011,5.81,3.26,4.54
14/12/2011,5.43,1.96,3.69
15/12/2011,7.44,1.71,4.57
16/12/2011,3.96,1.15,2.56
17/12/2011,5.09,-0.94,2.07
18/12/2011,5.31,-1.29,2.01
19/12/2011,7.02,-1.97,2.52
20/12/2011,9.87,1.95,5.91
21/12/2011,12.58,4.94,8.76
22/12/2011,12.04,7.61,9.82
23/12/2011,10.8,9.15,9.98
24/12/2011,9.65,2.02,5.83
25/12/2011,11.39,4.48,7.94
26/12/2011,11.54,9.88,10.71
27/12/2011,9.83,8.99,9.41
28/12/2011,9.17,7.63,8.4
29/12/2011,9.27,4.73,7
30/12/2011,10.93,3.99,7.46
31/12/2011,11.94,5.06,8.5
01/01/2012,11.1,10.27,10.68
02/01/2012,11.25,3.22,7.23
03/01/2012,11.6,3.38,7.49
04/01/2012,10.77,4.21,7.49
05/01/2012,9.38,5.33,7.36
06/01/2012,9.91,1.94,5.93
07/01/2012,9.63,2.82,6.22
08/01/2012,10.02,7,8.51
09/01/2012,11.42,6.48,8.95
10/01/2012,11.11,7.28,9.19
11/01/2012,10.96,6.24,8.6
12/01/2012,11.98,6.99,9.49
13/01/2012,5.95,-0.72,2.62
14/01/2012,5.11,-4.21,0.45
15/01/2012,5.46,-3.18,1.14
16/01/2012,5.74,-2.68,1.53
17/01/2012,8.72,-3.84,2.44
18/01/2012,11.62,-2.73,4.45
19/01/2012,9.93,7.23,8.58
20/01/2012,10.73,4.33,7.53
21/01/2012,11.39,7.74,9.57
22/01/2012,11.06,5.35,8.21
23/01/2012,7.83,3.46,5.65
24/01/2012,10.21,-0.46,4.88
25/01/2012,9.68,4.64,7.16
26/01/2012,7.31,5.46,6.39
27/01/2012,8.06,0.91,4.48
28/01/2012,5.7,1.97,3.84
29/01/2012,3.13,-0.49,1.32
30/01/2012,3.52,-0.84,1.34
31/01/2012,2.07,-2.98,-0.46
01/02/2012,2.23,-2.09,0.07
02/02/2012,1.08,-4.5,-1.71
03/02/2012,1.05,-7.39,-3.17
04/02/2012,1.5,-9.21,-3.86
05/02/2012,2.94,-5.73,-1.4
06/02/2012,3.47,0.48,1.97
07/02/2012,2.52,0.94,1.73
08/02/2012,-0.3,-5.44,-2.87
09/02/2012,0.26,-2.32,-1.03
10/02/2012,0.98,-2.18,-0.6
11/02/2012,1.68,-10.23,-4.28
12/02/2012,4.38,-8.02,-1.82
13/02/2012,6.66,0.9,3.78
14/02/2012,8.31,2.6,5.45
15/02/2012,10.43,3.4,6.91
16/02/2012,10.41,5.25,7.83
17/02/2012,11.48,5.49,8.48
18/02/2012,9.22,7.37,8.29
19/02/2012,6.33,0.35,3.34
20/02/2012,7.72,-3.37,2.17
21/02/2012,10.63,2,6.32
22/02/2012,11.4,7.02,9.21
23/02/2012,14.5,8.34,11.42
24/02/2012,13.41,8.85,11.13
25/02/2012,10.98,5.23,8.11
26/02/2012,11.47,0.85,6.16
27/02/2012,11.14,4.44,7.79
28/02/2012,10.83,8.23,9.53
29/02/2012,12.18,8.36,10.27
01/03/2012,12.57,1.78,7.18
02/03/2012,10.15,1.56,5.85
03/03/2012,13.06,4.33,8.7
04/03/2012,6.96,4.34,5.65
05/03/2012,9.26,1.9,5.58
06/03/2012,9.65,-0.71,4.47
07/03/2012,11.46,2.75,7.11
08/03/2012,11.56,1.43,6.49
09/03/2012,11.1,5.23,8.17
10/03/2012,15.83,7.94,11.89
11/03/2012,15.58,5.4,10.49
12/03/2012,11.23,3.74,7.48
13/03/2012,8.64,3.91,6.28
14/03/2012,9.64,5,7.32
15/03/2012,11.04,-0.58,5.23
16/03/2012,8.81,3.97,6.39
17/03/2012,10.68,7.3,8.99
18/03/2012,8.42,0.81,4.61
19/03/2012,12.65,-0.93,5.86
20/03/2012,14.3,2.82,8.56
21/03/2012,14.26,4,9.13
22/03/2012,17.19,4.18,10.68
23/03/2012,18.1,4.99,11.55
24/03/2012,19.24,3.93,11.58
25/03/2012,16.13,3.45,9.79
26/03/2012,18.55,1.93,10.24
27/03/2012,18.44,2.53,10.49
28/03/2012,20,2.26,11.13
29/03/2012,18.63,4.2,11.41
30/03/2012,14.05,5.09,9.57
31/03/2012,10.57,5.67,8.12
01/04/2012,12.48,-1.26,5.61
02/04/2012,13.44,0.74,7.09
03/04/2012,12.66,4.58,8.62
04/04/2012,8.73,1.19,4.96
05/04/2012,8.09,4.49,6.29
06/04/2012,10.6,-2.63,3.99
07/04/2012,10.25,5.95,8.1
08/04/2012,13.82,6.66,10.24
09/04/2012,10.73,8.23,9.48
10/04/2012,11.87,4.41,8.14
11/04/2012,12.73,1.78,7.25
12/04/2012,12.77,2.03,7.4
13/04/2012,12.09,-0.13,5.98
14/04/2012,10.52,4.24,7.38
15/04/2012,9.39,0.11,4.75
16/04/2012,10.85,-1.77,4.54
17/04/2012,12.81,5.12,8.96
18/04/2012,10.38,5.17,7.77
19/04/2012,11.18,5.54,8.36
20/04/2012,11.54,3.03,7.28
21/04/2012,12.45,1.72,7.08
22/04/2012,12.63,2.91,7.77
23/04/2012,9.44,4.71,7.07
24/04/2012,12.71,6.11,9.41
25/04/2012,11.64,5.15,8.4
26/04/2012,13.19,6.64,9.91
27/04/2012,11.82,7.95,9.89
28/04/2012,7.96,7.08,7.52
29/04/2012,12.27,4.82,8.55
30/04/2012,17.54,6.11,11.83
01/05/2012,15.08,10.45,12.76
02/05/2012,14.03,8.51,11.27
03/05/2012,8.22,7.4,7.81
04/05/2012,9.08,6.59,7.83
05/05/2012,9.7,4.09,6.9
06/05/2012,10.45,4.37,7.41
07/05/2012,13.65,2.25,7.95
08/05/2012,17.22,7.93,12.58
09/05/2012,15.69,8.83,12.26
10/05/2012,17.18,10.79,13.99
11/05/2012,14.16,9.83,11.99
12/05/2012,14.52,3.1,8.81
13/05/2012,16,2.29,9.15
14/05/2012,13.7,6.5,10.1
15/05/2012,11.6,4.69,8.15
16/05/2012,13.82,1.68,7.75
17/05/2012,14.01,5.29,9.65
18/05/2012,15.55,7.81,11.68
19/05/2012,13.85,9.99,11.92
20/05/2012,11.14,8.09,9.61
21/05/2012,17.29,8.68,12.98
22/05/2012,24.02,9.26,16.64
23/05/2012,25.27,11.27,18.27
24/05/2012,24.98,13.95,19.46
25/05/2012,24.85,14.46,19.65
26/05/2012,24.67,13.55,19.11
27/05/2012,25.86,11.61,18.73
28/05/2012,24.51,11.12,17.82
29/05/2012,21.84,11.6,16.72
30/05/2012,23.51,10.94,17.22
31/05/2012,17.43,11.94,14.69
01/06/2012,19.46,12.32,15.89
02/06/2012,17.11,11.91,14.51
03/06/2012,13.03,10.27,11.65
04/06/2012,14.25,7.33,10.79
05/06/2012,14.96,6.86,10.91
06/06/2012,18.11,11.45,14.78
07/06/2012,15.01,11.98,13.49
08/06/2012,13.68,11.7,12.69
09/06/2012,16.79,10.19,13.49
10/06/2012,16.82,5.57,11.19
11/06/2012,11.83,10.62,11.23
12/06/2012,14.01,9.56,11.79
13/06/2012,17.17,5.21,11.19
14/06/2012,16.95,6.16,11.56
15/06/2012,17.55,11.5,14.53
16/06/2012,16.5,11.64,14.07
17/06/2012,18.47,11.19,14.83
18/06/2012,18.59,10.61,14.6
19/06/2012,19.71,9.7,14.71
20/06/2012,21.44,8.62,15.03
21/06/2012,18.92,11.59,15.26
22/06/2012,16.31,10.85,13.58
23/06/2012,17.5,10.56,14.03
24/06/2012,18.98,10.96,14.97
25/06/2012,20.94,10.69,15.81
26/06/2012,20.02,12.74,16.38
27/06/2012,22.51,16.3,19.4
28/06/2012,25.77,15.87,20.82
29/06/2012,19.58,13.15,16.37
30/06/2012,18.87,13.94,16.4
01/07/2012,17.76,9.55,13.66
02/07/2012,16.28,12.81,14.55
03/07/2012,17.33,14.1,15.72
04/07/2012,20.84,15.79,18.31
05/07/2012,21.84,12.35,17.1
06/07/2012,16.49,14.77,15.63
07/07/2012,17.67,12.84,15.25
08/07/2012,20.73,13.75,17.24
09/07/2012,18.23,14.05,16.14
10/07/2012,18.57,12.26,15.41
11/07/2012,18.39,10.91,14.65
12/07/2012,17.63,8.12,12.87
13/07/2012,18.94,12.89,15.92
14/07/2012,17.56,12.76,15.16
15/07/2012,17.65,9.92,13.78
16/07/2012,17.95,12.28,15.11
17/07/2012,22.32,13.75,18.03
18/07/2012,19.46,14.77,17.12
19/07/2012,18.46,12.55,15.51
20/07/2012,17.84,10.96,14.4
21/07/2012,19.74,9.39,14.56
22/07/2012,22.71,11.82,17.27
23/07/2012,25.68,11.07,18.37
24/07/2012,27.82,11.47,19.64
25/07/2012,27.96,13.29,20.63
26/07/2012,26.79,14.35,20.57
27/07/2012,24.17,15.27,19.72
28/07/2012,19.88,11.23,15.56
29/07/2012,18.44,9.52,13.98
30/07/2012,18.68,8.48,13.58
31/07/2012,19.27,11.04,15.16
01/08/2012,21.46,14.05,17.76
02/08/2012,20.15,13.92,17.03
03/08/2012,20.91,11.43,16.17
04/08/2012,20.06,14.01,17.04
05/08/2012,19.73,12.04,15.88
06/08/2012,19.74,12.39,16.07
07/08/2012,18.66,10.04,14.35
08/08/2012,22.5,14.73,18.62
09/08/2012,24.7,12.21,18.45
10/08/2012,25.47,11.94,18.71
11/08/2012,23.04,13.23,18.13
12/08/2012,23.49,14.21,18.85
13/08/2012,21.21,14.54,17.87
14/08/2012,23.72,14.84,19.28
15/08/2012,20.26,16.67,18.46
16/08/2012,21.28,14.95,18.12
17/08/2012,24.36,16.53,20.45
18/08/2012,26.24,15.71,20.98
19/08/2012,27.21,15.92,21.57
20/08/2012,23.05,14.75,18.9
21/08/2012,20.72,13.24,16.98
22/08/2012,20.46,11.84,16.15
23/08/2012,19.54,11.26,15.4
24/08/2012,18.52,12.52,15.52
25/08/2012,20.84,15.1,17.97
26/08/2012,19.79,11.78,15.79
27/08/2012,19.45,11.72,15.59
28/08/2012,21.11,12.35,16.73
29/08/2012,16.12,14.65,15.38
30/08/2012,17.38,12.2,14.79
31/08/2012,17.35,5.07,11.21
01/09/2012,20.91,12.74,16.83
02/09/2012,19.49,12.37,15.93
03/09/2012,23.05,11.03,17.04
04/09/2012,21.84,12.82,17.33
05/09/2012,19.08,8.47,13.78
06/09/2012,20.34,6.33,13.34
07/09/2012,23.83,9.72,16.78
08/09/2012,24.55,7.47,16.01
09/09/2012,25.49,7.97,16.73
10/09/2012,19.43,15.6,17.52
11/09/2012,15.11,11.28,13.19
12/09/2012,17.57,5.57,11.57
13/09/2012,17.61,4.66,11.14
14/09/2012,18.61,12.02,15.31
15/09/2012,19.36,6.9,13.13
16/09/2012,17.56,10.01,13.78
17/09/2012,17.02,8.74,12.88
18/09/2012,16.14,6.72,11.43
19/09/2012,16.27,4.51,10.39
20/09/2012,16.42,8.01,12.22
21/09/2012,15.84,9.56,12.7
22/09/2012,13.93,3,8.46
23/09/2012,13.58,5.66,9.62
24/09/2012,14.37,9.06,11.71
25/09/2012,15.31,7.76,11.54
26/09/2012,14.38,9.59,11.98
27/09/2012,15.87,8.98,12.43
28/09/2012,15.6,7.3,11.45
29/09/2012,15.02,6.49,10.75
30/09/2012,15.56,5.32,10.44
01/10/2012,17.03,12.09,14.56
02/10/2012,16.72,9.33,13.03
03/10/2012,14.44,9.03,11.74
04/10/2012,15.12,4.59,9.85
05/10/2012,13.12,9.53,11.32
06/10/2012,14.36,5.65,10.01
07/10/2012,12.29,2.94,7.61
08/10/2012,11.7,6.88,9.29
09/10/2012,12.24,8.48,10.36
10/10/2012,13.75,8.99,11.37
11/10/2012,14.2,9.26,11.73
12/10/2012,13.19,8.92,11.06
13/10/2012,11.85,4.17,8.01
14/10/2012,12.01,0.36,6.19
15/10/2012,12.65,2.7,7.67
16/10/2012,14.39,8.13,11.26
17/10/2012,15.84,7.85,11.84
18/10/2012,15.55,9.92,12.73
19/10/2012,12.08,8.26,10.17
20/10/2012,13.7,6.11,9.9
21/10/2012,11.73,6.46,9.1
22/10/2012,13.88,8.5,11.19
23/10/2012,12.77,10.9,11.83
24/10/2012,14.04,11.41,12.72
25/10/2012,11.38,10.42,10.9
26/10/2012,8.02,6.4,7.21
27/10/2012,8.04,0.74,4.39
28/10/2012,9.75,0.39,5.07
29/10/2012,11.47,6,8.74
30/10/2012,10.32,2.81,6.56
31/10/2012,11.23,5,8.12
01/11/2012,7.78,5.41,6.59
02/11/2012,8.26,2.7,5.48
03/11/2012,8.53,1.31,4.92
04/11/2012,7.07,1.93,4.5
05/11/2012,8.36,0.64,4.5
06/11/2012,9.09,0.06,4.58
07/11/2012,10.7,1.94,6.32
08/11/2012,12.04,6.01,9.02
09/11/2012,10.05,6.02,8.04
10/11/2012,9.68,7.11,8.4
11/11/2012,9.81,1.11,5.46
12/11/2012,12,3.25,7.62
13/11/2012,14.17,7.76,10.96
14/11/2012,11.77,10.58,11.17
15/11/2012,7.47,3.66,5.56
16/11/2012,11.53,4.54,8.04
17/11/2012,9.54,6.05,7.8
18/11/2012,7.91,0.35,4.13
19/11/2012,12.87,2.37,7.62
20/11/2012,13.76,7.13,10.44
21/11/2012,11.57,8.74,10.16
22/11/2012,12.59,5.61,9.1
23/11/2012,9.57,4.27,6.92
24/11/2012,9.96,0.55,5.25
25/11/2012,10.13,2.7,6.42
26/11/2012,7.91,6.04,6.97
27/11/2012,7.43,5.82,6.63
28/11/2012,6.14,5,5.57
29/11/2012,5.14,0.46,2.8
30/11/2012,3.51,-1.69,0.91
01/12/2012,5.53,-1.76,1.89
02/12/2012,9.17,-1.93,3.62
03/12/2012,8.92,0.5,4.71
04/12/2012,7.16,1.56,4.36
05/12/2012,3.48,-1.65,0.91
06/12/2012,4.87,-3.38,0.75
07/12/2012,6.24,-0.93,2.66
08/12/2012,6.62,0.21,3.42
09/12/2012,8.55,1.91,5.23
10/12/2012,4.86,0.73,2.8
11/12/2012,-0.51,-2.22,-1.36
12/12/2012,0.31,-5.14,-2.42
13/12/2012,5.31,-4.65,0.33
14/12/2012,8.81,-2.98,2.92
15/12/2012,10.05,5.29,7.67
16/12/2012,9.17,3.5,6.34
17/12/2012,8.61,4.67,6.64
18/12/2012,8.04,4.44,6.24
19/12/2012,8.27,3.05,5.66
20/12/2012,9.62,4.73,7.17
21/12/2012,9.37,5.94,7.65
22/12/2012,12.71,5.71,9.21
23/12/2012,10.86,7.83,9.35
24/12/2012,9.09,7.15,8.12
25/12/2012,9.12,6.92,8.02
26/12/2012,9.25,4.39,6.82
27/12/2012,8.57,5.54,7.05
28/12/2012,11.5,4.04,7.77
29/12/2012,10.35,9.09,9.72
30/12/2012,10.53,4,7.26
31/12/2012,10.51,4.91,7.71
01/01/2013,7.18,2.92,5.05
02/01/2013,10.01,3.37,6.69
03/01/2013,10.27,5.68,7.98
04/01/2013,9.87,6.67,8.27
05/01/2013,10.44,7.01,8.73
06/01/2013,9.42,6.18,7.8
07/01/2013,9.29,7.15,8.22
08/01/2013,11.49,7.61,9.55
09/01/2013,7.39,5.67,6.53
10/01/2013,4.46,-0.88,1.79
11/01/2013,6.58,1.2,3.89
12/01/2013,4.14,2.04,3.09
13/01/2013,2.89,-2.39,0.25
14/01/2013,3.11,-1.52,0.79
15/01/2013,3.03,-1.04,1
16/01/2013,-0.77,-4.3,-2.53
17/01/2013,1.51,-4.11,-1.3
18/01/2013,-0.71,-1.98,-1.34
19/01/2013,-0.34,-2.46,-1.4
20/01/2013,-0.5,-1.97,-1.24
21/01/2013,0.42,-2.44,-1.01
22/01/2013,1.29,-3.93,-1.32
23/01/2013,0.15,-2.46,-1.16
24/01/2013,1.15,-0.78,0.18
25/01/2013,3.26,-1.26,1
26/01/2013,10.15,0.48,5.32
27/01/2013,8.73,2.47,5.6
28/01/2013,10.57,2.83,6.7
29/01/2013,13.61,3.86,8.74
30/01/2013,10.49,8.16,9.33
31/01/2013,10.17,5.78,7.98
01/02/2013,7.12,4.19,5.65
02/02/2013,5.17,1.07,3.12
03/02/2013,9.3,-0.05,4.63
04/02/2013,9.5,3.66,6.58
05/02/2013,5.34,1.19,3.26
06/02/2013,5.36,2.59,3.98
07/02/2013,4.05,-0.81,1.62
08/02/2013,5.31,-0.91,2.2
09/02/2013,3.2,0.7,1.95
10/02/2013,5.09,1.06,3.08
11/02/2013,0.53,0,0.27
12/02/2013,1.01,0,0.51
13/02/2013,8.58,-0.19,4.2
14/02/2013,10.09,0.24,5.16
15/02/2013,9.84,1.39,5.61
16/02/2013,8.9,1.61,5.25
17/02/2013,8.39,-0.06,4.17
18/02/2013,7.82,0.39,4.11
19/02/2013,9.36,-2.31,3.53
20/02/2013,4.68,-0.04,2.32
21/02/2013,1.38,-0.22,0.58
22/02/2013,1.47,-0.37,0.55
23/02/2013,1.69,-0.57,0.56
24/02/2013,1.99,-1.12,0.44
25/02/2013,3.47,-0.09,1.69
26/02/2013,3.96,2.21,3.08
27/02/2013,5.13,1.63,3.38
28/02/2013,8.27,0.31,4.29
01/03/2013,6.54,2.05,4.3
02/03/2013,6.39,1.46,3.93
03/03/2013,6.68,-2.81,1.94
04/03/2013,9.73,0.01,4.87
05/03/2013,14.59,-1.66,6.47
06/03/2013,9.93,3.33,6.63
07/03/2013,8.87,4.21,6.54
08/03/2013,9.35,7.07,8.21
09/03/2013,6.14,4.43,5.28
10/03/2013,2.43,1.49,1.96
11/03/2013,0.75,-2.02,-0.64
12/03/2013,3.49,-3.2,0.14
13/03/2013,7.83,-0.9,3.47
14/03/2013,7.4,-4.05,1.67
15/03/2013,8.72,1.57,5.15
16/03/2013,8.08,4.81,6.44
17/03/2013,3.19,0.29,1.74
18/03/2013,6.62,-3.26,1.68
19/03/2013,7.4,-0.71,3.35
20/03/2013,3.81,-0.21,1.8
21/03/2013,5.57,0.24,2.9
22/03/2013,5.45,1.09,3.27
23/03/2013,0.47,0,0.23
24/03/2013,0.12,-1.57,-0.73
25/03/2013,1.2,-1.28,-0.04
26/03/2013,1.4,-0.64,0.38
27/03/2013,2.83,-1.29,0.77
28/03/2013,3.74,-2.05,0.84
29/03/2013,4.29,-3.42,0.43
30/03/2013,5.71,-2.86,1.43
31/03/2013,4.97,-4.48,0.25
01/04/2013,4.8,-0.51,2.14
02/04/2013,7.97,-2.45,2.76
03/04/2013,7.78,-1.82,2.98
04/04/2013,3.75,-1.53,1.11
05/04/2013,7.86,-0.02,3.92
06/04/2013,9.98,-2.05,3.97
07/04/2013,9.36,-2.32,3.52
08/04/2013,10.01,2.7,6.36
09/04/2013,9.52,1.52,5.52
10/04/2013,10.52,2.35,6.44
11/04/2013,10.05,4.35,7.2
12/04/2013,11.65,5.3,8.47
13/04/2013,15.11,3.89,9.5
14/04/2013,16.37,8.01,12.19
15/04/2013,15.61,9.09,12.35
16/04/2013,15.48,9.26,12.37
17/04/2013,16.54,8,12.27
18/04/2013,13.82,7.83,10.82
19/04/2013,13.01,6.55,9.78
20/04/2013,14.06,0.4,7.23
21/04/2013,13.73,2.17,7.95
22/04/2013,13.34,2.9,8.12
23/04/2013,19.01,7.83,13.42
24/04/2013,17.08,6.92,12
25/04/2013,18.08,10.23,14.15
26/04/2013,11.31,6.16,8.73
27/04/2013,11.18,2.23,6.71
28/04/2013,11.45,0.29,5.87
29/04/2013,13.03,4.71,8.87
30/04/2013,12.76,1.73,7.25
01/05/2013,14.93,0.19,7.56
02/05/2013,16.61,3.66,10.14
03/05/2013,17.27,4.1,10.68
04/05/2013,15.85,8.18,12.01
05/05/2013,18.17,5.53,11.85
06/05/2013,21.02,6.16,13.59
07/05/2013,21.71,6.91,14.31
08/05/2013,17.19,10.98,14.08
09/05/2013,13.4,5.35,9.38
10/05/2013,15.64,9.15,12.4
11/05/2013,12.53,5.12,8.83
12/05/2013,12.38,3.9,8.14
13/05/2013,13.2,9.16,11.18
14/05/2013,10.04,5.31,7.68
15/05/2013,13.3,4.62,8.96
16/05/2013,14.92,2.18,8.55
17/05/2013,12.03,4.35,8.19
18/05/2013,15.6,7.59,11.59
19/05/2013,18.93,6.74,12.84
20/05/2013,17.14,9.49,13.31
21/05/2013,15.07,11.23,13.15
22/05/2013,14.24,8.6,11.42
23/05/2013,11.26,4.77,8.01
24/05/2013,10.51,3.88,7.2
25/05/2013,15.66,5.21,10.43
26/05/2013,18.19,3.97,11.08
27/05/2013,16.14,4.78,10.46
28/05/2013,10.6,8.2,9.4
29/05/2013,12.31,7.18,9.74
30/05/2013,15.13,9.28,12.2
31/05/2013,20.69,9.65,15.17
01/06/2013,17.43,8.16,12.8
02/06/2013,17.37,6.09,11.73
03/06/2013,18.43,5.93,12.18
04/06/2013,18.94,5.67,12.3
05/06/2013,17.08,8.7,12.89
06/06/2013,19.62,7.45,13.53
07/06/2013,20,7.37,13.69
08/06/2013,16.58,8.24,12.41
09/06/2013,16.82,8.36,12.59
10/06/2013,15.01,5.47,10.24
11/06/2013,18.27,8.76,13.52
12/06/2013,18.26,12.54,15.4
13/06/2013,16.06,12.53,14.29
14/06/2013,18.06,7.8,12.93
15/06/2013,15.87,8.83,12.35
16/06/2013,15.35,10.42,12.88
17/06/2013,19.15,11.26,15.2
18/06/2013,19.7,10.89,15.29
19/06/2013,24.02,13.44,18.73
20/06/2013,19.88,15.34,17.61
21/06/2013,22.22,14.35,18.28
22/06/2013,17.17,12.32,14.75
23/06/2013,16.51,12.14,14.33
24/06/2013,17.04,8.76,12.9
25/06/2013,19.48,8.42,13.95
26/06/2013,20.93,8.52,14.73
27/06/2013,18.81,10.45,14.63
28/06/2013,20.78,11.16,15.97
29/06/2013,21.38,11.87,16.62
30/06/2013,22.22,13.11,17.66
01/07/2013,18.52,11.03,14.77
02/07/2013,15.78,9.92,12.85
03/07/2013,19.73,13.36,16.54
04/07/2013,21.45,11.66,16.56
05/07/2013,23.85,10,16.92
06/07/2013,25.88,11.38,18.63
07/07/2013,27.67,13.21,20.44
08/07/2013,25,13.78,19.39
09/07/2013,25.47,11.35,18.41
10/07/2013,22.33,11.84,17.08
11/07/2013,21.84,11.08,16.46
12/07/2013,24.74,9.65,17.19
13/07/2013,30.19,13.3,21.75
14/07/2013,28.16,16.65,22.41
15/07/2013,28.27,13.85,21.06
16/07/2013,29.11,14.9,22
17/07/2013,29.75,15.09,22.42
18/07/2013,28.07,14.7,21.38
19/07/2013,28.23,13.58,20.9
20/07/2013,23.28,15.83,19.55
21/07/2013,24.5,15.36,19.93
22/07/2013,31.16,15.04,23.1
23/07/2013,30.21,17.87,24.04
24/07/2013,25.57,14.44,20.01
25/07/2013,24.94,15.95,20.44
26/07/2013,24.78,12.6,18.69
27/07/2013,25.69,12.34,19.02
28/07/2013,22.46,13.34,17.9
29/07/2013,21.45,15.03,18.24
30/07/2013,22.65,14.5,18.58
31/07/2013,23.73,14.87,19.3
01/08/2013,30.69,16.62,23.66
02/08/2013,24.52,15.34,19.93
03/08/2013,22.35,14.28,18.32
04/08/2013,21.96,13.26,17.61
05/08/2013,21,15.29,18.15
06/08/2013,21.14,10,15.57
07/08/2013,21.41,11.2,16.3
08/08/2013,23.91,8.61,16.26
09/08/2013,22.05,14.75,18.4
10/08/2013,20.97,12.13,16.55
11/08/2013,21.1,13.29,17.2
12/08/2013,20.82,11.78,16.3
13/08/2013,18.3,8.6,13.45
14/08/2013,20.21,9.82,15.01
15/08/2013,22.84,15.63,19.24
16/08/2013,23.93,15.94,19.93
17/08/2013,19,12.13,15.56
18/08/2013,22.22,13.9,18.06
19/08/2013,21.42,9.98,15.7
20/08/2013,23.08,10.68,16.88
21/08/2013,24.41,11.11,17.76
22/08/2013,23.12,15.73,19.42
23/08/2013,24.06,14.75,19.4
24/08/2013,19.27,14.59,16.93
25/08/2013,23.6,12.52,18.06
26/08/2013,25.3,14.02,19.66
27/08/2013,22.82,11.83,17.33
28/08/2013,22.86,11.05,16.96
29/08/2013,23.17,11.16,17.17
30/08/2013,22.86,13.65,18.25
31/08/2013,19.03,11.72,15.37
01/09/2013,21.24,7.27,14.26
02/09/2013,23.78,9.64,16.71
03/09/2013,23.47,11.37,17.42
04/09/2013,26.67,10.29,18.48
05/09/2013,26.63,9.18,17.9
06/09/2013,16.53,11.83,14.18
07/09/2013,18.26,9.03,13.65
08/09/2013,16.11,7.01,11.56
09/09/2013,14.99,8.81,11.9
10/09/2013,15.76,8.02,11.89
11/09/2013,16.37,9.79,13.08
12/09/2013,20.37,11.65,16.01
13/09/2013,16.29,14.07,15.18
14/09/2013,13.58,7.69,10.63
15/09/2013,15.6,4.94,10.27
16/09/2013,13.78,7.15,10.46
17/09/2013,12.96,7.66,10.31
18/09/2013,14.9,9.37,12.14
19/09/2013,18.13,6.79,12.46
20/09/2013,17.46,9.15,13.31
21/09/2013,19.4,8.79,14.1
22/09/2013,21.31,13.27,17.29
23/09/2013,16.53,12.83,14.68
24/09/2013,19.99,9.35,14.67
25/09/2013,20.25,10.82,15.53
26/09/2013,17.05,12.3,14.67
27/09/2013,17.82,9.54,13.68
28/09/2013,18.03,8.52,13.28
29/09/2013,18.83,11.38,15.11
30/09/2013,18.57,11.07,14.82
01/10/2013,16.47,9.66,13.06
02/10/2013,19.67,13.06,16.37
03/10/2013,19.43,13.87,16.65
04/10/2013,19.23,14.25,16.74
05/10/2013,17.91,12.78,15.34
06/10/2013,18.62,7.1,12.86
07/10/2013,18.27,9.38,13.83
08/10/2013,19.38,11.61,15.49
09/10/2013,15.4,11.49,13.44
10/10/2013,11.66,5.3,8.48
11/10/2013,13.37,6.77,10.07
12/10/2013,13.55,9.86,11.71
13/10/2013,10.39,9.05,9.72
14/10/2013,11.59,7.74,9.67
15/10/2013,13.18,6.37,9.77
16/10/2013,15.16,4.47,9.82
17/10/2013,17.58,9.28,13.43
18/10/2013,16.36,10.35,13.36
19/10/2013,17.85,12.32,15.09
20/10/2013,15.81,11.98,13.9
21/10/2013,16.54,11.02,13.78
22/10/2013,16.83,14.41,15.62
23/10/2013,16.11,12.27,14.19
24/10/2013,15.85,5.37,10.61
25/10/2013,18.1,10.56,14.33
26/10/2013,15.86,13.11,14.49
27/10/2013,15.35,9.56,12.46
28/10/2013,11.59,9.24,10.41
29/10/2013,11.98,6.28,9.13
30/10/2013,13.42,2.29,7.85
31/10/2013,11.67,6.4,9.03
01/11/2013,13.67,9.44,11.55
02/11/2013,13.62,7.46,10.54
03/11/2013,11.72,5.87,8.8
04/11/2013,9.91,3.57,6.74
05/11/2013,11.84,2.86,7.35
06/11/2013,13.94,7.99,10.96
07/11/2013,10.24,6.23,8.23
08/11/2013,8.36,4.34,6.35
09/11/2013,8.2,2.38,5.29
10/11/2013,9.61,2.38,5.99
11/11/2013,12.79,1.98,7.39
12/11/2013,11.32,9.01,10.16
13/11/2013,8.91,0.31,4.61
14/11/2013,8.53,3.85,6.19
15/11/2013,8.63,0.46,4.55
16/11/2013,7.45,1.05,4.25
17/11/2013,9.29,3.76,6.52
18/11/2013,8.69,7.09,7.89
19/11/2013,6.13,0.67,3.4
20/11/2013,7.96,-2.02,2.97
21/11/2013,7.65,1.35,4.5
22/11/2013,6.6,1.39,3.99
23/11/2013,5.99,1.82,3.91
24/11/2013,7.13,2.84,4.99
25/11/2013,6.12,3.57,4.85
26/11/2013,8.29,-2.04,3.12
27/11/2013,10.22,-0.06,5.08
28/11/2013,8.73,7.08,7.91
29/11/2013,9.55,6.73,8.14
30/11/2013,7.49,4.13,5.81
01/12/2013,9.44,1.05,5.25
02/12/2013,8.45,4.31,6.38
03/12/2013,6.84,4.41,5.62
04/12/2013,8.41,4.71,6.56
05/12/2013,10.71,0.07,5.39
06/12/2013,7.98,2.07,5.02
07/12/2013,8.31,2.74,5.52
08/12/2013,10.36,5.37,7.87
09/12/2013,10.47,5.68,8.08
10/12/2013,8.44,2,5.22
11/12/2013,6.29,1.9,4.1
12/12/2013,10.84,1.96,6.4
13/12/2013,11.44,6.26,8.85
14/12/2013,11.21,4.09,7.65
15/12/2013,13.01,5.24,9.13
16/12/2013,12.89,8.04,10.47
17/12/2013,7.7,2.86,5.28
18/12/2013,9.75,2.48,6.12
19/12/2013,7.41,2.85,5.13
20/12/2013,10.65,1.11,5.88
21/12/2013,11.54,3.99,7.77
22/12/2013,10.84,5.78,8.31
23/12/2013,11.44,3.18,7.31
24/12/2013,7.34,5.2,6.27
25/12/2013,7.13,2.73,4.93
26/12/2013,8.89,1.29,5.09
27/12/2013,9.68,1.89,5.78
28/12/2013,7.01,2.49,4.75
29/12/2013,9.93,0.42,5.17
30/12/2013,9.85,1.2,5.53
31/12/2013,9.79,1.76,5.78
01/01/2014,10.58,4.21,7.4
02/01/2014,9.95,5.3,7.63
03/01/2014,7.71,6.38,7.04
04/01/2014,7.02,5.32,6.17
05/01/2014,12.29,1.14,6.72
06/01/2014,11.5,2.9,7.2
07/01/2014,10.52,6.53,8.53
08/01/2014,10.64,6.28,8.46
09/01/2014,8.34,6.31,7.32
10/01/2014,8.33,2.46,5.39
11/01/2014,7.46,3.11,5.28
12/01/2014,8.64,-1.73,3.45
13/01/2014,8.61,2.98,5.79
14/01/2014,9.45,0.22,4.83
15/01/2014,10.63,1.69,6.16
16/01/2014,7.66,5.15,6.41
17/01/2014,9.35,5.4,7.38
18/01/2014,8.89,4.84,6.86
19/01/2014,7.46,3.45,5.46
20/01/2014,6.64,-0.71,2.96
21/01/2014,6.98,-0.79,3.09
22/01/2014,9.45,0.45,4.95
23/01/2014,7.92,2.28,5.1
24/01/2014,7.59,2.07,4.83
25/01/2014,11.02,4.38,7.7
26/01/2014,9.47,2.77,6.12
27/01/2014,7.45,1.56,4.51
28/01/2014,8.68,3.54,6.11
29/01/2014,4.73,4.71,4.72
30/01/2014,3.31,2.31,2.81
31/01/2014,9.24,1.92,5.58
01/02/2014,7.82,2.06,4.94
02/02/2014,8.3,3.19,5.75
03/02/2014,7.28,4.29,5.78
04/02/2014,7.69,2.5,5.09
05/02/2014,8.67,3.94,6.3
06/02/2014,8.22,5.61,6.91
07/02/2014,8.58,2.63,5.61
08/02/2014,8.28,4.77,6.53
09/02/2014,6.85,5.01,5.93
10/02/2014,7.33,1.91,4.62
11/02/2014,7.39,1.84,4.62
12/02/2014,8.77,1.81,5.29
13/02/2014,8.53,1.37,4.95
14/02/2014,11.03,1.51,6.27
15/02/2014,10.51,3.66,7.08
16/02/2014,9.28,2.13,5.71
17/02/2014,9.37,4.04,6.71
18/02/2014,10.56,6.77,8.67
19/02/2014,10.25,4.64,7.45
20/02/2014,11.09,6.76,8.92
21/02/2014,9.02,2.38,5.7
22/02/2014,10.21,3.57,6.89
23/02/2014,11.41,7.06,9.24
24/02/2014,10.95,7.03,8.99
25/02/2014,9.88,5.05,7.46
26/02/2014,10.08,2.71,6.39
27/02/2014,10.21,4.91,7.56
28/02/2014,5.76,2.42,4.09
01/03/2014,8.86,-1.04,3.91
02/03/2014,8.8,2.66,5.73
03/03/2014,8.23,1.57,4.9
04/03/2014,9.92,-0.19,4.86
05/03/2014,11.22,0.17,5.7
06/03/2014,9.94,4.3,7.12
07/03/2014,15.61,6.19,10.9
08/03/2014,14.78,3.91,9.35
09/03/2014,18.3,5.09,11.69
10/03/2014,10.74,3.41,7.07
11/03/2014,9.2,4.96,7.08
12/03/2014,11.51,1.99,6.75
13/03/2014,11.31,1.55,6.43
14/03/2014,13.91,1.34,7.62
15/03/2014,16.81,2.88,9.85
16/03/2014,17.97,3.71,10.84
17/03/2014,13.23,4.73,8.98
18/03/2014,12.86,7.04,9.95
19/03/2014,14.13,6.21,10.17
20/03/2014,12.59,6.38,9.48
21/03/2014,11.11,4.21,7.66
22/03/2014,10.09,2.68,6.39
23/03/2014,9.01,1.17,5.09
24/03/2014,9.49,-1.25,4.12
25/03/2014,7.61,4.93,6.27
26/03/2014,7.95,0.77,4.36
27/03/2014,9.13,1.15,5.14
28/03/2014,11.78,1.79,6.78
29/03/2014,18.09,5.36,11.73
30/03/2014,18.82,5.91,12.36
31/03/2014,16.25,8.67,12.46
01/04/2014,15.71,3.2,9.45
02/04/2014,16.61,8.42,12.52
03/04/2014,14.55,8.63,11.59
04/04/2014,13.43,9.56,11.5
05/04/2014,13.9,6.4,10.15
06/04/2014,14.06,11.71,12.88
07/04/2014,13.44,11.58,12.51
08/04/2014,12.59,4.47,8.53
09/04/2014,15.08,5.03,10.05
10/04/2014,14.07,4.08,9.07
11/04/2014,15.01,5.71,10.36
12/04/2014,12.77,4.89,8.83
13/04/2014,14.99,4.09,9.54
14/04/2014,14.5,4.94,9.72
15/04/2014,13.83,1.88,7.85
16/04/2014,15.91,1.68,8.8
17/04/2014,14.79,4.55,9.67
18/04/2014,12.08,3.99,8.04
19/04/2014,12.85,0.66,6.75
20/04/2014,13.55,5.05,9.3
21/04/2014,17.95,3.68,10.81
22/04/2014,14.16,9.09,11.62
23/04/2014,14.5,7.29,10.9
24/04/2014,15.52,7.72,11.62
25/04/2014,11.36,7.67,9.52
26/04/2014,14.56,7.11,10.83
27/04/2014,13.67,7.99,10.83
28/04/2014,15.67,8.64,12.15
29/04/2014,15.53,6.2,10.87
30/04/2014,17.78,5.92,11.85
01/05/2014,14.39,9.31,11.85
02/05/2014,11.83,7.49,9.66
03/05/2014,13.25,0.24,6.74
04/05/2014,15.63,3.85,9.74
05/05/2014,17.7,3.7,10.7
06/05/2014,17.01,10.69,13.85
07/05/2014,15.68,9.03,12.36
08/05/2014,15.22,9.28,12.25
09/05/2014,15.8,9.78,12.79
10/05/2014,15.6,10.14,12.87
11/05/2014,13.54,8.68,11.11
12/05/2014,15.53,8.23,11.88
13/05/2014,15.44,7.55,11.5
14/05/2014,17.98,5.29,11.64
15/05/2014,19.57,5.33,12.45
16/05/2014,21.3,8.19,14.75
17/05/2014,22.33,10,16.17
18/05/2014,22.36,10.01,16.18
19/05/2014,24.34,10.19,17.27
20/05/2014,18.71,13.54,16.13
21/05/2014,18.74,6.64,12.69
22/05/2014,16.05,10.92,13.48
23/05/2014,13.99,10.89,12.44
24/05/2014,15.46,7.81,11.64
25/05/2014,16.54,9.6,13.07
26/05/2014,13.37,6.73,10.05
27/05/2014,14.09,9.66,11.87
28/05/2014,13.7,8.69,11.19
29/05/2014,18.33,11.51,14.92
30/05/2014,16.06,11.1,13.58
31/05/2014,17.78,11.06,14.42
01/06/2014,21.13,8.08,14.61
02/06/2014,18.16,11.63,14.89
03/06/2014,18.82,12.15,15.49
04/06/2014,14.91,10.55,12.73
05/06/2014,18.22,8.77,13.49
06/06/2014,22.69,8.3,15.5
07/06/2014,22,12.96,17.48
08/06/2014,22.16,12.15,17.15
09/06/2014,24.61,12.53,18.57
10/06/2014,20.47,12.1,16.28
11/06/2014,20.18,10.68,15.43
12/06/2014,23.14,9.99,16.57
13/06/2014,24.47,11.11,17.79
14/06/2014,22.13,14.78,18.46
15/06/2014,18.09,12.31,15.2
16/06/2014,17.86,11.66,14.76
17/06/2014,20.62,11.01,15.82
18/06/2014,22.4,13.92,18.16
19/06/2014,19.53,12.43,15.98
20/06/2014,22.54,11.84,17.19
21/06/2014,22.15,10.62,16.39
22/06/2014,23.28,10.34,16.81
23/06/2014,24.45,14.85,19.65
24/06/2014,22.36,12.2,17.28
25/06/2014,19.96,9.69,14.83
26/06/2014,20.27,10.45,15.36
27/06/2014,19.37,13.54,16.45
28/06/2014,17.38,10.37,13.88
29/06/2014,19.02,11.15,15.09
30/06/2014,20.21,8.45,14.33
01/07/2014,22.02,9.9,15.96
02/07/2014,23.22,9.08,16.15
03/07/2014,25.4,12.51,18.95
04/07/2014,23.89,13.18,18.53
05/07/2014,21.35,15.7,18.52
06/07/2014,20.38,11.07,15.72
07/07/2014,20.59,10.31,15.45
08/07/2014,19.38,10.7,15.04
09/07/2014,21.47,10.5,15.98
10/07/2014,24.37,12.19,18.28
11/07/2014,22.37,11.43,16.9
12/07/2014,25.74,12.9,19.32
13/07/2014,21.66,16.54,19.1
14/07/2014,22.81,9.76,16.28
15/07/2014,23.79,14.84,19.32
16/07/2014,23.89,12.11,18
17/07/2014,26.68,14.48,20.58
18/07/2014,27.12,16.59,21.85
19/07/2014,25.69,17.26,21.48
20/07/2014,25.45,15.04,20.24
21/07/2014,25.54,14.3,19.92
22/07/2014,26.02,13.07,19.55
23/07/2014,26.86,15.14,21
24/07/2014,27.98,14.74,21.36
25/07/2014,27.38,14.17,20.78
26/07/2014,27.87,14.72,21.29
27/07/2014,23.95,16.52,20.23
28/07/2014,23.58,12.98,18.28
29/07/2014,25.34,12.64,18.99
30/07/2014,24.25,11.29,17.77
31/07/2014,23.72,12.09,17.91
01/08/2014,22.36,13.16,17.76
02/08/2014,21.15,15.39,18.27
03/08/2014,22.77,10.47,16.62
04/08/2014,22.94,11.33,17.14
05/08/2014,22.86,12.24,17.55
06/08/2014,23.95,16.51,20.23
07/08/2014,24.34,12.76,18.55
08/08/2014,23.36,13.47,18.42
09/08/2014,22.83,12.21,17.52
10/08/2014,20.84,13.06,16.95
11/08/2014,19.38,11.22,15.3
12/08/2014,18.37,11.55,14.96
13/08/2014,21.39,10.87,16.13
14/08/2014,19.43,11.37,15.4
15/08/2014,20.12,10.5,15.31
16/08/2014,19.12,9.91,14.51
17/08/2014,19.26,13.2,16.23
18/08/2014,19.51,10.02,14.76
19/08/2014,17.05,9.36,13.2
20/08/2014,17.49,6.93,12.21
21/08/2014,16.35,6.04,11.2
22/08/2014,18.6,11.4,15
23/08/2014,18.5,7.75,13.12
24/08/2014,17.77,6.31,12.04
25/08/2014,16.04,11.82,13.93
26/08/2014,16.75,14.06,15.4
27/08/2014,18.57,8.59,13.58
28/08/2014,20.4,15.69,18.05
29/08/2014,18.94,13.11,16.02
30/08/2014,18.26,12.8,15.53
31/08/2014,20.88,10.52,15.7
01/09/2014,20.96,12.11,16.53
02/09/2014,21.38,9.36,15.37
03/09/2014,22.1,11.84,16.97
04/09/2014,20.33,10.52,15.42
05/09/2014,20.06,15.23,17.65
06/09/2014,21.54,14.2,17.87
07/09/2014,20.19,12.29,16.24
08/09/2014,20.96,7.41,14.19
09/09/2014,21.81,7.78,14.8
10/09/2014,20.41,10.08,15.25
11/09/2014,17.66,7.97,12.81
12/09/2014,20.98,10.55,15.76
13/09/2014,20.45,10.46,15.46
14/09/2014,21.23,9.32,15.28
15/09/2014,20.31,11.57,15.94
16/09/2014,21.88,10.26,16.07
17/09/2014,21.37,14.47,17.92
18/09/2014,24,14.74,19.37
19/09/2014,20.16,15.44,17.8
20/09/2014,17.73,15.35,16.54
21/09/2014,17.58,10.05,13.81
22/09/2014,18.92,4.66,11.79
23/09/2014,18.68,6.93,12.8
24/09/2014,17.55,11.35,14.45
25/09/2014,18.78,6.27,12.52
26/09/2014,20.75,13.22,16.98
27/09/2014,21.29,12.56,16.92
28/09/2014,22.91,12.22,17.57
29/09/2014,19.5,11.64,15.57
30/09/2014,21.42,12.93,17.17
01/10/2014,19.76,12.64,16.2
02/10/2014,19.47,11.25,15.36
03/10/2014,20.22,11.18,15.7
04/10/2014,13.54,12.16,12.85
05/10/2014,15.11,2.86,8.99
06/10/2014,12.53,8.42,10.48
07/10/2014,14.11,5.81,9.96
08/10/2014,16.41,6.7,11.56
09/10/2014,16.26,9.85,13.06
10/10/2014,16.97,8.15,12.56
11/10/2014,16.28,8.06,12.17
12/10/2014,12.37,3.84,8.1
13/10/2014,11.46,6.17,8.82
14/10/2014,11.5,10.3,10.9
15/10/2014,13.73,10.68,12.21
16/10/2014,16.96,9.95,13.46
17/10/2014,18.67,10.41,14.54
18/10/2014,18.56,15,16.78
19/10/2014,18.16,14.12,16.14
20/10/2014,16.26,10.45,13.36
21/10/2014,13.43,10.67,12.05
22/10/2014,13.1,4.67,8.88
23/10/2014,16.63,9.32,12.98
24/10/2014,15.62,12.51,14.07
25/10/2014,14.73,6.21,10.47
26/10/2014,14.75,10.87,12.81
27/10/2014,17.89,12.14,15.02
28/10/2014,19.29,9.66,14.48
29/10/2014,16.07,9.79,12.93
30/10/2014,17.54,10.09,13.81
31/10/2014,21.04,13.39,17.21
01/11/2014,16.08,11.66,13.87
02/11/2014,14.91,11.73,13.32
03/11/2014,9.6,7.64,8.62
04/11/2014,8.4,2.09,5.24
05/11/2014,10.08,2.09,6.08
06/11/2014,12.49,-0.65,5.92
07/11/2014,10.81,6.07,8.44
08/11/2014,12.1,6.16,9.13
09/11/2014,11.8,3.61,7.71
10/11/2014,11.92,4.81,8.36
11/11/2014,11.96,6.03,9
12/11/2014,11.86,8.75,10.31
13/11/2014,12.77,8.41,10.59
14/11/2014,13.14,10.64,11.89
15/11/2014,11.32,6.83,9.07
16/11/2014,10.22,5.73,7.97
17/11/2014,8.89,7.26,8.07
18/11/2014,10.99,4.97,7.98
19/11/2014,11.3,6.55,8.93
20/11/2014,9.38,4.96,7.17
21/11/2014,12.42,2.39,7.4
22/11/2014,14.23,6.56,10.4
23/11/2014,7.67,7.94,7.81
24/11/2014,7.78,-0.57,3.61
25/11/2014,6.79,-1.25,2.77
26/11/2014,7.82,2.02,4.92
27/11/2014,10.01,7.52,8.76
28/11/2014,11.25,7.18,9.21
29/11/2014,12.34,8.6,10.47
30/11/2014,10.9,4.65,7.78
01/12/2014,7.23,6.83,7.03
02/12/2014,7.53,5.34,6.43
03/12/2014,7.54,0.44,3.99
04/12/2014,4.15,2.53,3.34
05/12/2014,6.62,0.49,3.55
06/12/2014,9.27,-2.33,3.47
07/12/2014,9.81,-0.56,4.63
08/12/2014,6.24,1.48,3.86
09/12/2014,11.25,-0.16,5.55
10/12/2014,7.98,0.95,4.46
11/12/2014,9.7,4.32,7.01
12/12/2014,7.38,3.77,5.57
13/12/2014,6.02,-2.09,1.96
14/12/2014,8.87,-1.32,3.78
15/12/2014,8.05,3.12,5.59
16/12/2014,10.3,0.5,5.4
17/12/2014,12.13,1.73,6.93
18/12/2014,12.72,9.9,11.31
19/12/2014,8.84,6.87,7.86
20/12/2014,8.74,4.2,6.47
21/12/2014,12.19,3.42,7.81
22/12/2014,12.04,7.49,9.77
23/12/2014,11.55,10.3,10.93
24/12/2014,7.81,7.11,7.46
25/12/2014,7.39,0.27,3.83
26/12/2014,8.11,0.99,4.55
27/12/2014,4.16,-1.31,1.42
28/12/2014,4.67,-2.78,0.94
29/12/2014,4.65,-3.22,0.71
30/12/2014,4.62,-1.68,1.47
31/12/2014,9.54,-3.18,3.18
01/01/2015,12.9,2.22,7.56
02/01/2015,8.53,5.46,7
03/01/2015,4.63,2.46,3.54
04/01/2015,6.58,-1.79,2.4
05/01/2015,9.2,-1.04,4.08
06/01/2015,9.16,6.29,7.72
07/01/2015,11.1,1.1,6.1
08/01/2015,10.49,3.73,7.11
09/01/2015,13.46,5.09,9.27
10/01/2015,12.31,9.07,10.69
11/01/2015,9.5,2.03,5.77
12/01/2015,11.17,2.89,7.03
13/01/2015,7.22,4.99,6.1
14/01/2015,10.42,0.58,5.5
15/01/2015,7.94,1.07,4.5
16/01/2015,6.78,1.95,4.37
17/01/2015,5.38,-1.46,1.96
18/01/2015,3.18,1.02,2.1
19/01/2015,3.82,-1.37,1.23
20/01/2015,3.37,-4.14,-0.39
21/01/2015,4.02,-2.1,0.96
22/01/2015,3.19,-0.92,1.14
23/01/2015,7.92,-4.87,1.53
24/01/2015,6.66,-2.69,1.98
25/01/2015,9.02,-0.02,4.5
26/01/2015,9.46,2.48,5.97
27/01/2015,9.57,0.88,5.22
28/01/2015,9.55,3.88,6.71
29/01/2015,6.2,1.27,3.73
30/01/2015,6.2,0.23,3.22
31/01/2015,4.92,-0.44,2.24
01/02/2015,3.92,1.62,2.77
02/02/2015,1.94,-3.51,-0.78
03/02/2015,2.72,-2.02,0.35
04/02/2015,4.26,-2.09,1.08
05/02/2015,3.31,0.13,1.72
06/02/2015,4.06,-2.25,0.9
07/02/2015,4.53,-1.69,1.42
08/02/2015,7.66,-1.2,3.23
09/02/2015,8.6,0.11,4.36
10/02/2015,5.05,-0.74,2.16
11/02/2015,4.88,1.74,3.31
12/02/2015,6.97,2.53,4.75
13/02/2015,8.1,1.77,4.93
14/02/2015,7.33,0.61,3.97
15/02/2015,6.59,2.02,4.3
16/02/2015,6.46,1.53,3.99
17/02/2015,8.5,-0.41,4.05
18/02/2015,9.93,0.06,5
19/02/2015,7.76,3.44,5.6
20/02/2015,6.43,2.44,4.43
21/02/2015,7.15,0.61,3.88
22/02/2015,9.22,-1.41,3.91
23/02/2015,6.06,0.62,3.34
24/02/2015,9.13,1.8,5.47
25/02/2015,12.51,3.6,8.05
26/02/2015,11.19,6.46,8.82
27/02/2015,8.97,-0.88,4.04
28/02/2015,10.74,3.06,6.9
01/03/2015,10.17,4.99,7.58
02/03/2015,7.86,1.91,4.89
03/03/2015,8.3,1.7,5
04/03/2015,10.05,0.86,5.46
05/03/2015,10.46,-0.44,5.01
06/03/2015,12.5,3.33,7.92
07/03/2015,14.77,5.39,10.08
08/03/2015,11.91,4.73,8.32
09/03/2015,10,-0.12,4.94
10/03/2015,11.49,2.17,6.83
11/03/2015,12.89,2.59,7.74
12/03/2015,12.99,5.61,9.3
13/03/2015,11.11,5.01,8.06
14/03/2015,7.22,2.07,4.65
15/03/2015,6.39,3.43,4.91
16/03/2015,7.71,3.81,5.76
17/03/2015,10.32,2.94,6.63
18/03/2015,10.53,0.06,5.3
19/03/2015,6.75,1.62,4.18
20/03/2015,13.18,3.7,8.44
21/03/2015,8.73,3.17,5.95
22/03/2015,9.99,3.34,6.67
23/03/2015,10.43,0.51,5.47
24/03/2015,10.36,1.41,5.88
25/03/2015,8.9,-1.37,3.76
26/03/2015,12.68,2.63,7.66
27/03/2015,12.48,1.07,6.77
28/03/2015,14.04,5.27,9.66
29/03/2015,12.5,7.85,10.17
30/03/2015,11.33,4.54,7.93
31/03/2015,11.53,6.96,9.24
01/04/2015,10.58,2.42,6.5
02/04/2015,11.14,4.64,7.89
03/04/2015,12.18,6.3,9.24
04/04/2015,9.77,5.75,7.76
05/04/2015,13.08,6.26,9.67
06/04/2015,17.92,2.23,10.07
07/04/2015,16.97,1.41,9.19
08/04/2015,17.84,4.37,11.11
09/04/2015,16.51,4.15,10.33
10/04/2015,19.84,4.75,12.29
11/04/2015,12.49,7.43,9.96
12/04/2015,15.84,3.1,9.47
13/04/2015,16.74,4.07,10.4
14/04/2015,19.89,5.34,12.61
15/04/2015,21.67,6.74,14.2
16/04/2015,17.43,6.24,11.83
17/04/2015,14.01,5.37,9.69
18/04/2015,15,3.33,9.17
19/04/2015,10.87,2.22,6.54
20/04/2015,16.99,0.29,8.64
21/04/2015,17.82,2.48,10.15
22/04/2015,15.99,2.54,9.26
23/04/2015,16.96,4.2,10.58
24/04/2015,16.05,5.63,10.84
25/04/2015,17.24,10.35,13.79
26/04/2015,12.62,5.66,9.14
27/04/2015,12.16,-0.21,5.97
28/04/2015,12.38,1.33,6.85
29/04/2015,14,4.95,9.47
30/04/2015,13.07,4.18,8.62
01/05/2015,12.19,2.93,7.56
02/05/2015,14.04,4.22,9.13
03/05/2015,18.41,8.02,13.21
04/05/2015,16.55,8.27,12.41
05/05/2015,14.65,10.72,12.69
06/05/2015,13.34,7.94,10.64
07/05/2015,15.57,6.68,11.13
08/05/2015,15.16,5.95,10.55
09/05/2015,15.78,9.25,12.51
10/05/2015,17.16,7.01,12.08
11/05/2015,19.83,9.91,14.87
12/05/2015,15.76,8.17,11.96
13/05/2015,17.91,4.4,11.15
14/05/2015,10.98,7.63,9.31
15/05/2015,14.49,5.96,10.22
16/05/2015,16.35,9.69,13.02
17/05/2015,15.74,5.33,10.53
18/05/2015,14.05,7.83,10.94
19/05/2015,14.03,5.38,9.71
20/05/2015,14.47,3.13,8.8
21/05/2015,18.87,4.93,11.9
22/05/2015,19.55,7.38,13.47
23/05/2015,17.25,10.64,13.95
24/05/2015,18.05,10.31,14.18
25/05/2015,15.29,6.64,10.97
26/05/2015,17.2,7.73,12.46
27/05/2015,18.01,5.06,11.53
28/05/2015,16.3,9.75,13.02
29/05/2015,14.28,7.78,11.03
30/05/2015,16.24,6.18,11.21
31/05/2015,15.69,10.02,12.86
01/06/2015,14.73,5.97,10.35
02/06/2015,17.7,9.44,13.57
03/06/2015,18.41,10.26,14.34
04/06/2015,21.75,6.21,13.98
05/06/2015,22.77,13.41,18.09
06/06/2015,17.2,7,12.1
07/06/2015,18.61,6.21,12.41
08/06/2015,17.59,6.02,11.8
09/06/2015,14.44,4.47,9.45
10/06/2015,17.59,5.11,11.35
11/06/2015,23.36,6.65,15.01
12/06/2015,21.43,10.5,15.96
13/06/2015,16.06,13.88,14.97
14/06/2015,16.88,10.4,13.64
15/06/2015,19.65,7.02,13.34
16/06/2015,22.49,11.12,16.8
17/06/2015,22.55,10.6,16.58
18/06/2015,20.25,11.56,15.9
19/06/2015,21.68,8.53,15.1
20/06/2015,20.36,11.96,16.16
21/06/2015,18.96,13.25,16.1
22/06/2015,17.63,10.57,14.1
23/06/2015,20.9,9.26,15.08
24/06/2015,22.57,11.6,17.09
25/06/2015,23.63,11.23,17.43
26/06/2015,23.23,12.54,17.89
27/06/2015,22.82,10.46,16.64
28/06/2015,20.27,13.78,17.03
29/06/2015,24.51,11.58,18.04
30/06/2015,29.05,12.76,20.91
01/07/2015,33.02,16.63,24.83
02/07/2015,22.94,15.38,19.16
03/07/2015,26.19,9.49,17.84
04/07/2015,25.72,15.89,20.8
05/07/2015,22.18,11.76,16.97
06/07/2015,20.84,9.95,15.39
07/07/2015,21.64,14.41,18.03
08/07/2015,19.78,12.88,16.33
09/07/2015,22.22,10.01,16.12
10/07/2015,25.63,11.45,18.54
11/07/2015,23.58,12.87,18.22
12/07/2015,22.83,13.83,18.33
13/07/2015,19.29,15.15,17.22
14/07/2015,21.21,15.24,18.23
15/07/2015,20.35,12.8,16.57
16/07/2015,23.4,10.96,17.18
17/07/2015,22.13,14.55,18.34
18/07/2015,21.92,11.04,16.48
19/07/2015,23.05,12.63,17.84
20/07/2015,24,11.05,17.52
21/07/2015,24.1,12.16,18.13
22/07/2015,20.9,14.35,17.63
23/07/2015,20.69,9.4,15.04
24/07/2015,15.02,12.14,13.58
25/07/2015,20.27,9.62,14.94
26/07/2015,17.27,11,14.13
27/07/2015,18.01,11.64,14.83
28/07/2015,17.95,12.19,15.07
29/07/2015,18.26,8.69,13.48
30/07/2015,18.96,8.88,13.92
31/07/2015,21.35,5.03,13.19
01/08/2015,20.02,8.79,14.4
02/08/2015,24.51,10.95,17.73
03/08/2015,22.16,14.66,18.41
04/08/2015,19.94,11.59,15.76
05/08/2015,19.67,13.63,16.65
06/08/2015,23.78,14.2,18.99
07/08/2015,23.16,8.49,15.82
08/08/2015,25.81,11.53,18.67
09/08/2015,24.05,11.05,17.55
10/08/2015,21.09,16.87,18.98
11/08/2015,18.88,10.21,14.54
12/08/2015,22.25,12.16,17.2
13/08/2015,19.03,14.13,16.58
14/08/2015,16.77,15.24,16.01
15/08/2015,18.64,12.04,15.34
16/08/2015,20.1,9.19,14.65
17/08/2015,20.39,10.62,15.51
18/08/2015,18.8,11.22,15.01
19/08/2015,18.73,12.44,15.59
20/08/2015,21.82,14.25,18.04
21/08/2015,23.38,17.14,20.26
22/08/2015,28.56,15.28,21.92
23/08/2015,20.02,16.54,18.28
24/08/2015,15.72,11.28,13.5
25/08/2015,18.12,9.75,13.94
26/08/2015,20.37,14.34,17.36
27/08/2015,18.75,12.34,15.55
28/08/2015,20.37,9.52,14.94
29/08/2015,20.92,12.98,16.95
30/08/2015,16.7,14.01,15.36
31/08/2015,14.18,13.48,13.83
01/09/2015,14.21,11.87,13.04
02/09/2015,16.29,7.68,11.98
03/09/2015,15.78,8.45,12.12
04/09/2015,16.52,10.43,13.48
05/09/2015,15.03,8.54,11.79
06/09/2015,18.81,4.65,11.73
07/09/2015,19.31,6.28,12.79
08/09/2015,15.97,7.46,11.72
09/09/2015,18.52,10.57,14.54
10/09/2015,20.75,8.27,14.51
11/09/2015,20.66,8.1,14.38
12/09/2015,20.01,14.33,17.17
13/09/2015,17.1,10.16,13.63
14/09/2015,18.22,10.56,14.39
15/09/2015,19.04,9.61,14.32
16/09/2015,15.7,9.62,12.66
17/09/2015,17.3,7.67,12.49
18/09/2015,19.13,11.57,15.35
19/09/2015,18.47,7.33,12.9
20/09/2015,17.66,7.87,12.77
21/09/2015,15.81,10.3,13.05
22/09/2015,14.16,8.93,11.54
23/09/2015,16.85,6.89,11.87
24/09/2015,16.65,11.77,14.21
25/09/2015,17.5,7.48,12.49
26/09/2015,16.57,4.22,10.39
27/09/2015,18.09,4.64,11.36
28/09/2015,18.2,5.65,11.92
29/09/2015,18.48,7.89,13.19
30/09/2015,17.74,8.41,13.07
01/10/2015,18.04,8.62,13.33
02/10/2015,17.24,6.99,12.12
03/10/2015,16.46,6.35,11.41
04/10/2015,16.68,4.83,10.75
05/10/2015,17.7,10.09,13.89
06/10/2015,17.85,13.41,15.63
07/10/2015,14,12.41,13.21
08/10/2015,16.75,5.17,10.96
09/10/2015,15.53,3.55,9.54
10/10/2015,14.04,5.7,9.87
11/10/2015,13.71,8.7,11.21
12/10/2015,13.38,3.56,8.47
13/10/2015,12.87,5.31,9.09
14/10/2015,12.62,3.78,8.2
15/10/2015,11.12,6.98,9.05
16/10/2015,12.3,7.5,9.9
17/10/2015,12,9.07,10.53
18/10/2015,12.53,9.6,11.06
19/10/2015,12.19,9.31,10.75
20/10/2015,15.19,5.59,10.39
21/10/2015,16.13,7.91,12.02
22/10/2015,14.02,10.47,12.24
23/10/2015,12.49,6.87,9.68
24/10/2015,11.77,8.95,10.36
25/10/2015,11.62,2.38,7
26/10/2015,14.57,2.82,8.7
27/10/2015,16.38,10.53,13.46
28/10/2015,15.51,9.62,12.57
29/10/2015,14.4,9.81,12.11
30/10/2015,15.4,10.61,13
31/10/2015,15.97,10.57,13.27
01/11/2015,16.55,5.71,11.13
02/11/2015,11.83,6.54,9.18
03/11/2015,12.75,6.81,9.78
04/11/2015,14.21,9.99,12.1
05/11/2015,14.81,11.61,13.21
06/11/2015,16.68,13,14.84
07/11/2015,16.4,12.18,14.29
08/11/2015,15.26,8.19,11.72
09/11/2015,15.41,8.22,11.81
10/11/2015,15.87,11.03,13.45
11/11/2015,14.44,12.92,13.68
12/11/2015,14.82,7.69,11.26
13/11/2015,9.73,7.17,8.45
14/11/2015,14.71,5.62,10.17
15/11/2015,15.48,7.77,11.62
16/11/2015,12.75,9.93,11.34
17/11/2015,15.46,9.79,12.62
18/11/2015,14.68,9.22,11.95
19/11/2015,10.85,9.76,10.31
20/11/2015,8.91,5.94,7.42
21/11/2015,4.56,0.97,2.77
22/11/2015,5.32,-1.72,1.8
23/11/2015,8.78,-1.86,3.46
24/11/2015,8.35,-0.34,4.01
25/11/2015,10.07,5.43,7.75
26/11/2015,10.78,7.62,9.2
27/11/2015,11.95,8.1,10.02
28/11/2015,10.63,1.78,6.2
29/11/2015,12.19,3.96,8.07
30/11/2015,12.28,6.26,9.27
01/12/2015,13.45,7.8,10.62
02/12/2015,13.39,10.22,11.8
03/12/2015,12.74,10.71,11.73
04/12/2015,11.22,4.99,8.11
05/12/2015,13.49,7.92,10.7
06/12/2015,13.24,10.79,12.02
07/12/2015,13.81,11.65,12.73
08/12/2015,12.85,10.44,11.64
09/12/2015,10.75,3.46,7.1
10/12/2015,11.52,3.98,7.75
11/12/2015,10.98,6.97,8.97
12/12/2015,12.44,3.03,7.73
13/12/2015,9.04,5,7.02
14/12/2015,10.14,5.36,7.75
15/12/2015,13.08,6.79,9.94
16/12/2015,13.97,10.06,12.01
17/12/2015,14.3,11.79,13.04
18/12/2015,15.29,10.43,12.86
19/12/2015,15.13,11.35,13.24
20/12/2015,12.49,10.46,11.47
21/12/2015,13.85,5.96,9.91
22/12/2015,13.97,6.98,10.47
23/12/2015,11.77,6.58,9.18
24/12/2015,11.22,7.37,9.3
25/12/2015,14.35,3.37,8.86
26/12/2015,14.8,7.07,10.94
27/12/2015,13.99,11.2,12.6
28/12/2015,11.99,9.61,10.8
29/12/2015,12.56,8.25,10.41
30/12/2015,12.77,8.55,10.66
31/12/2015,10.05,6.24,8.14
01/01/2016,9.16,1.45,5.31
02/01/2016,10.08,3.24,6.66
03/01/2016,8.62,4.35,6.49
04/01/2016,9.75,4.98,7.36
05/01/2016,8.33,5.8,7.06
06/01/2016,8.96,5.7,7.33
07/01/2016,9.36,5.07,7.22
08/01/2016,9.38,0.83,5.1
09/01/2016,10,3.48,6.74
10/01/2016,7.69,4.39,6.04
11/01/2016,5.86,3.24,4.55
12/01/2016,6.4,2.99,4.7
13/01/2016,6.29,1.31,3.8
14/01/2016,4.36,1.26,2.81
15/01/2016,4.69,-0.33,2.18
16/01/2016,4.56,-1.73,1.42
17/01/2016,4.6,-1.27,1.66
18/01/2016,5.23,1,3.11
19/01/2016,3.78,-4.28,-0.25
20/01/2016,4.74,-5.07,-0.17
21/01/2016,7.39,-3.93,1.73
22/01/2016,11.67,2.33,7
23/01/2016,12.75,4.92,8.84
24/01/2016,15.12,5.16,10.14
25/01/2016,13.28,8.9,11.09
26/01/2016,12.75,5.15,8.95
27/01/2016,13.39,9.08,11.24
28/01/2016,10.6,1.58,6.09
29/01/2016,11.29,3.9,7.59
30/01/2016,7.5,5.22,6.36
31/01/2016,12.75,2.59,7.67
01/02/2016,12.98,5.33,9.16
02/02/2016,9.06,6.85,7.95
03/02/2016,9.13,1.85,5.49
04/02/2016,13.23,3.49,8.36
05/02/2016,10.99,8.59,9.79
06/02/2016,11.19,8.42,9.81
07/02/2016,9.93,3.42,6.68
08/02/2016,8.26,4.05,6.15
09/02/2016,7.06,2.51,4.78
10/02/2016,8.11,2.7,5.41
11/02/2016,8.04,-1.81,3.11
12/02/2016,7.19,0.87,4.03
13/02/2016,3.74,2.07,2.91
14/02/2016,5.57,0.69,3.13
15/02/2016,5.83,-0.73,2.55
16/02/2016,6.59,-3.18,1.7
17/02/2016,4.7,0.36,2.53
18/02/2016,7.5,1.11,4.31
19/02/2016,9.5,-0.17,4.66
20/02/2016,11.3,3.15,7.23
21/02/2016,12.68,9.14,10.91
22/02/2016,8.86,6.9,7.88
23/02/2016,8.54,2.47,5.5
24/02/2016,6.69,-2.61,2.04
25/02/2016,6.41,-1.85,2.28
26/02/2016,7.41,1.25,4.33
27/02/2016,6.29,1.65,3.97
28/02/2016,7.17,0.99,4.08
29/02/2016,9.16,-1.8,3.68
01/03/2016,12.65,1.84,7.24
02/03/2016,7.06,2.49,4.77
03/03/2016,8.77,1.31,5.04
04/03/2016,7.33,0.07,3.7
05/03/2016,7.34,-1.09,3.12
06/03/2016,6.51,-1.03,2.74
07/03/2016,7.13,-1.67,2.73
08/03/2016,7.93,-2.7,2.61
09/03/2016,6.29,-1.83,2.23
10/03/2016,6.98,4.39,5.69
11/03/2016,9.55,0.48,5.01
12/03/2016,10.9,-0.02,5.44
13/03/2016,9.71,0.17,4.94
14/03/2016,10.99,1.21,6.1
15/03/2016,8.47,0.86,4.67
16/03/2016,9.48,5.34,7.41
17/03/2016,10.44,2.19,6.32
18/03/2016,7.67,-0.1,3.78
19/03/2016,7.69,3.17,5.43
20/03/2016,9.99,3.42,6.7
21/03/2016,10.47,3.55,7.01
22/03/2016,10.64,-0.24,5.2
23/03/2016,9.08,1.19,5.13
24/03/2016,9.91,3.66,6.78
25/03/2016,13.88,5.56,9.72
26/03/2016,12.71,5.45,9.08
27/03/2016,10.61,4.47,7.54
28/03/2016,10.94,2.92,6.93
29/03/2016,10.54,4.19,7.36
30/03/2016,11.57,2.86,7.21
31/03/2016,11.92,0.78,6.35
01/04/2016,12.64,1.39,7.01
02/04/2016,14.22,7.66,10.94
03/04/2016,13.97,6.05,10.01
04/04/2016,11.37,8.19,9.78
05/04/2016,13.71,4.34,9.03
06/04/2016,11.93,4.92,8.43
07/04/2016,12.92,3.98,8.45
08/04/2016,13.07,5.96,9.51
09/04/2016,9.65,5.47,7.56
10/04/2016,11.99,-0.16,5.91
11/04/2016,12.61,6.21,9.41
12/04/2016,14.31,5.45,9.88
13/04/2016,16.71,2.94,9.82
14/04/2016,15.57,7.26,11.42
15/04/2016,10.7,7.01,8.85
16/04/2016,12.08,1.91,7
17/04/2016,11.48,-0.23,5.63
18/04/2016,11.95,2.03,6.99
19/04/2016,14.04,6.81,10.42
20/04/2016,15.17,2.1,8.63
21/04/2016,15.56,2.68,9.12
22/04/2016,10.23,6.1,8.16
23/04/2016,10.19,1.36,5.78
24/04/2016,10.03,2.38,6.2
25/04/2016,12.05,5.02,8.53
26/04/2016,9.64,0.51,5.07
27/04/2016,10.09,0.24,5.17
28/04/2016,10.42,-0.87,4.78
29/04/2016,10.82,2.87,6.85
30/04/2016,12.38,0.13,6.26
01/05/2016,14.81,0.92,7.87
02/05/2016,17,9.47,13.24
03/05/2016,14.43,3.26,8.85
04/05/2016,17.07,3.8,10.43
05/05/2016,19.54,3.4,11.47
06/05/2016,21.8,5.55,13.67
07/05/2016,22.1,10.4,16.25
08/05/2016,25.66,10.68,18.17
09/05/2016,23.34,13.16,18.25
10/05/2016,16.9,14.29,15.59
11/05/2016,17.64,13.46,15.55
12/05/2016,22.14,11.52,16.83
13/05/2016,15.82,10.23,13.03
14/05/2016,13.79,6.45,10.12
15/05/2016,16.43,3.52,9.98
16/05/2016,17.85,5.92,11.89
17/05/2016,17.33,6.31,11.82
18/05/2016,14.74,10.51,12.62
19/05/2016,17.71,9.29,13.5
20/05/2016,17.73,11.87,14.8
21/05/2016,14.89,11.58,13.24
22/05/2016,17.11,9.28,13.2
23/05/2016,16.45,6.83,11.64
24/05/2016,16.24,5.75,11
25/05/2016,12.16,5.5,8.83
26/05/2016,18.41,8.69,13.55
27/05/2016,19.57,9.11,14.34
28/05/2016,19.66,9.49,14.57
29/05/2016,17.9,7.5,12.7
30/05/2016,17.12,10.57,13.85
31/05/2016,13.23,10.48,11.86
01/06/2016,12.4,10.93,11.67
02/06/2016,14.32,9.11,11.72
03/06/2016,14.48,8.29,11.38
04/06/2016,19.32,9.29,14.3
05/06/2016,22.16,11.19,16.68
06/06/2016,25.06,10.19,17.62
07/06/2016,23.47,11.58,17.53
08/06/2016,24.73,14.11,19.42
09/06/2016,22.54,10.42,16.48
10/06/2016,21.72,14.32,18.02
11/06/2016,18.94,14.71,16.82
12/06/2016,18.76,13.36,16.06
13/06/2016,20.37,11.83,16.1
14/06/2016,17.91,12.28,15.09
15/06/2016,19.95,11.79,15.87
16/06/2016,19.25,11.09,15.17
17/06/2016,19,11.73,15.36
18/06/2016,17.77,11.02,14.4
19/06/2016,18.55,9.91,14.23
20/06/2016,21.04,14.67,17.86
21/06/2016,19.36,12.43,15.89
22/06/2016,20.16,14.06,17.11
23/06/2016,20.56,15.42,17.99
24/06/2016,19.64,10.62,15.13
25/06/2016,18.61,10.25,14.43
26/06/2016,18.91,11.42,15.17
27/06/2016,19.53,14.11,16.82
28/06/2016,18.82,8.36,13.59
29/06/2016,16.54,9.74,13.14
30/06/2016,19.22,12.5,15.86
01/07/2016,18.33,14.15,16.24
02/07/2016,18.44,9.6,14.02
03/07/2016,20.84,9.21,15.03
04/07/2016,19.27,8.42,13.84
05/07/2016,19.93,14.04,16.99
06/07/2016,20.17,8.13,14.15
07/07/2016,21.84,13.5,17.67
08/07/2016,21.66,13.92,17.79
09/07/2016,22.8,14.87,18.84
10/07/2016,22.05,16.3,19.18
11/07/2016,21.3,15.03,18.16
12/07/2016,17.38,11.1,14.24
13/07/2016,19.03,10.19,14.61
14/07/2016,20.81,9.21,15.01
15/07/2016,19.1,10.18,14.64
16/07/2016,24.42,14.93,19.68
17/07/2016,25.96,16.96,21.46
18/07/2016,27.91,13.97,20.94
19/07/2016,31.61,14.91,23.26
20/07/2016,28.84,20.83,24.83
21/07/2016,23.53,13.66,18.6
22/07/2016,25.47,16.01,20.74
23/07/2016,26.35,13.68,20.01
24/07/2016,22.48,13.07,17.77
25/07/2016,21.83,12.46,17.14
26/07/2016,21.35,10.85,16.1
27/07/2016,23.78,16.45,20.12
28/07/2016,21.06,12.25,16.66
29/07/2016,22.34,14.5,18.42
30/07/2016,21.37,13.82,17.59
31/07/2016,21.14,10.15,15.64
01/08/2016,18.15,10.85,14.5
02/08/2016,21.96,13.83,17.89
03/08/2016,22.56,16.13,19.35
04/08/2016,20.71,13.94,17.33
05/08/2016,22.95,11.55,17.25
06/08/2016,24.93,11.4,18.17
07/08/2016,22.5,17.78,20.14
08/08/2016,20.54,12.17,16.36
09/08/2016,19.98,9,14.49
10/08/2016,19.47,9.55,14.51
11/08/2016,21.67,13.37,17.52
12/08/2016,23.92,13.13,18.52
13/08/2016,25.08,14.61,19.85
14/08/2016,20.85,13.35,17.1
15/08/2016,24.19,8.84,16.51
16/08/2016,24.1,9.88,16.99
17/08/2016,25.38,9.94,17.66
18/08/2016,25.04,14.18,19.61
19/08/2016,19.1,15.74,17.42
20/08/2016,19.38,14.28,16.83
21/08/2016,21.08,14.4,17.74
22/08/2016,23.18,14.73,18.95
23/08/2016,28.76,13.91,21.34
24/08/2016,28.51,15.4,21.95
25/08/2016,22.91,16.76,19.84
26/08/2016,23.44,15.52,19.48
27/08/2016,21.15,11.56,16.35
28/08/2016,21.81,14.67,18.24
29/08/2016,22.89,14.07,18.48
30/08/2016,24.56,10.86,17.71
31/08/2016,21.74,11.05,16.39
01/09/2016,22.55,11.02,16.78
02/09/2016,19.14,11.8,15.47
03/09/2016,18.68,10.99,14.83
04/09/2016,19.03,14.3,16.67
05/09/2016,21.72,13.48,17.6
06/09/2016,24.09,13.94,19.02
07/09/2016,23.35,17.56,20.45
08/09/2016,21.52,15.45,18.48
09/09/2016,21.51,14.72,18.12
10/09/2016,17.9,16.61,17.25
11/09/2016,19.66,7.8,13.73
12/09/2016,21.86,11.67,16.76
13/09/2016,28.32,13.83,21.07
14/09/2016,26.66,16.58,21.62
15/09/2016,25.15,13.58,19.37
16/09/2016,18.06,15.19,16.63
17/09/2016,16.26,11.57,13.92
18/09/2016,19.7,10.98,15.34
19/09/2016,15.97,12.78,14.37
20/09/2016,17.31,13.41,15.36
21/09/2016,19.8,12.47,16.14
22/09/2016,19.17,12.86,16.02
23/09/2016,18.87,6.81,12.84
24/09/2016,21.34,9.84,15.59
25/09/2016,17.7,13.59,15.64
26/09/2016,16.04,9.06,12.55
27/09/2016,18.8,11.37,15.08
28/09/2016,21.48,11.59,16.54
29/09/2016,17.86,15.01,16.43
30/09/2016,17.07,9.14,13.1
01/10/2016,14.41,7.66,11.04
02/10/2016,15.82,5.96,10.89
03/10/2016,16.45,2.92,9.68
04/10/2016,17.81,6.35,12.08
05/10/2016,16.36,10.08,13.22
06/10/2016,13.97,6.17,10.07
07/10/2016,13.7,7.95,10.82
08/10/2016,14.84,10.92,12.88
09/10/2016,13.74,5.42,9.58
10/10/2016,13.52,3.08,8.3
11/10/2016,14.7,2.35,8.52
12/10/2016,14.56,7.86,11.21
13/10/2016,12.52,4.93,8.73
14/10/2016,13.6,6.99,10.3
15/10/2016,16.01,7.78,11.9
16/10/2016,16.75,8.53,12.64
17/10/2016,16.18,10,13.09
18/10/2016,12.73,8.97,10.85
19/10/2016,13.45,6.9,10.18
20/10/2016,13.85,6.13,9.99
21/10/2016,12.04,5.39,8.71
22/10/2016,12.36,3.57,7.96
23/10/2016,12.53,3.6,8.07
24/10/2016,12.46,7.56,10.01
25/10/2016,12.91,7.99,10.45
26/10/2016,14.86,8.79,11.82
27/10/2016,14.06,7.47,10.76
28/10/2016,15.47,9.6,12.53
29/10/2016,13.84,11.49,12.67
30/10/2016,13.3,9.66,11.48
31/10/2016,17.17,8.28,12.73
01/11/2016,10.5,6.14,8.32
02/11/2016,9.98,1.81,5.89
03/11/2016,10.77,-0.11,5.33
04/11/2016,9.59,2.85,6.22
05/11/2016,7.84,1.01,4.42
06/11/2016,6.79,-0.11,3.34
07/11/2016,7.71,3,5.36
08/11/2016,5.22,-2.77,1.23
09/11/2016,8.73,0.78,4.76
10/11/2016,10.57,2.8,6.68
11/11/2016,9.65,0.41,5.03
12/11/2016,10.61,2.6,6.6
13/11/2016,10.35,4.53,7.44
14/11/2016,12.93,5.3,9.11
15/11/2016,14.28,9.9,12.09
16/11/2016,12.43,9.93,11.18
17/11/2016,11.03,5.73,8.38
18/11/2016,6.05,2.19,4.12
19/11/2016,6.95,0.56,3.76
20/11/2016,6.04,2.36,4.2
21/11/2016,10.69,4.65,7.67
22/11/2016,8.49,6.62,7.56
23/11/2016,8.32,4.42,6.37
24/11/2016,8.87,6.21,7.54
25/11/2016,9.53,4.79,7.16
26/11/2016,7.99,4.44,6.21
27/11/2016,7.67,3.58,5.63
28/11/2016,7.98,4.52,6.25
29/11/2016,5.09,-3.31,0.89
30/11/2016,6.32,-5.48,0.42
01/12/2016,7.31,-3.61,1.85
02/12/2016,6.32,-1.27,2.53
03/12/2016,7.2,2.16,4.68
04/12/2016,6.33,-0.45,2.94
05/12/2016,6.13,-2.2,1.96
06/12/2016,9.92,-0.5,4.71
07/12/2016,12.69,4.55,8.62
08/12/2016,13.36,9.76,11.56
09/12/2016,13.76,10.39,12.07
10/12/2016,11.5,10.65,11.07
11/12/2016,9.36,3.34,6.35
12/12/2016,10.18,1.2,5.69
13/12/2016,12.39,5.29,8.84
14/12/2016,11.99,7.56,9.77
15/12/2016,10.02,5.09,7.56
16/12/2016,9.43,5.31,7.37
17/12/2016,7.69,3.37,5.53
18/12/2016,6.83,4.88,5.86
19/12/2016,5.9,1.66,3.78
20/12/2016,8.36,3.02,5.69
21/12/2016,10.12,2.56,6.34
22/12/2016,8.85,0.33,4.59
23/12/2016,10.98,1.95,6.46
24/12/2016,10.84,4.07,7.46
25/12/2016,12.89,6.13,9.51
26/12/2016,7.54,5.5,6.52
27/12/2016,5.32,-2.19,1.56
28/12/2016,4.88,-2.7,1.09
29/12/2016,7.09,-2.63,2.23
30/12/2016,6.28,-2.63,1.83
31/12/2016,7.64,-0.52,3.56
