date,subclutch_id,number_larvae
01/03/2024,f1.cold.cold,0
02/03/2024,f1.cold.cold,0
03/03/2025,f1.cold.cold,0
04/03/2025,f1.cold.cold,0
05/03/2025,f1.cold.cold,0
06/03/2025,f1.cold.cold,0
07/03/2025,f1.cold.cold,0
08/03/2025,f1.cold.cold,0
09/03/2025,f1.cold.cold,0
10/03/2025,f1.cold.cold,0
11/03/2025,f1.cold.cold,0
12/03/2025,f1.cold.cold,0
13/03/2025,f1.cold.cold,0
14/03/2025,f1.cold.cold,0
15/03/2025,f1.cold.cold,0
16/03/2025,f1.cold.cold,0
17/03/2025,f1.cold.cold,0
18/03/2025,f1.cold.cold,0
19/03/2025,f1.cold.cold,0
20/03/2025,f1.cold.cold,0
21/03/2025,f1.cold.cold,0
22/03/2025,f1.cold.cold,0
23/03/2025,f1.cold.cold,0
25/03/2025,f1.cold.cold,0
26/03/2025,f1.cold.cold,0
27/03/2025,f1.cold.cold,0
28/03/2025,f1.cold.cold,0
29/03/2025,f1.cold.cold,0
30/03/2025,f1.cold.cold,0
31/03/2025,f1.cold.cold,0
01/04/2025,f1.cold.cold,0
02/04/2025,f1.cold.cold,0
03/04/2025,f1.cold.cold,0
04/04/2025,f1.cold.cold,0
05/04/2025,f1.cold.cold,0
06/04/2025,f1.cold.cold,0
07/04/2025,f1.cold.cold,0
08/04/2025,f1.cold.cold,0
10/04/2025,f1.cold.cold,0
11/04/2025,f1.cold.cold,0
12/04/2025,f1.cold.cold,0
13/04/2025,f1.cold.cold,0
14/04/2025,f1.cold.cold,0
15/04/2025,f1.cold.cold,0
16/04/2025,f1.cold.cold,0
17/04/2025,f1.cold.cold,0
18/04/2025,f1.cold.cold,0
19/04/2025,f1.cold.cold,0
20/04/2025,f1.cold.cold,0
21/04/2025,f1.cold.cold,0
22/04/2025,f1.cold.cold,0
23/04/2025,f1.cold.cold,0
24/04/2025,f1.cold.cold,0
25/04/2025,f1.cold.cold,0
26/04/2025,f1.cold.cold,0
28/04/2025,f1.cold.cold,0
29/04/2025,f1.cold.cold,0
01/05/2025,f1.cold.cold,0
02/05/2025,f1.cold.cold,0
04/05/2025,f1.cold.cold,0
05/05/2025,f1.cold.cold,0
06/05/2025,f1.cold.cold,0
07/05/2025,f1.cold.cold,0
08/05/2025,f1.cold.cold,0
10/05/2025,f1.cold.cold,0
11/05/2025,f1.cold.cold,0
12/05/2025,f1.cold.cold,0
13/05/2025,f1.cold.cold,0
14/05/2025,f1.cold.cold,0
15/05/2025,f1.cold.cold,0
16/05/2025,f1.cold.cold,0
17/05/2025,f1.cold.cold,0
18/05/2025,f1.cold.cold,0
19/05/2025,f1.cold.cold,0
20/05/2025,f1.cold.cold,0
21/05/2025,f1.cold.cold,0
22/05/2025,f1.cold.cold,0
23/05/2025,f1.cold.cold,0
24/05/2025,f1.cold.cold,0
25/05/2025,f1.cold.cold,0
26/05/2025,f1.cold.cold,0
27/05/2025,f1.cold.cold,0
28/05/2025,f1.cold.cold,0
29/05/2025,f1.cold.cold,0
30/05/2025,f1.cold.cold,0
31/05/2025,f1.cold.cold,0
01/06/2025,f1.cold.cold,0
01/03/2024,f1.cold.control,0
02/03/2024,f1.cold.control,0
03/03/2025,f1.cold.control,0
04/03/2025,f1.cold.control,0
05/03/2025,f1.cold.control,0
06/03/2025,f1.cold.control,0
07/03/2025,f1.cold.control,0
08/03/2025,f1.cold.control,0
09/03/2025,f1.cold.control,0
10/03/2025,f1.cold.control,0
11/03/2025,f1.cold.control,0
12/03/2025,f1.cold.control,0
13/03/2025,f1.cold.control,0
14/03/2025,f1.cold.control,0
15/03/2025,f1.cold.control,0
16/03/2025,f1.cold.control,0
17/03/2025,f1.cold.control,0
18/03/2025,f1.cold.control,0
19/03/2025,f1.cold.control,0
20/03/2025,f1.cold.control,0
21/03/2025,f1.cold.control,0
22/03/2025,f1.cold.control,0
23/03/2025,f1.cold.control,0
24/03/2025,f1.cold.control,0
26/03/2025,f1.cold.control,0
27/03/2025,f1.cold.control,0
28/03/2025,f1.cold.control,0
29/03/2025,f1.cold.control,0
30/03/2025,f1.cold.control,0
31/03/2025,f1.cold.control,0
01/04/2025,f1.cold.control,0
02/04/2025,f1.cold.control,0
03/04/2025,f1.cold.control,0
04/04/2025,f1.cold.control,0
05/04/2025,f1.cold.control,0
06/04/2025,f1.cold.control,0
07/04/2025,f1.cold.control,0
08/04/2025,f1.cold.control,0
09/04/2025,f1.cold.control,0
11/04/2025,f1.cold.control,0
12/04/2025,f1.cold.control,0
13/04/2025,f1.cold.control,0
14/04/2025,f1.cold.control,0
15/04/2025,f1.cold.control,0
16/04/2025,f1.cold.control,0
17/04/2025,f1.cold.control,0
18/04/2025,f1.cold.control,0
19/04/2025,f1.cold.control,0
20/04/2025,f1.cold.control,0
21/04/2025,f1.cold.control,0
22/04/2025,f1.cold.control,0
23/04/2025,f1.cold.control,0
24/04/2025,f1.cold.control,0
25/04/2025,f1.cold.control,0
26/04/2025,f1.cold.control,0
27/04/2025,f1.cold.control,0
28/04/2025,f1.cold.control,0
29/04/2025,f1.cold.control,0
30/04/2025,f1.cold.control,0
01/05/2025,f1.cold.control,0
02/05/2025,f1.cold.control,0
03/05/2025,f1.cold.control,0
04/05/2025,f1.cold.control,0
05/05/2025,f1.cold.control,0
06/05/2025,f1.cold.control,0
07/05/2025,f1.cold.control,0
10/05/2025,f1.cold.control,0
11/05/2025,f1.cold.control,0
12/05/2025,f1.cold.control,0
13/05/2025,f1.cold.control,0
15/05/2025,f1.cold.control,0
01/03/2024,f1.cold.cool,0
02/03/2024,f1.cold.cool,0
03/03/2025,f1.cold.cool,0
04/03/2025,f1.cold.cool,0
05/03/2025,f1.cold.cool,0
06/03/2025,f1.cold.cool,0
07/03/2025,f1.cold.cool,0
08/03/2025,f1.cold.cool,0
09/03/2025,f1.cold.cool,0
10/03/2025,f1.cold.cool,0
11/03/2025,f1.cold.cool,0
12/03/2025,f1.cold.cool,0
13/03/2025,f1.cold.cool,0
14/03/2025,f1.cold.cool,0
15/03/2025,f1.cold.cool,0
16/03/2025,f1.cold.cool,0
17/03/2025,f1.cold.cool,0
18/03/2025,f1.cold.cool,0
19/03/2025,f1.cold.cool,0
20/03/2025,f1.cold.cool,0
21/03/2025,f1.cold.cool,0
22/03/2025,f1.cold.cool,0
23/03/2025,f1.cold.cool,0
24/03/2025,f1.cold.cool,0
25/03/2025,f1.cold.cool,0
26/03/2025,f1.cold.cool,0
27/03/2025,f1.cold.cool,0
28/03/2025,f1.cold.cool,0
29/03/2025,f1.cold.cool,0
30/03/2025,f1.cold.cool,0
31/03/2025,f1.cold.cool,0
01/04/2025,f1.cold.cool,0
02/04/2025,f1.cold.cool,0
03/04/2025,f1.cold.cool,0
04/04/2025,f1.cold.cool,0
05/04/2025,f1.cold.cool,0
06/04/2025,f1.cold.cool,0
07/04/2025,f1.cold.cool,0
08/04/2025,f1.cold.cool,0
09/04/2025,f1.cold.cool,0
11/04/2025,f1.cold.cool,0
12/04/2025,f1.cold.cool,0
13/04/2025,f1.cold.cool,0
14/04/2025,f1.cold.cool,0
15/04/2025,f1.cold.cool,0
16/04/2025,f1.cold.cool,0
17/04/2025,f1.cold.cool,0
18/04/2025,f1.cold.cool,0
19/04/2025,f1.cold.cool,0
20/04/2025,f1.cold.cool,0
21/04/2025,f1.cold.cool,0
22/04/2025,f1.cold.cool,0
23/04/2025,f1.cold.cool,0
24/04/2025,f1.cold.cool,0
25/04/2025,f1.cold.cool,0
26/04/2025,f1.cold.cool,0
27/04/2025,f1.cold.cool,0
28/04/2025,f1.cold.cool,0
29/04/2025,f1.cold.cool,0
30/04/2025,f1.cold.cool,0
01/05/2025,f1.cold.cool,0
02/05/2025,f1.cold.cool,0
03/05/2025,f1.cold.cool,0
04/05/2025,f1.cold.cool,0
06/05/2025,f1.cold.cool,0
07/05/2025,f1.cold.cool,0
08/05/2025,f1.cold.cool,0
10/05/2025,f1.cold.cool,0
11/05/2025,f1.cold.cool,0
12/05/2025,f1.cold.cool,0
13/05/2025,f1.cold.cool,0
14/05/2025,f1.cold.cool,0
15/05/2025,f1.cold.cool,0
16/05/2025,f1.cold.cool,0
17/05/2025,f1.cold.cool,0
18/05/2025,f1.cold.cool,0
19/05/2025,f1.cold.cool,0
20/05/2025,f1.cold.cool,0
21/05/2025,f1.cold.cool,0
22/05/2025,f1.cold.cool,0
23/05/2025,f1.cold.cool,0
24/05/2025,f1.cold.cool,0
25/05/2025,f1.cold.cool,0
26/05/2025,f1.cold.cool,0
27/05/2025,f1.cold.cool,0
28/05/2025,f1.cold.cool,0
29/05/2025,f1.cold.cool,0
01/03/2024,f1.cold.hot,0
02/03/2024,f1.cold.hot,0
03/03/2025,f1.cold.hot,0
04/03/2025,f1.cold.hot,0
05/03/2025,f1.cold.hot,0
06/03/2025,f1.cold.hot,0
07/03/2025,f1.cold.hot,0
08/03/2025,f1.cold.hot,0
09/03/2025,f1.cold.hot,0
10/03/2025,f1.cold.hot,0
12/03/2025,f1.cold.hot,0
13/03/2025,f1.cold.hot,0
14/03/2025,f1.cold.hot,0
15/03/2025,f1.cold.hot,0
17/03/2025,f1.cold.hot,0
18/03/2025,f1.cold.hot,0
19/03/2025,f1.cold.hot,0
20/03/2025,f1.cold.hot,0
21/03/2025,f1.cold.hot,0
22/03/2025,f1.cold.hot,0
23/03/2025,f1.cold.hot,0
24/03/2025,f1.cold.hot,0
25/03/2025,f1.cold.hot,0
26/03/2025,f1.cold.hot,0
27/03/2025,f1.cold.hot,0
28/03/2025,f1.cold.hot,0
29/03/2025,f1.cold.hot,0
30/03/2025,f1.cold.hot,0
31/03/2025,f1.cold.hot,0
01/04/2025,f1.cold.hot,0
02/04/2025,f1.cold.hot,0
03/04/2025,f1.cold.hot,0
04/04/2025,f1.cold.hot,0
05/04/2025,f1.cold.hot,0
06/04/2025,f1.cold.hot,0
07/04/2025,f1.cold.hot,0
08/04/2025,f1.cold.hot,0
09/04/2025,f1.cold.hot,0
11/04/2025,f1.cold.hot,0
12/04/2025,f1.cold.hot,0
13/04/2025,f1.cold.hot,0
14/04/2025,f1.cold.hot,0
15/04/2025,f1.cold.hot,0
16/04/2025,f1.cold.hot,0
17/04/2025,f1.cold.hot,0
18/04/2025,f1.cold.hot,0
20/04/2025,f1.cold.hot,0
21/04/2025,f1.cold.hot,0
22/04/2025,f1.cold.hot,0
23/04/2025,f1.cold.hot,0
24/04/2025,f1.cold.hot,0
25/04/2025,f1.cold.hot,0
26/04/2025,f1.cold.hot,0
27/04/2025,f1.cold.hot,0
28/04/2025,f1.cold.hot,0
29/04/2025,f1.cold.hot,0
01/05/2025,f1.cold.hot,0
02/05/2025,f1.cold.hot,0
03/05/2025,f1.cold.hot,0
04/05/2025,f1.cold.hot,0
05/05/2025,f1.cold.hot,0
06/05/2025,f1.cold.hot,0
08/05/2025,f1.cold.hot,0
09/05/2025,f1.cold.hot,0
10/05/2025,f1.cold.hot,0
11/05/2025,f1.cold.hot,0
12/05/2025,f1.cold.hot,0
14/05/2025,f1.cold.hot,0
15/05/2025,f1.cold.hot,0
16/05/2025,f1.cold.hot,0
01/03/2024,f1.cold.mean,0
02/03/2024,f1.cold.mean,0
03/03/2025,f1.cold.mean,0
04/03/2025,f1.cold.mean,0
05/03/2025,f1.cold.mean,0
06/03/2025,f1.cold.mean,0
07/03/2025,f1.cold.mean,0
08/03/2025,f1.cold.mean,0
09/03/2025,f1.cold.mean,0
10/03/2025,f1.cold.mean,0
11/03/2025,f1.cold.mean,0
12/03/2025,f1.cold.mean,0
13/03/2025,f1.cold.mean,0
14/03/2025,f1.cold.mean,0
15/03/2025,f1.cold.mean,0
16/03/2025,f1.cold.mean,0
17/03/2025,f1.cold.mean,0
18/03/2025,f1.cold.mean,0
19/03/2025,f1.cold.mean,0
20/03/2025,f1.cold.mean,0
21/03/2025,f1.cold.mean,0
22/03/2025,f1.cold.mean,0
23/03/2025,f1.cold.mean,0
24/03/2025,f1.cold.mean,0
25/03/2025,f1.cold.mean,0
26/03/2025,f1.cold.mean,0
27/03/2025,f1.cold.mean,0
28/03/2025,f1.cold.mean,0
29/03/2025,f1.cold.mean,0
30/03/2025,f1.cold.mean,0
31/03/2025,f1.cold.mean,0
01/04/2025,f1.cold.mean,0
02/04/2025,f1.cold.mean,0
03/04/2025,f1.cold.mean,0
04/04/2025,f1.cold.mean,0
05/04/2025,f1.cold.mean,0
06/04/2025,f1.cold.mean,0
07/04/2025,f1.cold.mean,0
08/04/2025,f1.cold.mean,0
10/04/2025,f1.cold.mean,0
11/04/2025,f1.cold.mean,0
12/04/2025,f1.cold.mean,0
13/04/2025,f1.cold.mean,0
14/04/2025,f1.cold.mean,0
15/04/2025,f1.cold.mean,0
16/04/2025,f1.cold.mean,0
17/04/2025,f1.cold.mean,0
18/04/2025,f1.cold.mean,0
19/04/2025,f1.cold.mean,0
20/04/2025,f1.cold.mean,0
21/04/2025,f1.cold.mean,0
22/04/2025,f1.cold.mean,0
23/04/2025,f1.cold.mean,0
24/04/2025,f1.cold.mean,0
25/04/2025,f1.cold.mean,0
26/04/2025,f1.cold.mean,0
27/04/2025,f1.cold.mean,0
28/04/2025,f1.cold.mean,0
29/04/2025,f1.cold.mean,0
30/04/2025,f1.cold.mean,0
01/05/2025,f1.cold.mean,0
02/05/2025,f1.cold.mean,0
03/05/2025,f1.cold.mean,0
04/05/2025,f1.cold.mean,0
05/05/2025,f1.cold.mean,0
06/05/2025,f1.cold.mean,0
07/05/2025,f1.cold.mean,0
08/05/2025,f1.cold.mean,0
09/05/2025,f1.cold.mean,0
10/05/2025,f1.cold.mean,0
11/05/2025,f1.cold.mean,0
12/05/2025,f1.cold.mean,0
13/05/2025,f1.cold.mean,0
14/05/2025,f1.cold.mean,0
15/05/2025,f1.cold.mean,0
16/05/2025,f1.cold.mean,0
17/05/2025,f1.cold.mean,0
18/05/2025,f1.cold.mean,0
19/05/2025,f1.cold.mean,0
20/05/2025,f1.cold.mean,0
21/05/2025,f1.cold.mean,0
22/05/2025,f1.cold.mean,0
23/05/2025,f1.cold.mean,0
24/05/2025,f1.cold.mean,0
30/05/2025,f1.cold.mean,0
01/03/2024,f1.cold.warm,0
02/03/2024,f1.cold.warm,0
03/03/2025,f1.cold.warm,0
04/03/2025,f1.cold.warm,0
05/03/2025,f1.cold.warm,0
06/03/2025,f1.cold.warm,0
07/03/2025,f1.cold.warm,0
08/03/2025,f1.cold.warm,0
09/03/2025,f1.cold.warm,0
10/03/2025,f1.cold.warm,0
11/03/2025,f1.cold.warm,0
12/03/2025,f1.cold.warm,0
13/03/2025,f1.cold.warm,0
14/03/2025,f1.cold.warm,0
15/03/2025,f1.cold.warm,0
16/03/2025,f1.cold.warm,0
17/03/2025,f1.cold.warm,0
18/03/2025,f1.cold.warm,0
19/03/2025,f1.cold.warm,0
20/03/2025,f1.cold.warm,0
21/03/2025,f1.cold.warm,0
22/03/2025,f1.cold.warm,0
23/03/2025,f1.cold.warm,0
24/03/2025,f1.cold.warm,0
25/03/2025,f1.cold.warm,0
26/03/2025,f1.cold.warm,0
27/03/2025,f1.cold.warm,0
28/03/2025,f1.cold.warm,0
29/03/2025,f1.cold.warm,0
30/03/2025,f1.cold.warm,0
31/03/2025,f1.cold.warm,0
01/04/2025,f1.cold.warm,0
02/04/2025,f1.cold.warm,0
03/04/2025,f1.cold.warm,0
04/04/2025,f1.cold.warm,0
05/04/2025,f1.cold.warm,0
06/04/2025,f1.cold.warm,0
07/04/2025,f1.cold.warm,0
08/04/2025,f1.cold.warm,0
09/04/2025,f1.cold.warm,0
10/04/2025,f1.cold.warm,0
11/04/2025,f1.cold.warm,0
12/04/2025,f1.cold.warm,0
13/04/2025,f1.cold.warm,0
14/04/2025,f1.cold.warm,0
15/04/2025,f1.cold.warm,0
16/04/2025,f1.cold.warm,0
17/04/2025,f1.cold.warm,0
18/04/2025,f1.cold.warm,0
19/04/2025,f1.cold.warm,0
20/04/2025,f1.cold.warm,0
21/04/2025,f1.cold.warm,0
22/04/2025,f1.cold.warm,0
23/04/2025,f1.cold.warm,0
24/04/2025,f1.cold.warm,0
25/04/2025,f1.cold.warm,0
26/04/2025,f1.cold.warm,0
27/04/2025,f1.cold.warm,0
28/04/2025,f1.cold.warm,0
29/04/2025,f1.cold.warm,0
30/04/2025,f1.cold.warm,0
01/05/2025,f1.cold.warm,0
02/05/2025,f1.cold.warm,0
03/05/2025,f1.cold.warm,0
04/05/2025,f1.cold.warm,0
05/05/2025,f1.cold.warm,0
06/05/2025,f1.cold.warm,0
07/05/2025,f1.cold.warm,0
08/05/2025,f1.cold.warm,0
09/05/2025,f1.cold.warm,0
10/05/2025,f1.cold.warm,0
11/05/2025,f1.cold.warm,0
13/05/2025,f1.cold.warm,0
14/05/2025,f1.cold.warm,0
15/05/2025,f1.cold.warm,0
18/05/2025,f1.cold.warm,0
01/03/2024,f1.control.cold,0
02/03/2024,f1.control.cold,0
03/03/2025,f1.control.cold,0
04/03/2025,f1.control.cold,0
05/03/2025,f1.control.cold,0
06/03/2025,f1.control.cold,0
07/03/2025,f1.control.cold,0
08/03/2025,f1.control.cold,0
09/03/2025,f1.control.cold,0
10/03/2025,f1.control.cold,0
11/03/2025,f1.control.cold,0
12/03/2025,f1.control.cold,0
13/03/2025,f1.control.cold,0
14/03/2025,f1.control.cold,0
15/03/2025,f1.control.cold,0
16/03/2025,f1.control.cold,0
17/03/2025,f1.control.cold,0
18/03/2025,f1.control.cold,0
19/03/2025,f1.control.cold,0
20/03/2025,f1.control.cold,0
21/03/2025,f1.control.cold,0
22/03/2025,f1.control.cold,0
23/03/2025,f1.control.cold,0
24/03/2025,f1.control.cold,0
25/03/2025,f1.control.cold,0
26/03/2025,f1.control.cold,0
27/03/2025,f1.control.cold,0
28/03/2025,f1.control.cold,0
29/03/2025,f1.control.cold,0
30/03/2025,f1.control.cold,0
31/03/2025,f1.control.cold,0
01/04/2025,f1.control.cold,0
02/04/2025,f1.control.cold,0
03/04/2025,f1.control.cold,0
04/04/2025,f1.control.cold,0
05/04/2025,f1.control.cold,0
06/04/2025,f1.control.cold,0
07/04/2025,f1.control.cold,0
08/04/2025,f1.control.cold,0
10/04/2025,f1.control.cold,0
11/04/2025,f1.control.cold,0
12/04/2025,f1.control.cold,0
13/04/2025,f1.control.cold,0
14/04/2025,f1.control.cold,0
15/04/2025,f1.control.cold,0
16/04/2025,f1.control.cold,0
17/04/2025,f1.control.cold,0
18/04/2025,f1.control.cold,0
19/04/2025,f1.control.cold,0
20/04/2025,f1.control.cold,0
21/04/2025,f1.control.cold,0
22/04/2025,f1.control.cold,0
23/04/2025,f1.control.cold,0
24/04/2025,f1.control.cold,0
25/04/2025,f1.control.cold,0
26/04/2025,f1.control.cold,0
28/04/2025,f1.control.cold,0
29/04/2025,f1.control.cold,0
01/05/2025,f1.control.cold,0
02/05/2025,f1.control.cold,0
04/05/2025,f1.control.cold,0
05/05/2025,f1.control.cold,0
06/05/2025,f1.control.cold,0
07/05/2025,f1.control.cold,0
08/05/2025,f1.control.cold,0
10/05/2025,f1.control.cold,0
12/05/2025,f1.control.cold,0
13/05/2025,f1.control.cold,1
14/05/2025,f1.control.cold,2
15/05/2025,f1.control.cold,7
16/05/2025,f1.control.cold,13
17/05/2025,f1.control.cold,17
18/05/2025,f1.control.cold,19
19/05/2025,f1.control.cold,22
01/03/2024,f1.control.control,0
02/03/2024,f1.control.control,0
03/03/2025,f1.control.control,0
04/03/2025,f1.control.control,0
05/03/2025,f1.control.control,0
06/03/2025,f1.control.control,0
07/03/2025,f1.control.control,0
08/03/2025,f1.control.control,0
09/03/2025,f1.control.control,0
10/03/2025,f1.control.control,0
11/03/2025,f1.control.control,0
12/03/2025,f1.control.control,0
13/03/2025,f1.control.control,0
14/03/2025,f1.control.control,0
15/03/2025,f1.control.control,0
16/03/2025,f1.control.control,0
17/03/2025,f1.control.control,0
18/03/2025,f1.control.control,0
19/03/2025,f1.control.control,0
20/03/2025,f1.control.control,0
21/03/2025,f1.control.control,0
22/03/2025,f1.control.control,0
23/03/2025,f1.control.control,0
24/03/2025,f1.control.control,0
26/03/2025,f1.control.control,0
27/03/2025,f1.control.control,0
28/03/2025,f1.control.control,0
29/03/2025,f1.control.control,0
30/03/2025,f1.control.control,0
31/03/2025,f1.control.control,3
01/04/2025,f1.control.control,5
02/04/2025,f1.control.control,4
03/04/2025,f1.control.control,10
04/04/2025,f1.control.control,12
05/04/2025,f1.control.control,12
07/04/2025,f1.control.control,19
08/04/2025,f1.control.control,19
09/04/2025,f1.control.control,19
11/04/2025,f1.control.control,19
12/04/2025,f1.control.control,19
13/04/2025,f1.control.control,19
14/04/2025,f1.control.control,19
15/04/2025,f1.control.control,19
16/04/2025,f1.control.control,19
17/04/2025,f1.control.control,19
18/04/2025,f1.control.control,19
19/04/2025,f1.control.control,19
20/04/2025,f1.control.control,16
21/04/2025,f1.control.control,18
22/04/2025,f1.control.control,18
23/04/2025,f1.control.control,15
24/04/2025,f1.control.control,15
25/04/2025,f1.control.control,14
26/04/2025,f1.control.control,12
01/03/2024,f1.control.cool,0
02/03/2024,f1.control.cool,0
03/03/2025,f1.control.cool,0
04/03/2025,f1.control.cool,0
05/03/2025,f1.control.cool,0
06/03/2025,f1.control.cool,0
07/03/2025,f1.control.cool,0
08/03/2025,f1.control.cool,0
09/03/2025,f1.control.cool,0
10/03/2025,f1.control.cool,0
11/03/2025,f1.control.cool,0
12/03/2025,f1.control.cool,0
13/03/2025,f1.control.cool,0
14/03/2025,f1.control.cool,0
15/03/2025,f1.control.cool,0
16/03/2025,f1.control.cool,0
17/03/2025,f1.control.cool,0
18/03/2025,f1.control.cool,0
19/03/2025,f1.control.cool,0
20/03/2025,f1.control.cool,0
21/03/2025,f1.control.cool,0
22/03/2025,f1.control.cool,0
23/03/2025,f1.control.cool,0
24/03/2025,f1.control.cool,0
25/03/2025,f1.control.cool,0
26/03/2025,f1.control.cool,0
27/03/2025,f1.control.cool,0
28/03/2025,f1.control.cool,0
29/03/2025,f1.control.cool,0
30/03/2025,f1.control.cool,0
31/03/2025,f1.control.cool,0
01/04/2025,f1.control.cool,0
02/04/2025,f1.control.cool,0
03/04/2025,f1.control.cool,0
04/04/2025,f1.control.cool,0
05/04/2025,f1.control.cool,0
06/04/2025,f1.control.cool,0
07/04/2025,f1.control.cool,0
08/04/2025,f1.control.cool,0
11/04/2025,f1.control.cool,0
12/04/2025,f1.control.cool,0
13/04/2025,f1.control.cool,0
14/04/2025,f1.control.cool,0
15/04/2025,f1.control.cool,0
16/04/2025,f1.control.cool,0
17/04/2025,f1.control.cool,0
18/04/2025,f1.control.cool,0
19/04/2025,f1.control.cool,0
20/04/2025,f1.control.cool,0
21/04/2025,f1.control.cool,0
22/04/2025,f1.control.cool,0
23/04/2025,f1.control.cool,0
24/04/2025,f1.control.cool,0
25/04/2025,f1.control.cool,0
26/04/2025,f1.control.cool,0
27/04/2025,f1.control.cool,0
28/04/2025,f1.control.cool,0
29/04/2025,f1.control.cool,0
30/04/2025,f1.control.cool,0
01/05/2025,f1.control.cool,0
02/05/2025,f1.control.cool,0
03/05/2025,f1.control.cool,0
04/05/2025,f1.control.cool,0
05/05/2025,f1.control.cool,1
06/05/2025,f1.control.cool,9
07/05/2025,f1.control.cool,10
08/05/2025,f1.control.cool,17
09/05/2025,f1.control.cool,17
10/05/2025,f1.control.cool,17
11/05/2025,f1.control.cool,17
12/05/2025,f1.control.cool,17
13/05/2025,f1.control.cool,17
14/05/2025,f1.control.cool,17
15/05/2025,f1.control.cool,17
16/05/2025,f1.control.cool,12
17/05/2025,f1.control.cool,12
18/05/2025,f1.control.cool,12
19/05/2025,f1.control.cool,9
20/05/2025,f1.control.cool,9
21/05/2025,f1.control.cool,15
22/05/2025,f1.control.cool,15
23/05/2025,f1.control.cool,14
24/05/2025,f1.control.cool,14
25/05/2025,f1.control.cool,14
26/05/2025,f1.control.cool,14
01/03/2024,f1.control.hot,0
02/03/2024,f1.control.hot,0
03/03/2025,f1.control.hot,0
04/03/2025,f1.control.hot,0
05/03/2025,f1.control.hot,0
06/03/2025,f1.control.hot,0
07/03/2025,f1.control.hot,0
08/03/2025,f1.control.hot,0
09/03/2025,f1.control.hot,0
10/03/2025,f1.control.hot,0
11/03/2025,f1.control.hot,0
12/03/2025,f1.control.hot,0
13/03/2025,f1.control.hot,0
14/03/2025,f1.control.hot,0
15/03/2025,f1.control.hot,3
16/03/2025,f1.control.hot,2
17/03/2025,f1.control.hot,5
18/03/2025,f1.control.hot,6
19/03/2025,f1.control.hot,6
20/03/2025,f1.control.hot,6
21/03/2025,f1.control.hot,8
22/03/2025,f1.control.hot,8
23/03/2025,f1.control.hot,8
24/03/2025,f1.control.hot,10
25/03/2025,f1.control.hot,10
26/03/2025,f1.control.hot,8
27/03/2025,f1.control.hot,15
28/03/2025,f1.control.hot,14
29/03/2025,f1.control.hot,NA
30/03/2025,f1.control.hot,NA
31/03/2025,f1.control.hot,12
01/04/2025,f1.control.hot,12
02/04/2025,f1.control.hot,12
03/04/2025,f1.control.hot,12
04/04/2025,f1.control.hot,12
05/04/2025,f1.control.hot,12
06/04/2025,f1.control.hot,12
07/04/2025,f1.control.hot,12
08/04/2025,f1.control.hot,12
09/04/2025,f1.control.hot,12
11/04/2025,f1.control.hot,12
12/04/2025,f1.control.hot,12
13/04/2025,f1.control.hot,12
14/04/2025,f1.control.hot,NA
15/04/2025,f1.control.hot,10
16/04/2025,f1.control.hot,12
17/04/2025,f1.control.hot,12
18/04/2025,f1.control.hot,12
19/04/2025,f1.control.hot,12
20/04/2025,f1.control.hot,NA
21/04/2025,f1.control.hot,9
22/04/2025,f1.control.hot,9
23/04/2025,f1.control.hot,9
24/04/2025,f1.control.hot,9
25/04/2025,f1.control.hot,9
01/03/2024,f1.control.mean,0
02/03/2024,f1.control.mean,0
03/03/2025,f1.control.mean,0
04/03/2025,f1.control.mean,0
05/03/2025,f1.control.mean,0
06/03/2025,f1.control.mean,0
07/03/2025,f1.control.mean,0
08/03/2025,f1.control.mean,0
09/03/2025,f1.control.mean,0
10/03/2025,f1.control.mean,0
11/03/2025,f1.control.mean,0
12/03/2025,f1.control.mean,0
13/03/2025,f1.control.mean,0
14/03/2025,f1.control.mean,0
15/03/2025,f1.control.mean,0
16/03/2025,f1.control.mean,0
17/03/2025,f1.control.mean,0
18/03/2025,f1.control.mean,0
19/03/2025,f1.control.mean,0
20/03/2025,f1.control.mean,0
21/03/2025,f1.control.mean,0
22/03/2025,f1.control.mean,0
23/03/2025,f1.control.mean,0
24/03/2025,f1.control.mean,0
25/03/2025,f1.control.mean,0
26/03/2025,f1.control.mean,0
27/03/2025,f1.control.mean,0
28/03/2025,f1.control.mean,0
29/03/2025,f1.control.mean,0
30/03/2025,f1.control.mean,0
31/03/2025,f1.control.mean,0
01/04/2025,f1.control.mean,0
02/04/2025,f1.control.mean,0
03/04/2025,f1.control.mean,0
04/04/2025,f1.control.mean,0
05/04/2025,f1.control.mean,0
06/04/2025,f1.control.mean,0
07/04/2025,f1.control.mean,0
08/04/2025,f1.control.mean,0
10/04/2025,f1.control.mean,0
11/04/2025,f1.control.mean,0
12/04/2025,f1.control.mean,0
13/04/2025,f1.control.mean,0
14/04/2025,f1.control.mean,0
15/04/2025,f1.control.mean,0
16/04/2025,f1.control.mean,0
17/04/2025,f1.control.mean,0
18/04/2025,f1.control.mean,0
19/04/2025,f1.control.mean,0
20/04/2025,f1.control.mean,0
21/04/2025,f1.control.mean,1
22/04/2025,f1.control.mean,3
23/04/2025,f1.control.mean,8
24/04/2025,f1.control.mean,11
25/04/2025,f1.control.mean,15
26/04/2025,f1.control.mean,15
27/04/2025,f1.control.mean,22
28/04/2025,f1.control.mean,NA
29/04/2025,f1.control.mean,NA
30/04/2025,f1.control.mean,NA
02/05/2025,f1.control.mean,NA
01/03/2024,f1.control.warm,0
02/03/2024,f1.control.warm,0
03/03/2025,f1.control.warm,0
04/03/2025,f1.control.warm,0
05/03/2025,f1.control.warm,0
06/03/2025,f1.control.warm,0
07/03/2025,f1.control.warm,0
08/03/2025,f1.control.warm,0
09/03/2025,f1.control.warm,0
10/03/2025,f1.control.warm,0
11/03/2025,f1.control.warm,0
12/03/2025,f1.control.warm,0
13/03/2025,f1.control.warm,0
14/03/2025,f1.control.warm,0
15/03/2025,f1.control.warm,0
16/03/2025,f1.control.warm,0
17/03/2025,f1.control.warm,0
18/03/2025,f1.control.warm,0
19/03/2025,f1.control.warm,0
20/03/2025,f1.control.warm,0
21/03/2025,f1.control.warm,0
22/03/2025,f1.control.warm,0
23/03/2025,f1.control.warm,0
24/03/2025,f1.control.warm,0
25/03/2025,f1.control.warm,0
26/03/2025,f1.control.warm,1
27/03/2025,f1.control.warm,1
28/03/2025,f1.control.warm,1
29/03/2025,f1.control.warm,3
30/03/2025,f1.control.warm,2
01/04/2025,f1.control.warm,4
02/04/2025,f1.control.warm,4
03/04/2025,f1.control.warm,9
04/04/2025,f1.control.warm,9
05/04/2025,f1.control.warm,9
06/04/2025,f1.control.warm,NA
07/04/2025,f1.control.warm,10
08/04/2025,f1.control.warm,10
09/04/2025,f1.control.warm,14
10/04/2025,f1.control.warm,14
11/04/2025,f1.control.warm,17
12/04/2025,f1.control.warm,17
13/04/2025,f1.control.warm,17
14/04/2025,f1.control.warm,17
15/04/2025,f1.control.warm,15
16/04/2025,f1.control.warm,15
17/04/2025,f1.control.warm,15
18/04/2025,f1.control.warm,11
19/04/2025,f1.control.warm,11
20/04/2025,f1.control.warm,11
21/04/2025,f1.control.warm,15
22/04/2025,f1.control.warm,16
23/04/2025,f1.control.warm,NA
24/04/2025,f1.control.warm,15
25/04/2025,f1.control.warm,15
26/04/2025,f1.control.warm,15
01/03/2024,f1.cool.cold,0
02/03/2024,f1.cool.cold,0
03/03/2025,f1.cool.cold,0
04/03/2025,f1.cool.cold,0
05/03/2025,f1.cool.cold,0
06/03/2025,f1.cool.cold,0
07/03/2025,f1.cool.cold,0
08/03/2025,f1.cool.cold,0
09/03/2025,f1.cool.cold,0
10/03/2025,f1.cool.cold,0
11/03/2025,f1.cool.cold,0
12/03/2025,f1.cool.cold,0
13/03/2025,f1.cool.cold,0
14/03/2025,f1.cool.cold,0
15/03/2025,f1.cool.cold,0
16/03/2025,f1.cool.cold,0
17/03/2025,f1.cool.cold,0
18/03/2025,f1.cool.cold,0
19/03/2025,f1.cool.cold,0
20/03/2025,f1.cool.cold,0
21/03/2025,f1.cool.cold,0
22/03/2025,f1.cool.cold,0
23/03/2025,f1.cool.cold,0
24/03/2025,f1.cool.cold,0
25/03/2025,f1.cool.cold,0
26/03/2025,f1.cool.cold,0
27/03/2025,f1.cool.cold,0
28/03/2025,f1.cool.cold,0
29/03/2025,f1.cool.cold,0
30/03/2025,f1.cool.cold,0
31/03/2025,f1.cool.cold,0
01/04/2025,f1.cool.cold,0
02/04/2025,f1.cool.cold,0
03/04/2025,f1.cool.cold,0
04/04/2025,f1.cool.cold,0
05/04/2025,f1.cool.cold,0
06/04/2025,f1.cool.cold,0
07/04/2025,f1.cool.cold,0
08/04/2025,f1.cool.cold,0
10/04/2025,f1.cool.cold,0
11/04/2025,f1.cool.cold,0
12/04/2025,f1.cool.cold,0
13/04/2025,f1.cool.cold,0
14/04/2025,f1.cool.cold,0
15/04/2025,f1.cool.cold,0
16/04/2025,f1.cool.cold,0
17/04/2025,f1.cool.cold,0
18/04/2025,f1.cool.cold,0
19/04/2025,f1.cool.cold,0
20/04/2025,f1.cool.cold,0
21/04/2025,f1.cool.cold,0
22/04/2025,f1.cool.cold,0
23/04/2025,f1.cool.cold,0
24/04/2025,f1.cool.cold,0
25/04/2025,f1.cool.cold,0
26/04/2025,f1.cool.cold,0
28/04/2025,f1.cool.cold,0
29/04/2025,f1.cool.cold,0
01/05/2025,f1.cool.cold,0
02/05/2025,f1.cool.cold,0
04/05/2025,f1.cool.cold,0
05/05/2025,f1.cool.cold,0
06/05/2025,f1.cool.cold,0
07/05/2025,f1.cool.cold,0
08/05/2025,f1.cool.cold,0
10/05/2025,f1.cool.cold,0
11/05/2025,f1.cool.cold,0
12/05/2025,f1.cool.cold,1
13/05/2025,f1.cool.cold,3
14/05/2025,f1.cool.cold,11
15/05/2025,f1.cool.cold,15
16/05/2025,f1.cool.cold,18
17/05/2025,f1.cool.cold,20
18/05/2025,f1.cool.cold,20
19/05/2025,f1.cool.cold,20
20/05/2025,f1.cool.cold,20
21/05/2025,f1.cool.cold,20
22/05/2025,f1.cool.cold,20
23/05/2025,f1.cool.cold,20
24/05/2025,f1.cool.cold,21
25/05/2025,f1.cool.cold,21
26/05/2025,f1.cool.cold,21
27/05/2025,f1.cool.cold,21
28/05/2025,f1.cool.cold,21
29/05/2025,f1.cool.cold,21
30/05/2025,f1.cool.cold,21
31/05/2025,f1.cool.cold,21
01/06/2025,f1.cool.cold,21
02/06/2025,f1.cool.cold,21
03/06/2025,f1.cool.cold,21
04/06/2025,f1.cool.cold,21
05/06/2025,f1.cool.cold,21
06/06/2025,f1.cool.cold,21
07/06/2025,f1.cool.cold,21
08/06/2025,f1.cool.cold,21
09/06/2025,f1.cool.cold,21
01/03/2024,f1.cool.control,0
02/03/2024,f1.cool.control,0
03/03/2025,f1.cool.control,0
04/03/2025,f1.cool.control,0
05/03/2025,f1.cool.control,0
06/03/2025,f1.cool.control,0
07/03/2025,f1.cool.control,0
08/03/2025,f1.cool.control,0
09/03/2025,f1.cool.control,0
10/03/2025,f1.cool.control,0
11/03/2025,f1.cool.control,0
12/03/2025,f1.cool.control,0
13/03/2025,f1.cool.control,0
14/03/2025,f1.cool.control,0
15/03/2025,f1.cool.control,0
16/03/2025,f1.cool.control,0
17/03/2025,f1.cool.control,0
18/03/2025,f1.cool.control,0
19/03/2025,f1.cool.control,0
20/03/2025,f1.cool.control,0
21/03/2025,f1.cool.control,0
22/03/2025,f1.cool.control,0
23/03/2025,f1.cool.control,0
24/03/2025,f1.cool.control,0
26/03/2025,f1.cool.control,0
27/03/2025,f1.cool.control,4
28/03/2025,f1.cool.control,8
29/03/2025,f1.cool.control,11
30/03/2025,f1.cool.control,11
31/03/2025,f1.cool.control,12
01/04/2025,f1.cool.control,12
02/04/2025,f1.cool.control,14
03/04/2025,f1.cool.control,14
04/04/2025,f1.cool.control,17
05/04/2025,f1.cool.control,17
06/04/2025,f1.cool.control,17
07/04/2025,f1.cool.control,17
08/04/2025,f1.cool.control,17
09/04/2025,f1.cool.control,17
11/04/2025,f1.cool.control,17
12/04/2025,f1.cool.control,17
13/04/2025,f1.cool.control,17
14/04/2025,f1.cool.control,17
15/04/2025,f1.cool.control,17
16/04/2025,f1.cool.control,9
17/04/2025,f1.cool.control,9
18/04/2025,f1.cool.control,9
19/04/2025,f1.cool.control,5
20/04/2025,f1.cool.control,5
21/04/2025,f1.cool.control,8
22/04/2025,f1.cool.control,5
23/04/2025,f1.cool.control,5
24/04/2025,f1.cool.control,7
25/04/2025,f1.cool.control,7
26/04/2025,f1.cool.control,5
27/04/2025,f1.cool.control,5
02/05/2025,f1.cool.control,0
01/03/2024,f1.cool.cool,0
02/03/2024,f1.cool.cool,0
03/03/2025,f1.cool.cool,0
04/03/2025,f1.cool.cool,0
05/03/2025,f1.cool.cool,0
06/03/2025,f1.cool.cool,0
07/03/2025,f1.cool.cool,0
08/03/2025,f1.cool.cool,0
09/03/2025,f1.cool.cool,0
10/03/2025,f1.cool.cool,0
11/03/2025,f1.cool.cool,0
12/03/2025,f1.cool.cool,0
13/03/2025,f1.cool.cool,0
14/03/2025,f1.cool.cool,0
15/03/2025,f1.cool.cool,0
16/03/2025,f1.cool.cool,0
17/03/2025,f1.cool.cool,0
18/03/2025,f1.cool.cool,0
19/03/2025,f1.cool.cool,0
20/03/2025,f1.cool.cool,0
21/03/2025,f1.cool.cool,0
22/03/2025,f1.cool.cool,0
23/03/2025,f1.cool.cool,0
24/03/2025,f1.cool.cool,0
25/03/2025,f1.cool.cool,0
26/03/2025,f1.cool.cool,0
27/03/2025,f1.cool.cool,0
28/03/2025,f1.cool.cool,0
29/03/2025,f1.cool.cool,0
30/03/2025,f1.cool.cool,0
31/03/2025,f1.cool.cool,0
01/04/2025,f1.cool.cool,0
02/04/2025,f1.cool.cool,0
03/04/2025,f1.cool.cool,0
04/04/2025,f1.cool.cool,0
05/04/2025,f1.cool.cool,0
06/04/2025,f1.cool.cool,0
07/04/2025,f1.cool.cool,0
08/04/2025,f1.cool.cool,0
09/04/2025,f1.cool.cool,0
11/04/2025,f1.cool.cool,0
12/04/2025,f1.cool.cool,0
13/04/2025,f1.cool.cool,0
14/04/2025,f1.cool.cool,0
15/04/2025,f1.cool.cool,0
16/04/2025,f1.cool.cool,0
17/04/2025,f1.cool.cool,0
18/04/2025,f1.cool.cool,0
19/04/2025,f1.cool.cool,0
20/04/2025,f1.cool.cool,0
21/04/2025,f1.cool.cool,0
22/04/2025,f1.cool.cool,0
23/04/2025,f1.cool.cool,0
24/04/2025,f1.cool.cool,0
25/04/2025,f1.cool.cool,0
26/04/2025,f1.cool.cool,0
27/04/2025,f1.cool.cool,0
28/04/2025,f1.cool.cool,0
29/04/2025,f1.cool.cool,1
30/04/2025,f1.cool.cool,2
01/05/2025,f1.cool.cool,6
02/05/2025,f1.cool.cool,6
03/05/2025,f1.cool.cool,11
04/05/2025,f1.cool.cool,11
06/05/2025,f1.cool.cool,14
07/05/2025,f1.cool.cool,14
08/05/2025,f1.cool.cool,14
09/05/2025,f1.cool.cool,14
10/05/2025,f1.cool.cool,14
11/05/2025,f1.cool.cool,NA
12/05/2025,f1.cool.cool,NA
13/05/2025,f1.cool.cool,NA
14/05/2025,f1.cool.cool,NA
15/05/2025,f1.cool.cool,14
16/05/2025,f1.cool.cool,14
17/05/2025,f1.cool.cool,14
18/05/2025,f1.cool.cool,14
19/05/2025,f1.cool.cool,17
20/05/2025,f1.cool.cool,19
21/05/2025,f1.cool.cool,13
01/03/2024,f1.cool.hot,0
02/03/2024,f1.cool.hot,0
03/03/2025,f1.cool.hot,1
04/03/2025,f1.cool.hot,1
05/03/2025,f1.cool.hot,1
06/03/2025,f1.cool.hot,1
07/03/2025,f1.cool.hot,2
08/03/2025,f1.cool.hot,4
09/03/2025,f1.cool.hot,5
10/03/2025,f1.cool.hot,5
11/03/2025,f1.cool.hot,5
12/03/2025,f1.cool.hot,7
13/03/2025,f1.cool.hot,7
14/03/2025,f1.cool.hot,7
15/03/2025,f1.cool.hot,8
16/03/2025,f1.cool.hot,6
17/03/2025,f1.cool.hot,6
18/03/2025,f1.cool.hot,6
19/03/2025,f1.cool.hot,6
20/03/2025,f1.cool.hot,6
21/03/2025,f1.cool.hot,6
22/03/2025,f1.cool.hot,6
23/03/2025,f1.cool.hot,6
24/03/2025,f1.cool.hot,4
25/03/2025,f1.cool.hot,4
26/03/2025,f1.cool.hot,5
27/03/2025,f1.cool.hot,5
28/03/2025,f1.cool.hot,4
29/03/2025,f1.cool.hot,4
30/03/2025,f1.cool.hot,4
31/03/2025,f1.cool.hot,4
01/04/2025,f1.cool.hot,4
02/04/2025,f1.cool.hot,4
03/04/2025,f1.cool.hot,3
04/04/2025,f1.cool.hot,3
05/04/2025,f1.cool.hot,3
06/04/2025,f1.cool.hot,3
07/04/2025,f1.cool.hot,3
08/04/2025,f1.cool.hot,3
09/04/2025,f1.cool.hot,3
11/04/2025,f1.cool.hot,3
12/04/2025,f1.cool.hot,3
13/04/2025,f1.cool.hot,3
14/04/2025,f1.cool.hot,3
15/04/2025,f1.cool.hot,1
16/04/2025,f1.cool.hot,1
17/04/2025,f1.cool.hot,1
18/04/2025,f1.cool.hot,1
19/04/2025,f1.cool.hot,1
20/04/2025,f1.cool.hot,1
21/04/2025,f1.cool.hot,1
22/04/2025,f1.cool.hot,1
23/04/2025,f1.cool.hot,1
24/04/2025,f1.cool.hot,1
25/04/2025,f1.cool.hot,1
01/03/2024,f1.cool.mean,0
02/03/2024,f1.cool.mean,0
03/03/2025,f1.cool.mean,0
04/03/2025,f1.cool.mean,0
05/03/2025,f1.cool.mean,0
06/03/2025,f1.cool.mean,0
07/03/2025,f1.cool.mean,0
08/03/2025,f1.cool.mean,0
09/03/2025,f1.cool.mean,0
10/03/2025,f1.cool.mean,0
11/03/2025,f1.cool.mean,0
12/03/2025,f1.cool.mean,0
13/03/2025,f1.cool.mean,0
14/03/2025,f1.cool.mean,0
15/03/2025,f1.cool.mean,0
16/03/2025,f1.cool.mean,0
17/03/2025,f1.cool.mean,0
18/03/2025,f1.cool.mean,0
19/03/2025,f1.cool.mean,0
20/03/2025,f1.cool.mean,0
21/03/2025,f1.cool.mean,0
22/03/2025,f1.cool.mean,0
23/03/2025,f1.cool.mean,0
24/03/2025,f1.cool.mean,0
26/03/2025,f1.cool.mean,0
27/03/2025,f1.cool.mean,0
28/03/2025,f1.cool.mean,0
29/03/2025,f1.cool.mean,0
30/03/2025,f1.cool.mean,0
31/03/2025,f1.cool.mean,0
01/04/2025,f1.cool.mean,0
02/04/2025,f1.cool.mean,0
03/04/2025,f1.cool.mean,0
04/04/2025,f1.cool.mean,0
05/04/2025,f1.cool.mean,0
06/04/2025,f1.cool.mean,0
07/04/2025,f1.cool.mean,0
08/04/2025,f1.cool.mean,0
10/04/2025,f1.cool.mean,0
11/04/2025,f1.cool.mean,0
12/04/2025,f1.cool.mean,0
13/04/2025,f1.cool.mean,0
14/04/2025,f1.cool.mean,1
15/04/2025,f1.cool.mean,1
16/04/2025,f1.cool.mean,1
17/04/2025,f1.cool.mean,3
18/04/2025,f1.cool.mean,9
20/04/2025,f1.cool.mean,6
21/04/2025,f1.cool.mean,15
22/04/2025,f1.cool.mean,15
23/04/2025,f1.cool.mean,15
24/04/2025,f1.cool.mean,15
25/04/2025,f1.cool.mean,15
26/04/2025,f1.cool.mean,15
27/04/2025,f1.cool.mean,15
28/04/2025,f1.cool.mean,15
29/04/2025,f1.cool.mean,11
30/04/2025,f1.cool.mean,11
01/05/2025,f1.cool.mean,11
02/05/2025,f1.cool.mean,12
03/05/2025,f1.cool.mean,12
04/05/2025,f1.cool.mean,NA
05/05/2025,f1.cool.mean,13
06/05/2025,f1.cool.mean,NA
07/05/2025,f1.cool.mean,13
08/05/2025,f1.cool.mean,13
10/05/2025,f1.cool.mean,NA
11/05/2025,f1.cool.mean,NA
12/05/2025,f1.cool.mean,12
13/05/2025,f1.cool.mean,12
14/05/2025,f1.cool.mean,12
01/03/2024,f1.cool.warm,0
02/03/2024,f1.cool.warm,0
03/03/2025,f1.cool.warm,0
04/03/2025,f1.cool.warm,0
05/03/2025,f1.cool.warm,0
06/03/2025,f1.cool.warm,0
07/03/2025,f1.cool.warm,0
08/03/2025,f1.cool.warm,0
09/03/2025,f1.cool.warm,0
10/03/2025,f1.cool.warm,0
11/03/2025,f1.cool.warm,0
12/03/2025,f1.cool.warm,0
13/03/2025,f1.cool.warm,0
14/03/2025,f1.cool.warm,0
15/03/2025,f1.cool.warm,0
16/03/2025,f1.cool.warm,0
17/03/2025,f1.cool.warm,0
18/03/2025,f1.cool.warm,0
19/03/2025,f1.cool.warm,0
20/03/2025,f1.cool.warm,0
21/03/2025,f1.cool.warm,0
22/03/2025,f1.cool.warm,1
23/03/2025,f1.cool.warm,1
24/03/2025,f1.cool.warm,2
25/03/2025,f1.cool.warm,3
26/03/2025,f1.cool.warm,5
27/03/2025,f1.cool.warm,5
28/03/2025,f1.cool.warm,7
29/03/2025,f1.cool.warm,6
30/03/2025,f1.cool.warm,6
31/03/2025,f1.cool.warm,11
01/04/2025,f1.cool.warm,11
02/04/2025,f1.cool.warm,13
03/04/2025,f1.cool.warm,14
04/04/2025,f1.cool.warm,14
05/04/2025,f1.cool.warm,14
06/04/2025,f1.cool.warm,14
07/04/2025,f1.cool.warm,14
08/04/2025,f1.cool.warm,15
09/04/2025,f1.cool.warm,15
10/04/2025,f1.cool.warm,15
11/04/2025,f1.cool.warm,15
12/04/2025,f1.cool.warm,15
13/04/2025,f1.cool.warm,13
14/04/2025,f1.cool.warm,13
15/04/2025,f1.cool.warm,13
16/04/2025,f1.cool.warm,15
17/04/2025,f1.cool.warm,15
18/04/2025,f1.cool.warm,15
19/04/2025,f1.cool.warm,15
20/04/2025,f1.cool.warm,15
22/04/2025,f1.cool.warm,12
24/04/2025,f1.cool.warm,13
25/04/2025,f1.cool.warm,13
26/04/2025,f1.cool.warm,14
01/03/2024,f1.hot.cold,0
02/03/2024,f1.hot.cold,0
03/03/2025,f1.hot.cold,0
04/03/2025,f1.hot.cold,0
05/03/2025,f1.hot.cold,0
06/03/2025,f1.hot.cold,0
07/03/2025,f1.hot.cold,0
08/03/2025,f1.hot.cold,0
09/03/2025,f1.hot.cold,0
10/03/2025,f1.hot.cold,0
11/03/2025,f1.hot.cold,0
12/03/2025,f1.hot.cold,0
13/03/2025,f1.hot.cold,0
14/03/2025,f1.hot.cold,0
15/03/2025,f1.hot.cold,0
16/03/2025,f1.hot.cold,0
17/03/2025,f1.hot.cold,0
18/03/2025,f1.hot.cold,0
19/03/2025,f1.hot.cold,0
20/03/2025,f1.hot.cold,0
21/03/2025,f1.hot.cold,0
22/03/2025,f1.hot.cold,0
23/03/2025,f1.hot.cold,0
24/03/2025,f1.hot.cold,0
25/03/2025,f1.hot.cold,0
26/03/2025,f1.hot.cold,0
27/03/2025,f1.hot.cold,0
28/03/2025,f1.hot.cold,0
29/03/2025,f1.hot.cold,0
30/03/2025,f1.hot.cold,0
31/03/2025,f1.hot.cold,0
01/04/2025,f1.hot.cold,0
02/04/2025,f1.hot.cold,0
03/04/2025,f1.hot.cold,0
04/04/2025,f1.hot.cold,0
05/04/2025,f1.hot.cold,0
06/04/2025,f1.hot.cold,0
07/04/2025,f1.hot.cold,0
08/04/2025,f1.hot.cold,0
10/04/2025,f1.hot.cold,0
11/04/2025,f1.hot.cold,0
12/04/2025,f1.hot.cold,0
13/04/2025,f1.hot.cold,0
14/04/2025,f1.hot.cold,0
15/04/2025,f1.hot.cold,0
16/04/2025,f1.hot.cold,0
17/04/2025,f1.hot.cold,0
18/04/2025,f1.hot.cold,0
19/04/2025,f1.hot.cold,0
20/04/2025,f1.hot.cold,0
21/04/2025,f1.hot.cold,0
22/04/2025,f1.hot.cold,0
23/04/2025,f1.hot.cold,0
24/04/2025,f1.hot.cold,0
25/04/2025,f1.hot.cold,0
26/04/2025,f1.hot.cold,0
28/04/2025,f1.hot.cold,0
29/04/2025,f1.hot.cold,0
01/05/2025,f1.hot.cold,0
02/05/2025,f1.hot.cold,0
04/05/2025,f1.hot.cold,0
05/05/2025,f1.hot.cold,0
06/05/2025,f1.hot.cold,0
07/05/2025,f1.hot.cold,0
08/05/2025,f1.hot.cold,0
10/05/2025,f1.hot.cold,0
11/05/2025,f1.hot.cold,0
12/05/2025,f1.hot.cold,0
13/05/2025,f1.hot.cold,0
14/05/2025,f1.hot.cold,0
15/05/2025,f1.hot.cold,0
16/05/2025,f1.hot.cold,0
17/05/2025,f1.hot.cold,0
18/05/2025,f1.hot.cold,1
19/05/2025,f1.hot.cold,5
20/05/2025,f1.hot.cold,9
21/05/2025,f1.hot.cold,12
22/05/2025,f1.hot.cold,15
23/05/2025,f1.hot.cold,17
24/05/2025,f1.hot.cold,19
25/05/2025,f1.hot.cold,21
26/05/2025,f1.hot.cold,23
27/05/2025,f1.hot.cold,23
28/05/2025,f1.hot.cold,23
29/05/2025,f1.hot.cold,23
30/05/2025,f1.hot.cold,23
31/05/2025,f1.hot.cold,23
01/06/2025,f1.hot.cold,23
02/06/2025,f1.hot.cold,23
03/06/2025,f1.hot.cold,23
04/06/2025,f1.hot.cold,23
05/06/2025,f1.hot.cold,23
06/06/2025,f1.hot.cold,23
07/06/2025,f1.hot.cold,23
08/06/2025,f1.hot.cold,23
09/06/2025,f1.hot.cold,23
01/03/2024,f1.hot.control,0
02/03/2024,f1.hot.control,0
03/03/2025,f1.hot.control,0
04/03/2025,f1.hot.control,0
05/03/2025,f1.hot.control,0
06/03/2025,f1.hot.control,0
07/03/2025,f1.hot.control,0
08/03/2025,f1.hot.control,0
09/03/2025,f1.hot.control,0
10/03/2025,f1.hot.control,0
11/03/2025,f1.hot.control,0
12/03/2025,f1.hot.control,0
13/03/2025,f1.hot.control,0
14/03/2025,f1.hot.control,0
15/03/2025,f1.hot.control,0
16/03/2025,f1.hot.control,0
17/03/2025,f1.hot.control,0
18/03/2025,f1.hot.control,0
19/03/2025,f1.hot.control,0
20/03/2025,f1.hot.control,0
21/03/2025,f1.hot.control,0
22/03/2025,f1.hot.control,0
23/03/2025,f1.hot.control,0
24/03/2025,f1.hot.control,0
26/03/2025,f1.hot.control,0
27/03/2025,f1.hot.control,0
28/03/2025,f1.hot.control,0
29/03/2025,f1.hot.control,0
30/03/2025,f1.hot.control,0
31/03/2025,f1.hot.control,0
01/04/2025,f1.hot.control,0
02/04/2025,f1.hot.control,0
03/04/2025,f1.hot.control,0
04/04/2025,f1.hot.control,0
05/04/2025,f1.hot.control,0
06/04/2025,f1.hot.control,0
07/04/2025,f1.hot.control,0
08/04/2025,f1.hot.control,0
09/04/2025,f1.hot.control,0
11/04/2025,f1.hot.control,5
12/04/2025,f1.hot.control,6
13/04/2025,f1.hot.control,6
14/04/2025,f1.hot.control,9
15/04/2025,f1.hot.control,9
16/04/2025,f1.hot.control,13
17/04/2025,f1.hot.control,13
18/04/2025,f1.hot.control,15
19/04/2025,f1.hot.control,15
20/04/2025,f1.hot.control,16
21/04/2025,f1.hot.control,12
22/04/2025,f1.hot.control,12
23/04/2025,f1.hot.control,8
24/04/2025,f1.hot.control,13
25/04/2025,f1.hot.control,13
26/04/2025,f1.hot.control,13
01/03/2024,f1.hot.cool,0
02/03/2024,f1.hot.cool,0
03/03/2025,f1.hot.cool,0
04/03/2025,f1.hot.cool,0
05/03/2025,f1.hot.cool,0
06/03/2025,f1.hot.cool,0
07/03/2025,f1.hot.cool,0
08/03/2025,f1.hot.cool,0
09/03/2025,f1.hot.cool,0
10/03/2025,f1.hot.cool,0
11/03/2025,f1.hot.cool,0
12/03/2025,f1.hot.cool,0
13/03/2025,f1.hot.cool,0
14/03/2025,f1.hot.cool,0
15/03/2025,f1.hot.cool,0
16/03/2025,f1.hot.cool,0
17/03/2025,f1.hot.cool,0
18/03/2025,f1.hot.cool,0
19/03/2025,f1.hot.cool,0
20/03/2025,f1.hot.cool,0
21/03/2025,f1.hot.cool,0
22/03/2025,f1.hot.cool,0
23/03/2025,f1.hot.cool,0
24/03/2025,f1.hot.cool,0
25/03/2025,f1.hot.cool,0
26/03/2025,f1.hot.cool,0
27/03/2025,f1.hot.cool,0
28/03/2025,f1.hot.cool,0
29/03/2025,f1.hot.cool,0
30/03/2025,f1.hot.cool,0
31/03/2025,f1.hot.cool,0
01/04/2025,f1.hot.cool,0
02/04/2025,f1.hot.cool,0
03/04/2025,f1.hot.cool,0
04/04/2025,f1.hot.cool,0
05/04/2025,f1.hot.cool,0
06/04/2025,f1.hot.cool,0
07/04/2025,f1.hot.cool,0
08/04/2025,f1.hot.cool,0
11/04/2025,f1.hot.cool,0
12/04/2025,f1.hot.cool,0
13/04/2025,f1.hot.cool,0
14/04/2025,f1.hot.cool,0
15/04/2025,f1.hot.cool,0
16/04/2025,f1.hot.cool,0
17/04/2025,f1.hot.cool,0
18/04/2025,f1.hot.cool,0
19/04/2025,f1.hot.cool,0
20/04/2025,f1.hot.cool,0
21/04/2025,f1.hot.cool,0
22/04/2025,f1.hot.cool,0
23/04/2025,f1.hot.cool,0
24/04/2025,f1.hot.cool,0
25/04/2025,f1.hot.cool,0
26/04/2025,f1.hot.cool,0
27/04/2025,f1.hot.cool,0
28/04/2025,f1.hot.cool,0
29/04/2025,f1.hot.cool,0
30/04/2025,f1.hot.cool,0
01/05/2025,f1.hot.cool,0
02/05/2025,f1.hot.cool,0
03/05/2025,f1.hot.cool,0
04/05/2025,f1.hot.cool,0
06/05/2025,f1.hot.cool,0
07/05/2025,f1.hot.cool,0
08/05/2025,f1.hot.cool,1
09/05/2025,f1.hot.cool,3
10/05/2025,f1.hot.cool,3
11/05/2025,f1.hot.cool,5
12/05/2025,f1.hot.cool,7
13/05/2025,f1.hot.cool,11
14/05/2025,f1.hot.cool,11
15/05/2025,f1.hot.cool,12
16/05/2025,f1.hot.cool,12
17/05/2025,f1.hot.cool,14
18/05/2025,f1.hot.cool,15
19/05/2025,f1.hot.cool,12
20/05/2025,f1.hot.cool,15
21/05/2025,f1.hot.cool,15
22/05/2025,f1.hot.cool,16
23/05/2025,f1.hot.cool,16
24/05/2025,f1.hot.cool,14
25/05/2025,f1.hot.cool,14
26/05/2025,f1.hot.cool,14
01/03/2024,f1.hot.hot,0
02/03/2024,f1.hot.hot,0
03/03/2025,f1.hot.hot,0
04/03/2025,f1.hot.hot,0
05/03/2025,f1.hot.hot,0
06/03/2025,f1.hot.hot,0
07/03/2025,f1.hot.hot,0
08/03/2025,f1.hot.hot,0
09/03/2025,f1.hot.hot,0
10/03/2025,f1.hot.hot,0
11/03/2025,f1.hot.hot,0
12/03/2025,f1.hot.hot,0
13/03/2025,f1.hot.hot,0
14/03/2025,f1.hot.hot,0
15/03/2025,f1.hot.hot,0
16/03/2025,f1.hot.hot,0
17/03/2025,f1.hot.hot,0
18/03/2025,f1.hot.hot,0
19/03/2025,f1.hot.hot,0
20/03/2025,f1.hot.hot,0
21/03/2025,f1.hot.hot,0
22/03/2025,f1.hot.hot,0
23/03/2025,f1.hot.hot,0
24/03/2025,f1.hot.hot,0
25/03/2025,f1.hot.hot,0
26/03/2025,f1.hot.hot,0
27/03/2025,f1.hot.hot,0
28/03/2025,f1.hot.hot,0
29/03/2025,f1.hot.hot,0
30/03/2025,f1.hot.hot,1
31/03/2025,f1.hot.hot,3
01/04/2025,f1.hot.hot,2
02/04/2025,f1.hot.hot,2
03/04/2025,f1.hot.hot,2
04/04/2025,f1.hot.hot,2
05/04/2025,f1.hot.hot,7
06/04/2025,f1.hot.hot,5
07/04/2025,f1.hot.hot,5
08/04/2025,f1.hot.hot,9
09/04/2025,f1.hot.hot,9
11/04/2025,f1.hot.hot,14
12/04/2025,f1.hot.hot,14
13/04/2025,f1.hot.hot,19
14/04/2025,f1.hot.hot,19
15/04/2025,f1.hot.hot,17
16/04/2025,f1.hot.hot,NA
17/04/2025,f1.hot.hot,16
18/04/2025,f1.hot.hot,NA
19/04/2025,f1.hot.hot,NA
20/04/2025,f1.hot.hot,NA
21/04/2025,f1.hot.hot,NA
22/04/2025,f1.hot.hot,14
23/04/2025,f1.hot.hot,14
24/04/2025,f1.hot.hot,NA
25/04/2025,f1.hot.hot,16
26/04/2025,f1.hot.hot,16
01/03/2024,f1.hot.mean,0
02/03/2024,f1.hot.mean,0
03/03/2025,f1.hot.mean,0
04/03/2025,f1.hot.mean,0
05/03/2025,f1.hot.mean,0
06/03/2025,f1.hot.mean,0
07/03/2025,f1.hot.mean,0
08/03/2025,f1.hot.mean,0
09/03/2025,f1.hot.mean,0
10/03/2025,f1.hot.mean,0
11/03/2025,f1.hot.mean,0
12/03/2025,f1.hot.mean,0
13/03/2025,f1.hot.mean,0
14/03/2025,f1.hot.mean,0
15/03/2025,f1.hot.mean,0
16/03/2025,f1.hot.mean,0
17/03/2025,f1.hot.mean,0
18/03/2025,f1.hot.mean,0
19/03/2025,f1.hot.mean,0
20/03/2025,f1.hot.mean,0
21/03/2025,f1.hot.mean,0
22/03/2025,f1.hot.mean,0
23/03/2025,f1.hot.mean,0
24/03/2025,f1.hot.mean,0
25/03/2025,f1.hot.mean,0
26/03/2025,f1.hot.mean,0
27/03/2025,f1.hot.mean,0
28/03/2025,f1.hot.mean,0
29/03/2025,f1.hot.mean,0
30/03/2025,f1.hot.mean,0
31/03/2025,f1.hot.mean,0
01/04/2025,f1.hot.mean,0
02/04/2025,f1.hot.mean,0
03/04/2025,f1.hot.mean,0
04/04/2025,f1.hot.mean,0
05/04/2025,f1.hot.mean,0
06/04/2025,f1.hot.mean,0
07/04/2025,f1.hot.mean,0
08/04/2025,f1.hot.mean,0
10/04/2025,f1.hot.mean,0
11/04/2025,f1.hot.mean,0
12/04/2025,f1.hot.mean,0
13/04/2025,f1.hot.mean,0
14/04/2025,f1.hot.mean,0
15/04/2025,f1.hot.mean,0
16/04/2025,f1.hot.mean,0
17/04/2025,f1.hot.mean,0
18/04/2025,f1.hot.mean,0
19/04/2025,f1.hot.mean,0
20/04/2025,f1.hot.mean,0
21/04/2025,f1.hot.mean,0
22/04/2025,f1.hot.mean,0
23/04/2025,f1.hot.mean,0
24/04/2025,f1.hot.mean,0
25/04/2025,f1.hot.mean,0
26/04/2025,f1.hot.mean,0
27/04/2025,f1.hot.mean,1
28/04/2025,f1.hot.mean,1
29/04/2025,f1.hot.mean,2
30/04/2025,f1.hot.mean,4
01/05/2025,f1.hot.mean,5
02/05/2025,f1.hot.mean,6
03/05/2025,f1.hot.mean,6
04/05/2025,f1.hot.mean,11
05/05/2025,f1.hot.mean,14
06/05/2025,f1.hot.mean,15
07/05/2025,f1.hot.mean,16
08/05/2025,f1.hot.mean,16
09/05/2025,f1.hot.mean,16
10/05/2025,f1.hot.mean,16
11/05/2025,f1.hot.mean,16
12/05/2025,f1.hot.mean,13
13/05/2025,f1.hot.mean,14
14/05/2025,f1.hot.mean,15
01/03/2024,f1.hot.warm,0
02/03/2024,f1.hot.warm,0
03/03/2025,f1.hot.warm,0
04/03/2025,f1.hot.warm,0
05/03/2025,f1.hot.warm,0
06/03/2025,f1.hot.warm,0
07/03/2025,f1.hot.warm,0
08/03/2025,f1.hot.warm,0
09/03/2025,f1.hot.warm,0
10/03/2025,f1.hot.warm,0
11/03/2025,f1.hot.warm,0
12/03/2025,f1.hot.warm,0
13/03/2025,f1.hot.warm,0
14/03/2025,f1.hot.warm,0
15/03/2025,f1.hot.warm,0
16/03/2025,f1.hot.warm,0
17/03/2025,f1.hot.warm,0
18/03/2025,f1.hot.warm,0
19/03/2025,f1.hot.warm,0
20/03/2025,f1.hot.warm,0
21/03/2025,f1.hot.warm,0
22/03/2025,f1.hot.warm,0
23/03/2025,f1.hot.warm,0
24/03/2025,f1.hot.warm,0
25/03/2025,f1.hot.warm,0
26/03/2025,f1.hot.warm,0
27/03/2025,f1.hot.warm,0
28/03/2025,f1.hot.warm,0
29/03/2025,f1.hot.warm,0
30/03/2025,f1.hot.warm,0
31/03/2025,f1.hot.warm,0
01/04/2025,f1.hot.warm,0
02/04/2025,f1.hot.warm,0
03/04/2025,f1.hot.warm,0
04/04/2025,f1.hot.warm,0
05/04/2025,f1.hot.warm,0
06/04/2025,f1.hot.warm,0
07/04/2025,f1.hot.warm,0
08/04/2025,f1.hot.warm,0
09/04/2025,f1.hot.warm,0
10/04/2025,f1.hot.warm,0
11/04/2025,f1.hot.warm,1
12/04/2025,f1.hot.warm,3
13/04/2025,f1.hot.warm,5
14/04/2025,f1.hot.warm,6
15/04/2025,f1.hot.warm,6
16/04/2025,f1.hot.warm,6
17/04/2025,f1.hot.warm,8
18/04/2025,f1.hot.warm,5
19/04/2025,f1.hot.warm,5
20/04/2025,f1.hot.warm,14
21/04/2025,f1.hot.warm,NA
22/04/2025,f1.hot.warm,11
23/04/2025,f1.hot.warm,12
24/04/2025,f1.hot.warm,16
25/04/2025,f1.hot.warm,16
26/04/2025,f1.hot.warm,16
27/04/2025,f1.hot.warm,16
28/04/2025,f1.hot.warm,12
29/04/2025,f1.hot.warm,13
30/04/2025,f1.hot.warm,13
01/05/2025,f1.hot.warm,13
01/03/2024,f1.warm.cold,0
02/03/2024,f1.warm.cold,0
03/03/2025,f1.warm.cold,0
04/03/2025,f1.warm.cold,0
05/03/2025,f1.warm.cold,0
06/03/2025,f1.warm.cold,0
07/03/2025,f1.warm.cold,0
08/03/2025,f1.warm.cold,0
09/03/2025,f1.warm.cold,0
10/03/2025,f1.warm.cold,0
11/03/2025,f1.warm.cold,0
12/03/2025,f1.warm.cold,0
13/03/2025,f1.warm.cold,0
14/03/2025,f1.warm.cold,0
15/03/2025,f1.warm.cold,0
16/03/2025,f1.warm.cold,0
17/03/2025,f1.warm.cold,0
18/03/2025,f1.warm.cold,0
19/03/2025,f1.warm.cold,0
20/03/2025,f1.warm.cold,0
21/03/2025,f1.warm.cold,0
22/03/2025,f1.warm.cold,0
23/03/2025,f1.warm.cold,0
24/03/2025,f1.warm.cold,0
25/03/2025,f1.warm.cold,0
26/03/2025,f1.warm.cold,0
27/03/2025,f1.warm.cold,0
28/03/2025,f1.warm.cold,0
29/03/2025,f1.warm.cold,0
30/03/2025,f1.warm.cold,0
31/03/2025,f1.warm.cold,0
01/04/2025,f1.warm.cold,0
02/04/2025,f1.warm.cold,0
03/04/2025,f1.warm.cold,0
04/04/2025,f1.warm.cold,0
05/04/2025,f1.warm.cold,0
06/04/2025,f1.warm.cold,0
07/04/2025,f1.warm.cold,0
08/04/2025,f1.warm.cold,0
10/04/2025,f1.warm.cold,0
11/04/2025,f1.warm.cold,0
12/04/2025,f1.warm.cold,0
13/04/2025,f1.warm.cold,0
14/04/2025,f1.warm.cold,0
15/04/2025,f1.warm.cold,0
16/04/2025,f1.warm.cold,0
17/04/2025,f1.warm.cold,0
18/04/2025,f1.warm.cold,0
19/04/2025,f1.warm.cold,0
20/04/2025,f1.warm.cold,0
21/04/2025,f1.warm.cold,0
22/04/2025,f1.warm.cold,0
23/04/2025,f1.warm.cold,0
24/04/2025,f1.warm.cold,0
25/04/2025,f1.warm.cold,0
26/04/2025,f1.warm.cold,0
28/04/2025,f1.warm.cold,0
29/04/2025,f1.warm.cold,0
01/05/2025,f1.warm.cold,0
02/05/2025,f1.warm.cold,0
04/05/2025,f1.warm.cold,0
05/05/2025,f1.warm.cold,0
06/05/2025,f1.warm.cold,0
07/05/2025,f1.warm.cold,0
08/05/2025,f1.warm.cold,0
10/05/2025,f1.warm.cold,0
11/05/2025,f1.warm.cold,0
12/05/2025,f1.warm.cold,0
13/05/2025,f1.warm.cold,0
14/05/2025,f1.warm.cold,0
16/05/2025,f1.warm.cold,0
17/05/2025,f1.warm.cold,0
18/05/2025,f1.warm.cold,0
19/05/2025,f1.warm.cold,0
20/05/2025,f1.warm.cold,0
21/05/2025,f1.warm.cold,1
22/05/2025,f1.warm.cold,1
23/05/2025,f1.warm.cold,3
24/05/2025,f1.warm.cold,3
25/05/2025,f1.warm.cold,6
26/05/2025,f1.warm.cold,8
27/05/2025,f1.warm.cold,11
28/05/2025,f1.warm.cold,12
29/05/2025,f1.warm.cold,12
30/05/2025,f1.warm.cold,12
31/05/2025,f1.warm.cold,12
01/06/2025,f1.warm.cold,12
02/06/2025,f1.warm.cold,12
03/06/2025,f1.warm.cold,12
04/06/2025,f1.warm.cold,12
05/06/2025,f1.warm.cold,12
06/06/2025,f1.warm.cold,12
07/06/2025,f1.warm.cold,12
08/06/2025,f1.warm.cold,12
09/06/2025,f1.warm.cold,12
01/03/2024,f1.warm.control,0
02/03/2024,f1.warm.control,0
03/03/2025,f1.warm.control,0
04/03/2025,f1.warm.control,0
05/03/2025,f1.warm.control,0
06/03/2025,f1.warm.control,0
07/03/2025,f1.warm.control,0
08/03/2025,f1.warm.control,0
09/03/2025,f1.warm.control,0
10/03/2025,f1.warm.control,0
11/03/2025,f1.warm.control,0
12/03/2025,f1.warm.control,0
13/03/2025,f1.warm.control,0
14/03/2025,f1.warm.control,0
15/03/2025,f1.warm.control,0
16/03/2025,f1.warm.control,0
17/03/2025,f1.warm.control,0
18/03/2025,f1.warm.control,0
19/03/2025,f1.warm.control,0
20/03/2025,f1.warm.control,0
21/03/2025,f1.warm.control,0
22/03/2025,f1.warm.control,0
23/03/2025,f1.warm.control,0
24/03/2025,f1.warm.control,0
26/03/2025,f1.warm.control,0
27/03/2025,f1.warm.control,0
28/03/2025,f1.warm.control,0
29/03/2025,f1.warm.control,0
30/03/2025,f1.warm.control,0
31/03/2025,f1.warm.control,0
01/04/2025,f1.warm.control,0
02/04/2025,f1.warm.control,0
03/04/2025,f1.warm.control,0
04/04/2025,f1.warm.control,0
05/04/2025,f1.warm.control,0
06/04/2025,f1.warm.control,0
07/04/2025,f1.warm.control,0
08/04/2025,f1.warm.control,0
09/04/2025,f1.warm.control,0
11/04/2025,f1.warm.control,3
12/04/2025,f1.warm.control,5
13/04/2025,f1.warm.control,5
14/04/2025,f1.warm.control,8
15/04/2025,f1.warm.control,8
16/04/2025,f1.warm.control,6
17/04/2025,f1.warm.control,6
18/04/2025,f1.warm.control,6
19/04/2025,f1.warm.control,7
20/04/2025,f1.warm.control,12
21/04/2025,f1.warm.control,12
22/04/2025,f1.warm.control,12
23/04/2025,f1.warm.control,5
24/04/2025,f1.warm.control,8
25/04/2025,f1.warm.control,8
26/04/2025,f1.warm.control,8
27/04/2025,f1.warm.control,7
28/04/2025,f1.warm.control,7
29/04/2025,f1.warm.control,5
30/04/2025,f1.warm.control,4
02/05/2025,f1.warm.control,4
01/03/2024,f1.warm.cool,0
02/03/2024,f1.warm.cool,0
03/03/2025,f1.warm.cool,0
04/03/2025,f1.warm.cool,0
05/03/2025,f1.warm.cool,0
06/03/2025,f1.warm.cool,0
07/03/2025,f1.warm.cool,0
08/03/2025,f1.warm.cool,0
09/03/2025,f1.warm.cool,0
10/03/2025,f1.warm.cool,0
11/03/2025,f1.warm.cool,0
12/03/2025,f1.warm.cool,0
13/03/2025,f1.warm.cool,0
14/03/2025,f1.warm.cool,0
15/03/2025,f1.warm.cool,0
16/03/2025,f1.warm.cool,0
17/03/2025,f1.warm.cool,0
18/03/2025,f1.warm.cool,0
19/03/2025,f1.warm.cool,0
20/03/2025,f1.warm.cool,0
21/03/2025,f1.warm.cool,0
22/03/2025,f1.warm.cool,0
23/03/2025,f1.warm.cool,0
24/03/2025,f1.warm.cool,0
25/03/2025,f1.warm.cool,0
26/03/2025,f1.warm.cool,0
27/03/2025,f1.warm.cool,0
28/03/2025,f1.warm.cool,0
29/03/2025,f1.warm.cool,0
30/03/2025,f1.warm.cool,0
31/03/2025,f1.warm.cool,0
01/04/2025,f1.warm.cool,0
02/04/2025,f1.warm.cool,0
03/04/2025,f1.warm.cool,0
04/04/2025,f1.warm.cool,0
05/04/2025,f1.warm.cool,0
06/04/2025,f1.warm.cool,0
07/04/2025,f1.warm.cool,0
08/04/2025,f1.warm.cool,0
09/04/2025,f1.warm.cool,0
11/04/2025,f1.warm.cool,0
12/04/2025,f1.warm.cool,0
13/04/2025,f1.warm.cool,0
14/04/2025,f1.warm.cool,0
15/04/2025,f1.warm.cool,0
16/04/2025,f1.warm.cool,0
17/04/2025,f1.warm.cool,0
18/04/2025,f1.warm.cool,0
19/04/2025,f1.warm.cool,0
20/04/2025,f1.warm.cool,0
21/04/2025,f1.warm.cool,0
22/04/2025,f1.warm.cool,0
23/04/2025,f1.warm.cool,0
24/04/2025,f1.warm.cool,0
25/04/2025,f1.warm.cool,0
26/04/2025,f1.warm.cool,0
27/04/2025,f1.warm.cool,0
28/04/2025,f1.warm.cool,0
29/04/2025,f1.warm.cool,0
30/04/2025,f1.warm.cool,0
01/05/2025,f1.warm.cool,0
02/05/2025,f1.warm.cool,0
03/05/2025,f1.warm.cool,0
04/05/2025,f1.warm.cool,0
05/05/2025,f1.warm.cool,0
06/05/2025,f1.warm.cool,0
07/05/2025,f1.warm.cool,0
08/05/2025,f1.warm.cool,0
09/05/2025,f1.warm.cool,0
11/05/2025,f1.warm.cool,0
12/05/2025,f1.warm.cool,1
13/05/2025,f1.warm.cool,7
14/05/2025,f1.warm.cool,8
15/05/2025,f1.warm.cool,14
16/05/2025,f1.warm.cool,14
17/05/2025,f1.warm.cool,14
18/05/2025,f1.warm.cool,15
19/05/2025,f1.warm.cool,17
20/05/2025,f1.warm.cool,17
21/05/2025,f1.warm.cool,17
22/05/2025,f1.warm.cool,17
23/05/2025,f1.warm.cool,13
24/05/2025,f1.warm.cool,10
25/05/2025,f1.warm.cool,12
26/05/2025,f1.warm.cool,12
01/03/2024,f1.warm.hot,0
02/03/2024,f1.warm.hot,0
03/03/2025,f1.warm.hot,0
04/03/2025,f1.warm.hot,0
05/03/2025,f1.warm.hot,0
06/03/2025,f1.warm.hot,0
07/03/2025,f1.warm.hot,0
08/03/2025,f1.warm.hot,0
09/03/2025,f1.warm.hot,0
10/03/2025,f1.warm.hot,0
11/03/2025,f1.warm.hot,0
12/03/2025,f1.warm.hot,0
13/03/2025,f1.warm.hot,0
14/03/2025,f1.warm.hot,0
15/03/2025,f1.warm.hot,0
16/03/2025,f1.warm.hot,0
17/03/2025,f1.warm.hot,0
18/03/2025,f1.warm.hot,0
19/03/2025,f1.warm.hot,0
20/03/2025,f1.warm.hot,0
21/03/2025,f1.warm.hot,0
22/03/2025,f1.warm.hot,0
23/03/2025,f1.warm.hot,0
24/03/2025,f1.warm.hot,0
25/03/2025,f1.warm.hot,0
26/03/2025,f1.warm.hot,0
27/03/2025,f1.warm.hot,0
28/03/2025,f1.warm.hot,0
29/03/2025,f1.warm.hot,0
30/03/2025,f1.warm.hot,1
31/03/2025,f1.warm.hot,5
01/04/2025,f1.warm.hot,8
02/04/2025,f1.warm.hot,10
03/04/2025,f1.warm.hot,9
04/04/2025,f1.warm.hot,10
05/04/2025,f1.warm.hot,10
06/04/2025,f1.warm.hot,10
07/04/2025,f1.warm.hot,10
08/04/2025,f1.warm.hot,10
09/04/2025,f1.warm.hot,10
11/04/2025,f1.warm.hot,11
12/04/2025,f1.warm.hot,12
13/04/2025,f1.warm.hot,14
14/04/2025,f1.warm.hot,10
15/04/2025,f1.warm.hot,12
16/04/2025,f1.warm.hot,12
17/04/2025,f1.warm.hot,12
18/04/2025,f1.warm.hot,8
19/04/2025,f1.warm.hot,8
20/04/2025,f1.warm.hot,8
21/04/2025,f1.warm.hot,9
22/04/2025,f1.warm.hot,9
23/04/2025,f1.warm.hot,8
24/04/2025,f1.warm.hot,8
25/04/2025,f1.warm.hot,8
26/04/2025,f1.warm.hot,8
28/04/2025,f1.warm.hot,6
29/04/2025,f1.warm.hot,8
30/04/2025,f1.warm.hot,8
01/05/2025,f1.warm.hot,8
02/05/2025,f1.warm.hot,8
03/05/2025,f1.warm.hot,8
01/03/2024,f1.warm.mean,0
02/03/2024,f1.warm.mean,0
03/03/2025,f1.warm.mean,0
04/03/2025,f1.warm.mean,0
05/03/2025,f1.warm.mean,0
06/03/2025,f1.warm.mean,0
07/03/2025,f1.warm.mean,0
08/03/2025,f1.warm.mean,0
09/03/2025,f1.warm.mean,0
10/03/2025,f1.warm.mean,0
11/03/2025,f1.warm.mean,0
12/03/2025,f1.warm.mean,0
13/03/2025,f1.warm.mean,0
14/03/2025,f1.warm.mean,0
15/03/2025,f1.warm.mean,0
16/03/2025,f1.warm.mean,0
17/03/2025,f1.warm.mean,0
18/03/2025,f1.warm.mean,0
19/03/2025,f1.warm.mean,0
20/03/2025,f1.warm.mean,0
21/03/2025,f1.warm.mean,0
22/03/2025,f1.warm.mean,0
23/03/2025,f1.warm.mean,0
24/03/2025,f1.warm.mean,0
26/03/2025,f1.warm.mean,0
27/03/2025,f1.warm.mean,0
28/03/2025,f1.warm.mean,0
29/03/2025,f1.warm.mean,0
30/03/2025,f1.warm.mean,0
31/03/2025,f1.warm.mean,0
01/04/2025,f1.warm.mean,0
02/04/2025,f1.warm.mean,0
03/04/2025,f1.warm.mean,0
04/04/2025,f1.warm.mean,0
05/04/2025,f1.warm.mean,0
06/04/2025,f1.warm.mean,0
07/04/2025,f1.warm.mean,0
08/04/2025,f1.warm.mean,0
10/04/2025,f1.warm.mean,0
11/04/2025,f1.warm.mean,0
12/04/2025,f1.warm.mean,0
13/04/2025,f1.warm.mean,0
14/04/2025,f1.warm.mean,0
15/04/2025,f1.warm.mean,0
16/04/2025,f1.warm.mean,0
17/04/2025,f1.warm.mean,0
18/04/2025,f1.warm.mean,0
20/04/2025,f1.warm.mean,0
21/04/2025,f1.warm.mean,0
22/04/2025,f1.warm.mean,0
23/04/2025,f1.warm.mean,0
24/04/2025,f1.warm.mean,0
25/04/2025,f1.warm.mean,0
26/04/2025,f1.warm.mean,0
27/04/2025,f1.warm.mean,0
28/04/2025,f1.warm.mean,2
29/04/2025,f1.warm.mean,3
30/04/2025,f1.warm.mean,4
01/05/2025,f1.warm.mean,4
02/05/2025,f1.warm.mean,11
03/05/2025,f1.warm.mean,14
04/05/2025,f1.warm.mean,14
05/05/2025,f1.warm.mean,14
06/05/2025,f1.warm.mean,14
07/05/2025,f1.warm.mean,14
08/05/2025,f1.warm.mean,14
09/05/2025,f1.warm.mean,14
10/05/2025,f1.warm.mean,14
11/05/2025,f1.warm.mean,14
12/05/2025,f1.warm.mean,14
13/05/2025,f1.warm.mean,14
14/05/2025,f1.warm.mean,14
15/05/2025,f1.warm.mean,14
17/05/2025,f1.warm.mean,12
18/05/2025,f1.warm.mean,12
19/05/2025,f1.warm.mean,12
01/03/2024,f1.warm.warm,0
02/03/2024,f1.warm.warm,0
03/03/2025,f1.warm.warm,0
04/03/2025,f1.warm.warm,0
05/03/2025,f1.warm.warm,0
06/03/2025,f1.warm.warm,0
07/03/2025,f1.warm.warm,0
08/03/2025,f1.warm.warm,0
09/03/2025,f1.warm.warm,0
10/03/2025,f1.warm.warm,0
11/03/2025,f1.warm.warm,0
12/03/2025,f1.warm.warm,0
13/03/2025,f1.warm.warm,0
14/03/2025,f1.warm.warm,0
15/03/2025,f1.warm.warm,0
16/03/2025,f1.warm.warm,0
17/03/2025,f1.warm.warm,0
18/03/2025,f1.warm.warm,0
19/03/2025,f1.warm.warm,0
20/03/2025,f1.warm.warm,0
21/03/2025,f1.warm.warm,0
22/03/2025,f1.warm.warm,0
23/03/2025,f1.warm.warm,0
24/03/2025,f1.warm.warm,0
25/03/2025,f1.warm.warm,0
26/03/2025,f1.warm.warm,0
27/03/2025,f1.warm.warm,0
28/03/2025,f1.warm.warm,0
29/03/2025,f1.warm.warm,0
30/03/2025,f1.warm.warm,0
31/03/2025,f1.warm.warm,1
01/04/2025,f1.warm.warm,1
02/04/2025,f1.warm.warm,1
03/04/2025,f1.warm.warm,1
04/04/2025,f1.warm.warm,1
05/04/2025,f1.warm.warm,1
06/04/2025,f1.warm.warm,1
07/04/2025,f1.warm.warm,2
08/04/2025,f1.warm.warm,2
09/04/2025,f1.warm.warm,2
10/04/2025,f1.warm.warm,2
11/04/2025,f1.warm.warm,3
12/04/2025,f1.warm.warm,3
13/04/2025,f1.warm.warm,3
14/04/2025,f1.warm.warm,3
15/04/2025,f1.warm.warm,3
16/04/2025,f1.warm.warm,2
17/04/2025,f1.warm.warm,4
18/04/2025,f1.warm.warm,7
19/04/2025,f1.warm.warm,7
20/04/2025,f1.warm.warm,7
21/04/2025,f1.warm.warm,3
22/04/2025,f1.warm.warm,6
23/04/2025,f1.warm.warm,6
24/04/2025,f1.warm.warm,9
25/04/2025,f1.warm.warm,8
26/04/2025,f1.warm.warm,8
27/04/2025,f1.warm.warm,6
28/04/2025,f1.warm.warm,6
29/04/2025,f1.warm.warm,5
30/04/2025,f1.warm.warm,6
01/05/2025,f1.warm.warm,7
02/05/2025,f1.warm.warm,7
03/05/2025,f1.warm.warm,7
04/05/2025,f1.warm.warm,7
05/05/2025,f1.warm.warm,7
06/05/2025,f1.warm.warm,7
07/05/2025,f1.warm.warm,7
08/05/2025,f1.warm.warm,7
09/05/2025,f1.warm.warm,7
01/03/2024,f2.cold.cold,0
02/03/2024,f2.cold.cold,0
03/03/2025,f2.cold.cold,0
04/03/2025,f2.cold.cold,0
05/03/2025,f2.cold.cold,0
06/03/2025,f2.cold.cold,0
07/03/2025,f2.cold.cold,0
08/03/2025,f2.cold.cold,0
09/03/2025,f2.cold.cold,0
10/03/2025,f2.cold.cold,0
11/03/2025,f2.cold.cold,0
12/03/2025,f2.cold.cold,0
13/03/2025,f2.cold.cold,0
14/03/2025,f2.cold.cold,0
15/03/2025,f2.cold.cold,0
16/03/2025,f2.cold.cold,0
17/03/2025,f2.cold.cold,0
18/03/2025,f2.cold.cold,0
19/03/2025,f2.cold.cold,0
20/03/2025,f2.cold.cold,0
21/03/2025,f2.cold.cold,0
22/03/2025,f2.cold.cold,0
23/03/2025,f2.cold.cold,0
24/03/2025,f2.cold.cold,0
25/03/2025,f2.cold.cold,0
26/03/2025,f2.cold.cold,0
27/03/2025,f2.cold.cold,0
28/03/2025,f2.cold.cold,0
29/03/2025,f2.cold.cold,0
30/03/2025,f2.cold.cold,0
31/03/2025,f2.cold.cold,0
01/04/2025,f2.cold.cold,0
02/04/2025,f2.cold.cold,0
03/04/2025,f2.cold.cold,0
04/04/2025,f2.cold.cold,0
05/04/2025,f2.cold.cold,0
06/04/2025,f2.cold.cold,0
07/04/2025,f2.cold.cold,0
08/04/2025,f2.cold.cold,0
10/04/2025,f2.cold.cold,0
11/04/2025,f2.cold.cold,0
12/04/2025,f2.cold.cold,0
13/04/2025,f2.cold.cold,0
14/04/2025,f2.cold.cold,0
15/04/2025,f2.cold.cold,0
16/04/2025,f2.cold.cold,0
17/04/2025,f2.cold.cold,0
18/04/2025,f2.cold.cold,0
19/04/2025,f2.cold.cold,0
20/04/2025,f2.cold.cold,0
21/04/2025,f2.cold.cold,0
22/04/2025,f2.cold.cold,0
23/04/2025,f2.cold.cold,0
24/04/2025,f2.cold.cold,0
25/04/2025,f2.cold.cold,0
26/04/2025,f2.cold.cold,0
28/04/2025,f2.cold.cold,0
29/04/2025,f2.cold.cold,0
01/05/2025,f2.cold.cold,0
02/05/2025,f2.cold.cold,0
04/05/2025,f2.cold.cold,0
05/05/2025,f2.cold.cold,0
06/05/2025,f2.cold.cold,0
07/05/2025,f2.cold.cold,0
08/05/2025,f2.cold.cold,0
10/05/2025,f2.cold.cold,0
11/05/2025,f2.cold.cold,0
12/05/2025,f2.cold.cold,0
13/05/2025,f2.cold.cold,0
14/05/2025,f2.cold.cold,0
15/05/2025,f2.cold.cold,0
16/05/2025,f2.cold.cold,0
17/05/2025,f2.cold.cold,0
18/05/2025,f2.cold.cold,0
19/05/2025,f2.cold.cold,0
20/05/2025,f2.cold.cold,0
21/05/2025,f2.cold.cold,0
22/05/2025,f2.cold.cold,0
23/05/2025,f2.cold.cold,0
24/05/2025,f2.cold.cold,0
25/05/2025,f2.cold.cold,0
26/05/2025,f2.cold.cold,0
27/05/2025,f2.cold.cold,0
28/05/2025,f2.cold.cold,0
29/05/2025,f2.cold.cold,0
30/05/2025,f2.cold.cold,0
31/05/2025,f2.cold.cold,0
01/06/2025,f2.cold.cold,0
01/03/2024,f2.cold.control,0
02/03/2024,f2.cold.control,0
03/03/2025,f2.cold.control,0
04/03/2025,f2.cold.control,0
05/03/2025,f2.cold.control,0
06/03/2025,f2.cold.control,0
07/03/2025,f2.cold.control,0
08/03/2025,f2.cold.control,0
09/03/2025,f2.cold.control,0
10/03/2025,f2.cold.control,0
11/03/2025,f2.cold.control,0
12/03/2025,f2.cold.control,0
13/03/2025,f2.cold.control,0
14/03/2025,f2.cold.control,0
15/03/2025,f2.cold.control,0
16/03/2025,f2.cold.control,0
17/03/2025,f2.cold.control,0
18/03/2025,f2.cold.control,0
19/03/2025,f2.cold.control,0
20/03/2025,f2.cold.control,0
21/03/2025,f2.cold.control,0
22/03/2025,f2.cold.control,0
23/03/2025,f2.cold.control,0
24/03/2025,f2.cold.control,0
26/03/2025,f2.cold.control,0
27/03/2025,f2.cold.control,0
28/03/2025,f2.cold.control,0
29/03/2025,f2.cold.control,0
30/03/2025,f2.cold.control,0
31/03/2025,f2.cold.control,0
01/04/2025,f2.cold.control,0
02/04/2025,f2.cold.control,0
03/04/2025,f2.cold.control,0
04/04/2025,f2.cold.control,0
05/04/2025,f2.cold.control,0
06/04/2025,f2.cold.control,0
07/04/2025,f2.cold.control,0
08/04/2025,f2.cold.control,0
09/04/2025,f2.cold.control,0
11/04/2025,f2.cold.control,0
12/04/2025,f2.cold.control,0
13/04/2025,f2.cold.control,0
14/04/2025,f2.cold.control,0
15/04/2025,f2.cold.control,0
16/04/2025,f2.cold.control,0
17/04/2025,f2.cold.control,0
18/04/2025,f2.cold.control,0
19/04/2025,f2.cold.control,0
20/04/2025,f2.cold.control,0
21/04/2025,f2.cold.control,0
22/04/2025,f2.cold.control,0
23/04/2025,f2.cold.control,0
24/04/2025,f2.cold.control,0
25/04/2025,f2.cold.control,0
26/04/2025,f2.cold.control,0
27/04/2025,f2.cold.control,0
28/04/2025,f2.cold.control,0
30/04/2025,f2.cold.control,0
01/05/2025,f2.cold.control,0
02/05/2025,f2.cold.control,0
03/05/2025,f2.cold.control,0
04/05/2025,f2.cold.control,0
05/05/2025,f2.cold.control,0
06/05/2025,f2.cold.control,0
07/05/2025,f2.cold.control,0
10/05/2025,f2.cold.control,0
11/05/2025,f2.cold.control,0
12/05/2025,f2.cold.control,0
13/05/2025,f2.cold.control,0
15/05/2025,f2.cold.control,0
01/03/2024,f2.cold.cool,0
02/03/2024,f2.cold.cool,0
03/03/2025,f2.cold.cool,0
04/03/2025,f2.cold.cool,0
05/03/2025,f2.cold.cool,0
06/03/2025,f2.cold.cool,0
07/03/2025,f2.cold.cool,0
08/03/2025,f2.cold.cool,0
09/03/2025,f2.cold.cool,0
10/03/2025,f2.cold.cool,0
11/03/2025,f2.cold.cool,0
12/03/2025,f2.cold.cool,0
13/03/2025,f2.cold.cool,0
14/03/2025,f2.cold.cool,0
15/03/2025,f2.cold.cool,0
16/03/2025,f2.cold.cool,0
17/03/2025,f2.cold.cool,0
18/03/2025,f2.cold.cool,0
19/03/2025,f2.cold.cool,0
20/03/2025,f2.cold.cool,0
21/03/2025,f2.cold.cool,0
22/03/2025,f2.cold.cool,0
23/03/2025,f2.cold.cool,0
24/03/2025,f2.cold.cool,0
25/03/2025,f2.cold.cool,0
26/03/2025,f2.cold.cool,0
27/03/2025,f2.cold.cool,0
28/03/2025,f2.cold.cool,0
29/03/2025,f2.cold.cool,0
30/03/2025,f2.cold.cool,0
31/03/2025,f2.cold.cool,0
01/04/2025,f2.cold.cool,0
02/04/2025,f2.cold.cool,0
03/04/2025,f2.cold.cool,0
04/04/2025,f2.cold.cool,0
05/04/2025,f2.cold.cool,0
06/04/2025,f2.cold.cool,0
07/04/2025,f2.cold.cool,0
08/04/2025,f2.cold.cool,0
09/04/2025,f2.cold.cool,0
11/04/2025,f2.cold.cool,0
12/04/2025,f2.cold.cool,0
13/04/2025,f2.cold.cool,0
14/04/2025,f2.cold.cool,0
15/04/2025,f2.cold.cool,0
16/04/2025,f2.cold.cool,0
17/04/2025,f2.cold.cool,0
18/04/2025,f2.cold.cool,0
19/04/2025,f2.cold.cool,0
20/04/2025,f2.cold.cool,0
21/04/2025,f2.cold.cool,0
22/04/2025,f2.cold.cool,0
23/04/2025,f2.cold.cool,0
24/04/2025,f2.cold.cool,0
25/04/2025,f2.cold.cool,0
26/04/2025,f2.cold.cool,0
27/04/2025,f2.cold.cool,0
28/04/2025,f2.cold.cool,0
29/04/2025,f2.cold.cool,0
30/04/2025,f2.cold.cool,0
01/05/2025,f2.cold.cool,0
02/05/2025,f2.cold.cool,0
03/05/2025,f2.cold.cool,0
04/05/2025,f2.cold.cool,0
06/05/2025,f2.cold.cool,0
07/05/2025,f2.cold.cool,0
08/05/2025,f2.cold.cool,0
10/05/2025,f2.cold.cool,0
11/05/2025,f2.cold.cool,0
12/05/2025,f2.cold.cool,0
13/05/2025,f2.cold.cool,0
14/05/2025,f2.cold.cool,0
15/05/2025,f2.cold.cool,0
16/05/2025,f2.cold.cool,0
17/05/2025,f2.cold.cool,0
18/05/2025,f2.cold.cool,0
19/05/2025,f2.cold.cool,0
20/05/2025,f2.cold.cool,0
21/05/2025,f2.cold.cool,0
22/05/2025,f2.cold.cool,0
23/05/2025,f2.cold.cool,0
24/05/2025,f2.cold.cool,0
25/05/2025,f2.cold.cool,0
26/05/2025,f2.cold.cool,0
27/05/2025,f2.cold.cool,0
28/05/2025,f2.cold.cool,0
29/05/2025,f2.cold.cool,0
01/03/2024,f2.cold.hot,0
02/03/2024,f2.cold.hot,0
03/03/2025,f2.cold.hot,0
04/03/2025,f2.cold.hot,0
05/03/2025,f2.cold.hot,0
06/03/2025,f2.cold.hot,0
07/03/2025,f2.cold.hot,0
08/03/2025,f2.cold.hot,0
09/03/2025,f2.cold.hot,0
10/03/2025,f2.cold.hot,0
11/03/2025,f2.cold.hot,0
12/03/2025,f2.cold.hot,0
13/03/2025,f2.cold.hot,0
14/03/2025,f2.cold.hot,0
15/03/2025,f2.cold.hot,0
16/03/2025,f2.cold.hot,0
17/03/2025,f2.cold.hot,0
18/03/2025,f2.cold.hot,0
19/03/2025,f2.cold.hot,0
20/03/2025,f2.cold.hot,0
21/03/2025,f2.cold.hot,0
22/03/2025,f2.cold.hot,0
23/03/2025,f2.cold.hot,0
24/03/2025,f2.cold.hot,0
25/03/2025,f2.cold.hot,0
26/03/2025,f2.cold.hot,0
27/03/2025,f2.cold.hot,0
28/03/2025,f2.cold.hot,0
29/03/2025,f2.cold.hot,0
30/03/2025,f2.cold.hot,0
31/03/2025,f2.cold.hot,0
01/04/2025,f2.cold.hot,0
02/04/2025,f2.cold.hot,0
03/04/2025,f2.cold.hot,0
04/04/2025,f2.cold.hot,0
05/04/2025,f2.cold.hot,0
06/04/2025,f2.cold.hot,0
07/04/2025,f2.cold.hot,0
08/04/2025,f2.cold.hot,0
09/04/2025,f2.cold.hot,0
11/04/2025,f2.cold.hot,0
12/04/2025,f2.cold.hot,0
13/04/2025,f2.cold.hot,0
14/04/2025,f2.cold.hot,0
15/04/2025,f2.cold.hot,1
16/04/2025,f2.cold.hot,1
17/04/2025,f2.cold.hot,1
18/04/2025,f2.cold.hot,0
19/04/2025,f2.cold.hot,1
20/04/2025,f2.cold.hot,0
21/04/2025,f2.cold.hot,0
22/04/2025,f2.cold.hot,0
23/04/2025,f2.cold.hot,0
24/04/2025,f2.cold.hot,0
25/04/2025,f2.cold.hot,0
26/04/2025,f2.cold.hot,0
27/04/2025,f2.cold.hot,0
28/04/2025,f2.cold.hot,0
29/04/2025,f2.cold.hot,0
30/04/2025,f2.cold.hot,0
01/05/2025,f2.cold.hot,0
02/05/2025,f2.cold.hot,0
03/05/2025,f2.cold.hot,0
04/05/2025,f2.cold.hot,0
05/05/2025,f2.cold.hot,0
06/05/2025,f2.cold.hot,0
01/03/2024,f2.cold.mean,0
02/03/2024,f2.cold.mean,0
03/03/2025,f2.cold.mean,0
04/03/2025,f2.cold.mean,0
05/03/2025,f2.cold.mean,0
06/03/2025,f2.cold.mean,0
07/03/2025,f2.cold.mean,0
08/03/2025,f2.cold.mean,0
09/03/2025,f2.cold.mean,0
10/03/2025,f2.cold.mean,0
11/03/2025,f2.cold.mean,0
12/03/2025,f2.cold.mean,0
13/03/2025,f2.cold.mean,0
14/03/2025,f2.cold.mean,0
15/03/2025,f2.cold.mean,0
16/03/2025,f2.cold.mean,0
17/03/2025,f2.cold.mean,0
18/03/2025,f2.cold.mean,0
19/03/2025,f2.cold.mean,0
20/03/2025,f2.cold.mean,0
21/03/2025,f2.cold.mean,0
22/03/2025,f2.cold.mean,0
23/03/2025,f2.cold.mean,0
24/03/2025,f2.cold.mean,0
25/03/2025,f2.cold.mean,0
26/03/2025,f2.cold.mean,0
27/03/2025,f2.cold.mean,0
28/03/2025,f2.cold.mean,0
29/03/2025,f2.cold.mean,0
30/03/2025,f2.cold.mean,0
31/03/2025,f2.cold.mean,0
01/04/2025,f2.cold.mean,0
02/04/2025,f2.cold.mean,0
03/04/2025,f2.cold.mean,0
04/04/2025,f2.cold.mean,0
05/04/2025,f2.cold.mean,0
06/04/2025,f2.cold.mean,0
07/04/2025,f2.cold.mean,0
08/04/2025,f2.cold.mean,0
10/04/2025,f2.cold.mean,0
11/04/2025,f2.cold.mean,0
12/04/2025,f2.cold.mean,0
13/04/2025,f2.cold.mean,0
14/04/2025,f2.cold.mean,0
15/04/2025,f2.cold.mean,0
16/04/2025,f2.cold.mean,0
17/04/2025,f2.cold.mean,0
18/04/2025,f2.cold.mean,0
19/04/2025,f2.cold.mean,0
20/04/2025,f2.cold.mean,0
21/04/2025,f2.cold.mean,0
22/04/2025,f2.cold.mean,0
23/04/2025,f2.cold.mean,0
24/04/2025,f2.cold.mean,0
25/04/2025,f2.cold.mean,0
26/04/2025,f2.cold.mean,0
27/04/2025,f2.cold.mean,0
28/04/2025,f2.cold.mean,0
29/04/2025,f2.cold.mean,0
30/04/2025,f2.cold.mean,0
01/05/2025,f2.cold.mean,0
02/05/2025,f2.cold.mean,0
03/05/2025,f2.cold.mean,0
04/05/2025,f2.cold.mean,0
05/05/2025,f2.cold.mean,0
06/05/2025,f2.cold.mean,0
07/05/2025,f2.cold.mean,0
08/05/2025,f2.cold.mean,0
09/05/2025,f2.cold.mean,0
10/05/2025,f2.cold.mean,0
11/05/2025,f2.cold.mean,0
12/05/2025,f2.cold.mean,0
13/05/2025,f2.cold.mean,0
14/05/2025,f2.cold.mean,0
15/05/2025,f2.cold.mean,0
16/05/2025,f2.cold.mean,0
17/05/2025,f2.cold.mean,0
18/05/2025,f2.cold.mean,0
19/05/2025,f2.cold.mean,0
20/05/2025,f2.cold.mean,0
21/05/2025,f2.cold.mean,0
22/05/2025,f2.cold.mean,0
23/05/2025,f2.cold.mean,0
24/05/2025,f2.cold.mean,0
30/05/2025,f2.cold.mean,0
01/03/2024,f2.cold.warm,0
02/03/2024,f2.cold.warm,0
03/03/2025,f2.cold.warm,0
04/03/2025,f2.cold.warm,0
05/03/2025,f2.cold.warm,0
06/03/2025,f2.cold.warm,0
07/03/2025,f2.cold.warm,0
08/03/2025,f2.cold.warm,0
09/03/2025,f2.cold.warm,0
10/03/2025,f2.cold.warm,0
11/03/2025,f2.cold.warm,0
12/03/2025,f2.cold.warm,0
13/03/2025,f2.cold.warm,0
14/03/2025,f2.cold.warm,0
15/03/2025,f2.cold.warm,0
16/03/2025,f2.cold.warm,0
17/03/2025,f2.cold.warm,0
18/03/2025,f2.cold.warm,0
19/03/2025,f2.cold.warm,0
20/03/2025,f2.cold.warm,0
21/03/2025,f2.cold.warm,0
22/03/2025,f2.cold.warm,0
23/03/2025,f2.cold.warm,0
24/03/2025,f2.cold.warm,0
25/03/2025,f2.cold.warm,0
26/03/2025,f2.cold.warm,0
27/03/2025,f2.cold.warm,0
28/03/2025,f2.cold.warm,0
29/03/2025,f2.cold.warm,0
30/03/2025,f2.cold.warm,0
01/04/2025,f2.cold.warm,0
02/04/2025,f2.cold.warm,0
03/04/2025,f2.cold.warm,0
04/04/2025,f2.cold.warm,0
05/04/2025,f2.cold.warm,0
06/04/2025,f2.cold.warm,0
07/04/2025,f2.cold.warm,0
08/04/2025,f2.cold.warm,0
09/04/2025,f2.cold.warm,0
10/04/2025,f2.cold.warm,0
11/04/2025,f2.cold.warm,0
12/04/2025,f2.cold.warm,0
13/04/2025,f2.cold.warm,0
14/04/2025,f2.cold.warm,0
15/04/2025,f2.cold.warm,0
16/04/2025,f2.cold.warm,0
17/04/2025,f2.cold.warm,0
18/04/2025,f2.cold.warm,0
19/04/2025,f2.cold.warm,0
20/04/2025,f2.cold.warm,0
21/04/2025,f2.cold.warm,0
22/04/2025,f2.cold.warm,0
23/04/2025,f2.cold.warm,0
24/04/2025,f2.cold.warm,0
25/04/2025,f2.cold.warm,0
26/04/2025,f2.cold.warm,0
27/04/2025,f2.cold.warm,0
28/04/2025,f2.cold.warm,0
30/04/2025,f2.cold.warm,0
01/05/2025,f2.cold.warm,0
02/05/2025,f2.cold.warm,0
03/05/2025,f2.cold.warm,0
04/05/2025,f2.cold.warm,0
05/05/2025,f2.cold.warm,0
06/05/2025,f2.cold.warm,0
07/05/2025,f2.cold.warm,0
01/03/2024,f2.control.cold,0
02/03/2024,f2.control.cold,0
03/03/2025,f2.control.cold,0
04/03/2025,f2.control.cold,0
05/03/2025,f2.control.cold,0
06/03/2025,f2.control.cold,0
07/03/2025,f2.control.cold,0
08/03/2025,f2.control.cold,0
09/03/2025,f2.control.cold,0
10/03/2025,f2.control.cold,0
11/03/2025,f2.control.cold,0
12/03/2025,f2.control.cold,0
13/03/2025,f2.control.cold,0
14/03/2025,f2.control.cold,0
15/03/2025,f2.control.cold,0
16/03/2025,f2.control.cold,0
17/03/2025,f2.control.cold,0
18/03/2025,f2.control.cold,0
19/03/2025,f2.control.cold,0
20/03/2025,f2.control.cold,0
21/03/2025,f2.control.cold,0
22/03/2025,f2.control.cold,0
23/03/2025,f2.control.cold,0
24/03/2025,f2.control.cold,0
25/03/2025,f2.control.cold,0
26/03/2025,f2.control.cold,0
27/03/2025,f2.control.cold,0
28/03/2025,f2.control.cold,0
29/03/2025,f2.control.cold,0
30/03/2025,f2.control.cold,0
31/03/2025,f2.control.cold,0
01/04/2025,f2.control.cold,0
02/04/2025,f2.control.cold,0
03/04/2025,f2.control.cold,0
04/04/2025,f2.control.cold,0
05/04/2025,f2.control.cold,0
06/04/2025,f2.control.cold,0
07/04/2025,f2.control.cold,0
08/04/2025,f2.control.cold,0
10/04/2025,f2.control.cold,0
11/04/2025,f2.control.cold,0
12/04/2025,f2.control.cold,0
13/04/2025,f2.control.cold,0
14/04/2025,f2.control.cold,0
15/04/2025,f2.control.cold,0
16/04/2025,f2.control.cold,0
17/04/2025,f2.control.cold,0
18/04/2025,f2.control.cold,0
19/04/2025,f2.control.cold,0
20/04/2025,f2.control.cold,0
21/04/2025,f2.control.cold,0
22/04/2025,f2.control.cold,0
23/04/2025,f2.control.cold,0
24/04/2025,f2.control.cold,0
25/04/2025,f2.control.cold,0
26/04/2025,f2.control.cold,0
28/04/2025,f2.control.cold,0
29/04/2025,f2.control.cold,0
01/05/2025,f2.control.cold,0
02/05/2025,f2.control.cold,0
04/05/2025,f2.control.cold,0
05/05/2025,f2.control.cold,0
06/05/2025,f2.control.cold,0
07/05/2025,f2.control.cold,0
08/05/2025,f2.control.cold,0
10/05/2025,f2.control.cold,0
11/05/2025,f2.control.cold,0
12/05/2025,f2.control.cold,0
13/05/2025,f2.control.cold,0
14/05/2025,f2.control.cold,0
15/05/2025,f2.control.cold,0
16/05/2025,f2.control.cold,0
17/05/2025,f2.control.cold,0
18/05/2025,f2.control.cold,0
19/05/2025,f2.control.cold,0
20/05/2025,f2.control.cold,0
21/05/2025,f2.control.cold,0
22/05/2025,f2.control.cold,0
23/05/2025,f2.control.cold,0
24/05/2025,f2.control.cold,0
25/05/2025,f2.control.cold,0
26/05/2025,f2.control.cold,0
27/05/2025,f2.control.cold,0
28/05/2025,f2.control.cold,0
29/05/2025,f2.control.cold,0
30/05/2025,f2.control.cold,0
31/05/2025,f2.control.cold,0
01/06/2025,f2.control.cold,0
01/03/2024,f2.control.control,0
02/03/2024,f2.control.control,0
03/03/2025,f2.control.control,0
04/03/2025,f2.control.control,0
05/03/2025,f2.control.control,0
06/03/2025,f2.control.control,0
07/03/2025,f2.control.control,0
08/03/2025,f2.control.control,0
09/03/2025,f2.control.control,0
10/03/2025,f2.control.control,0
11/03/2025,f2.control.control,0
12/03/2025,f2.control.control,0
13/03/2025,f2.control.control,0
14/03/2025,f2.control.control,0
15/03/2025,f2.control.control,0
16/03/2025,f2.control.control,0
17/03/2025,f2.control.control,0
18/03/2025,f2.control.control,0
19/03/2025,f2.control.control,0
20/03/2025,f2.control.control,0
21/03/2025,f2.control.control,0
22/03/2025,f2.control.control,0
23/03/2025,f2.control.control,0
24/03/2025,f2.control.control,0
26/03/2025,f2.control.control,0
27/03/2025,f2.control.control,0
28/03/2025,f2.control.control,0
29/03/2025,f2.control.control,0
30/03/2025,f2.control.control,0
31/03/2025,f2.control.control,0
01/04/2025,f2.control.control,0
02/04/2025,f2.control.control,0
03/04/2025,f2.control.control,0
04/04/2025,f2.control.control,0
05/04/2025,f2.control.control,0
06/04/2025,f2.control.control,0
07/04/2025,f2.control.control,0
08/04/2025,f2.control.control,0
09/04/2025,f2.control.control,0
11/04/2025,f2.control.control,0
12/04/2025,f2.control.control,0
13/04/2025,f2.control.control,0
14/04/2025,f2.control.control,0
15/04/2025,f2.control.control,0
16/04/2025,f2.control.control,0
17/04/2025,f2.control.control,0
18/04/2025,f2.control.control,0
19/04/2025,f2.control.control,0
20/04/2025,f2.control.control,0
21/04/2025,f2.control.control,0
22/04/2025,f2.control.control,0
23/04/2025,f2.control.control,0
24/04/2025,f2.control.control,0
25/04/2025,f2.control.control,0
26/04/2025,f2.control.control,0
27/04/2025,f2.control.control,0
28/04/2025,f2.control.control,0
29/04/2025,f2.control.control,0
30/04/2025,f2.control.control,0
01/05/2025,f2.control.control,0
02/05/2025,f2.control.control,0
03/05/2025,f2.control.control,0
04/05/2025,f2.control.control,0
05/05/2025,f2.control.control,0
06/05/2025,f2.control.control,0
07/05/2025,f2.control.control,0
10/05/2025,f2.control.control,0
11/05/2025,f2.control.control,0
12/05/2025,f2.control.control,0
13/05/2025,f2.control.control,0
15/05/2025,f2.control.control,0
01/03/2024,f2.control.cool,0
02/03/2024,f2.control.cool,0
03/03/2025,f2.control.cool,0
04/03/2025,f2.control.cool,0
05/03/2025,f2.control.cool,0
06/03/2025,f2.control.cool,0
07/03/2025,f2.control.cool,0
08/03/2025,f2.control.cool,0
09/03/2025,f2.control.cool,0
10/03/2025,f2.control.cool,0
11/03/2025,f2.control.cool,0
12/03/2025,f2.control.cool,0
13/03/2025,f2.control.cool,0
14/03/2025,f2.control.cool,0
15/03/2025,f2.control.cool,0
16/03/2025,f2.control.cool,0
17/03/2025,f2.control.cool,0
18/03/2025,f2.control.cool,0
19/03/2025,f2.control.cool,0
20/03/2025,f2.control.cool,0
21/03/2025,f2.control.cool,0
22/03/2025,f2.control.cool,0
23/03/2025,f2.control.cool,0
24/03/2025,f2.control.cool,0
25/03/2025,f2.control.cool,0
26/03/2025,f2.control.cool,0
27/03/2025,f2.control.cool,0
28/03/2025,f2.control.cool,0
29/03/2025,f2.control.cool,0
30/03/2025,f2.control.cool,0
31/03/2025,f2.control.cool,0
01/04/2025,f2.control.cool,0
02/04/2025,f2.control.cool,0
03/04/2025,f2.control.cool,0
04/04/2025,f2.control.cool,0
05/04/2025,f2.control.cool,0
06/04/2025,f2.control.cool,0
07/04/2025,f2.control.cool,0
08/04/2025,f2.control.cool,0
09/04/2025,f2.control.cool,0
11/04/2025,f2.control.cool,0
12/04/2025,f2.control.cool,0
13/04/2025,f2.control.cool,0
14/04/2025,f2.control.cool,0
15/04/2025,f2.control.cool,0
16/04/2025,f2.control.cool,0
17/04/2025,f2.control.cool,0
18/04/2025,f2.control.cool,0
19/04/2025,f2.control.cool,0
20/04/2025,f2.control.cool,0
21/04/2025,f2.control.cool,0
22/04/2025,f2.control.cool,0
23/04/2025,f2.control.cool,0
24/04/2025,f2.control.cool,0
25/04/2025,f2.control.cool,0
26/04/2025,f2.control.cool,0
27/04/2025,f2.control.cool,0
28/04/2025,f2.control.cool,0
29/04/2025,f2.control.cool,0
30/04/2025,f2.control.cool,0
01/05/2025,f2.control.cool,0
02/05/2025,f2.control.cool,0
03/05/2025,f2.control.cool,0
04/05/2025,f2.control.cool,0
06/05/2025,f2.control.cool,0
07/05/2025,f2.control.cool,0
08/05/2025,f2.control.cool,0
10/05/2025,f2.control.cool,0
11/05/2025,f2.control.cool,0
12/05/2025,f2.control.cool,0
13/05/2025,f2.control.cool,0
14/05/2025,f2.control.cool,0
15/05/2025,f2.control.cool,0
16/05/2025,f2.control.cool,0
17/05/2025,f2.control.cool,0
18/05/2025,f2.control.cool,0
19/05/2025,f2.control.cool,0
20/05/2025,f2.control.cool,0
21/05/2025,f2.control.cool,0
22/05/2025,f2.control.cool,0
23/05/2025,f2.control.cool,0
24/05/2025,f2.control.cool,0
25/05/2025,f2.control.cool,0
26/05/2025,f2.control.cool,0
27/05/2025,f2.control.cool,0
28/05/2025,f2.control.cool,0
29/05/2025,f2.control.cool,0
01/03/2024,f2.control.hot,0
02/03/2024,f2.control.hot,0
03/03/2025,f2.control.hot,0
04/03/2025,f2.control.hot,0
05/03/2025,f2.control.hot,0
06/03/2025,f2.control.hot,0
07/03/2025,f2.control.hot,0
08/03/2025,f2.control.hot,0
09/03/2025,f2.control.hot,0
10/03/2025,f2.control.hot,0
11/03/2025,f2.control.hot,0
12/03/2025,f2.control.hot,0
13/03/2025,f2.control.hot,0
14/03/2025,f2.control.hot,0
15/03/2025,f2.control.hot,0
16/03/2025,f2.control.hot,0
17/03/2025,f2.control.hot,0
18/03/2025,f2.control.hot,0
19/03/2025,f2.control.hot,0
20/03/2025,f2.control.hot,0
21/03/2025,f2.control.hot,0
22/03/2025,f2.control.hot,0
23/03/2025,f2.control.hot,0
24/03/2025,f2.control.hot,0
25/03/2025,f2.control.hot,0
26/03/2025,f2.control.hot,0
27/03/2025,f2.control.hot,0
28/03/2025,f2.control.hot,0
29/03/2025,f2.control.hot,0
30/03/2025,f2.control.hot,0
31/03/2025,f2.control.hot,0
01/04/2025,f2.control.hot,0
02/04/2025,f2.control.hot,0
03/04/2025,f2.control.hot,0
04/04/2025,f2.control.hot,0
05/04/2025,f2.control.hot,0
06/04/2025,f2.control.hot,0
07/04/2025,f2.control.hot,0
08/04/2025,f2.control.hot,0
09/04/2025,f2.control.hot,0
11/04/2025,f2.control.hot,0
12/04/2025,f2.control.hot,0
13/04/2025,f2.control.hot,0
14/04/2025,f2.control.hot,0
15/04/2025,f2.control.hot,0
16/04/2025,f2.control.hot,0
17/04/2025,f2.control.hot,0
18/04/2025,f2.control.hot,0
19/04/2025,f2.control.hot,0
20/04/2025,f2.control.hot,0
21/04/2025,f2.control.hot,0
22/04/2025,f2.control.hot,0
23/04/2025,f2.control.hot,0
24/04/2025,f2.control.hot,0
25/04/2025,f2.control.hot,0
26/04/2025,f2.control.hot,0
27/04/2025,f2.control.hot,0
28/04/2025,f2.control.hot,0
29/04/2025,f2.control.hot,0
01/05/2025,f2.control.hot,0
02/05/2025,f2.control.hot,0
03/05/2025,f2.control.hot,0
04/05/2025,f2.control.hot,0
05/05/2025,f2.control.hot,0
06/05/2025,f2.control.hot,0
01/03/2024,f2.control.mean,0
02/03/2024,f2.control.mean,0
03/03/2025,f2.control.mean,0
04/03/2025,f2.control.mean,0
05/03/2025,f2.control.mean,0
06/03/2025,f2.control.mean,0
07/03/2025,f2.control.mean,0
08/03/2025,f2.control.mean,0
09/03/2025,f2.control.mean,0
10/03/2025,f2.control.mean,0
11/03/2025,f2.control.mean,0
12/03/2025,f2.control.mean,0
13/03/2025,f2.control.mean,0
14/03/2025,f2.control.mean,0
15/03/2025,f2.control.mean,0
16/03/2025,f2.control.mean,0
17/03/2025,f2.control.mean,0
18/03/2025,f2.control.mean,0
19/03/2025,f2.control.mean,0
20/03/2025,f2.control.mean,0
21/03/2025,f2.control.mean,0
22/03/2025,f2.control.mean,0
23/03/2025,f2.control.mean,0
24/03/2025,f2.control.mean,0
26/03/2025,f2.control.mean,0
27/03/2025,f2.control.mean,0
28/03/2025,f2.control.mean,0
29/03/2025,f2.control.mean,0
30/03/2025,f2.control.mean,0
31/03/2025,f2.control.mean,0
01/04/2025,f2.control.mean,0
02/04/2025,f2.control.mean,0
03/04/2025,f2.control.mean,0
04/04/2025,f2.control.mean,0
05/04/2025,f2.control.mean,0
06/04/2025,f2.control.mean,0
07/04/2025,f2.control.mean,0
08/04/2025,f2.control.mean,0
10/04/2025,f2.control.mean,0
11/04/2025,f2.control.mean,0
12/04/2025,f2.control.mean,0
13/04/2025,f2.control.mean,0
14/04/2025,f2.control.mean,0
15/04/2025,f2.control.mean,0
16/04/2025,f2.control.mean,0
17/04/2025,f2.control.mean,0
18/04/2025,f2.control.mean,0
20/04/2025,f2.control.mean,0
21/04/2025,f2.control.mean,0
22/04/2025,f2.control.mean,0
23/04/2025,f2.control.mean,0
24/04/2025,f2.control.mean,0
25/04/2025,f2.control.mean,0
26/04/2025,f2.control.mean,0
27/04/2025,f2.control.mean,0
28/04/2025,f2.control.mean,0
29/04/2025,f2.control.mean,0
30/04/2025,f2.control.mean,0
01/05/2025,f2.control.mean,0
02/05/2025,f2.control.mean,0
03/05/2025,f2.control.mean,0
04/05/2025,f2.control.mean,0
05/05/2025,f2.control.mean,0
06/05/2025,f2.control.mean,0
07/05/2025,f2.control.mean,0
08/05/2025,f2.control.mean,0
09/05/2025,f2.control.mean,0
10/05/2025,f2.control.mean,0
11/05/2025,f2.control.mean,0
12/05/2025,f2.control.mean,0
13/05/2025,f2.control.mean,0
14/05/2025,f2.control.mean,0
15/05/2025,f2.control.mean,0
16/05/2025,f2.control.mean,0
17/05/2025,f2.control.mean,0
18/05/2025,f2.control.mean,0
19/05/2025,f2.control.mean,0
20/05/2025,f2.control.mean,0
21/05/2025,f2.control.mean,0
22/05/2025,f2.control.mean,0
23/05/2025,f2.control.mean,0
24/05/2025,f2.control.mean,0
30/05/2025,f2.control.mean,0
01/03/2024,f2.control.warm,0
02/03/2024,f2.control.warm,0
03/03/2025,f2.control.warm,0
04/03/2025,f2.control.warm,0
05/03/2025,f2.control.warm,0
06/03/2025,f2.control.warm,0
07/03/2025,f2.control.warm,0
08/03/2025,f2.control.warm,0
09/03/2025,f2.control.warm,0
10/03/2025,f2.control.warm,0
11/03/2025,f2.control.warm,0
12/03/2025,f2.control.warm,0
13/03/2025,f2.control.warm,0
14/03/2025,f2.control.warm,0
15/03/2025,f2.control.warm,0
16/03/2025,f2.control.warm,0
17/03/2025,f2.control.warm,0
18/03/2025,f2.control.warm,0
19/03/2025,f2.control.warm,0
20/03/2025,f2.control.warm,0
21/03/2025,f2.control.warm,0
22/03/2025,f2.control.warm,0
23/03/2025,f2.control.warm,0
24/03/2025,f2.control.warm,0
25/03/2025,f2.control.warm,0
26/03/2025,f2.control.warm,0
27/03/2025,f2.control.warm,0
28/03/2025,f2.control.warm,0
29/03/2025,f2.control.warm,0
30/03/2025,f2.control.warm,0
31/03/2025,f2.control.warm,0
01/04/2025,f2.control.warm,0
02/04/2025,f2.control.warm,0
03/04/2025,f2.control.warm,0
04/04/2025,f2.control.warm,0
05/04/2025,f2.control.warm,0
06/04/2025,f2.control.warm,0
07/04/2025,f2.control.warm,0
08/04/2025,f2.control.warm,0
09/04/2025,f2.control.warm,0
10/04/2025,f2.control.warm,0
11/04/2025,f2.control.warm,0
12/04/2025,f2.control.warm,0
13/04/2025,f2.control.warm,0
14/04/2025,f2.control.warm,0
15/04/2025,f2.control.warm,0
16/04/2025,f2.control.warm,0
17/04/2025,f2.control.warm,0
18/04/2025,f2.control.warm,0
19/04/2025,f2.control.warm,0
20/04/2025,f2.control.warm,0
21/04/2025,f2.control.warm,0
22/04/2025,f2.control.warm,0
23/04/2025,f2.control.warm,0
24/04/2025,f2.control.warm,0
25/04/2025,f2.control.warm,0
26/04/2025,f2.control.warm,0
27/04/2025,f2.control.warm,0
28/04/2025,f2.control.warm,0
29/04/2025,f2.control.warm,0
30/04/2025,f2.control.warm,0
01/05/2025,f2.control.warm,0
02/05/2025,f2.control.warm,0
03/05/2025,f2.control.warm,0
04/05/2025,f2.control.warm,0
05/05/2025,f2.control.warm,0
06/05/2025,f2.control.warm,0
07/05/2025,f2.control.warm,0
01/03/2024,f2.cool.cold,0
02/03/2024,f2.cool.cold,0
03/03/2025,f2.cool.cold,0
04/03/2025,f2.cool.cold,0
05/03/2025,f2.cool.cold,0
06/03/2025,f2.cool.cold,0
07/03/2025,f2.cool.cold,0
08/03/2025,f2.cool.cold,0
09/03/2025,f2.cool.cold,0
10/03/2025,f2.cool.cold,0
11/03/2025,f2.cool.cold,0
12/03/2025,f2.cool.cold,0
13/03/2025,f2.cool.cold,0
14/03/2025,f2.cool.cold,0
15/03/2025,f2.cool.cold,0
16/03/2025,f2.cool.cold,0
17/03/2025,f2.cool.cold,0
18/03/2025,f2.cool.cold,0
19/03/2025,f2.cool.cold,0
20/03/2025,f2.cool.cold,0
21/03/2025,f2.cool.cold,0
22/03/2025,f2.cool.cold,0
23/03/2025,f2.cool.cold,0
24/03/2025,f2.cool.cold,0
25/03/2025,f2.cool.cold,0
26/03/2025,f2.cool.cold,0
27/03/2025,f2.cool.cold,0
28/03/2025,f2.cool.cold,0
29/03/2025,f2.cool.cold,0
30/03/2025,f2.cool.cold,0
31/03/2025,f2.cool.cold,0
01/04/2025,f2.cool.cold,0
02/04/2025,f2.cool.cold,0
03/04/2025,f2.cool.cold,0
04/04/2025,f2.cool.cold,0
05/04/2025,f2.cool.cold,0
06/04/2025,f2.cool.cold,0
07/04/2025,f2.cool.cold,0
08/04/2025,f2.cool.cold,0
10/04/2025,f2.cool.cold,0
11/04/2025,f2.cool.cold,0
12/04/2025,f2.cool.cold,0
13/04/2025,f2.cool.cold,0
14/04/2025,f2.cool.cold,0
15/04/2025,f2.cool.cold,0
16/04/2025,f2.cool.cold,0
17/04/2025,f2.cool.cold,0
18/04/2025,f2.cool.cold,0
19/04/2025,f2.cool.cold,0
20/04/2025,f2.cool.cold,0
21/04/2025,f2.cool.cold,0
22/04/2025,f2.cool.cold,0
23/04/2025,f2.cool.cold,0
24/04/2025,f2.cool.cold,0
25/04/2025,f2.cool.cold,0
26/04/2025,f2.cool.cold,0
28/04/2025,f2.cool.cold,0
29/04/2025,f2.cool.cold,0
01/05/2025,f2.cool.cold,0
02/05/2025,f2.cool.cold,0
04/05/2025,f2.cool.cold,0
05/05/2025,f2.cool.cold,0
06/05/2025,f2.cool.cold,0
07/05/2025,f2.cool.cold,0
08/05/2025,f2.cool.cold,0
10/05/2025,f2.cool.cold,0
11/05/2025,f2.cool.cold,0
12/05/2025,f2.cool.cold,0
13/05/2025,f2.cool.cold,0
14/05/2025,f2.cool.cold,0
15/05/2025,f2.cool.cold,1
16/05/2025,f2.cool.cold,2
17/05/2025,f2.cool.cold,2
18/05/2025,f2.cool.cold,2
19/05/2025,f2.cool.cold,2
20/05/2025,f2.cool.cold,2
21/05/2025,f2.cool.cold,2
22/05/2025,f2.cool.cold,2
23/05/2025,f2.cool.cold,2
24/05/2025,f2.cool.cold,2
25/05/2025,f2.cool.cold,2
26/05/2025,f2.cool.cold,2
27/05/2025,f2.cool.cold,2
28/05/2025,f2.cool.cold,2
29/05/2025,f2.cool.cold,2
30/05/2025,f2.cool.cold,2
31/05/2025,f2.cool.cold,2
01/06/2025,f2.cool.cold,2
02/06/2025,f2.cool.cold,2
03/06/2025,f2.cool.cold,2
04/06/2025,f2.cool.cold,2
05/06/2025,f2.cool.cold,2
06/06/2025,f2.cool.cold,2
07/06/2025,f2.cool.cold,2
08/06/2025,f2.cool.cold,2
09/06/2025,f2.cool.cold,2
01/03/2024,f2.cool.control,0
02/03/2024,f2.cool.control,0
03/03/2025,f2.cool.control,0
04/03/2025,f2.cool.control,0
05/03/2025,f2.cool.control,0
06/03/2025,f2.cool.control,0
07/03/2025,f2.cool.control,0
08/03/2025,f2.cool.control,0
09/03/2025,f2.cool.control,0
10/03/2025,f2.cool.control,0
11/03/2025,f2.cool.control,0
12/03/2025,f2.cool.control,0
13/03/2025,f2.cool.control,0
14/03/2025,f2.cool.control,0
15/03/2025,f2.cool.control,0
16/03/2025,f2.cool.control,0
17/03/2025,f2.cool.control,0
18/03/2025,f2.cool.control,0
19/03/2025,f2.cool.control,0
20/03/2025,f2.cool.control,0
21/03/2025,f2.cool.control,0
22/03/2025,f2.cool.control,0
23/03/2025,f2.cool.control,0
24/03/2025,f2.cool.control,0
26/03/2025,f2.cool.control,0
27/03/2025,f2.cool.control,0
28/03/2025,f2.cool.control,0
29/03/2025,f2.cool.control,0
30/03/2025,f2.cool.control,0
31/03/2025,f2.cool.control,0
01/04/2025,f2.cool.control,2
02/04/2025,f2.cool.control,3
03/04/2025,f2.cool.control,3
04/04/2025,f2.cool.control,5
05/04/2025,f2.cool.control,6
06/04/2025,f2.cool.control,6
07/04/2025,f2.cool.control,6
08/04/2025,f2.cool.control,6
09/04/2025,f2.cool.control,6
11/04/2025,f2.cool.control,3
12/04/2025,f2.cool.control,4
13/04/2025,f2.cool.control,4
14/04/2025,f2.cool.control,4
15/04/2025,f2.cool.control,4
16/04/2025,f2.cool.control,4
17/04/2025,f2.cool.control,3
18/04/2025,f2.cool.control,3
19/04/2025,f2.cool.control,2
20/04/2025,f2.cool.control,3
21/04/2025,f2.cool.control,3
22/04/2025,f2.cool.control,2
23/04/2025,f2.cool.control,2
24/04/2025,f2.cool.control,2
25/04/2025,f2.cool.control,2
26/04/2025,f2.cool.control,1
27/04/2025,f2.cool.control,2
28/04/2025,f2.cool.control,2
29/04/2025,f2.cool.control,1
30/04/2025,f2.cool.control,0
01/05/2025,f2.cool.control,0
07/05/2025,f2.cool.control,0
10/05/2025,f2.cool.control,0
11/05/2025,f2.cool.control,0
12/05/2025,f2.cool.control,0
01/03/2024,f2.cool.cool,0
02/03/2024,f2.cool.cool,0
03/03/2025,f2.cool.cool,0
04/03/2025,f2.cool.cool,0
05/03/2025,f2.cool.cool,0
06/03/2025,f2.cool.cool,0
07/03/2025,f2.cool.cool,0
08/03/2025,f2.cool.cool,0
09/03/2025,f2.cool.cool,0
10/03/2025,f2.cool.cool,0
11/03/2025,f2.cool.cool,0
12/03/2025,f2.cool.cool,0
13/03/2025,f2.cool.cool,0
14/03/2025,f2.cool.cool,0
15/03/2025,f2.cool.cool,0
16/03/2025,f2.cool.cool,0
17/03/2025,f2.cool.cool,0
18/03/2025,f2.cool.cool,0
19/03/2025,f2.cool.cool,0
20/03/2025,f2.cool.cool,0
21/03/2025,f2.cool.cool,0
22/03/2025,f2.cool.cool,0
23/03/2025,f2.cool.cool,0
24/03/2025,f2.cool.cool,0
25/03/2025,f2.cool.cool,0
26/03/2025,f2.cool.cool,0
27/03/2025,f2.cool.cool,0
28/03/2025,f2.cool.cool,0
29/03/2025,f2.cool.cool,0
30/03/2025,f2.cool.cool,0
31/03/2025,f2.cool.cool,0
01/04/2025,f2.cool.cool,0
02/04/2025,f2.cool.cool,0
03/04/2025,f2.cool.cool,0
04/04/2025,f2.cool.cool,0
05/04/2025,f2.cool.cool,0
06/04/2025,f2.cool.cool,0
07/04/2025,f2.cool.cool,0
08/04/2025,f2.cool.cool,0
09/04/2025,f2.cool.cool,0
11/04/2025,f2.cool.cool,0
12/04/2025,f2.cool.cool,0
13/04/2025,f2.cool.cool,0
14/04/2025,f2.cool.cool,0
15/04/2025,f2.cool.cool,0
16/04/2025,f2.cool.cool,0
17/04/2025,f2.cool.cool,0
18/04/2025,f2.cool.cool,0
19/04/2025,f2.cool.cool,0
20/04/2025,f2.cool.cool,0
21/04/2025,f2.cool.cool,0
22/04/2025,f2.cool.cool,0
23/04/2025,f2.cool.cool,0
24/04/2025,f2.cool.cool,0
25/04/2025,f2.cool.cool,0
26/04/2025,f2.cool.cool,0
27/04/2025,f2.cool.cool,0
28/04/2025,f2.cool.cool,0
29/04/2025,f2.cool.cool,0
30/04/2025,f2.cool.cool,0
01/05/2025,f2.cool.cool,0
02/05/2025,f2.cool.cool,0
03/05/2025,f2.cool.cool,0
04/05/2025,f2.cool.cool,0
06/05/2025,f2.cool.cool,4
07/05/2025,f2.cool.cool,4
08/05/2025,f2.cool.cool,4
09/05/2025,f2.cool.cool,5
10/05/2025,f2.cool.cool,5
11/05/2025,f2.cool.cool,4
12/05/2025,f2.cool.cool,8
13/05/2025,f2.cool.cool,8
14/05/2025,f2.cool.cool,8
15/05/2025,f2.cool.cool,8
01/03/2024,f2.cool.hot,0
02/03/2024,f2.cool.hot,0
03/03/2025,f2.cool.hot,0
04/03/2025,f2.cool.hot,0
05/03/2025,f2.cool.hot,0
06/03/2025,f2.cool.hot,0
07/03/2025,f2.cool.hot,0
08/03/2025,f2.cool.hot,0
09/03/2025,f2.cool.hot,0
10/03/2025,f2.cool.hot,0
11/03/2025,f2.cool.hot,0
12/03/2025,f2.cool.hot,0
13/03/2025,f2.cool.hot,0
14/03/2025,f2.cool.hot,1
15/03/2025,f2.cool.hot,1
16/03/2025,f2.cool.hot,1
17/03/2025,f2.cool.hot,2
18/03/2025,f2.cool.hot,3
19/03/2025,f2.cool.hot,3
20/03/2025,f2.cool.hot,3
21/03/2025,f2.cool.hot,5
22/03/2025,f2.cool.hot,4
23/03/2025,f2.cool.hot,2
24/03/2025,f2.cool.hot,3
25/03/2025,f2.cool.hot,3
26/03/2025,f2.cool.hot,3
27/03/2025,f2.cool.hot,1
28/03/2025,f2.cool.hot,1
29/03/2025,f2.cool.hot,2
30/03/2025,f2.cool.hot,2
31/03/2025,f2.cool.hot,3
01/04/2025,f2.cool.hot,3
02/04/2025,f2.cool.hot,3
03/04/2025,f2.cool.hot,3
04/04/2025,f2.cool.hot,3
05/04/2025,f2.cool.hot,3
06/04/2025,f2.cool.hot,4
07/04/2025,f2.cool.hot,4
08/04/2025,f2.cool.hot,4
09/04/2025,f2.cool.hot,4
11/04/2025,f2.cool.hot,2
12/04/2025,f2.cool.hot,2
13/04/2025,f2.cool.hot,2
14/04/2025,f2.cool.hot,2
15/04/2025,f2.cool.hot,2
16/04/2025,f2.cool.hot,2
17/04/2025,f2.cool.hot,2
18/04/2025,f2.cool.hot,2
19/04/2025,f2.cool.hot,4
20/04/2025,f2.cool.hot,3
21/04/2025,f2.cool.hot,3
22/04/2025,f2.cool.hot,3
23/04/2025,f2.cool.hot,3
24/04/2025,f2.cool.hot,3
25/04/2025,f2.cool.hot,3
01/03/2024,f2.cool.mean,0
02/03/2024,f2.cool.mean,0
03/03/2025,f2.cool.mean,0
04/03/2025,f2.cool.mean,0
05/03/2025,f2.cool.mean,0
06/03/2025,f2.cool.mean,0
07/03/2025,f2.cool.mean,0
08/03/2025,f2.cool.mean,0
09/03/2025,f2.cool.mean,0
10/03/2025,f2.cool.mean,0
11/03/2025,f2.cool.mean,0
12/03/2025,f2.cool.mean,0
13/03/2025,f2.cool.mean,0
14/03/2025,f2.cool.mean,0
15/03/2025,f2.cool.mean,0
16/03/2025,f2.cool.mean,0
17/03/2025,f2.cool.mean,0
18/03/2025,f2.cool.mean,0
19/03/2025,f2.cool.mean,0
20/03/2025,f2.cool.mean,0
21/03/2025,f2.cool.mean,0
22/03/2025,f2.cool.mean,0
23/03/2025,f2.cool.mean,0
24/03/2025,f2.cool.mean,0
25/03/2025,f2.cool.mean,0
26/03/2025,f2.cool.mean,0
27/03/2025,f2.cool.mean,0
28/03/2025,f2.cool.mean,0
29/03/2025,f2.cool.mean,0
30/03/2025,f2.cool.mean,0
31/03/2025,f2.cool.mean,0
01/04/2025,f2.cool.mean,0
02/04/2025,f2.cool.mean,0
03/04/2025,f2.cool.mean,0
04/04/2025,f2.cool.mean,0
05/04/2025,f2.cool.mean,0
06/04/2025,f2.cool.mean,0
07/04/2025,f2.cool.mean,0
08/04/2025,f2.cool.mean,0
10/04/2025,f2.cool.mean,0
11/04/2025,f2.cool.mean,0
12/04/2025,f2.cool.mean,0
13/04/2025,f2.cool.mean,0
14/04/2025,f2.cool.mean,0
15/04/2025,f2.cool.mean,0
16/04/2025,f2.cool.mean,0
17/04/2025,f2.cool.mean,0
18/04/2025,f2.cool.mean,0
19/04/2025,f2.cool.mean,0
20/04/2025,f2.cool.mean,0
21/04/2025,f2.cool.mean,0
22/04/2025,f2.cool.mean,0
23/04/2025,f2.cool.mean,6
24/04/2025,f2.cool.mean,6
25/04/2025,f2.cool.mean,6
26/04/2025,f2.cool.mean,6
27/04/2025,f2.cool.mean,6
28/04/2025,f2.cool.mean,4
29/04/2025,f2.cool.mean,4
30/04/2025,f2.cool.mean,7
01/05/2025,f2.cool.mean,7
02/05/2025,f2.cool.mean,7
03/05/2025,f2.cool.mean,5
04/05/2025,f2.cool.mean,1
05/05/2025,f2.cool.mean,6
06/05/2025,f2.cool.mean,6
07/05/2025,f2.cool.mean,6
08/05/2025,f2.cool.mean,6
09/05/2025,f2.cool.mean,4
10/05/2025,f2.cool.mean,4
11/05/2025,f2.cool.mean,4
12/05/2025,f2.cool.mean,4
13/05/2025,f2.cool.mean,4
14/05/2025,f2.cool.mean,4
15/05/2025,f2.cool.mean,4
16/05/2025,f2.cool.mean,4
17/05/2025,f2.cool.mean,5
18/05/2025,f2.cool.mean,5
19/05/2025,f2.cool.mean,5
01/03/2024,f2.cool.warm,0
02/03/2024,f2.cool.warm,0
03/03/2025,f2.cool.warm,0
04/03/2025,f2.cool.warm,0
05/03/2025,f2.cool.warm,0
06/03/2025,f2.cool.warm,0
07/03/2025,f2.cool.warm,0
08/03/2025,f2.cool.warm,0
09/03/2025,f2.cool.warm,0
10/03/2025,f2.cool.warm,0
11/03/2025,f2.cool.warm,0
12/03/2025,f2.cool.warm,0
13/03/2025,f2.cool.warm,0
14/03/2025,f2.cool.warm,0
15/03/2025,f2.cool.warm,0
16/03/2025,f2.cool.warm,0
17/03/2025,f2.cool.warm,0
19/03/2025,f2.cool.warm,0
20/03/2025,f2.cool.warm,0
21/03/2025,f2.cool.warm,0
22/03/2025,f2.cool.warm,0
23/03/2025,f2.cool.warm,0
24/03/2025,f2.cool.warm,0
25/03/2025,f2.cool.warm,1
26/03/2025,f2.cool.warm,1
27/03/2025,f2.cool.warm,2
28/03/2025,f2.cool.warm,4
29/03/2025,f2.cool.warm,2
30/03/2025,f2.cool.warm,3
01/04/2025,f2.cool.warm,5
02/04/2025,f2.cool.warm,5
03/04/2025,f2.cool.warm,5
04/04/2025,f2.cool.warm,5
05/04/2025,f2.cool.warm,5
06/04/2025,f2.cool.warm,5
07/04/2025,f2.cool.warm,5
08/04/2025,f2.cool.warm,5
09/04/2025,f2.cool.warm,6
10/04/2025,f2.cool.warm,6
11/04/2025,f2.cool.warm,6
12/04/2025,f2.cool.warm,4
13/04/2025,f2.cool.warm,4
14/04/2025,f2.cool.warm,4
15/04/2025,f2.cool.warm,4
16/04/2025,f2.cool.warm,4
17/04/2025,f2.cool.warm,4
18/04/2025,f2.cool.warm,5
19/04/2025,f2.cool.warm,5
20/04/2025,f2.cool.warm,4
21/04/2025,f2.cool.warm,4
22/04/2025,f2.cool.warm,4
23/04/2025,f2.cool.warm,5
24/04/2025,f2.cool.warm,3
25/04/2025,f2.cool.warm,3
26/04/2025,f2.cool.warm,3
01/03/2024,f2.hot.cold,0
02/03/2024,f2.hot.cold,0
03/03/2025,f2.hot.cold,0
04/03/2025,f2.hot.cold,0
05/03/2025,f2.hot.cold,0
06/03/2025,f2.hot.cold,0
07/03/2025,f2.hot.cold,0
08/03/2025,f2.hot.cold,0
09/03/2025,f2.hot.cold,0
10/03/2025,f2.hot.cold,0
11/03/2025,f2.hot.cold,0
12/03/2025,f2.hot.cold,0
13/03/2025,f2.hot.cold,0
14/03/2025,f2.hot.cold,0
15/03/2025,f2.hot.cold,0
16/03/2025,f2.hot.cold,0
17/03/2025,f2.hot.cold,0
18/03/2025,f2.hot.cold,0
19/03/2025,f2.hot.cold,0
20/03/2025,f2.hot.cold,0
21/03/2025,f2.hot.cold,0
22/03/2025,f2.hot.cold,0
23/03/2025,f2.hot.cold,0
24/03/2025,f2.hot.cold,0
25/03/2025,f2.hot.cold,0
26/03/2025,f2.hot.cold,0
27/03/2025,f2.hot.cold,0
28/03/2025,f2.hot.cold,0
29/03/2025,f2.hot.cold,0
30/03/2025,f2.hot.cold,0
31/03/2025,f2.hot.cold,0
01/04/2025,f2.hot.cold,0
02/04/2025,f2.hot.cold,0
03/04/2025,f2.hot.cold,0
04/04/2025,f2.hot.cold,0
05/04/2025,f2.hot.cold,0
06/04/2025,f2.hot.cold,0
07/04/2025,f2.hot.cold,0
08/04/2025,f2.hot.cold,0
10/04/2025,f2.hot.cold,0
11/04/2025,f2.hot.cold,0
12/04/2025,f2.hot.cold,0
13/04/2025,f2.hot.cold,0
14/04/2025,f2.hot.cold,0
15/04/2025,f2.hot.cold,0
16/04/2025,f2.hot.cold,0
17/04/2025,f2.hot.cold,0
18/04/2025,f2.hot.cold,0
19/04/2025,f2.hot.cold,0
20/04/2025,f2.hot.cold,0
21/04/2025,f2.hot.cold,0
22/04/2025,f2.hot.cold,0
23/04/2025,f2.hot.cold,0
24/04/2025,f2.hot.cold,0
25/04/2025,f2.hot.cold,0
26/04/2025,f2.hot.cold,0
28/04/2025,f2.hot.cold,0
29/04/2025,f2.hot.cold,0
01/05/2025,f2.hot.cold,0
02/05/2025,f2.hot.cold,0
04/05/2025,f2.hot.cold,0
05/05/2025,f2.hot.cold,0
06/05/2025,f2.hot.cold,0
07/05/2025,f2.hot.cold,0
08/05/2025,f2.hot.cold,0
10/05/2025,f2.hot.cold,0
11/05/2025,f2.hot.cold,0
12/05/2025,f2.hot.cold,0
13/05/2025,f2.hot.cold,0
14/05/2025,f2.hot.cold,0
15/05/2025,f2.hot.cold,0
16/05/2025,f2.hot.cold,0
17/05/2025,f2.hot.cold,0
18/05/2025,f2.hot.cold,0
19/05/2025,f2.hot.cold,0
20/05/2025,f2.hot.cold,0
21/05/2025,f2.hot.cold,0
22/05/2025,f2.hot.cold,3
23/05/2025,f2.hot.cold,5
24/05/2025,f2.hot.cold,7
25/05/2025,f2.hot.cold,7
26/05/2025,f2.hot.cold,9
27/05/2025,f2.hot.cold,9
28/05/2025,f2.hot.cold,9
29/05/2025,f2.hot.cold,9
30/05/2025,f2.hot.cold,9
31/05/2025,f2.hot.cold,9
01/06/2025,f2.hot.cold,9
02/06/2025,f2.hot.cold,9
03/06/2025,f2.hot.cold,9
04/06/2025,f2.hot.cold,9
05/06/2025,f2.hot.cold,9
06/06/2025,f2.hot.cold,9
07/06/2025,f2.hot.cold,9
08/06/2025,f2.hot.cold,9
09/06/2025,f2.hot.cold,9
01/03/2024,f2.hot.control,0
02/03/2024,f2.hot.control,0
03/03/2025,f2.hot.control,0
04/03/2025,f2.hot.control,0
05/03/2025,f2.hot.control,0
06/03/2025,f2.hot.control,0
07/03/2025,f2.hot.control,0
08/03/2025,f2.hot.control,0
09/03/2025,f2.hot.control,0
10/03/2025,f2.hot.control,0
11/03/2025,f2.hot.control,0
12/03/2025,f2.hot.control,0
13/03/2025,f2.hot.control,0
14/03/2025,f2.hot.control,0
15/03/2025,f2.hot.control,0
16/03/2025,f2.hot.control,0
17/03/2025,f2.hot.control,0
18/03/2025,f2.hot.control,0
19/03/2025,f2.hot.control,0
20/03/2025,f2.hot.control,0
21/03/2025,f2.hot.control,0
22/03/2025,f2.hot.control,0
23/03/2025,f2.hot.control,0
24/03/2025,f2.hot.control,0
26/03/2025,f2.hot.control,0
27/03/2025,f2.hot.control,0
28/03/2025,f2.hot.control,0
29/03/2025,f2.hot.control,0
30/03/2025,f2.hot.control,0
31/03/2025,f2.hot.control,0
01/04/2025,f2.hot.control,0
02/04/2025,f2.hot.control,0
03/04/2025,f2.hot.control,0
04/04/2025,f2.hot.control,0
05/04/2025,f2.hot.control,0
06/04/2025,f2.hot.control,0
07/04/2025,f2.hot.control,0
08/04/2025,f2.hot.control,0
09/04/2025,f2.hot.control,0
11/04/2025,f2.hot.control,0
12/04/2025,f2.hot.control,0
13/04/2025,f2.hot.control,0
14/04/2025,f2.hot.control,1
15/04/2025,f2.hot.control,3
16/04/2025,f2.hot.control,3
17/04/2025,f2.hot.control,5
18/04/2025,f2.hot.control,5
19/04/2025,f2.hot.control,5
20/04/2025,f2.hot.control,7
21/04/2025,f2.hot.control,4
22/04/2025,f2.hot.control,7
23/04/2025,f2.hot.control,7
24/04/2025,f2.hot.control,8
25/04/2025,f2.hot.control,8
26/04/2025,f2.hot.control,8
01/03/2024,f2.hot.cool,0
02/03/2024,f2.hot.cool,0
03/03/2025,f2.hot.cool,0
04/03/2025,f2.hot.cool,0
05/03/2025,f2.hot.cool,0
06/03/2025,f2.hot.cool,0
07/03/2025,f2.hot.cool,0
08/03/2025,f2.hot.cool,0
09/03/2025,f2.hot.cool,0
10/03/2025,f2.hot.cool,0
11/03/2025,f2.hot.cool,0
12/03/2025,f2.hot.cool,0
13/03/2025,f2.hot.cool,0
14/03/2025,f2.hot.cool,0
15/03/2025,f2.hot.cool,0
16/03/2025,f2.hot.cool,0
17/03/2025,f2.hot.cool,0
18/03/2025,f2.hot.cool,0
19/03/2025,f2.hot.cool,0
20/03/2025,f2.hot.cool,0
21/03/2025,f2.hot.cool,0
22/03/2025,f2.hot.cool,0
23/03/2025,f2.hot.cool,0
24/03/2025,f2.hot.cool,0
25/03/2025,f2.hot.cool,0
26/03/2025,f2.hot.cool,0
27/03/2025,f2.hot.cool,0
28/03/2025,f2.hot.cool,0
29/03/2025,f2.hot.cool,0
30/03/2025,f2.hot.cool,0
31/03/2025,f2.hot.cool,0
01/04/2025,f2.hot.cool,0
02/04/2025,f2.hot.cool,0
03/04/2025,f2.hot.cool,0
04/04/2025,f2.hot.cool,0
05/04/2025,f2.hot.cool,0
06/04/2025,f2.hot.cool,0
07/04/2025,f2.hot.cool,0
08/04/2025,f2.hot.cool,0
09/04/2025,f2.hot.cool,0
11/04/2025,f2.hot.cool,0
12/04/2025,f2.hot.cool,0
13/04/2025,f2.hot.cool,0
14/04/2025,f2.hot.cool,0
15/04/2025,f2.hot.cool,0
16/04/2025,f2.hot.cool,0
17/04/2025,f2.hot.cool,0
18/04/2025,f2.hot.cool,0
19/04/2025,f2.hot.cool,0
20/04/2025,f2.hot.cool,0
21/04/2025,f2.hot.cool,0
22/04/2025,f2.hot.cool,0
23/04/2025,f2.hot.cool,0
24/04/2025,f2.hot.cool,0
25/04/2025,f2.hot.cool,0
26/04/2025,f2.hot.cool,0
27/04/2025,f2.hot.cool,0
28/04/2025,f2.hot.cool,0
29/04/2025,f2.hot.cool,0
30/04/2025,f2.hot.cool,0
01/05/2025,f2.hot.cool,0
02/05/2025,f2.hot.cool,0
03/05/2025,f2.hot.cool,0
04/05/2025,f2.hot.cool,0
06/05/2025,f2.hot.cool,0
07/05/2025,f2.hot.cool,0
08/05/2025,f2.hot.cool,0
10/05/2025,f2.hot.cool,0
11/05/2025,f2.hot.cool,0
12/05/2025,f2.hot.cool,1
13/05/2025,f2.hot.cool,4
14/05/2025,f2.hot.cool,4
15/05/2025,f2.hot.cool,6
16/05/2025,f2.hot.cool,6
17/05/2025,f2.hot.cool,6
18/05/2025,f2.hot.cool,6
19/05/2025,f2.hot.cool,6
20/05/2025,f2.hot.cool,7
21/05/2025,f2.hot.cool,4
01/03/2024,f2.hot.hot,0
02/03/2024,f2.hot.hot,0
03/03/2025,f2.hot.hot,0
04/03/2025,f2.hot.hot,0
05/03/2025,f2.hot.hot,0
06/03/2025,f2.hot.hot,0
07/03/2025,f2.hot.hot,0
08/03/2025,f2.hot.hot,0
09/03/2025,f2.hot.hot,0
10/03/2025,f2.hot.hot,0
11/03/2025,f2.hot.hot,0
12/03/2025,f2.hot.hot,0
13/03/2025,f2.hot.hot,0
14/03/2025,f2.hot.hot,0
16/03/2025,f2.hot.hot,0
17/03/2025,f2.hot.hot,0
18/03/2025,f2.hot.hot,0
19/03/2025,f2.hot.hot,0
20/03/2025,f2.hot.hot,0
21/03/2025,f2.hot.hot,0
22/03/2025,f2.hot.hot,0
23/03/2025,f2.hot.hot,0
24/03/2025,f2.hot.hot,0
25/03/2025,f2.hot.hot,0
26/03/2025,f2.hot.hot,0
27/03/2025,f2.hot.hot,0
28/03/2025,f2.hot.hot,0
29/03/2025,f2.hot.hot,0
30/03/2025,f2.hot.hot,0
31/03/2025,f2.hot.hot,0
01/04/2025,f2.hot.hot,0
02/04/2025,f2.hot.hot,0
03/04/2025,f2.hot.hot,1
04/04/2025,f2.hot.hot,2
05/04/2025,f2.hot.hot,3
06/04/2025,f2.hot.hot,6
07/04/2025,f2.hot.hot,6
08/04/2025,f2.hot.hot,7
09/04/2025,f2.hot.hot,9
11/04/2025,f2.hot.hot,10
12/04/2025,f2.hot.hot,10
13/04/2025,f2.hot.hot,10
14/04/2025,f2.hot.hot,6
15/04/2025,f2.hot.hot,6
16/04/2025,f2.hot.hot,10
17/04/2025,f2.hot.hot,7
18/04/2025,f2.hot.hot,7
19/04/2025,f2.hot.hot,6
20/04/2025,f2.hot.hot,7
21/04/2025,f2.hot.hot,7
22/04/2025,f2.hot.hot,7
23/04/2025,f2.hot.hot,8
24/04/2025,f2.hot.hot,8
25/04/2025,f2.hot.hot,8
01/03/2024,f2.hot.mean,0
02/03/2024,f2.hot.mean,0
03/03/2025,f2.hot.mean,0
04/03/2025,f2.hot.mean,0
05/03/2025,f2.hot.mean,0
06/03/2025,f2.hot.mean,0
07/03/2025,f2.hot.mean,0
08/03/2025,f2.hot.mean,0
09/03/2025,f2.hot.mean,0
10/03/2025,f2.hot.mean,0
11/03/2025,f2.hot.mean,0
12/03/2025,f2.hot.mean,0
13/03/2025,f2.hot.mean,0
14/03/2025,f2.hot.mean,0
15/03/2025,f2.hot.mean,0
16/03/2025,f2.hot.mean,0
17/03/2025,f2.hot.mean,0
18/03/2025,f2.hot.mean,0
19/03/2025,f2.hot.mean,0
20/03/2025,f2.hot.mean,0
21/03/2025,f2.hot.mean,0
22/03/2025,f2.hot.mean,0
23/03/2025,f2.hot.mean,0
24/03/2025,f2.hot.mean,0
25/03/2025,f2.hot.mean,0
26/03/2025,f2.hot.mean,0
27/03/2025,f2.hot.mean,0
28/03/2025,f2.hot.mean,0
29/03/2025,f2.hot.mean,0
30/03/2025,f2.hot.mean,0
31/03/2025,f2.hot.mean,0
01/04/2025,f2.hot.mean,0
02/04/2025,f2.hot.mean,0
03/04/2025,f2.hot.mean,0
04/04/2025,f2.hot.mean,0
05/04/2025,f2.hot.mean,0
06/04/2025,f2.hot.mean,0
07/04/2025,f2.hot.mean,0
08/04/2025,f2.hot.mean,0
10/04/2025,f2.hot.mean,0
11/04/2025,f2.hot.mean,0
12/04/2025,f2.hot.mean,0
13/04/2025,f2.hot.mean,0
14/04/2025,f2.hot.mean,0
15/04/2025,f2.hot.mean,0
16/04/2025,f2.hot.mean,0
17/04/2025,f2.hot.mean,0
18/04/2025,f2.hot.mean,0
19/04/2025,f2.hot.mean,0
20/04/2025,f2.hot.mean,0
21/04/2025,f2.hot.mean,0
22/04/2025,f2.hot.mean,0
23/04/2025,f2.hot.mean,0
24/04/2025,f2.hot.mean,0
25/04/2025,f2.hot.mean,0
26/04/2025,f2.hot.mean,0
27/04/2025,f2.hot.mean,0
28/04/2025,f2.hot.mean,0
29/04/2025,f2.hot.mean,0
30/04/2025,f2.hot.mean,0
01/05/2025,f2.hot.mean,0
02/05/2025,f2.hot.mean,0
03/05/2025,f2.hot.mean,1
04/05/2025,f2.hot.mean,2
05/05/2025,f2.hot.mean,5
06/05/2025,f2.hot.mean,5
07/05/2025,f2.hot.mean,5
08/05/2025,f2.hot.mean,10
09/05/2025,f2.hot.mean,10
01/03/2024,f2.hot.warm,0
02/03/2024,f2.hot.warm,0
03/03/2025,f2.hot.warm,0
04/03/2025,f2.hot.warm,0
05/03/2025,f2.hot.warm,0
06/03/2025,f2.hot.warm,0
07/03/2025,f2.hot.warm,0
08/03/2025,f2.hot.warm,0
09/03/2025,f2.hot.warm,0
10/03/2025,f2.hot.warm,0
11/03/2025,f2.hot.warm,0
12/03/2025,f2.hot.warm,0
13/03/2025,f2.hot.warm,0
14/03/2025,f2.hot.warm,0
15/03/2025,f2.hot.warm,0
16/03/2025,f2.hot.warm,0
17/03/2025,f2.hot.warm,0
18/03/2025,f2.hot.warm,0
19/03/2025,f2.hot.warm,0
20/03/2025,f2.hot.warm,0
21/03/2025,f2.hot.warm,0
22/03/2025,f2.hot.warm,0
23/03/2025,f2.hot.warm,0
24/03/2025,f2.hot.warm,0
25/03/2025,f2.hot.warm,0
26/03/2025,f2.hot.warm,0
27/03/2025,f2.hot.warm,0
28/03/2025,f2.hot.warm,0
29/03/2025,f2.hot.warm,0
30/03/2025,f2.hot.warm,0
01/04/2025,f2.hot.warm,0
02/04/2025,f2.hot.warm,0
03/04/2025,f2.hot.warm,0
04/04/2025,f2.hot.warm,0
05/04/2025,f2.hot.warm,0
06/04/2025,f2.hot.warm,0
07/04/2025,f2.hot.warm,0
08/04/2025,f2.hot.warm,0
09/04/2025,f2.hot.warm,0
10/04/2025,f2.hot.warm,0
11/04/2025,f2.hot.warm,0
12/04/2025,f2.hot.warm,0
13/04/2025,f2.hot.warm,0
14/04/2025,f2.hot.warm,0
15/04/2025,f2.hot.warm,0
16/04/2025,f2.hot.warm,0
17/04/2025,f2.hot.warm,1
18/04/2025,f2.hot.warm,1
19/04/2025,f2.hot.warm,1
20/04/2025,f2.hot.warm,1
21/04/2025,f2.hot.warm,1
22/04/2025,f2.hot.warm,2
23/04/2025,f2.hot.warm,3
24/04/2025,f2.hot.warm,6
25/04/2025,f2.hot.warm,6
26/04/2025,f2.hot.warm,8
27/04/2025,f2.hot.warm,9
01/03/2024,f2.mean.cold,0
02/03/2024,f2.mean.cold,0
03/03/2025,f2.mean.cold,0
04/03/2025,f2.mean.cold,0
05/03/2025,f2.mean.cold,0
06/03/2025,f2.mean.cold,0
07/03/2025,f2.mean.cold,0
08/03/2025,f2.mean.cold,0
09/03/2025,f2.mean.cold,0
10/03/2025,f2.mean.cold,0
11/03/2025,f2.mean.cold,0
12/03/2025,f2.mean.cold,0
13/03/2025,f2.mean.cold,0
14/03/2025,f2.mean.cold,0
15/03/2025,f2.mean.cold,0
16/03/2025,f2.mean.cold,0
17/03/2025,f2.mean.cold,0
18/03/2025,f2.mean.cold,0
19/03/2025,f2.mean.cold,0
20/03/2025,f2.mean.cold,0
21/03/2025,f2.mean.cold,0
22/03/2025,f2.mean.cold,0
23/03/2025,f2.mean.cold,0
24/03/2025,f2.mean.cold,0
25/03/2025,f2.mean.cold,0
26/03/2025,f2.mean.cold,0
27/03/2025,f2.mean.cold,0
28/03/2025,f2.mean.cold,0
29/03/2025,f2.mean.cold,0
30/03/2025,f2.mean.cold,0
31/03/2025,f2.mean.cold,0
01/04/2025,f2.mean.cold,0
02/04/2025,f2.mean.cold,0
03/04/2025,f2.mean.cold,0
04/04/2025,f2.mean.cold,0
05/04/2025,f2.mean.cold,0
06/04/2025,f2.mean.cold,0
07/04/2025,f2.mean.cold,0
08/04/2025,f2.mean.cold,0
10/04/2025,f2.mean.cold,0
11/04/2025,f2.mean.cold,0
12/04/2025,f2.mean.cold,0
13/04/2025,f2.mean.cold,0
14/04/2025,f2.mean.cold,0
15/04/2025,f2.mean.cold,0
16/04/2025,f2.mean.cold,0
17/04/2025,f2.mean.cold,0
18/04/2025,f2.mean.cold,0
19/04/2025,f2.mean.cold,0
20/04/2025,f2.mean.cold,0
21/04/2025,f2.mean.cold,0
22/04/2025,f2.mean.cold,0
23/04/2025,f2.mean.cold,0
24/04/2025,f2.mean.cold,0
25/04/2025,f2.mean.cold,0
26/04/2025,f2.mean.cold,0
28/04/2025,f2.mean.cold,0
29/04/2025,f2.mean.cold,0
01/05/2025,f2.mean.cold,0
02/05/2025,f2.mean.cold,0
04/05/2025,f2.mean.cold,0
05/05/2025,f2.mean.cold,0
06/05/2025,f2.mean.cold,0
07/05/2025,f2.mean.cold,0
08/05/2025,f2.mean.cold,0
10/05/2025,f2.mean.cold,0
11/05/2025,f2.mean.cold,0
12/05/2025,f2.mean.cold,0
13/05/2025,f2.mean.cold,0
14/05/2025,f2.mean.cold,1
15/05/2025,f2.mean.cold,1
16/05/2025,f2.mean.cold,1
17/05/2025,f2.mean.cold,1
18/05/2025,f2.mean.cold,2
01/03/2024,f2.mean.control,0
02/03/2024,f2.mean.control,0
03/03/2025,f2.mean.control,0
04/03/2025,f2.mean.control,0
05/03/2025,f2.mean.control,0
06/03/2025,f2.mean.control,0
07/03/2025,f2.mean.control,0
08/03/2025,f2.mean.control,0
09/03/2025,f2.mean.control,0
10/03/2025,f2.mean.control,0
11/03/2025,f2.mean.control,0
12/03/2025,f2.mean.control,0
13/03/2025,f2.mean.control,0
14/03/2025,f2.mean.control,0
15/03/2025,f2.mean.control,0
16/03/2025,f2.mean.control,0
17/03/2025,f2.mean.control,0
18/03/2025,f2.mean.control,0
19/03/2025,f2.mean.control,0
20/03/2025,f2.mean.control,0
21/03/2025,f2.mean.control,0
22/03/2025,f2.mean.control,0
23/03/2025,f2.mean.control,0
24/03/2025,f2.mean.control,0
26/03/2025,f2.mean.control,0
27/03/2025,f2.mean.control,0
28/03/2025,f2.mean.control,0
29/03/2025,f2.mean.control,0
30/03/2025,f2.mean.control,0
31/03/2025,f2.mean.control,0
01/04/2025,f2.mean.control,0
02/04/2025,f2.mean.control,0
03/04/2025,f2.mean.control,1
04/04/2025,f2.mean.control,1
05/04/2025,f2.mean.control,1
06/04/2025,f2.mean.control,2
07/04/2025,f2.mean.control,2
08/04/2025,f2.mean.control,2
09/04/2025,f2.mean.control,2
11/04/2025,f2.mean.control,2
12/04/2025,f2.mean.control,2
13/04/2025,f2.mean.control,2
14/04/2025,f2.mean.control,2
15/04/2025,f2.mean.control,2
16/04/2025,f2.mean.control,2
17/04/2025,f2.mean.control,2
18/04/2025,f2.mean.control,2
19/04/2025,f2.mean.control,2
20/04/2025,f2.mean.control,2
21/04/2025,f2.mean.control,2
22/04/2025,f2.mean.control,2
23/04/2025,f2.mean.control,2
24/04/2025,f2.mean.control,2
25/04/2025,f2.mean.control,2
26/04/2025,f2.mean.control,2
01/03/2024,f2.mean.cool,0
02/03/2024,f2.mean.cool,0
03/03/2025,f2.mean.cool,0
04/03/2025,f2.mean.cool,0
05/03/2025,f2.mean.cool,0
06/03/2025,f2.mean.cool,0
07/03/2025,f2.mean.cool,0
08/03/2025,f2.mean.cool,0
09/03/2025,f2.mean.cool,0
10/03/2025,f2.mean.cool,0
11/03/2025,f2.mean.cool,0
12/03/2025,f2.mean.cool,0
13/03/2025,f2.mean.cool,0
14/03/2025,f2.mean.cool,0
15/03/2025,f2.mean.cool,0
16/03/2025,f2.mean.cool,0
17/03/2025,f2.mean.cool,0
18/03/2025,f2.mean.cool,0
19/03/2025,f2.mean.cool,0
20/03/2025,f2.mean.cool,0
21/03/2025,f2.mean.cool,0
22/03/2025,f2.mean.cool,0
24/03/2025,f2.mean.cool,0
25/03/2025,f2.mean.cool,0
26/03/2025,f2.mean.cool,0
27/03/2025,f2.mean.cool,0
28/03/2025,f2.mean.cool,0
29/03/2025,f2.mean.cool,0
30/03/2025,f2.mean.cool,0
31/03/2025,f2.mean.cool,0
01/04/2025,f2.mean.cool,0
02/04/2025,f2.mean.cool,0
03/04/2025,f2.mean.cool,0
04/04/2025,f2.mean.cool,0
05/04/2025,f2.mean.cool,0
06/04/2025,f2.mean.cool,0
07/04/2025,f2.mean.cool,0
08/04/2025,f2.mean.cool,0
09/04/2025,f2.mean.cool,0
11/04/2025,f2.mean.cool,0
12/04/2025,f2.mean.cool,0
13/04/2025,f2.mean.cool,0
14/04/2025,f2.mean.cool,0
15/04/2025,f2.mean.cool,0
16/04/2025,f2.mean.cool,0
17/04/2025,f2.mean.cool,0
18/04/2025,f2.mean.cool,0
19/04/2025,f2.mean.cool,0
20/04/2025,f2.mean.cool,0
21/04/2025,f2.mean.cool,0
22/04/2025,f2.mean.cool,0
23/04/2025,f2.mean.cool,0
24/04/2025,f2.mean.cool,0
25/04/2025,f2.mean.cool,0
26/04/2025,f2.mean.cool,0
27/04/2025,f2.mean.cool,0
28/04/2025,f2.mean.cool,0
29/04/2025,f2.mean.cool,0
30/04/2025,f2.mean.cool,0
01/05/2025,f2.mean.cool,0
02/05/2025,f2.mean.cool,0
03/05/2025,f2.mean.cool,0
04/05/2025,f2.mean.cool,0
05/05/2025,f2.mean.cool,0
06/05/2025,f2.mean.cool,0
07/05/2025,f2.mean.cool,1
08/05/2025,f2.mean.cool,1
09/05/2025,f2.mean.cool,2
10/05/2025,f2.mean.cool,2
11/05/2025,f2.mean.cool,2
12/05/2025,f2.mean.cool,1
13/05/2025,f2.mean.cool,2
01/03/2024,f2.mean.hot,0
02/03/2024,f2.mean.hot,0
03/03/2025,f2.mean.hot,0
04/03/2025,f2.mean.hot,0
05/03/2025,f2.mean.hot,0
06/03/2025,f2.mean.hot,0
07/03/2025,f2.mean.hot,0
08/03/2025,f2.mean.hot,0
09/03/2025,f2.mean.hot,0
10/03/2025,f2.mean.hot,0
11/03/2025,f2.mean.hot,0
12/03/2025,f2.mean.hot,0
13/03/2025,f2.mean.hot,0
14/03/2025,f2.mean.hot,0
15/03/2025,f2.mean.hot,0
16/03/2025,f2.mean.hot,0
17/03/2025,f2.mean.hot,0
18/03/2025,f2.mean.hot,0
19/03/2025,f2.mean.hot,1
20/03/2025,f2.mean.hot,1
21/03/2025,f2.mean.hot,1
22/03/2025,f2.mean.hot,1
23/03/2025,f2.mean.hot,1
24/03/2025,f2.mean.hot,1
25/03/2025,f2.mean.hot,1
26/03/2025,f2.mean.hot,1
27/03/2025,f2.mean.hot,2
28/03/2025,f2.mean.hot,2
29/03/2025,f2.mean.hot,2
30/03/2025,f2.mean.hot,2
31/03/2025,f2.mean.hot,0
01/04/2025,f2.mean.hot,2
02/04/2025,f2.mean.hot,2
03/04/2025,f2.mean.hot,2
04/04/2025,f2.mean.hot,2
05/04/2025,f2.mean.hot,2
06/04/2025,f2.mean.hot,2
07/04/2025,f2.mean.hot,2
08/04/2025,f2.mean.hot,2
09/04/2025,f2.mean.hot,1
11/04/2025,f2.mean.hot,2
12/04/2025,f2.mean.hot,2
13/04/2025,f2.mean.hot,2
14/04/2025,f2.mean.hot,1
15/04/2025,f2.mean.hot,1
16/04/2025,f2.mean.hot,2
17/04/2025,f2.mean.hot,2
18/04/2025,f2.mean.hot,2
19/04/2025,f2.mean.hot,2
20/04/2025,f2.mean.hot,2
21/04/2025,f2.mean.hot,0
22/04/2025,f2.mean.hot,0
23/04/2025,f2.mean.hot,0
24/04/2025,f2.mean.hot,0
25/04/2025,f2.mean.hot,0
01/03/2024,f2.mean.mean,0
02/03/2024,f2.mean.mean,0
03/03/2025,f2.mean.mean,0
04/03/2025,f2.mean.mean,0
05/03/2025,f2.mean.mean,0
06/03/2025,f2.mean.mean,0
07/03/2025,f2.mean.mean,0
08/03/2025,f2.mean.mean,0
09/03/2025,f2.mean.mean,0
10/03/2025,f2.mean.mean,0
11/03/2025,f2.mean.mean,0
12/03/2025,f2.mean.mean,0
13/03/2025,f2.mean.mean,0
14/03/2025,f2.mean.mean,0
15/03/2025,f2.mean.mean,0
16/03/2025,f2.mean.mean,0
17/03/2025,f2.mean.mean,0
18/03/2025,f2.mean.mean,0
19/03/2025,f2.mean.mean,0
20/03/2025,f2.mean.mean,0
21/03/2025,f2.mean.mean,0
22/03/2025,f2.mean.mean,0
23/03/2025,f2.mean.mean,0
24/03/2025,f2.mean.mean,0
25/03/2025,f2.mean.mean,0
26/03/2025,f2.mean.mean,0
27/03/2025,f2.mean.mean,0
28/03/2025,f2.mean.mean,0
29/03/2025,f2.mean.mean,0
30/03/2025,f2.mean.mean,0
31/03/2025,f2.mean.mean,0
01/04/2025,f2.mean.mean,0
02/04/2025,f2.mean.mean,0
03/04/2025,f2.mean.mean,0
04/04/2025,f2.mean.mean,0
05/04/2025,f2.mean.mean,0
06/04/2025,f2.mean.mean,0
07/04/2025,f2.mean.mean,0
08/04/2025,f2.mean.mean,0
10/04/2025,f2.mean.mean,0
11/04/2025,f2.mean.mean,0
12/04/2025,f2.mean.mean,0
13/04/2025,f2.mean.mean,0
14/04/2025,f2.mean.mean,0
15/04/2025,f2.mean.mean,0
16/04/2025,f2.mean.mean,0
17/04/2025,f2.mean.mean,0
18/04/2025,f2.mean.mean,1
19/04/2025,f2.mean.mean,1
20/04/2025,f2.mean.mean,0
21/04/2025,f2.mean.mean,1
22/04/2025,f2.mean.mean,1
23/04/2025,f2.mean.mean,1
24/04/2025,f2.mean.mean,1
25/04/2025,f2.mean.mean,1
26/04/2025,f2.mean.mean,2
27/04/2025,f2.mean.mean,1
28/04/2025,f2.mean.mean,2
29/04/2025,f2.mean.mean,3
30/04/2025,f2.mean.mean,2
02/05/2025,f2.mean.mean,2
05/05/2025,f2.mean.mean,2
01/03/2024,f2.mean.warm,0
02/03/2024,f2.mean.warm,0
03/03/2025,f2.mean.warm,0
04/03/2025,f2.mean.warm,0
05/03/2025,f2.mean.warm,0
06/03/2025,f2.mean.warm,0
07/03/2025,f2.mean.warm,0
08/03/2025,f2.mean.warm,0
09/03/2025,f2.mean.warm,0
10/03/2025,f2.mean.warm,0
11/03/2025,f2.mean.warm,0
12/03/2025,f2.mean.warm,0
13/03/2025,f2.mean.warm,0
14/03/2025,f2.mean.warm,0
15/03/2025,f2.mean.warm,0
16/03/2025,f2.mean.warm,0
17/03/2025,f2.mean.warm,0
18/03/2025,f2.mean.warm,0
19/03/2025,f2.mean.warm,0
20/03/2025,f2.mean.warm,0
21/03/2025,f2.mean.warm,0
22/03/2025,f2.mean.warm,0
23/03/2025,f2.mean.warm,0
24/03/2025,f2.mean.warm,0
25/03/2025,f2.mean.warm,0
26/03/2025,f2.mean.warm,0
27/03/2025,f2.mean.warm,0
28/03/2025,f2.mean.warm,0
29/03/2025,f2.mean.warm,0
30/03/2025,f2.mean.warm,0
31/03/2025,f2.mean.warm,0
01/04/2025,f2.mean.warm,0
02/04/2025,f2.mean.warm,0
03/04/2025,f2.mean.warm,0
04/04/2025,f2.mean.warm,0
05/04/2025,f2.mean.warm,0
06/04/2025,f2.mean.warm,0
07/04/2025,f2.mean.warm,1
08/04/2025,f2.mean.warm,1
09/04/2025,f2.mean.warm,1
10/04/2025,f2.mean.warm,1
11/04/2025,f2.mean.warm,1
12/04/2025,f2.mean.warm,1
13/04/2025,f2.mean.warm,1
14/04/2025,f2.mean.warm,2
15/04/2025,f2.mean.warm,2
16/04/2025,f2.mean.warm,2
17/04/2025,f2.mean.warm,2
18/04/2025,f2.mean.warm,2
19/04/2025,f2.mean.warm,2
20/04/2025,f2.mean.warm,2
21/04/2025,f2.mean.warm,2
22/04/2025,f2.mean.warm,2
23/04/2025,f2.mean.warm,2
24/04/2025,f2.mean.warm,2
25/04/2025,f2.mean.warm,2
26/04/2025,f2.mean.warm,2
29/04/2025,f2.mean.warm,2
01/03/2024,f2.warm.cold,0
02/03/2024,f2.warm.cold,0
03/03/2025,f2.warm.cold,0
04/03/2025,f2.warm.cold,0
05/03/2025,f2.warm.cold,0
06/03/2025,f2.warm.cold,0
07/03/2025,f2.warm.cold,0
08/03/2025,f2.warm.cold,0
09/03/2025,f2.warm.cold,0
10/03/2025,f2.warm.cold,0
11/03/2025,f2.warm.cold,0
12/03/2025,f2.warm.cold,0
13/03/2025,f2.warm.cold,0
14/03/2025,f2.warm.cold,0
15/03/2025,f2.warm.cold,0
16/03/2025,f2.warm.cold,0
17/03/2025,f2.warm.cold,0
18/03/2025,f2.warm.cold,0
19/03/2025,f2.warm.cold,0
20/03/2025,f2.warm.cold,0
21/03/2025,f2.warm.cold,0
22/03/2025,f2.warm.cold,0
23/03/2025,f2.warm.cold,0
24/03/2025,f2.warm.cold,0
25/03/2025,f2.warm.cold,0
26/03/2025,f2.warm.cold,0
27/03/2025,f2.warm.cold,0
28/03/2025,f2.warm.cold,0
29/03/2025,f2.warm.cold,0
30/03/2025,f2.warm.cold,0
31/03/2025,f2.warm.cold,0
01/04/2025,f2.warm.cold,0
02/04/2025,f2.warm.cold,0
03/04/2025,f2.warm.cold,0
04/04/2025,f2.warm.cold,0
05/04/2025,f2.warm.cold,0
06/04/2025,f2.warm.cold,0
07/04/2025,f2.warm.cold,0
08/04/2025,f2.warm.cold,0
10/04/2025,f2.warm.cold,0
11/04/2025,f2.warm.cold,0
12/04/2025,f2.warm.cold,0
13/04/2025,f2.warm.cold,0
14/04/2025,f2.warm.cold,0
15/04/2025,f2.warm.cold,0
16/04/2025,f2.warm.cold,0
17/04/2025,f2.warm.cold,0
18/04/2025,f2.warm.cold,0
19/04/2025,f2.warm.cold,0
20/04/2025,f2.warm.cold,0
21/04/2025,f2.warm.cold,0
22/04/2025,f2.warm.cold,0
23/04/2025,f2.warm.cold,0
24/04/2025,f2.warm.cold,0
25/04/2025,f2.warm.cold,0
26/04/2025,f2.warm.cold,0
28/04/2025,f2.warm.cold,0
29/04/2025,f2.warm.cold,0
01/05/2025,f2.warm.cold,0
02/05/2025,f2.warm.cold,0
04/05/2025,f2.warm.cold,0
05/05/2025,f2.warm.cold,0
06/05/2025,f2.warm.cold,0
07/05/2025,f2.warm.cold,0
08/05/2025,f2.warm.cold,0
10/05/2025,f2.warm.cold,0
11/05/2025,f2.warm.cold,0
12/05/2025,f2.warm.cold,0
13/05/2025,f2.warm.cold,0
14/05/2025,f2.warm.cold,0
15/05/2025,f2.warm.cold,0
16/05/2025,f2.warm.cold,0
17/05/2025,f2.warm.cold,0
18/05/2025,f2.warm.cold,0
19/05/2025,f2.warm.cold,0
20/05/2025,f2.warm.cold,0
21/05/2025,f2.warm.cold,3
22/05/2025,f2.warm.cold,12
23/05/2025,f2.warm.cold,17
24/05/2025,f2.warm.cold,19
25/05/2025,f2.warm.cold,19
27/05/2025,f2.warm.cold,20
28/05/2025,f2.warm.cold,22
29/05/2025,f2.warm.cold,23
30/05/2025,f2.warm.cold,23
31/05/2025,f2.warm.cold,23
01/06/2025,f2.warm.cold,23
02/06/2025,f2.warm.cold,23
03/06/2025,f2.warm.cold,23
04/06/2025,f2.warm.cold,23
05/06/2025,f2.warm.cold,23
06/06/2025,f2.warm.cold,23
07/06/2025,f2.warm.cold,23
08/06/2025,f2.warm.cold,23
09/06/2025,f2.warm.cold,23
01/03/2024,f2.warm.control,0
02/03/2024,f2.warm.control,0
03/03/2025,f2.warm.control,0
04/03/2025,f2.warm.control,0
05/03/2025,f2.warm.control,0
06/03/2025,f2.warm.control,0
07/03/2025,f2.warm.control,0
08/03/2025,f2.warm.control,0
09/03/2025,f2.warm.control,0
10/03/2025,f2.warm.control,0
11/03/2025,f2.warm.control,0
12/03/2025,f2.warm.control,0
13/03/2025,f2.warm.control,0
14/03/2025,f2.warm.control,0
15/03/2025,f2.warm.control,0
16/03/2025,f2.warm.control,0
17/03/2025,f2.warm.control,0
18/03/2025,f2.warm.control,0
19/03/2025,f2.warm.control,0
20/03/2025,f2.warm.control,0
21/03/2025,f2.warm.control,0
22/03/2025,f2.warm.control,0
23/03/2025,f2.warm.control,0
24/03/2025,f2.warm.control,0
26/03/2025,f2.warm.control,0
27/03/2025,f2.warm.control,0
28/03/2025,f2.warm.control,0
29/03/2025,f2.warm.control,0
30/03/2025,f2.warm.control,0
31/03/2025,f2.warm.control,0
01/04/2025,f2.warm.control,0
02/04/2025,f2.warm.control,0
03/04/2025,f2.warm.control,0
04/04/2025,f2.warm.control,0
05/04/2025,f2.warm.control,0
06/04/2025,f2.warm.control,0
07/04/2025,f2.warm.control,0
08/04/2025,f2.warm.control,0
09/04/2025,f2.warm.control,0
11/04/2025,f2.warm.control,0
12/04/2025,f2.warm.control,0
13/04/2025,f2.warm.control,1
14/04/2025,f2.warm.control,4
15/04/2025,f2.warm.control,4
16/04/2025,f2.warm.control,7
17/04/2025,f2.warm.control,12
18/04/2025,f2.warm.control,15
19/04/2025,f2.warm.control,15
20/04/2025,f2.warm.control,17
21/04/2025,f2.warm.control,18
22/04/2025,f2.warm.control,18
23/04/2025,f2.warm.control,8
24/04/2025,f2.warm.control,12
25/04/2025,f2.warm.control,13
26/04/2025,f2.warm.control,13
01/03/2024,f2.warm.cool,0
02/03/2024,f2.warm.cool,0
03/03/2025,f2.warm.cool,0
04/03/2025,f2.warm.cool,0
05/03/2025,f2.warm.cool,0
06/03/2025,f2.warm.cool,0
07/03/2025,f2.warm.cool,0
08/03/2025,f2.warm.cool,0
09/03/2025,f2.warm.cool,0
10/03/2025,f2.warm.cool,0
11/03/2025,f2.warm.cool,0
12/03/2025,f2.warm.cool,0
13/03/2025,f2.warm.cool,0
14/03/2025,f2.warm.cool,0
15/03/2025,f2.warm.cool,0
16/03/2025,f2.warm.cool,0
17/03/2025,f2.warm.cool,0
18/03/2025,f2.warm.cool,0
19/03/2025,f2.warm.cool,0
20/03/2025,f2.warm.cool,0
21/03/2025,f2.warm.cool,0
22/03/2025,f2.warm.cool,0
23/03/2025,f2.warm.cool,0
24/03/2025,f2.warm.cool,0
25/03/2025,f2.warm.cool,0
26/03/2025,f2.warm.cool,0
27/03/2025,f2.warm.cool,0
28/03/2025,f2.warm.cool,0
29/03/2025,f2.warm.cool,0
30/03/2025,f2.warm.cool,0
31/03/2025,f2.warm.cool,0
01/04/2025,f2.warm.cool,0
02/04/2025,f2.warm.cool,0
03/04/2025,f2.warm.cool,0
04/04/2025,f2.warm.cool,0
05/04/2025,f2.warm.cool,0
06/04/2025,f2.warm.cool,0
07/04/2025,f2.warm.cool,0
08/04/2025,f2.warm.cool,0
11/04/2025,f2.warm.cool,0
12/04/2025,f2.warm.cool,0
13/04/2025,f2.warm.cool,0
14/04/2025,f2.warm.cool,0
15/04/2025,f2.warm.cool,0
16/04/2025,f2.warm.cool,0
17/04/2025,f2.warm.cool,0
18/04/2025,f2.warm.cool,0
19/04/2025,f2.warm.cool,0
20/04/2025,f2.warm.cool,0
21/04/2025,f2.warm.cool,0
22/04/2025,f2.warm.cool,0
23/04/2025,f2.warm.cool,0
24/04/2025,f2.warm.cool,0
25/04/2025,f2.warm.cool,0
26/04/2025,f2.warm.cool,0
27/04/2025,f2.warm.cool,0
28/04/2025,f2.warm.cool,0
29/04/2025,f2.warm.cool,0
30/04/2025,f2.warm.cool,0
01/05/2025,f2.warm.cool,0
02/05/2025,f2.warm.cool,0
03/05/2025,f2.warm.cool,0
04/05/2025,f2.warm.cool,0
06/05/2025,f2.warm.cool,0
07/05/2025,f2.warm.cool,0
08/05/2025,f2.warm.cool,0
09/05/2025,f2.warm.cool,0
11/05/2025,f2.warm.cool,2
12/05/2025,f2.warm.cool,2
13/05/2025,f2.warm.cool,5
14/05/2025,f2.warm.cool,10
15/05/2025,f2.warm.cool,14
16/05/2025,f2.warm.cool,14
17/05/2025,f2.warm.cool,14
18/05/2025,f2.warm.cool,17
19/05/2025,f2.warm.cool,NA
20/05/2025,f2.warm.cool,10
21/05/2025,f2.warm.cool,10
22/05/2025,f2.warm.cool,8
23/05/2025,f2.warm.cool,9
24/05/2025,f2.warm.cool,7
26/05/2025,f2.warm.cool,NA
27/05/2025,f2.warm.cool,9
01/03/2024,f2.warm.hot,0
02/03/2024,f2.warm.hot,0
03/03/2025,f2.warm.hot,0
04/03/2025,f2.warm.hot,0
05/03/2025,f2.warm.hot,0
06/03/2025,f2.warm.hot,0
07/03/2025,f2.warm.hot,0
08/03/2025,f2.warm.hot,0
09/03/2025,f2.warm.hot,0
10/03/2025,f2.warm.hot,0
11/03/2025,f2.warm.hot,0
12/03/2025,f2.warm.hot,0
13/03/2025,f2.warm.hot,0
14/03/2025,f2.warm.hot,0
15/03/2025,f2.warm.hot,0
16/03/2025,f2.warm.hot,0
17/03/2025,f2.warm.hot,0
18/03/2025,f2.warm.hot,0
19/03/2025,f2.warm.hot,0
20/03/2025,f2.warm.hot,0
21/03/2025,f2.warm.hot,0
22/03/2025,f2.warm.hot,0
23/03/2025,f2.warm.hot,0
24/03/2025,f2.warm.hot,0
25/03/2025,f2.warm.hot,0
26/03/2025,f2.warm.hot,0
27/03/2025,f2.warm.hot,0
28/03/2025,f2.warm.hot,0
29/03/2025,f2.warm.hot,0
30/03/2025,f2.warm.hot,0
31/03/2025,f2.warm.hot,0
01/04/2025,f2.warm.hot,0
02/04/2025,f2.warm.hot,0
03/04/2025,f2.warm.hot,0
04/04/2025,f2.warm.hot,0
05/04/2025,f2.warm.hot,1
06/04/2025,f2.warm.hot,1
07/04/2025,f2.warm.hot,2
08/04/2025,f2.warm.hot,2
09/04/2025,f2.warm.hot,7
11/04/2025,f2.warm.hot,12
12/04/2025,f2.warm.hot,13
13/04/2025,f2.warm.hot,13
14/04/2025,f2.warm.hot,13
15/04/2025,f2.warm.hot,13
16/04/2025,f2.warm.hot,11
17/04/2025,f2.warm.hot,11
18/04/2025,f2.warm.hot,9
19/04/2025,f2.warm.hot,NA
20/04/2025,f2.warm.hot,NA
21/04/2025,f2.warm.hot,12
22/04/2025,f2.warm.hot,12
23/04/2025,f2.warm.hot,9
24/04/2025,f2.warm.hot,9
25/04/2025,f2.warm.hot,16
26/04/2025,f2.warm.hot,16
01/03/2024,f2.warm.mean,0
02/03/2024,f2.warm.mean,0
03/03/2025,f2.warm.mean,0
04/03/2025,f2.warm.mean,0
05/03/2025,f2.warm.mean,0
06/03/2025,f2.warm.mean,0
07/03/2025,f2.warm.mean,0
08/03/2025,f2.warm.mean,0
09/03/2025,f2.warm.mean,0
10/03/2025,f2.warm.mean,0
11/03/2025,f2.warm.mean,0
12/03/2025,f2.warm.mean,0
13/03/2025,f2.warm.mean,0
14/03/2025,f2.warm.mean,0
15/03/2025,f2.warm.mean,0
16/03/2025,f2.warm.mean,0
17/03/2025,f2.warm.mean,0
18/03/2025,f2.warm.mean,0
19/03/2025,f2.warm.mean,0
20/03/2025,f2.warm.mean,0
21/03/2025,f2.warm.mean,0
22/03/2025,f2.warm.mean,0
23/03/2025,f2.warm.mean,0
24/03/2025,f2.warm.mean,0
25/03/2025,f2.warm.mean,0
26/03/2025,f2.warm.mean,0
27/03/2025,f2.warm.mean,0
28/03/2025,f2.warm.mean,0
29/03/2025,f2.warm.mean,0
30/03/2025,f2.warm.mean,0
31/03/2025,f2.warm.mean,0
01/04/2025,f2.warm.mean,0
02/04/2025,f2.warm.mean,0
03/04/2025,f2.warm.mean,0
04/04/2025,f2.warm.mean,0
05/04/2025,f2.warm.mean,0
06/04/2025,f2.warm.mean,0
07/04/2025,f2.warm.mean,0
08/04/2025,f2.warm.mean,0
10/04/2025,f2.warm.mean,0
11/04/2025,f2.warm.mean,0
12/04/2025,f2.warm.mean,0
13/04/2025,f2.warm.mean,0
14/04/2025,f2.warm.mean,0
15/04/2025,f2.warm.mean,0
16/04/2025,f2.warm.mean,0
17/04/2025,f2.warm.mean,0
18/04/2025,f2.warm.mean,0
19/04/2025,f2.warm.mean,0
20/04/2025,f2.warm.mean,0
21/04/2025,f2.warm.mean,0
22/04/2025,f2.warm.mean,0
23/04/2025,f2.warm.mean,0
24/04/2025,f2.warm.mean,0
25/04/2025,f2.warm.mean,0
26/04/2025,f2.warm.mean,0
27/04/2025,f2.warm.mean,0
28/04/2025,f2.warm.mean,0
29/04/2025,f2.warm.mean,0
30/04/2025,f2.warm.mean,2
01/05/2025,f2.warm.mean,2
02/05/2025,f2.warm.mean,5
03/05/2025,f2.warm.mean,6
04/05/2025,f2.warm.mean,6
05/05/2025,f2.warm.mean,14
06/05/2025,f2.warm.mean,10
07/05/2025,f2.warm.mean,15
08/05/2025,f2.warm.mean,15
09/05/2025,f2.warm.mean,16
10/05/2025,f2.warm.mean,16
11/05/2025,f2.warm.mean,NA
12/05/2025,f2.warm.mean,15
13/05/2025,f2.warm.mean,15
14/05/2025,f2.warm.mean,15
15/05/2025,f2.warm.mean,15
16/05/2025,f2.warm.mean,15
17/05/2025,f2.warm.mean,15
18/05/2025,f2.warm.mean,15
19/05/2025,f2.warm.mean,15
20/05/2025,f2.warm.mean,13
01/03/2024,f2.warm.warm,0
02/03/2024,f2.warm.warm,0
03/03/2025,f2.warm.warm,0
04/03/2025,f2.warm.warm,0
05/03/2025,f2.warm.warm,0
06/03/2025,f2.warm.warm,0
07/03/2025,f2.warm.warm,0
08/03/2025,f2.warm.warm,0
09/03/2025,f2.warm.warm,0
10/03/2025,f2.warm.warm,0
11/03/2025,f2.warm.warm,0
12/03/2025,f2.warm.warm,0
13/03/2025,f2.warm.warm,0
14/03/2025,f2.warm.warm,0
15/03/2025,f2.warm.warm,0
16/03/2025,f2.warm.warm,0
17/03/2025,f2.warm.warm,0
18/03/2025,f2.warm.warm,0
19/03/2025,f2.warm.warm,0
20/03/2025,f2.warm.warm,0
21/03/2025,f2.warm.warm,0
22/03/2025,f2.warm.warm,0
23/03/2025,f2.warm.warm,0
24/03/2025,f2.warm.warm,0
25/03/2025,f2.warm.warm,0
26/03/2025,f2.warm.warm,0
27/03/2025,f2.warm.warm,0
28/03/2025,f2.warm.warm,0
29/03/2025,f2.warm.warm,0
30/03/2025,f2.warm.warm,0
31/03/2025,f2.warm.warm,0
01/04/2025,f2.warm.warm,0
02/04/2025,f2.warm.warm,0
03/04/2025,f2.warm.warm,0
04/04/2025,f2.warm.warm,0
05/04/2025,f2.warm.warm,0
06/04/2025,f2.warm.warm,0
07/04/2025,f2.warm.warm,0
08/04/2025,f2.warm.warm,0
09/04/2025,f2.warm.warm,0
10/04/2025,f2.warm.warm,0
11/04/2025,f2.warm.warm,0
12/04/2025,f2.warm.warm,0
13/04/2025,f2.warm.warm,0
14/04/2025,f2.warm.warm,0
15/04/2025,f2.warm.warm,0
16/04/2025,f2.warm.warm,0
17/04/2025,f2.warm.warm,0
18/04/2025,f2.warm.warm,0
19/04/2025,f2.warm.warm,1
21/04/2025,f2.warm.warm,4
22/04/2025,f2.warm.warm,8
23/04/2025,f2.warm.warm,8
24/04/2025,f2.warm.warm,13
25/04/2025,f2.warm.warm,14
26/04/2025,f2.warm.warm,14
27/04/2025,f2.warm.warm,15
28/04/2025,f2.warm.warm,15
29/04/2025,f2.warm.warm,12
30/04/2025,f2.warm.warm,12
01/05/2025,f2.warm.warm,14
01/03/2024,f3.control.cold,0
02/03/2024,f3.control.cold,0
03/03/2025,f3.control.cold,0
04/03/2025,f3.control.cold,0
05/03/2025,f3.control.cold,0
06/03/2025,f3.control.cold,0
07/03/2025,f3.control.cold,0
08/03/2025,f3.control.cold,0
09/03/2025,f3.control.cold,0
10/03/2025,f3.control.cold,0
11/03/2025,f3.control.cold,0
12/03/2025,f3.control.cold,0
13/03/2025,f3.control.cold,0
14/03/2025,f3.control.cold,0
15/03/2025,f3.control.cold,0
16/03/2025,f3.control.cold,0
17/03/2025,f3.control.cold,0
18/03/2025,f3.control.cold,0
19/03/2025,f3.control.cold,0
20/03/2025,f3.control.cold,0
21/03/2025,f3.control.cold,0
22/03/2025,f3.control.cold,0
23/03/2025,f3.control.cold,0
24/03/2025,f3.control.cold,0
25/03/2025,f3.control.cold,0
26/03/2025,f3.control.cold,0
27/03/2025,f3.control.cold,0
28/03/2025,f3.control.cold,0
29/03/2025,f3.control.cold,0
30/03/2025,f3.control.cold,0
31/03/2025,f3.control.cold,0
01/04/2025,f3.control.cold,0
02/04/2025,f3.control.cold,0
03/04/2025,f3.control.cold,0
04/04/2025,f3.control.cold,0
05/04/2025,f3.control.cold,0
06/04/2025,f3.control.cold,0
07/04/2025,f3.control.cold,0
08/04/2025,f3.control.cold,0
10/04/2025,f3.control.cold,0
11/04/2025,f3.control.cold,0
12/04/2025,f3.control.cold,0
13/04/2025,f3.control.cold,0
14/04/2025,f3.control.cold,0
15/04/2025,f3.control.cold,0
16/04/2025,f3.control.cold,0
17/04/2025,f3.control.cold,0
18/04/2025,f3.control.cold,0
19/04/2025,f3.control.cold,0
20/04/2025,f3.control.cold,0
21/04/2025,f3.control.cold,0
22/04/2025,f3.control.cold,0
23/04/2025,f3.control.cold,0
24/04/2025,f3.control.cold,0
25/04/2025,f3.control.cold,0
26/04/2025,f3.control.cold,0
28/04/2025,f3.control.cold,0
29/04/2025,f3.control.cold,0
01/05/2025,f3.control.cold,0
02/05/2025,f3.control.cold,0
04/05/2025,f3.control.cold,0
05/05/2025,f3.control.cold,0
06/05/2025,f3.control.cold,0
07/05/2025,f3.control.cold,0
08/05/2025,f3.control.cold,0
10/05/2025,f3.control.cold,0
11/05/2025,f3.control.cold,0
12/05/2025,f3.control.cold,0
13/05/2025,f3.control.cold,0
14/05/2025,f3.control.cold,0
15/05/2025,f3.control.cold,0
16/05/2025,f3.control.cold,0
17/05/2025,f3.control.cold,0
18/05/2025,f3.control.cold,5
19/05/2025,f3.control.cold,6
20/05/2025,f3.control.cold,7
21/05/2025,f3.control.cold,10
22/05/2025,f3.control.cold,13
23/05/2025,f3.control.cold,13
24/05/2025,f3.control.cold,13
25/05/2025,f3.control.cold,13
26/05/2025,f3.control.cold,14
27/05/2025,f3.control.cold,14
28/05/2025,f3.control.cold,14
29/05/2025,f3.control.cold,14
30/05/2025,f3.control.cold,14
31/05/2025,f3.control.cold,14
01/06/2025,f3.control.cold,14
02/06/2025,f3.control.cold,14
03/06/2025,f3.control.cold,14
04/06/2025,f3.control.cold,14
05/06/2025,f3.control.cold,14
06/06/2025,f3.control.cold,14
07/06/2025,f3.control.cold,14
08/06/2025,f3.control.cold,14
09/06/2025,f3.control.cold,14
01/03/2024,f3.control.control,0
02/03/2024,f3.control.control,0
03/03/2025,f3.control.control,0
04/03/2025,f3.control.control,0
05/03/2025,f3.control.control,0
06/03/2025,f3.control.control,0
07/03/2025,f3.control.control,0
08/03/2025,f3.control.control,0
09/03/2025,f3.control.control,0
10/03/2025,f3.control.control,0
11/03/2025,f3.control.control,0
12/03/2025,f3.control.control,0
13/03/2025,f3.control.control,0
14/03/2025,f3.control.control,0
15/03/2025,f3.control.control,0
16/03/2025,f3.control.control,0
17/03/2025,f3.control.control,0
18/03/2025,f3.control.control,0
19/03/2025,f3.control.control,0
20/03/2025,f3.control.control,0
21/03/2025,f3.control.control,0
22/03/2025,f3.control.control,0
23/03/2025,f3.control.control,0
24/03/2025,f3.control.control,0
26/03/2025,f3.control.control,0
27/03/2025,f3.control.control,0
28/03/2025,f3.control.control,0
29/03/2025,f3.control.control,0
30/03/2025,f3.control.control,0
31/03/2025,f3.control.control,0
01/04/2025,f3.control.control,0
02/04/2025,f3.control.control,0
03/04/2025,f3.control.control,1
04/04/2025,f3.control.control,1
05/04/2025,f3.control.control,5
06/04/2025,f3.control.control,7
07/04/2025,f3.control.control,7
08/04/2025,f3.control.control,11
09/04/2025,f3.control.control,11
11/04/2025,f3.control.control,7
12/04/2025,f3.control.control,10
13/04/2025,f3.control.control,13
14/04/2025,f3.control.control,13
15/04/2025,f3.control.control,13
16/04/2025,f3.control.control,10
17/04/2025,f3.control.control,10
18/04/2025,f3.control.control,8
19/04/2025,f3.control.control,8
20/04/2025,f3.control.control,7
21/04/2025,f3.control.control,6
22/04/2025,f3.control.control,6
23/04/2025,f3.control.control,5
24/04/2025,f3.control.control,7
25/04/2025,f3.control.control,7
26/04/2025,f3.control.control,7
01/03/2024,f3.control.cool,0
02/03/2024,f3.control.cool,0
03/03/2025,f3.control.cool,0
04/03/2025,f3.control.cool,0
05/03/2025,f3.control.cool,0
06/03/2025,f3.control.cool,0
07/03/2025,f3.control.cool,0
08/03/2025,f3.control.cool,0
09/03/2025,f3.control.cool,0
10/03/2025,f3.control.cool,0
11/03/2025,f3.control.cool,0
12/03/2025,f3.control.cool,0
13/03/2025,f3.control.cool,0
14/03/2025,f3.control.cool,0
15/03/2025,f3.control.cool,0
16/03/2025,f3.control.cool,0
17/03/2025,f3.control.cool,0
18/03/2025,f3.control.cool,0
19/03/2025,f3.control.cool,0
20/03/2025,f3.control.cool,0
21/03/2025,f3.control.cool,0
22/03/2025,f3.control.cool,0
23/03/2025,f3.control.cool,0
24/03/2025,f3.control.cool,0
25/03/2025,f3.control.cool,0
26/03/2025,f3.control.cool,0
27/03/2025,f3.control.cool,0
28/03/2025,f3.control.cool,0
29/03/2025,f3.control.cool,0
30/03/2025,f3.control.cool,0
31/03/2025,f3.control.cool,0
01/04/2025,f3.control.cool,0
02/04/2025,f3.control.cool,0
03/04/2025,f3.control.cool,0
04/04/2025,f3.control.cool,0
05/04/2025,f3.control.cool,0
06/04/2025,f3.control.cool,0
07/04/2025,f3.control.cool,0
08/04/2025,f3.control.cool,0
11/04/2025,f3.control.cool,0
12/04/2025,f3.control.cool,0
13/04/2025,f3.control.cool,0
14/04/2025,f3.control.cool,0
15/04/2025,f3.control.cool,0
16/04/2025,f3.control.cool,0
17/04/2025,f3.control.cool,0
18/04/2025,f3.control.cool,0
19/04/2025,f3.control.cool,0
20/04/2025,f3.control.cool,0
21/04/2025,f3.control.cool,0
22/04/2025,f3.control.cool,0
23/04/2025,f3.control.cool,0
24/04/2025,f3.control.cool,0
25/04/2025,f3.control.cool,0
26/04/2025,f3.control.cool,0
27/04/2025,f3.control.cool,0
28/04/2025,f3.control.cool,0
29/04/2025,f3.control.cool,0
30/04/2025,f3.control.cool,0
01/05/2025,f3.control.cool,0
02/05/2025,f3.control.cool,0
03/05/2025,f3.control.cool,0
04/05/2025,f3.control.cool,0
05/05/2025,f3.control.cool,0
06/05/2025,f3.control.cool,1
07/05/2025,f3.control.cool,2
08/05/2025,f3.control.cool,3
09/05/2025,f3.control.cool,5
10/05/2025,f3.control.cool,7
11/05/2025,f3.control.cool,10
12/05/2025,f3.control.cool,11
13/05/2025,f3.control.cool,13
14/05/2025,f3.control.cool,14
15/05/2025,f3.control.cool,20
01/03/2024,f3.control.hot,0
02/03/2024,f3.control.hot,0
03/03/2025,f3.control.hot,0
04/03/2025,f3.control.hot,0
05/03/2025,f3.control.hot,0
06/03/2025,f3.control.hot,0
07/03/2025,f3.control.hot,0
08/03/2025,f3.control.hot,0
09/03/2025,f3.control.hot,0
10/03/2025,f3.control.hot,0
11/03/2025,f3.control.hot,0
12/03/2025,f3.control.hot,0
13/03/2025,f3.control.hot,0
14/03/2025,f3.control.hot,0
15/03/2025,f3.control.hot,0
16/03/2025,f3.control.hot,0
17/03/2025,f3.control.hot,0
18/03/2025,f3.control.hot,0
19/03/2025,f3.control.hot,0
20/03/2025,f3.control.hot,0
21/03/2025,f3.control.hot,0
22/03/2025,f3.control.hot,0
23/03/2025,f3.control.hot,1
24/03/2025,f3.control.hot,1
25/03/2025,f3.control.hot,3
26/03/2025,f3.control.hot,5
27/03/2025,f3.control.hot,4
28/03/2025,f3.control.hot,11
29/03/2025,f3.control.hot,11
30/03/2025,f3.control.hot,11
31/03/2025,f3.control.hot,18
01/04/2025,f3.control.hot,13
02/04/2025,f3.control.hot,13
03/04/2025,f3.control.hot,16
04/04/2025,f3.control.hot,16
05/04/2025,f3.control.hot,16
06/04/2025,f3.control.hot,16
07/04/2025,f3.control.hot,16
08/04/2025,f3.control.hot,16
09/04/2025,f3.control.hot,16
11/04/2025,f3.control.hot,16
12/04/2025,f3.control.hot,16
13/04/2025,f3.control.hot,16
14/04/2025,f3.control.hot,NA
15/04/2025,f3.control.hot,NA
16/04/2025,f3.control.hot,16
17/04/2025,f3.control.hot,16
18/04/2025,f3.control.hot,15
19/04/2025,f3.control.hot,NA
20/04/2025,f3.control.hot,NA
21/04/2025,f3.control.hot,14
22/04/2025,f3.control.hot,14
23/04/2025,f3.control.hot,14
24/04/2025,f3.control.hot,14
25/04/2025,f3.control.hot,15
02/04/2025,f3.control.hot.2,2
03/04/2025,f3.control.hot.2,1
04/04/2025,f3.control.hot.2,3
05/04/2025,f3.control.hot.2,5
06/04/2025,f3.control.hot.2,5
07/04/2025,f3.control.hot.2,7
08/04/2025,f3.control.hot.2,8
09/04/2025,f3.control.hot.2,8
11/04/2025,f3.control.hot.2,10
12/04/2025,f3.control.hot.2,10
13/04/2025,f3.control.hot.2,8
14/04/2025,f3.control.hot.2,6
15/04/2025,f3.control.hot.2,9
16/04/2025,f3.control.hot.2,10
17/04/2025,f3.control.hot.2,8
18/04/2025,f3.control.hot.2,5
19/04/2025,f3.control.hot.2,6
20/04/2025,f3.control.hot.2,8
21/04/2025,f3.control.hot.2,8
22/04/2025,f3.control.hot.2,8
23/04/2025,f3.control.hot.2,9
24/04/2025,f3.control.hot.2,9
25/04/2025,f3.control.hot.2,8
08/05/2025,f3.control.hot.2,7
01/03/2024,f3.control.mean,0
02/03/2024,f3.control.mean,0
03/03/2025,f3.control.mean,0
04/03/2025,f3.control.mean,0
05/03/2025,f3.control.mean,0
06/03/2025,f3.control.mean,0
07/03/2025,f3.control.mean,0
08/03/2025,f3.control.mean,0
09/03/2025,f3.control.mean,0
10/03/2025,f3.control.mean,0
11/03/2025,f3.control.mean,0
12/03/2025,f3.control.mean,0
13/03/2025,f3.control.mean,0
14/03/2025,f3.control.mean,0
15/03/2025,f3.control.mean,0
16/03/2025,f3.control.mean,0
17/03/2025,f3.control.mean,0
18/03/2025,f3.control.mean,0
19/03/2025,f3.control.mean,0
20/03/2025,f3.control.mean,0
21/03/2025,f3.control.mean,0
22/03/2025,f3.control.mean,0
23/03/2025,f3.control.mean,0
24/03/2025,f3.control.mean,0
25/03/2025,f3.control.mean,0
26/03/2025,f3.control.mean,0
27/03/2025,f3.control.mean,0
28/03/2025,f3.control.mean,0
29/03/2025,f3.control.mean,0
30/03/2025,f3.control.mean,0
31/03/2025,f3.control.mean,0
01/04/2025,f3.control.mean,0
02/04/2025,f3.control.mean,0
03/04/2025,f3.control.mean,0
04/04/2025,f3.control.mean,0
05/04/2025,f3.control.mean,0
06/04/2025,f3.control.mean,0
07/04/2025,f3.control.mean,0
08/04/2025,f3.control.mean,0
10/04/2025,f3.control.mean,0
11/04/2025,f3.control.mean,0
12/04/2025,f3.control.mean,0
13/04/2025,f3.control.mean,0
14/04/2025,f3.control.mean,0
15/04/2025,f3.control.mean,0
16/04/2025,f3.control.mean,0
17/04/2025,f3.control.mean,0
18/04/2025,f3.control.mean,0
19/04/2025,f3.control.mean,0
20/04/2025,f3.control.mean,0
21/04/2025,f3.control.mean,0
22/04/2025,f3.control.mean,0
23/04/2025,f3.control.mean,1
24/04/2025,f3.control.mean,1
25/04/2025,f3.control.mean,2
26/04/2025,f3.control.mean,3
27/04/2025,f3.control.mean,4
28/04/2025,f3.control.mean,6
29/04/2025,f3.control.mean,6
30/04/2025,f3.control.mean,6
01/05/2025,f3.control.mean,6
02/05/2025,f3.control.mean,7
03/05/2025,f3.control.mean,11
04/05/2025,f3.control.mean,11
05/05/2025,f3.control.mean,11
06/05/2025,f3.control.mean,11
07/05/2025,f3.control.mean,11
08/05/2025,f3.control.mean,11
09/05/2025,f3.control.mean,12
10/05/2025,f3.control.mean,12
11/05/2025,f3.control.mean,12
12/05/2025,f3.control.mean,12
13/05/2025,f3.control.mean,12
15/05/2025,f3.control.mean,13
16/05/2025,f3.control.mean,13
17/05/2025,f3.control.mean,13
18/05/2025,f3.control.mean,13
01/03/2024,f3.control.warm,0
02/03/2024,f3.control.warm,0
03/03/2025,f3.control.warm,0
04/03/2025,f3.control.warm,0
05/03/2025,f3.control.warm,0
06/03/2025,f3.control.warm,0
07/03/2025,f3.control.warm,0
08/03/2025,f3.control.warm,0
09/03/2025,f3.control.warm,0
10/03/2025,f3.control.warm,0
11/03/2025,f3.control.warm,0
12/03/2025,f3.control.warm,0
13/03/2025,f3.control.warm,0
14/03/2025,f3.control.warm,0
15/03/2025,f3.control.warm,0
16/03/2025,f3.control.warm,0
17/03/2025,f3.control.warm,0
18/03/2025,f3.control.warm,0
19/03/2025,f3.control.warm,0
20/03/2025,f3.control.warm,0
21/03/2025,f3.control.warm,0
22/03/2025,f3.control.warm,0
23/03/2025,f3.control.warm,0
24/03/2025,f3.control.warm,0
25/03/2025,f3.control.warm,0
26/03/2025,f3.control.warm,0
27/03/2025,f3.control.warm,0
28/03/2025,f3.control.warm,0
29/03/2025,f3.control.warm,0
30/03/2025,f3.control.warm,0
01/04/2025,f3.control.warm,0
02/04/2025,f3.control.warm,0
03/04/2025,f3.control.warm,0
04/04/2025,f3.control.warm,0
05/04/2025,f3.control.warm,0
06/04/2025,f3.control.warm,1
07/04/2025,f3.control.warm,1
08/04/2025,f3.control.warm,3
09/04/2025,f3.control.warm,3
10/04/2025,f3.control.warm,5
11/04/2025,f3.control.warm,5
12/04/2025,f3.control.warm,6
13/04/2025,f3.control.warm,8
14/04/2025,f3.control.warm,8
15/04/2025,f3.control.warm,10
16/04/2025,f3.control.warm,10
17/04/2025,f3.control.warm,8
18/04/2025,f3.control.warm,8
19/04/2025,f3.control.warm,8
20/04/2025,f3.control.warm,11
21/04/2025,f3.control.warm,10
22/04/2025,f3.control.warm,10
23/04/2025,f3.control.warm,12
24/04/2025,f3.control.warm,12
25/04/2025,f3.control.warm,12
26/04/2025,f3.control.warm,11
27/04/2025,f3.control.warm,11
28/04/2025,f3.control.warm,6
29/04/2025,f3.control.warm,8
30/04/2025,f3.control.warm,6
01/05/2025,f3.control.warm,6
01/03/2024,f3.mean.cold,0
02/03/2024,f3.mean.cold,0
03/03/2025,f3.mean.cold,0
04/03/2025,f3.mean.cold,0
05/03/2025,f3.mean.cold,0
06/03/2025,f3.mean.cold,0
07/03/2025,f3.mean.cold,0
08/03/2025,f3.mean.cold,0
09/03/2025,f3.mean.cold,0
10/03/2025,f3.mean.cold,0
11/03/2025,f3.mean.cold,0
12/03/2025,f3.mean.cold,0
13/03/2025,f3.mean.cold,0
14/03/2025,f3.mean.cold,0
15/03/2025,f3.mean.cold,0
16/03/2025,f3.mean.cold,0
17/03/2025,f3.mean.cold,0
18/03/2025,f3.mean.cold,0
19/03/2025,f3.mean.cold,0
20/03/2025,f3.mean.cold,0
21/03/2025,f3.mean.cold,0
22/03/2025,f3.mean.cold,0
23/03/2025,f3.mean.cold,0
24/03/2025,f3.mean.cold,0
25/03/2025,f3.mean.cold,0
27/03/2025,f3.mean.cold,0
28/03/2025,f3.mean.cold,0
29/03/2025,f3.mean.cold,0
30/03/2025,f3.mean.cold,0
31/03/2025,f3.mean.cold,0
01/04/2025,f3.mean.cold,0
02/04/2025,f3.mean.cold,0
03/04/2025,f3.mean.cold,0
04/04/2025,f3.mean.cold,0
05/04/2025,f3.mean.cold,0
06/04/2025,f3.mean.cold,0
07/04/2025,f3.mean.cold,0
08/04/2025,f3.mean.cold,0
10/04/2025,f3.mean.cold,0
11/04/2025,f3.mean.cold,0
12/04/2025,f3.mean.cold,0
13/04/2025,f3.mean.cold,0
14/04/2025,f3.mean.cold,0
15/04/2025,f3.mean.cold,0
16/04/2025,f3.mean.cold,0
17/04/2025,f3.mean.cold,0
18/04/2025,f3.mean.cold,0
19/04/2025,f3.mean.cold,0
20/04/2025,f3.mean.cold,0
21/04/2025,f3.mean.cold,0
22/04/2025,f3.mean.cold,0
23/04/2025,f3.mean.cold,0
24/04/2025,f3.mean.cold,0
25/04/2025,f3.mean.cold,0
26/04/2025,f3.mean.cold,0
28/04/2025,f3.mean.cold,0
29/04/2025,f3.mean.cold,0
01/05/2025,f3.mean.cold,0
02/05/2025,f3.mean.cold,0
04/05/2025,f3.mean.cold,0
05/05/2025,f3.mean.cold,0
06/05/2025,f3.mean.cold,0
07/05/2025,f3.mean.cold,0
08/05/2025,f3.mean.cold,0
10/05/2025,f3.mean.cold,0
11/05/2025,f3.mean.cold,0
12/05/2025,f3.mean.cold,0
13/05/2025,f3.mean.cold,0
14/05/2025,f3.mean.cold,0
15/05/2025,f3.mean.cold,0
16/05/2025,f3.mean.cold,0
17/05/2025,f3.mean.cold,0
18/05/2025,f3.mean.cold,0
19/05/2025,f3.mean.cold,0
20/05/2025,f3.mean.cold,2
21/05/2025,f3.mean.cold,3
22/05/2025,f3.mean.cold,4
23/05/2025,f3.mean.cold,4
24/05/2025,f3.mean.cold,8
25/05/2025,f3.mean.cold,14
26/05/2025,f3.mean.cold,15
27/05/2025,f3.mean.cold,15
28/05/2025,f3.mean.cold,15
29/05/2025,f3.mean.cold,15
30/05/2025,f3.mean.cold,16
31/05/2025,f3.mean.cold,16
01/06/2025,f3.mean.cold,16
01/03/2024,f3.mean.control,0
02/03/2024,f3.mean.control,0
03/03/2025,f3.mean.control,0
04/03/2025,f3.mean.control,0
05/03/2025,f3.mean.control,0
06/03/2025,f3.mean.control,0
07/03/2025,f3.mean.control,0
08/03/2025,f3.mean.control,0
09/03/2025,f3.mean.control,0
10/03/2025,f3.mean.control,0
11/03/2025,f3.mean.control,0
12/03/2025,f3.mean.control,0
13/03/2025,f3.mean.control,0
14/03/2025,f3.mean.control,0
15/03/2025,f3.mean.control,0
16/03/2025,f3.mean.control,0
17/03/2025,f3.mean.control,0
18/03/2025,f3.mean.control,0
19/03/2025,f3.mean.control,0
20/03/2025,f3.mean.control,0
21/03/2025,f3.mean.control,0
22/03/2025,f3.mean.control,0
23/03/2025,f3.mean.control,0
24/03/2025,f3.mean.control,0
26/03/2025,f3.mean.control,0
27/03/2025,f3.mean.control,0
28/03/2025,f3.mean.control,0
29/03/2025,f3.mean.control,0
30/03/2025,f3.mean.control,0
31/03/2025,f3.mean.control,0
01/04/2025,f3.mean.control,0
02/04/2025,f3.mean.control,0
03/04/2025,f3.mean.control,0
04/04/2025,f3.mean.control,0
05/04/2025,f3.mean.control,0
06/04/2025,f3.mean.control,0
07/04/2025,f3.mean.control,2
08/04/2025,f3.mean.control,2
09/04/2025,f3.mean.control,2
11/04/2025,f3.mean.control,5
12/04/2025,f3.mean.control,5
13/04/2025,f3.mean.control,5
14/04/2025,f3.mean.control,7
15/04/2025,f3.mean.control,7
16/04/2025,f3.mean.control,10
17/04/2025,f3.mean.control,13
18/04/2025,f3.mean.control,10
19/04/2025,f3.mean.control,10
20/04/2025,f3.mean.control,8
21/04/2025,f3.mean.control,8
22/04/2025,f3.mean.control,12
23/04/2025,f3.mean.control,NA
24/04/2025,f3.mean.control,10
25/04/2025,f3.mean.control,10
26/04/2025,f3.mean.control,10
27/04/2025,f3.mean.control,5
28/04/2025,f3.mean.control,8
29/04/2025,f3.mean.control,7
01/03/2024,f3.mean.cool,0
02/03/2024,f3.mean.cool,0
03/03/2025,f3.mean.cool,0
04/03/2025,f3.mean.cool,0
05/03/2025,f3.mean.cool,0
06/03/2025,f3.mean.cool,0
07/03/2025,f3.mean.cool,0
08/03/2025,f3.mean.cool,0
09/03/2025,f3.mean.cool,0
10/03/2025,f3.mean.cool,0
11/03/2025,f3.mean.cool,0
12/03/2025,f3.mean.cool,0
13/03/2025,f3.mean.cool,0
14/03/2025,f3.mean.cool,0
15/03/2025,f3.mean.cool,0
16/03/2025,f3.mean.cool,0
17/03/2025,f3.mean.cool,0
18/03/2025,f3.mean.cool,0
19/03/2025,f3.mean.cool,0
20/03/2025,f3.mean.cool,0
21/03/2025,f3.mean.cool,0
22/03/2025,f3.mean.cool,0
24/03/2025,f3.mean.cool,0
25/03/2025,f3.mean.cool,0
26/03/2025,f3.mean.cool,0
27/03/2025,f3.mean.cool,0
28/03/2025,f3.mean.cool,0
29/03/2025,f3.mean.cool,0
30/03/2025,f3.mean.cool,0
31/03/2025,f3.mean.cool,0
01/04/2025,f3.mean.cool,0
02/04/2025,f3.mean.cool,0
03/04/2025,f3.mean.cool,0
04/04/2025,f3.mean.cool,0
05/04/2025,f3.mean.cool,0
06/04/2025,f3.mean.cool,0
07/04/2025,f3.mean.cool,0
08/04/2025,f3.mean.cool,0
09/04/2025,f3.mean.cool,0
11/04/2025,f3.mean.cool,0
12/04/2025,f3.mean.cool,0
13/04/2025,f3.mean.cool,0
14/04/2025,f3.mean.cool,0
15/04/2025,f3.mean.cool,0
16/04/2025,f3.mean.cool,0
17/04/2025,f3.mean.cool,0
18/04/2025,f3.mean.cool,0
19/04/2025,f3.mean.cool,0
20/04/2025,f3.mean.cool,0
21/04/2025,f3.mean.cool,0
22/04/2025,f3.mean.cool,0
23/04/2025,f3.mean.cool,0
24/04/2025,f3.mean.cool,0
25/04/2025,f3.mean.cool,0
26/04/2025,f3.mean.cool,0
27/04/2025,f3.mean.cool,0
28/04/2025,f3.mean.cool,0
29/04/2025,f3.mean.cool,0
30/04/2025,f3.mean.cool,0
01/05/2025,f3.mean.cool,0
02/05/2025,f3.mean.cool,0
03/05/2025,f3.mean.cool,0
04/05/2025,f3.mean.cool,0
05/05/2025,f3.mean.cool,0
06/05/2025,f3.mean.cool,0
07/05/2025,f3.mean.cool,0
08/05/2025,f3.mean.cool,0
10/05/2025,f3.mean.cool,0
11/05/2025,f3.mean.cool,4
12/05/2025,f3.mean.cool,5
13/05/2025,f3.mean.cool,9
14/05/2025,f3.mean.cool,9
15/05/2025,f3.mean.cool,9
16/05/2025,f3.mean.cool,9
17/05/2025,f3.mean.cool,9
18/05/2025,f3.mean.cool,10
19/05/2025,f3.mean.cool,10
20/05/2025,f3.mean.cool,10
22/05/2025,f3.mean.cool,7
23/05/2025,f3.mean.cool,11
24/05/2025,f3.mean.cool,8
25/05/2025,f3.mean.cool,8
26/05/2025,f3.mean.cool,8
01/03/2024,f3.mean.hot,0
02/03/2024,f3.mean.hot,0
03/03/2025,f3.mean.hot,0
04/03/2025,f3.mean.hot,0
05/03/2025,f3.mean.hot,0
06/03/2025,f3.mean.hot,0
07/03/2025,f3.mean.hot,0
08/03/2025,f3.mean.hot,0
09/03/2025,f3.mean.hot,0
10/03/2025,f3.mean.hot,0
11/03/2025,f3.mean.hot,0
12/03/2025,f3.mean.hot,0
13/03/2025,f3.mean.hot,0
14/03/2025,f3.mean.hot,0
15/03/2025,f3.mean.hot,0
16/03/2025,f3.mean.hot,0
17/03/2025,f3.mean.hot,0
18/03/2025,f3.mean.hot,0
19/03/2025,f3.mean.hot,0
20/03/2025,f3.mean.hot,0
21/03/2025,f3.mean.hot,0
22/03/2025,f3.mean.hot,0
23/03/2025,f3.mean.hot,0
24/03/2025,f3.mean.hot,0
25/03/2025,f3.mean.hot,0
26/03/2025,f3.mean.hot,0
27/03/2025,f3.mean.hot,0
28/03/2025,f3.mean.hot,0
29/03/2025,f3.mean.hot,0
30/03/2025,f3.mean.hot,0
31/03/2025,f3.mean.hot,0
01/04/2025,f3.mean.hot,0
02/04/2025,f3.mean.hot,0
03/04/2025,f3.mean.hot,3
04/04/2025,f3.mean.hot,4
05/04/2025,f3.mean.hot,4
06/04/2025,f3.mean.hot,4
07/04/2025,f3.mean.hot,4
08/04/2025,f3.mean.hot,4
09/04/2025,f3.mean.hot,4
11/04/2025,f3.mean.hot,9
12/04/2025,f3.mean.hot,7
13/04/2025,f3.mean.hot,7
14/04/2025,f3.mean.hot,9
15/04/2025,f3.mean.hot,9
16/04/2025,f3.mean.hot,9
17/04/2025,f3.mean.hot,10
18/04/2025,f3.mean.hot,7
19/04/2025,f3.mean.hot,7
20/04/2025,f3.mean.hot,6
21/04/2025,f3.mean.hot,11
22/04/2025,f3.mean.hot,11
23/04/2025,f3.mean.hot,10
24/04/2025,f3.mean.hot,10
25/04/2025,f3.mean.hot,10
26/04/2025,f3.mean.hot,7
01/03/2024,f3.mean.mean,0
02/03/2024,f3.mean.mean,0
03/03/2025,f3.mean.mean,0
04/03/2025,f3.mean.mean,0
05/03/2025,f3.mean.mean,0
06/03/2025,f3.mean.mean,0
07/03/2025,f3.mean.mean,0
08/03/2025,f3.mean.mean,0
09/03/2025,f3.mean.mean,0
10/03/2025,f3.mean.mean,0
11/03/2025,f3.mean.mean,0
12/03/2025,f3.mean.mean,0
13/03/2025,f3.mean.mean,0
14/03/2025,f3.mean.mean,0
15/03/2025,f3.mean.mean,0
16/03/2025,f3.mean.mean,0
17/03/2025,f3.mean.mean,0
18/03/2025,f3.mean.mean,0
19/03/2025,f3.mean.mean,0
20/03/2025,f3.mean.mean,0
21/03/2025,f3.mean.mean,0
22/03/2025,f3.mean.mean,0
23/03/2025,f3.mean.mean,0
24/03/2025,f3.mean.mean,0
25/03/2025,f3.mean.mean,0
26/03/2025,f3.mean.mean,0
27/03/2025,f3.mean.mean,0
28/03/2025,f3.mean.mean,0
29/03/2025,f3.mean.mean,0
30/03/2025,f3.mean.mean,0
31/03/2025,f3.mean.mean,0
01/04/2025,f3.mean.mean,0
02/04/2025,f3.mean.mean,0
03/04/2025,f3.mean.mean,0
04/04/2025,f3.mean.mean,0
05/04/2025,f3.mean.mean,0
06/04/2025,f3.mean.mean,0
07/04/2025,f3.mean.mean,0
08/04/2025,f3.mean.mean,0
10/04/2025,f3.mean.mean,0
11/04/2025,f3.mean.mean,0
12/04/2025,f3.mean.mean,0
13/04/2025,f3.mean.mean,0
14/04/2025,f3.mean.mean,0
15/04/2025,f3.mean.mean,0
16/04/2025,f3.mean.mean,0
17/04/2025,f3.mean.mean,0
18/04/2025,f3.mean.mean,0
19/04/2025,f3.mean.mean,0
20/04/2025,f3.mean.mean,0
21/04/2025,f3.mean.mean,0
22/04/2025,f3.mean.mean,0
23/04/2025,f3.mean.mean,0
24/04/2025,f3.mean.mean,0
25/04/2025,f3.mean.mean,0
26/04/2025,f3.mean.mean,0
27/04/2025,f3.mean.mean,0
28/04/2025,f3.mean.mean,1
29/04/2025,f3.mean.mean,3
30/04/2025,f3.mean.mean,6
01/05/2025,f3.mean.mean,6
02/05/2025,f3.mean.mean,6
03/05/2025,f3.mean.mean,6
04/05/2025,f3.mean.mean,6
05/05/2025,f3.mean.mean,7
06/05/2025,f3.mean.mean,7
07/05/2025,f3.mean.mean,13
08/05/2025,f3.mean.mean,13
09/05/2025,f3.mean.mean,13
10/05/2025,f3.mean.mean,14
11/05/2025,f3.mean.mean,14
12/05/2025,f3.mean.mean,11
13/05/2025,f3.mean.mean,12
14/05/2025,f3.mean.mean,12
15/05/2025,f3.mean.mean,14
16/05/2025,f3.mean.mean,14
17/05/2025,f3.mean.mean,14
18/05/2025,f3.mean.mean,14
01/03/2024,f3.mean.warm,0
02/03/2024,f3.mean.warm,0
03/03/2025,f3.mean.warm,0
04/03/2025,f3.mean.warm,0
05/03/2025,f3.mean.warm,0
06/03/2025,f3.mean.warm,0
07/03/2025,f3.mean.warm,0
08/03/2025,f3.mean.warm,0
09/03/2025,f3.mean.warm,0
10/03/2025,f3.mean.warm,0
11/03/2025,f3.mean.warm,0
12/03/2025,f3.mean.warm,0
13/03/2025,f3.mean.warm,0
14/03/2025,f3.mean.warm,0
15/03/2025,f3.mean.warm,0
16/03/2025,f3.mean.warm,0
17/03/2025,f3.mean.warm,0
18/03/2025,f3.mean.warm,0
19/03/2025,f3.mean.warm,0
20/03/2025,f3.mean.warm,0
21/03/2025,f3.mean.warm,0
22/03/2025,f3.mean.warm,0
23/03/2025,f3.mean.warm,0
24/03/2025,f3.mean.warm,0
25/03/2025,f3.mean.warm,0
26/03/2025,f3.mean.warm,0
27/03/2025,f3.mean.warm,0
28/03/2025,f3.mean.warm,0
29/03/2025,f3.mean.warm,0
30/03/2025,f3.mean.warm,0
01/04/2025,f3.mean.warm,0
02/04/2025,f3.mean.warm,0
03/04/2025,f3.mean.warm,0
04/04/2025,f3.mean.warm,0
05/04/2025,f3.mean.warm,0
06/04/2025,f3.mean.warm,0
07/04/2025,f3.mean.warm,0
08/04/2025,f3.mean.warm,0
09/04/2025,f3.mean.warm,0
10/04/2025,f3.mean.warm,0
11/04/2025,f3.mean.warm,0
12/04/2025,f3.mean.warm,1
13/04/2025,f3.mean.warm,1
14/04/2025,f3.mean.warm,1
15/04/2025,f3.mean.warm,1
16/04/2025,f3.mean.warm,1
17/04/2025,f3.mean.warm,3
18/04/2025,f3.mean.warm,3
19/04/2025,f3.mean.warm,3
20/04/2025,f3.mean.warm,8
21/04/2025,f3.mean.warm,1
22/04/2025,f3.mean.warm,8
23/04/2025,f3.mean.warm,9
24/04/2025,f3.mean.warm,7
25/04/2025,f3.mean.warm,7
26/04/2025,f3.mean.warm,7
01/03/2024,f3.warm.cold,0
02/03/2024,f3.warm.cold,0
03/03/2025,f3.warm.cold,0
04/03/2025,f3.warm.cold,0
05/03/2025,f3.warm.cold,0
06/03/2025,f3.warm.cold,0
07/03/2025,f3.warm.cold,0
08/03/2025,f3.warm.cold,0
09/03/2025,f3.warm.cold,0
10/03/2025,f3.warm.cold,0
11/03/2025,f3.warm.cold,0
12/03/2025,f3.warm.cold,0
13/03/2025,f3.warm.cold,0
14/03/2025,f3.warm.cold,0
15/03/2025,f3.warm.cold,0
16/03/2025,f3.warm.cold,0
17/03/2025,f3.warm.cold,0
18/03/2025,f3.warm.cold,0
19/03/2025,f3.warm.cold,0
20/03/2025,f3.warm.cold,0
21/03/2025,f3.warm.cold,0
22/03/2025,f3.warm.cold,0
23/03/2025,f3.warm.cold,0
24/03/2025,f3.warm.cold,0
25/03/2025,f3.warm.cold,0
26/03/2025,f3.warm.cold,0
27/03/2025,f3.warm.cold,0
28/03/2025,f3.warm.cold,0
29/03/2025,f3.warm.cold,0
30/03/2025,f3.warm.cold,0
31/03/2025,f3.warm.cold,0
01/04/2025,f3.warm.cold,0
02/04/2025,f3.warm.cold,0
03/04/2025,f3.warm.cold,0
04/04/2025,f3.warm.cold,0
05/04/2025,f3.warm.cold,0
06/04/2025,f3.warm.cold,0
07/04/2025,f3.warm.cold,0
08/04/2025,f3.warm.cold,0
10/04/2025,f3.warm.cold,0
11/04/2025,f3.warm.cold,0
12/04/2025,f3.warm.cold,0
13/04/2025,f3.warm.cold,0
14/04/2025,f3.warm.cold,0
15/04/2025,f3.warm.cold,0
16/04/2025,f3.warm.cold,0
17/04/2025,f3.warm.cold,0
18/04/2025,f3.warm.cold,0
19/04/2025,f3.warm.cold,0
20/04/2025,f3.warm.cold,0
21/04/2025,f3.warm.cold,0
22/04/2025,f3.warm.cold,0
23/04/2025,f3.warm.cold,0
24/04/2025,f3.warm.cold,0
25/04/2025,f3.warm.cold,0
26/04/2025,f3.warm.cold,0
28/04/2025,f3.warm.cold,0
29/04/2025,f3.warm.cold,0
01/05/2025,f3.warm.cold,0
02/05/2025,f3.warm.cold,0
04/05/2025,f3.warm.cold,0
05/05/2025,f3.warm.cold,0
06/05/2025,f3.warm.cold,0
07/05/2025,f3.warm.cold,0
08/05/2025,f3.warm.cold,0
10/05/2025,f3.warm.cold,0
11/05/2025,f3.warm.cold,0
12/05/2025,f3.warm.cold,0
13/05/2025,f3.warm.cold,0
14/05/2025,f3.warm.cold,0
15/05/2025,f3.warm.cold,0
16/05/2025,f3.warm.cold,0
17/05/2025,f3.warm.cold,0
18/05/2025,f3.warm.cold,0
19/05/2025,f3.warm.cold,0
20/05/2025,f3.warm.cold,0
21/05/2025,f3.warm.cold,0
22/05/2025,f3.warm.cold,0
23/05/2025,f3.warm.cold,0
24/05/2025,f3.warm.cold,0
25/05/2025,f3.warm.cold,0
26/05/2025,f3.warm.cold,0
27/05/2025,f3.warm.cold,0
28/05/2025,f3.warm.cold,0
29/05/2025,f3.warm.cold,0
30/05/2025,f3.warm.cold,0
31/05/2025,f3.warm.cold,0
01/06/2025,f3.warm.cold,0
01/03/2024,f3.warm.control,0
02/03/2024,f3.warm.control,0
03/03/2025,f3.warm.control,0
04/03/2025,f3.warm.control,0
05/03/2025,f3.warm.control,0
06/03/2025,f3.warm.control,0
07/03/2025,f3.warm.control,0
08/03/2025,f3.warm.control,0
09/03/2025,f3.warm.control,0
10/03/2025,f3.warm.control,0
11/03/2025,f3.warm.control,0
12/03/2025,f3.warm.control,0
13/03/2025,f3.warm.control,0
14/03/2025,f3.warm.control,0
15/03/2025,f3.warm.control,0
16/03/2025,f3.warm.control,0
17/03/2025,f3.warm.control,0
18/03/2025,f3.warm.control,0
19/03/2025,f3.warm.control,0
20/03/2025,f3.warm.control,0
21/03/2025,f3.warm.control,0
22/03/2025,f3.warm.control,0
23/03/2025,f3.warm.control,0
24/03/2025,f3.warm.control,0
26/03/2025,f3.warm.control,0
27/03/2025,f3.warm.control,0
28/03/2025,f3.warm.control,0
29/03/2025,f3.warm.control,0
30/03/2025,f3.warm.control,0
31/03/2025,f3.warm.control,0
01/04/2025,f3.warm.control,0
02/04/2025,f3.warm.control,0
03/04/2025,f3.warm.control,0
04/04/2025,f3.warm.control,0
05/04/2025,f3.warm.control,0
06/04/2025,f3.warm.control,0
07/04/2025,f3.warm.control,0
08/04/2025,f3.warm.control,0
09/04/2025,f3.warm.control,0
11/04/2025,f3.warm.control,0
12/04/2025,f3.warm.control,0
13/04/2025,f3.warm.control,0
14/04/2025,f3.warm.control,0
15/04/2025,f3.warm.control,0
16/04/2025,f3.warm.control,0
17/04/2025,f3.warm.control,0
18/04/2025,f3.warm.control,0
19/04/2025,f3.warm.control,0
20/04/2025,f3.warm.control,0
21/04/2025,f3.warm.control,0
22/04/2025,f3.warm.control,0
23/04/2025,f3.warm.control,0
24/04/2025,f3.warm.control,0
25/04/2025,f3.warm.control,0
26/04/2025,f3.warm.control,0
27/04/2025,f3.warm.control,0
28/04/2025,f3.warm.control,0
29/04/2025,f3.warm.control,0
30/04/2025,f3.warm.control,0
01/05/2025,f3.warm.control,0
02/05/2025,f3.warm.control,0
03/05/2025,f3.warm.control,0
04/05/2025,f3.warm.control,0
05/05/2025,f3.warm.control,0
06/05/2025,f3.warm.control,0
07/05/2025,f3.warm.control,0
10/05/2025,f3.warm.control,0
11/05/2025,f3.warm.control,0
12/05/2025,f3.warm.control,0
13/05/2025,f3.warm.control,0
15/05/2025,f3.warm.control,0
01/03/2024,f3.warm.cool,0
02/03/2024,f3.warm.cool,0
03/03/2025,f3.warm.cool,0
04/03/2025,f3.warm.cool,0
05/03/2025,f3.warm.cool,0
06/03/2025,f3.warm.cool,0
07/03/2025,f3.warm.cool,0
08/03/2025,f3.warm.cool,0
09/03/2025,f3.warm.cool,0
10/03/2025,f3.warm.cool,0
11/03/2025,f3.warm.cool,0
12/03/2025,f3.warm.cool,0
13/03/2025,f3.warm.cool,0
14/03/2025,f3.warm.cool,0
15/03/2025,f3.warm.cool,0
16/03/2025,f3.warm.cool,0
17/03/2025,f3.warm.cool,0
18/03/2025,f3.warm.cool,0
19/03/2025,f3.warm.cool,0
20/03/2025,f3.warm.cool,0
21/03/2025,f3.warm.cool,0
22/03/2025,f3.warm.cool,0
23/03/2025,f3.warm.cool,0
24/03/2025,f3.warm.cool,0
25/03/2025,f3.warm.cool,0
26/03/2025,f3.warm.cool,0
27/03/2025,f3.warm.cool,0
28/03/2025,f3.warm.cool,0
29/03/2025,f3.warm.cool,0
30/03/2025,f3.warm.cool,0
31/03/2025,f3.warm.cool,0
01/04/2025,f3.warm.cool,0
02/04/2025,f3.warm.cool,0
03/04/2025,f3.warm.cool,0
04/04/2025,f3.warm.cool,0
05/04/2025,f3.warm.cool,0
06/04/2025,f3.warm.cool,0
07/04/2025,f3.warm.cool,0
08/04/2025,f3.warm.cool,0
09/04/2025,f3.warm.cool,0
11/04/2025,f3.warm.cool,0
12/04/2025,f3.warm.cool,0
13/04/2025,f3.warm.cool,0
14/04/2025,f3.warm.cool,0
15/04/2025,f3.warm.cool,0
16/04/2025,f3.warm.cool,0
17/04/2025,f3.warm.cool,0
18/04/2025,f3.warm.cool,0
19/04/2025,f3.warm.cool,0
20/04/2025,f3.warm.cool,0
21/04/2025,f3.warm.cool,0
22/04/2025,f3.warm.cool,0
23/04/2025,f3.warm.cool,0
24/04/2025,f3.warm.cool,0
25/04/2025,f3.warm.cool,0
26/04/2025,f3.warm.cool,0
27/04/2025,f3.warm.cool,0
28/04/2025,f3.warm.cool,0
29/04/2025,f3.warm.cool,0
30/04/2025,f3.warm.cool,0
01/05/2025,f3.warm.cool,0
02/05/2025,f3.warm.cool,0
03/05/2025,f3.warm.cool,0
04/05/2025,f3.warm.cool,0
05/05/2025,f3.warm.cool,0
06/05/2025,f3.warm.cool,0
07/05/2025,f3.warm.cool,0
08/05/2025,f3.warm.cool,0
09/05/2025,f3.warm.cool,0
10/05/2025,f3.warm.cool,0
11/05/2025,f3.warm.cool,0
12/05/2025,f3.warm.cool,0
13/05/2025,f3.warm.cool,0
14/05/2025,f3.warm.cool,0
15/05/2025,f3.warm.cool,0
16/05/2025,f3.warm.cool,0
17/05/2025,f3.warm.cool,0
18/05/2025,f3.warm.cool,0
19/05/2025,f3.warm.cool,0
20/05/2025,f3.warm.cool,0
21/05/2025,f3.warm.cool,0
22/05/2025,f3.warm.cool,0
23/05/2025,f3.warm.cool,0
24/05/2025,f3.warm.cool,0
25/05/2025,f3.warm.cool,0
26/05/2025,f3.warm.cool,0
27/05/2025,f3.warm.cool,0
28/05/2025,f3.warm.cool,0
29/05/2025,f3.warm.cool,0
01/03/2024,f3.warm.hot,0
02/03/2024,f3.warm.hot,0
03/03/2025,f3.warm.hot,0
04/03/2025,f3.warm.hot,0
05/03/2025,f3.warm.hot,0
06/03/2025,f3.warm.hot,0
07/03/2025,f3.warm.hot,0
08/03/2025,f3.warm.hot,0
09/03/2025,f3.warm.hot,0
10/03/2025,f3.warm.hot,0
11/03/2025,f3.warm.hot,0
12/03/2025,f3.warm.hot,0
13/03/2025,f3.warm.hot,0
14/03/2025,f3.warm.hot,0
15/03/2025,f3.warm.hot,0
16/03/2025,f3.warm.hot,0
17/03/2025,f3.warm.hot,0
18/03/2025,f3.warm.hot,0
19/03/2025,f3.warm.hot,0
20/03/2025,f3.warm.hot,0
21/03/2025,f3.warm.hot,0
22/03/2025,f3.warm.hot,0
23/03/2025,f3.warm.hot,0
24/03/2025,f3.warm.hot,0
25/03/2025,f3.warm.hot,0
26/03/2025,f3.warm.hot,0
27/03/2025,f3.warm.hot,0
28/03/2025,f3.warm.hot,0
29/03/2025,f3.warm.hot,0
30/03/2025,f3.warm.hot,0
31/03/2025,f3.warm.hot,0
01/04/2025,f3.warm.hot,0
02/04/2025,f3.warm.hot,0
03/04/2025,f3.warm.hot,0
04/04/2025,f3.warm.hot,0
05/04/2025,f3.warm.hot,0
06/04/2025,f3.warm.hot,0
07/04/2025,f3.warm.hot,0
08/04/2025,f3.warm.hot,0
09/04/2025,f3.warm.hot,0
11/04/2025,f3.warm.hot,0
12/04/2025,f3.warm.hot,0
13/04/2025,f3.warm.hot,0
14/04/2025,f3.warm.hot,0
15/04/2025,f3.warm.hot,0
16/04/2025,f3.warm.hot,0
17/04/2025,f3.warm.hot,0
18/04/2025,f3.warm.hot,0
19/04/2025,f3.warm.hot,0
20/04/2025,f3.warm.hot,0
21/04/2025,f3.warm.hot,0
22/04/2025,f3.warm.hot,0
23/04/2025,f3.warm.hot,0
24/04/2025,f3.warm.hot,0
25/04/2025,f3.warm.hot,0
26/04/2025,f3.warm.hot,0
27/04/2025,f3.warm.hot,0
28/04/2025,f3.warm.hot,0
29/04/2025,f3.warm.hot,0
30/04/2025,f3.warm.hot,0
01/05/2025,f3.warm.hot,0
02/05/2025,f3.warm.hot,0
03/05/2025,f3.warm.hot,0
04/05/2025,f3.warm.hot,0
05/05/2025,f3.warm.hot,0
06/05/2025,f3.warm.hot,0
01/03/2024,f3.warm.mean,0
02/03/2024,f3.warm.mean,0
03/03/2025,f3.warm.mean,0
04/03/2025,f3.warm.mean,0
05/03/2025,f3.warm.mean,0
06/03/2025,f3.warm.mean,0
07/03/2025,f3.warm.mean,0
08/03/2025,f3.warm.mean,0
09/03/2025,f3.warm.mean,0
10/03/2025,f3.warm.mean,0
11/03/2025,f3.warm.mean,0
12/03/2025,f3.warm.mean,0
13/03/2025,f3.warm.mean,0
14/03/2025,f3.warm.mean,0
15/03/2025,f3.warm.mean,0
16/03/2025,f3.warm.mean,0
17/03/2025,f3.warm.mean,0
18/03/2025,f3.warm.mean,0
19/03/2025,f3.warm.mean,0
20/03/2025,f3.warm.mean,0
21/03/2025,f3.warm.mean,0
22/03/2025,f3.warm.mean,0
23/03/2025,f3.warm.mean,0
24/03/2025,f3.warm.mean,0
25/03/2025,f3.warm.mean,0
26/03/2025,f3.warm.mean,0
27/03/2025,f3.warm.mean,0
28/03/2025,f3.warm.mean,0
29/03/2025,f3.warm.mean,0
30/03/2025,f3.warm.mean,0
31/03/2025,f3.warm.mean,0
01/04/2025,f3.warm.mean,0
02/04/2025,f3.warm.mean,0
03/04/2025,f3.warm.mean,0
04/04/2025,f3.warm.mean,0
05/04/2025,f3.warm.mean,0
06/04/2025,f3.warm.mean,0
07/04/2025,f3.warm.mean,0
08/04/2025,f3.warm.mean,0
10/04/2025,f3.warm.mean,0
11/04/2025,f3.warm.mean,0
12/04/2025,f3.warm.mean,0
13/04/2025,f3.warm.mean,0
14/04/2025,f3.warm.mean,0
15/04/2025,f3.warm.mean,0
16/04/2025,f3.warm.mean,0
17/04/2025,f3.warm.mean,0
18/04/2025,f3.warm.mean,0
19/04/2025,f3.warm.mean,0
20/04/2025,f3.warm.mean,0
21/04/2025,f3.warm.mean,0
22/04/2025,f3.warm.mean,0
23/04/2025,f3.warm.mean,0
24/04/2025,f3.warm.mean,0
25/04/2025,f3.warm.mean,0
26/04/2025,f3.warm.mean,0
27/04/2025,f3.warm.mean,0
28/04/2025,f3.warm.mean,0
29/04/2025,f3.warm.mean,0
30/04/2025,f3.warm.mean,0
01/05/2025,f3.warm.mean,0
02/05/2025,f3.warm.mean,0
03/05/2025,f3.warm.mean,0
04/05/2025,f3.warm.mean,0
05/05/2025,f3.warm.mean,0
06/05/2025,f3.warm.mean,0
07/05/2025,f3.warm.mean,0
08/05/2025,f3.warm.mean,0
09/05/2025,f3.warm.mean,0
10/05/2025,f3.warm.mean,0
11/05/2025,f3.warm.mean,0
12/05/2025,f3.warm.mean,0
13/05/2025,f3.warm.mean,0
14/05/2025,f3.warm.mean,0
15/05/2025,f3.warm.mean,0
16/05/2025,f3.warm.mean,0
17/05/2025,f3.warm.mean,0
18/05/2025,f3.warm.mean,0
19/05/2025,f3.warm.mean,0
20/05/2025,f3.warm.mean,0
21/05/2025,f3.warm.mean,0
22/05/2025,f3.warm.mean,0
23/05/2025,f3.warm.mean,0
24/05/2025,f3.warm.mean,0
30/05/2025,f3.warm.mean,0
01/03/2024,f3.warm.warm,0
02/03/2024,f3.warm.warm,0
03/03/2025,f3.warm.warm,0
04/03/2025,f3.warm.warm,0
05/03/2025,f3.warm.warm,0
06/03/2025,f3.warm.warm,0
07/03/2025,f3.warm.warm,0
08/03/2025,f3.warm.warm,0
09/03/2025,f3.warm.warm,0
10/03/2025,f3.warm.warm,0
11/03/2025,f3.warm.warm,0
12/03/2025,f3.warm.warm,0
13/03/2025,f3.warm.warm,0
14/03/2025,f3.warm.warm,0
15/03/2025,f3.warm.warm,0
16/03/2025,f3.warm.warm,0
17/03/2025,f3.warm.warm,0
18/03/2025,f3.warm.warm,0
19/03/2025,f3.warm.warm,0
20/03/2025,f3.warm.warm,0
21/03/2025,f3.warm.warm,0
22/03/2025,f3.warm.warm,0
23/03/2025,f3.warm.warm,0
24/03/2025,f3.warm.warm,0
25/03/2025,f3.warm.warm,0
26/03/2025,f3.warm.warm,0
27/03/2025,f3.warm.warm,0
28/03/2025,f3.warm.warm,0
29/03/2025,f3.warm.warm,0
30/03/2025,f3.warm.warm,0
01/04/2025,f3.warm.warm,0
02/04/2025,f3.warm.warm,0
03/04/2025,f3.warm.warm,0
04/04/2025,f3.warm.warm,0
05/04/2025,f3.warm.warm,0
06/04/2025,f3.warm.warm,0
07/04/2025,f3.warm.warm,0
08/04/2025,f3.warm.warm,0
09/04/2025,f3.warm.warm,0
10/04/2025,f3.warm.warm,0
11/04/2025,f3.warm.warm,0
12/04/2025,f3.warm.warm,0
13/04/2025,f3.warm.warm,0
14/04/2025,f3.warm.warm,0
15/04/2025,f3.warm.warm,0
16/04/2025,f3.warm.warm,0
17/04/2025,f3.warm.warm,0
18/04/2025,f3.warm.warm,0
19/04/2025,f3.warm.warm,0
20/04/2025,f3.warm.warm,0
21/04/2025,f3.warm.warm,0
22/04/2025,f3.warm.warm,0
23/04/2025,f3.warm.warm,0
24/04/2025,f3.warm.warm,0
25/04/2025,f3.warm.warm,0
26/04/2025,f3.warm.warm,0
27/04/2025,f3.warm.warm,0
28/04/2025,f3.warm.warm,0
30/04/2025,f3.warm.warm,0
01/05/2025,f3.warm.warm,0
02/05/2025,f3.warm.warm,0
03/05/2025,f3.warm.warm,0
04/05/2025,f3.warm.warm,0
05/05/2025,f3.warm.warm,0
06/05/2025,f3.warm.warm,0
07/05/2025,f3.warm.warm,0
01/03/2024,f4.cold.cold,0
02/03/2024,f4.cold.cold,0
03/03/2025,f4.cold.cold,0
04/03/2025,f4.cold.cold,0
05/03/2025,f4.cold.cold,0
06/03/2025,f4.cold.cold,0
07/03/2025,f4.cold.cold,0
08/03/2025,f4.cold.cold,0
09/03/2025,f4.cold.cold,0
10/03/2025,f4.cold.cold,0
11/03/2025,f4.cold.cold,0
12/03/2025,f4.cold.cold,0
13/03/2025,f4.cold.cold,0
14/03/2025,f4.cold.cold,0
15/03/2025,f4.cold.cold,0
16/03/2025,f4.cold.cold,0
17/03/2025,f4.cold.cold,0
18/03/2025,f4.cold.cold,0
19/03/2025,f4.cold.cold,0
20/03/2025,f4.cold.cold,0
21/03/2025,f4.cold.cold,0
22/03/2025,f4.cold.cold,0
23/03/2025,f4.cold.cold,0
24/03/2025,f4.cold.cold,0
25/03/2025,f4.cold.cold,0
26/03/2025,f4.cold.cold,0
27/03/2025,f4.cold.cold,0
28/03/2025,f4.cold.cold,0
29/03/2025,f4.cold.cold,0
30/03/2025,f4.cold.cold,0
31/03/2025,f4.cold.cold,0
01/04/2025,f4.cold.cold,0
02/04/2025,f4.cold.cold,0
03/04/2025,f4.cold.cold,0
04/04/2025,f4.cold.cold,0
05/04/2025,f4.cold.cold,0
06/04/2025,f4.cold.cold,0
07/04/2025,f4.cold.cold,0
08/04/2025,f4.cold.cold,0
10/04/2025,f4.cold.cold,0
11/04/2025,f4.cold.cold,0
12/04/2025,f4.cold.cold,0
13/04/2025,f4.cold.cold,0
14/04/2025,f4.cold.cold,0
15/04/2025,f4.cold.cold,0
16/04/2025,f4.cold.cold,0
17/04/2025,f4.cold.cold,0
18/04/2025,f4.cold.cold,0
19/04/2025,f4.cold.cold,0
20/04/2025,f4.cold.cold,0
21/04/2025,f4.cold.cold,0
22/04/2025,f4.cold.cold,0
23/04/2025,f4.cold.cold,0
24/04/2025,f4.cold.cold,0
25/04/2025,f4.cold.cold,0
26/04/2025,f4.cold.cold,0
28/04/2025,f4.cold.cold,0
29/04/2025,f4.cold.cold,0
01/05/2025,f4.cold.cold,0
02/05/2025,f4.cold.cold,0
04/05/2025,f4.cold.cold,0
05/05/2025,f4.cold.cold,0
06/05/2025,f4.cold.cold,0
07/05/2025,f4.cold.cold,0
08/05/2025,f4.cold.cold,0
10/05/2025,f4.cold.cold,0
11/05/2025,f4.cold.cold,0
12/05/2025,f4.cold.cold,0
13/05/2025,f4.cold.cold,0
14/05/2025,f4.cold.cold,0
15/05/2025,f4.cold.cold,0
16/05/2025,f4.cold.cold,0
17/05/2025,f4.cold.cold,0
18/05/2025,f4.cold.cold,0
19/05/2025,f4.cold.cold,0
20/05/2025,f4.cold.cold,0
21/05/2025,f4.cold.cold,0
22/05/2025,f4.cold.cold,0
23/05/2025,f4.cold.cold,0
24/05/2025,f4.cold.cold,0
25/05/2025,f4.cold.cold,0
26/05/2025,f4.cold.cold,0
27/05/2025,f4.cold.cold,0
28/05/2025,f4.cold.cold,0
29/05/2025,f4.cold.cold,0
30/05/2025,f4.cold.cold,0
31/05/2025,f4.cold.cold,0
01/06/2025,f4.cold.cold,0
01/03/2024,f4.cold.control,0
02/03/2024,f4.cold.control,0
03/03/2025,f4.cold.control,0
04/03/2025,f4.cold.control,0
05/03/2025,f4.cold.control,0
06/03/2025,f4.cold.control,0
07/03/2025,f4.cold.control,0
08/03/2025,f4.cold.control,0
09/03/2025,f4.cold.control,0
10/03/2025,f4.cold.control,0
11/03/2025,f4.cold.control,0
12/03/2025,f4.cold.control,0
13/03/2025,f4.cold.control,0
14/03/2025,f4.cold.control,0
15/03/2025,f4.cold.control,0
16/03/2025,f4.cold.control,0
17/03/2025,f4.cold.control,0
18/03/2025,f4.cold.control,0
19/03/2025,f4.cold.control,0
20/03/2025,f4.cold.control,0
21/03/2025,f4.cold.control,0
22/03/2025,f4.cold.control,0
23/03/2025,f4.cold.control,0
24/03/2025,f4.cold.control,0
26/03/2025,f4.cold.control,0
27/03/2025,f4.cold.control,0
28/03/2025,f4.cold.control,0
29/03/2025,f4.cold.control,0
30/03/2025,f4.cold.control,0
31/03/2025,f4.cold.control,0
01/04/2025,f4.cold.control,0
02/04/2025,f4.cold.control,0
03/04/2025,f4.cold.control,0
04/04/2025,f4.cold.control,0
05/04/2025,f4.cold.control,0
06/04/2025,f4.cold.control,0
07/04/2025,f4.cold.control,0
08/04/2025,f4.cold.control,0
09/04/2025,f4.cold.control,0
11/04/2025,f4.cold.control,0
12/04/2025,f4.cold.control,0
13/04/2025,f4.cold.control,0
14/04/2025,f4.cold.control,0
15/04/2025,f4.cold.control,0
16/04/2025,f4.cold.control,0
17/04/2025,f4.cold.control,0
18/04/2025,f4.cold.control,0
19/04/2025,f4.cold.control,0
20/04/2025,f4.cold.control,0
21/04/2025,f4.cold.control,0
22/04/2025,f4.cold.control,0
23/04/2025,f4.cold.control,0
24/04/2025,f4.cold.control,0
25/04/2025,f4.cold.control,0
26/04/2025,f4.cold.control,0
27/04/2025,f4.cold.control,0
28/04/2025,f4.cold.control,0
29/04/2025,f4.cold.control,0
30/04/2025,f4.cold.control,0
01/05/2025,f4.cold.control,0
02/05/2025,f4.cold.control,0
03/05/2025,f4.cold.control,0
04/05/2025,f4.cold.control,0
05/05/2025,f4.cold.control,0
06/05/2025,f4.cold.control,0
07/05/2025,f4.cold.control,0
10/05/2025,f4.cold.control,0
11/05/2025,f4.cold.control,0
12/05/2025,f4.cold.control,0
13/05/2025,f4.cold.control,0
15/05/2025,f4.cold.control,0
01/03/2024,f4.cold.cool,0
02/03/2024,f4.cold.cool,0
03/03/2025,f4.cold.cool,0
04/03/2025,f4.cold.cool,0
05/03/2025,f4.cold.cool,0
06/03/2025,f4.cold.cool,0
07/03/2025,f4.cold.cool,0
08/03/2025,f4.cold.cool,0
09/03/2025,f4.cold.cool,0
10/03/2025,f4.cold.cool,0
11/03/2025,f4.cold.cool,0
12/03/2025,f4.cold.cool,0
13/03/2025,f4.cold.cool,0
14/03/2025,f4.cold.cool,0
15/03/2025,f4.cold.cool,0
16/03/2025,f4.cold.cool,0
17/03/2025,f4.cold.cool,0
18/03/2025,f4.cold.cool,0
19/03/2025,f4.cold.cool,0
20/03/2025,f4.cold.cool,0
21/03/2025,f4.cold.cool,0
22/03/2025,f4.cold.cool,0
23/03/2025,f4.cold.cool,0
24/03/2025,f4.cold.cool,0
25/03/2025,f4.cold.cool,0
26/03/2025,f4.cold.cool,0
27/03/2025,f4.cold.cool,0
28/03/2025,f4.cold.cool,0
29/03/2025,f4.cold.cool,0
30/03/2025,f4.cold.cool,0
31/03/2025,f4.cold.cool,0
01/04/2025,f4.cold.cool,0
02/04/2025,f4.cold.cool,0
03/04/2025,f4.cold.cool,0
04/04/2025,f4.cold.cool,0
05/04/2025,f4.cold.cool,0
06/04/2025,f4.cold.cool,0
07/04/2025,f4.cold.cool,0
08/04/2025,f4.cold.cool,0
09/04/2025,f4.cold.cool,0
11/04/2025,f4.cold.cool,0
12/04/2025,f4.cold.cool,0
13/04/2025,f4.cold.cool,0
14/04/2025,f4.cold.cool,0
15/04/2025,f4.cold.cool,0
16/04/2025,f4.cold.cool,0
17/04/2025,f4.cold.cool,0
18/04/2025,f4.cold.cool,0
19/04/2025,f4.cold.cool,0
20/04/2025,f4.cold.cool,0
21/04/2025,f4.cold.cool,0
22/04/2025,f4.cold.cool,0
23/04/2025,f4.cold.cool,0
24/04/2025,f4.cold.cool,0
25/04/2025,f4.cold.cool,0
26/04/2025,f4.cold.cool,0
27/04/2025,f4.cold.cool,0
28/04/2025,f4.cold.cool,0
29/04/2025,f4.cold.cool,0
30/04/2025,f4.cold.cool,0
01/05/2025,f4.cold.cool,0
02/05/2025,f4.cold.cool,0
03/05/2025,f4.cold.cool,0
04/05/2025,f4.cold.cool,0
05/05/2025,f4.cold.cool,0
06/05/2025,f4.cold.cool,0
07/05/2025,f4.cold.cool,0
08/05/2025,f4.cold.cool,0
09/05/2025,f4.cold.cool,0
10/05/2025,f4.cold.cool,0
11/05/2025,f4.cold.cool,0
12/05/2025,f4.cold.cool,0
13/05/2025,f4.cold.cool,0
14/05/2025,f4.cold.cool,0
15/05/2025,f4.cold.cool,0
16/05/2025,f4.cold.cool,0
17/05/2025,f4.cold.cool,0
18/05/2025,f4.cold.cool,0
19/05/2025,f4.cold.cool,0
20/05/2025,f4.cold.cool,0
21/05/2025,f4.cold.cool,0
22/05/2025,f4.cold.cool,0
23/05/2025,f4.cold.cool,0
24/05/2025,f4.cold.cool,0
25/05/2025,f4.cold.cool,0
26/05/2025,f4.cold.cool,0
27/05/2025,f4.cold.cool,0
28/05/2025,f4.cold.cool,0
29/05/2025,f4.cold.cool,0
30/05/2025,f4.cold.cool,0
31/05/2025,f4.cold.cool,0
01/06/2025,f4.cold.cool,0
02/06/2025,f4.cold.cool,0
01/03/2024,f4.cold.hot,0
02/03/2024,f4.cold.hot,0
03/03/2025,f4.cold.hot,0
04/03/2025,f4.cold.hot,0
05/03/2025,f4.cold.hot,0
06/03/2025,f4.cold.hot,0
07/03/2025,f4.cold.hot,0
08/03/2025,f4.cold.hot,0
09/03/2025,f4.cold.hot,0
10/03/2025,f4.cold.hot,0
11/03/2025,f4.cold.hot,0
12/03/2025,f4.cold.hot,0
13/03/2025,f4.cold.hot,0
14/03/2025,f4.cold.hot,0
15/03/2025,f4.cold.hot,0
16/03/2025,f4.cold.hot,0
17/03/2025,f4.cold.hot,0
18/03/2025,f4.cold.hot,0
19/03/2025,f4.cold.hot,0
20/03/2025,f4.cold.hot,0
21/03/2025,f4.cold.hot,0
23/03/2025,f4.cold.hot,0
24/03/2025,f4.cold.hot,0
25/03/2025,f4.cold.hot,0
26/03/2025,f4.cold.hot,0
27/03/2025,f4.cold.hot,0
28/03/2025,f4.cold.hot,0
29/03/2025,f4.cold.hot,0
30/03/2025,f4.cold.hot,0
31/03/2025,f4.cold.hot,0
01/04/2025,f4.cold.hot,0
02/04/2025,f4.cold.hot,0
03/04/2025,f4.cold.hot,0
04/04/2025,f4.cold.hot,0
05/04/2025,f4.cold.hot,0
06/04/2025,f4.cold.hot,0
07/04/2025,f4.cold.hot,0
08/04/2025,f4.cold.hot,0
09/04/2025,f4.cold.hot,0
11/04/2025,f4.cold.hot,0
12/04/2025,f4.cold.hot,0
13/04/2025,f4.cold.hot,0
14/04/2025,f4.cold.hot,0
15/04/2025,f4.cold.hot,0
16/04/2025,f4.cold.hot,0
17/04/2025,f4.cold.hot,0
18/04/2025,f4.cold.hot,0
20/04/2025,f4.cold.hot,0
21/04/2025,f4.cold.hot,0
22/04/2025,f4.cold.hot,0
23/04/2025,f4.cold.hot,0
24/04/2025,f4.cold.hot,0
25/04/2025,f4.cold.hot,0
26/04/2025,f4.cold.hot,0
27/04/2025,f4.cold.hot,0
28/04/2025,f4.cold.hot,0
29/04/2025,f4.cold.hot,0
30/04/2025,f4.cold.hot,0
01/05/2025,f4.cold.hot,0
02/05/2025,f4.cold.hot,0
03/05/2025,f4.cold.hot,0
04/05/2025,f4.cold.hot,0
05/05/2025,f4.cold.hot,0
06/05/2025,f4.cold.hot,0
01/03/2024,f4.cold.mean,0
02/03/2024,f4.cold.mean,0
03/03/2025,f4.cold.mean,0
04/03/2025,f4.cold.mean,0
05/03/2025,f4.cold.mean,0
06/03/2025,f4.cold.mean,0
07/03/2025,f4.cold.mean,0
08/03/2025,f4.cold.mean,0
09/03/2025,f4.cold.mean,0
10/03/2025,f4.cold.mean,0
11/03/2025,f4.cold.mean,0
12/03/2025,f4.cold.mean,0
13/03/2025,f4.cold.mean,0
14/03/2025,f4.cold.mean,0
15/03/2025,f4.cold.mean,0
16/03/2025,f4.cold.mean,0
17/03/2025,f4.cold.mean,0
18/03/2025,f4.cold.mean,0
19/03/2025,f4.cold.mean,0
20/03/2025,f4.cold.mean,0
21/03/2025,f4.cold.mean,0
22/03/2025,f4.cold.mean,0
23/03/2025,f4.cold.mean,0
24/03/2025,f4.cold.mean,0
25/03/2025,f4.cold.mean,0
26/03/2025,f4.cold.mean,0
27/03/2025,f4.cold.mean,0
28/03/2025,f4.cold.mean,0
29/03/2025,f4.cold.mean,0
30/03/2025,f4.cold.mean,0
31/03/2025,f4.cold.mean,0
01/04/2025,f4.cold.mean,0
02/04/2025,f4.cold.mean,0
03/04/2025,f4.cold.mean,0
04/04/2025,f4.cold.mean,0
05/04/2025,f4.cold.mean,0
06/04/2025,f4.cold.mean,0
07/04/2025,f4.cold.mean,0
08/04/2025,f4.cold.mean,0
10/04/2025,f4.cold.mean,0
11/04/2025,f4.cold.mean,0
12/04/2025,f4.cold.mean,0
13/04/2025,f4.cold.mean,0
14/04/2025,f4.cold.mean,0
15/04/2025,f4.cold.mean,0
16/04/2025,f4.cold.mean,0
17/04/2025,f4.cold.mean,0
18/04/2025,f4.cold.mean,0
19/04/2025,f4.cold.mean,0
20/04/2025,f4.cold.mean,0
21/04/2025,f4.cold.mean,0
22/04/2025,f4.cold.mean,0
23/04/2025,f4.cold.mean,0
24/04/2025,f4.cold.mean,0
25/04/2025,f4.cold.mean,0
26/04/2025,f4.cold.mean,0
27/04/2025,f4.cold.mean,0
28/04/2025,f4.cold.mean,0
29/04/2025,f4.cold.mean,0
30/04/2025,f4.cold.mean,0
01/05/2025,f4.cold.mean,0
02/05/2025,f4.cold.mean,0
03/05/2025,f4.cold.mean,0
04/05/2025,f4.cold.mean,0
05/05/2025,f4.cold.mean,0
06/05/2025,f4.cold.mean,0
07/05/2025,f4.cold.mean,0
08/05/2025,f4.cold.mean,0
09/05/2025,f4.cold.mean,0
10/05/2025,f4.cold.mean,0
11/05/2025,f4.cold.mean,0
12/05/2025,f4.cold.mean,0
13/05/2025,f4.cold.mean,0
14/05/2025,f4.cold.mean,0
15/05/2025,f4.cold.mean,0
16/05/2025,f4.cold.mean,0
17/05/2025,f4.cold.mean,0
18/05/2025,f4.cold.mean,0
19/05/2025,f4.cold.mean,0
20/05/2025,f4.cold.mean,0
21/05/2025,f4.cold.mean,0
22/05/2025,f4.cold.mean,0
23/05/2025,f4.cold.mean,0
24/05/2025,f4.cold.mean,0
30/05/2025,f4.cold.mean,0
01/03/2024,f4.cold.warm,0
02/03/2024,f4.cold.warm,0
03/03/2025,f4.cold.warm,0
04/03/2025,f4.cold.warm,0
05/03/2025,f4.cold.warm,0
06/03/2025,f4.cold.warm,0
07/03/2025,f4.cold.warm,0
08/03/2025,f4.cold.warm,0
09/03/2025,f4.cold.warm,0
10/03/2025,f4.cold.warm,0
11/03/2025,f4.cold.warm,0
12/03/2025,f4.cold.warm,0
13/03/2025,f4.cold.warm,0
14/03/2025,f4.cold.warm,0
15/03/2025,f4.cold.warm,0
16/03/2025,f4.cold.warm,0
17/03/2025,f4.cold.warm,0
18/03/2025,f4.cold.warm,0
19/03/2025,f4.cold.warm,0
20/03/2025,f4.cold.warm,0
21/03/2025,f4.cold.warm,0
22/03/2025,f4.cold.warm,0
23/03/2025,f4.cold.warm,0
24/03/2025,f4.cold.warm,0
25/03/2025,f4.cold.warm,0
26/03/2025,f4.cold.warm,0
27/03/2025,f4.cold.warm,0
28/03/2025,f4.cold.warm,0
29/03/2025,f4.cold.warm,0
30/03/2025,f4.cold.warm,0
31/03/2025,f4.cold.warm,0
01/04/2025,f4.cold.warm,0
02/04/2025,f4.cold.warm,0
03/04/2025,f4.cold.warm,0
04/04/2025,f4.cold.warm,0
05/04/2025,f4.cold.warm,0
06/04/2025,f4.cold.warm,0
07/04/2025,f4.cold.warm,0
08/04/2025,f4.cold.warm,0
09/04/2025,f4.cold.warm,0
10/04/2025,f4.cold.warm,0
11/04/2025,f4.cold.warm,0
12/04/2025,f4.cold.warm,0
13/04/2025,f4.cold.warm,0
14/04/2025,f4.cold.warm,0
15/04/2025,f4.cold.warm,0
16/04/2025,f4.cold.warm,0
17/04/2025,f4.cold.warm,0
18/04/2025,f4.cold.warm,0
19/04/2025,f4.cold.warm,0
20/04/2025,f4.cold.warm,0
21/04/2025,f4.cold.warm,0
22/04/2025,f4.cold.warm,0
23/04/2025,f4.cold.warm,0
24/04/2025,f4.cold.warm,0
25/04/2025,f4.cold.warm,0
26/04/2025,f4.cold.warm,0
27/04/2025,f4.cold.warm,0
28/04/2025,f4.cold.warm,0
29/04/2025,f4.cold.warm,0
30/04/2025,f4.cold.warm,0
01/05/2025,f4.cold.warm,0
02/05/2025,f4.cold.warm,0
03/05/2025,f4.cold.warm,0
04/05/2025,f4.cold.warm,0
05/05/2025,f4.cold.warm,0
06/05/2025,f4.cold.warm,0
07/05/2025,f4.cold.warm,0
08/05/2025,f4.cold.warm,0
09/05/2025,f4.cold.warm,0
10/05/2025,f4.cold.warm,0
11/05/2025,f4.cold.warm,0
13/05/2025,f4.cold.warm,0
14/05/2025,f4.cold.warm,0
15/05/2025,f4.cold.warm,0
18/05/2025,f4.cold.warm,0
01/03/2024,f4.control.cold,0
02/03/2024,f4.control.cold,0
03/03/2025,f4.control.cold,0
04/03/2025,f4.control.cold,0
05/03/2025,f4.control.cold,0
06/03/2025,f4.control.cold,0
07/03/2025,f4.control.cold,0
08/03/2025,f4.control.cold,0
09/03/2025,f4.control.cold,0
10/03/2025,f4.control.cold,0
11/03/2025,f4.control.cold,0
12/03/2025,f4.control.cold,0
13/03/2025,f4.control.cold,0
14/03/2025,f4.control.cold,0
15/03/2025,f4.control.cold,0
16/03/2025,f4.control.cold,0
17/03/2025,f4.control.cold,0
18/03/2025,f4.control.cold,0
19/03/2025,f4.control.cold,0
20/03/2025,f4.control.cold,0
21/03/2025,f4.control.cold,0
22/03/2025,f4.control.cold,0
23/03/2025,f4.control.cold,0
24/03/2025,f4.control.cold,0
25/03/2025,f4.control.cold,0
26/03/2025,f4.control.cold,0
27/03/2025,f4.control.cold,0
28/03/2025,f4.control.cold,0
29/03/2025,f4.control.cold,0
30/03/2025,f4.control.cold,0
31/03/2025,f4.control.cold,0
01/04/2025,f4.control.cold,0
02/04/2025,f4.control.cold,0
03/04/2025,f4.control.cold,0
04/04/2025,f4.control.cold,0
05/04/2025,f4.control.cold,0
06/04/2025,f4.control.cold,0
07/04/2025,f4.control.cold,0
08/04/2025,f4.control.cold,0
10/04/2025,f4.control.cold,0
11/04/2025,f4.control.cold,0
12/04/2025,f4.control.cold,0
13/04/2025,f4.control.cold,0
14/04/2025,f4.control.cold,0
15/04/2025,f4.control.cold,0
16/04/2025,f4.control.cold,0
17/04/2025,f4.control.cold,0
18/04/2025,f4.control.cold,0
19/04/2025,f4.control.cold,0
20/04/2025,f4.control.cold,0
21/04/2025,f4.control.cold,0
22/04/2025,f4.control.cold,0
23/04/2025,f4.control.cold,0
24/04/2025,f4.control.cold,0
25/04/2025,f4.control.cold,0
26/04/2025,f4.control.cold,0
28/04/2025,f4.control.cold,0
29/04/2025,f4.control.cold,0
01/05/2025,f4.control.cold,0
02/05/2025,f4.control.cold,0
04/05/2025,f4.control.cold,0
05/05/2025,f4.control.cold,0
06/05/2025,f4.control.cold,0
07/05/2025,f4.control.cold,0
08/05/2025,f4.control.cold,0
10/05/2025,f4.control.cold,0
12/05/2025,f4.control.cold,0
13/05/2025,f4.control.cold,0
14/05/2025,f4.control.cold,0
15/05/2025,f4.control.cold,2
16/05/2025,f4.control.cold,5
17/05/2025,f4.control.cold,8
18/05/2025,f4.control.cold,10
19/05/2025,f4.control.cold,13
20/05/2025,f4.control.cold,13
21/05/2025,f4.control.cold,14
22/05/2025,f4.control.cold,14
23/05/2025,f4.control.cold,14
24/05/2025,f4.control.cold,14
25/05/2025,f4.control.cold,14
26/05/2025,f4.control.cold,14
27/05/2025,f4.control.cold,14
28/05/2025,f4.control.cold,14
29/05/2025,f4.control.cold,14
30/05/2025,f4.control.cold,14
31/05/2025,f4.control.cold,14
01/06/2025,f4.control.cold,14
02/06/2025,f4.control.cold,14
03/06/2025,f4.control.cold,14
04/06/2025,f4.control.cold,14
05/06/2025,f4.control.cold,14
06/06/2025,f4.control.cold,14
07/06/2025,f4.control.cold,14
08/06/2025,f4.control.cold,14
09/06/2025,f4.control.cold,14
01/03/2024,f4.control.control,0
02/03/2024,f4.control.control,0
03/03/2025,f4.control.control,0
04/03/2025,f4.control.control,0
05/03/2025,f4.control.control,0
06/03/2025,f4.control.control,0
07/03/2025,f4.control.control,0
08/03/2025,f4.control.control,0
09/03/2025,f4.control.control,0
10/03/2025,f4.control.control,0
11/03/2025,f4.control.control,0
12/03/2025,f4.control.control,0
13/03/2025,f4.control.control,0
14/03/2025,f4.control.control,0
15/03/2025,f4.control.control,0
16/03/2025,f4.control.control,0
17/03/2025,f4.control.control,0
18/03/2025,f4.control.control,0
19/03/2025,f4.control.control,0
20/03/2025,f4.control.control,0
21/03/2025,f4.control.control,0
22/03/2025,f4.control.control,0
23/03/2025,f4.control.control,0
24/03/2025,f4.control.control,0
26/03/2025,f4.control.control,0
27/03/2025,f4.control.control,0
28/03/2025,f4.control.control,0
29/03/2025,f4.control.control,0
30/03/2025,f4.control.control,0
31/03/2025,f4.control.control,0
01/04/2025,f4.control.control,1
02/04/2025,f4.control.control,1
03/04/2025,f4.control.control,4
04/04/2025,f4.control.control,6
05/04/2025,f4.control.control,9
06/04/2025,f4.control.control,9
07/04/2025,f4.control.control,12
08/04/2025,f4.control.control,12
09/04/2025,f4.control.control,12
11/04/2025,f4.control.control,12
12/04/2025,f4.control.control,14
13/04/2025,f4.control.control,14
14/04/2025,f4.control.control,14
15/04/2025,f4.control.control,14
16/04/2025,f4.control.control,14
17/04/2025,f4.control.control,14
18/04/2025,f4.control.control,15
19/04/2025,f4.control.control,15
20/04/2025,f4.control.control,15
21/04/2025,f4.control.control,13
22/04/2025,f4.control.control,13
23/04/2025,f4.control.control,13
24/04/2025,f4.control.control,13
25/04/2025,f4.control.control,13
26/04/2025,f4.control.control,13
01/03/2024,f4.control.cool,0
02/03/2024,f4.control.cool,0
03/03/2025,f4.control.cool,0
04/03/2025,f4.control.cool,0
05/03/2025,f4.control.cool,0
06/03/2025,f4.control.cool,0
07/03/2025,f4.control.cool,0
08/03/2025,f4.control.cool,0
09/03/2025,f4.control.cool,0
10/03/2025,f4.control.cool,0
11/03/2025,f4.control.cool,0
12/03/2025,f4.control.cool,0
13/03/2025,f4.control.cool,0
14/03/2025,f4.control.cool,0
15/03/2025,f4.control.cool,0
16/03/2025,f4.control.cool,0
17/03/2025,f4.control.cool,0
18/03/2025,f4.control.cool,0
19/03/2025,f4.control.cool,0
20/03/2025,f4.control.cool,0
21/03/2025,f4.control.cool,0
22/03/2025,f4.control.cool,0
23/03/2025,f4.control.cool,0
24/03/2025,f4.control.cool,0
25/03/2025,f4.control.cool,0
26/03/2025,f4.control.cool,0
27/03/2025,f4.control.cool,0
28/03/2025,f4.control.cool,0
29/03/2025,f4.control.cool,0
30/03/2025,f4.control.cool,0
31/03/2025,f4.control.cool,0
01/04/2025,f4.control.cool,0
02/04/2025,f4.control.cool,0
03/04/2025,f4.control.cool,0
04/04/2025,f4.control.cool,0
05/04/2025,f4.control.cool,0
06/04/2025,f4.control.cool,0
07/04/2025,f4.control.cool,0
08/04/2025,f4.control.cool,0
11/04/2025,f4.control.cool,0
12/04/2025,f4.control.cool,0
13/04/2025,f4.control.cool,0
14/04/2025,f4.control.cool,0
15/04/2025,f4.control.cool,0
16/04/2025,f4.control.cool,0
17/04/2025,f4.control.cool,0
18/04/2025,f4.control.cool,0
19/04/2025,f4.control.cool,0
20/04/2025,f4.control.cool,0
21/04/2025,f4.control.cool,0
22/04/2025,f4.control.cool,0
23/04/2025,f4.control.cool,0
24/04/2025,f4.control.cool,0
25/04/2025,f4.control.cool,0
26/04/2025,f4.control.cool,0
27/04/2025,f4.control.cool,0
28/04/2025,f4.control.cool,0
29/04/2025,f4.control.cool,0
30/04/2025,f4.control.cool,0
01/05/2025,f4.control.cool,0
02/05/2025,f4.control.cool,1
03/05/2025,f4.control.cool,1
04/05/2025,f4.control.cool,1
05/05/2025,f4.control.cool,4
06/05/2025,f4.control.cool,5
07/05/2025,f4.control.cool,6
08/05/2025,f4.control.cool,11
09/05/2025,f4.control.cool,11
10/05/2025,f4.control.cool,11
11/05/2025,f4.control.cool,11
12/05/2025,f4.control.cool,15
13/05/2025,f4.control.cool,15
14/05/2025,f4.control.cool,15
15/05/2025,f4.control.cool,15
16/05/2025,f4.control.cool,15
17/05/2025,f4.control.cool,15
18/05/2025,f4.control.cool,15
19/05/2025,f4.control.cool,7
20/05/2025,f4.control.cool,7
21/05/2025,f4.control.cool,7
22/05/2025,f4.control.cool,7
23/05/2025,f4.control.cool,10
24/05/2025,f4.control.cool,9
25/05/2025,f4.control.cool,10
26/05/2025,f4.control.cool,10
27/05/2025,f4.control.cool,10
28/05/2025,f4.control.cool,10
29/05/2025,f4.control.cool,10
30/05/2025,f4.control.cool,10
31/05/2025,f4.control.cool,10
01/06/2025,f4.control.cool,10
02/06/2025,f4.control.cool,8
01/03/2024,f4.control.hot,0
02/03/2024,f4.control.hot,0
03/03/2025,f4.control.hot,0
04/03/2025,f4.control.hot,0
05/03/2025,f4.control.hot,0
06/03/2025,f4.control.hot,0
07/03/2025,f4.control.hot,0
08/03/2025,f4.control.hot,0
09/03/2025,f4.control.hot,0
10/03/2025,f4.control.hot,0
11/03/2025,f4.control.hot,0
12/03/2025,f4.control.hot,0
13/03/2025,f4.control.hot,1
14/03/2025,f4.control.hot,1
15/03/2025,f4.control.hot,1
16/03/2025,f4.control.hot,3
17/03/2025,f4.control.hot,3
18/03/2025,f4.control.hot,3
19/03/2025,f4.control.hot,5
20/03/2025,f4.control.hot,3
21/03/2025,f4.control.hot,5
22/03/2025,f4.control.hot,8
23/03/2025,f4.control.hot,8
24/03/2025,f4.control.hot,8
25/03/2025,f4.control.hot,12
26/03/2025,f4.control.hot,12
27/03/2025,f4.control.hot,12
28/03/2025,f4.control.hot,12
29/03/2025,f4.control.hot,NA
30/03/2025,f4.control.hot,NA
31/03/2025,f4.control.hot,13
01/04/2025,f4.control.hot,12
02/04/2025,f4.control.hot,NA
03/04/2025,f4.control.hot,12
04/04/2025,f4.control.hot,12
05/04/2025,f4.control.hot,12
06/04/2025,f4.control.hot,12
07/04/2025,f4.control.hot,12
08/04/2025,f4.control.hot,12
09/04/2025,f4.control.hot,12
11/04/2025,f4.control.hot,12
12/04/2025,f4.control.hot,12
13/04/2025,f4.control.hot,13
14/04/2025,f4.control.hot,13
15/04/2025,f4.control.hot,13
16/04/2025,f4.control.hot,13
17/04/2025,f4.control.hot,13
18/04/2025,f4.control.hot,13
19/04/2025,f4.control.hot,13
20/04/2025,f4.control.hot,13
21/04/2025,f4.control.hot,13
22/04/2025,f4.control.hot,13
23/04/2025,f4.control.hot,11
24/04/2025,f4.control.hot,7
25/04/2025,f4.control.hot,9
01/03/2024,f4.control.mean,0
02/03/2024,f4.control.mean,0
03/03/2025,f4.control.mean,0
04/03/2025,f4.control.mean,0
05/03/2025,f4.control.mean,0
06/03/2025,f4.control.mean,0
07/03/2025,f4.control.mean,0
08/03/2025,f4.control.mean,0
09/03/2025,f4.control.mean,0
10/03/2025,f4.control.mean,0
11/03/2025,f4.control.mean,0
12/03/2025,f4.control.mean,0
13/03/2025,f4.control.mean,0
14/03/2025,f4.control.mean,0
15/03/2025,f4.control.mean,0
16/03/2025,f4.control.mean,0
17/03/2025,f4.control.mean,0
18/03/2025,f4.control.mean,0
19/03/2025,f4.control.mean,0
20/03/2025,f4.control.mean,0
21/03/2025,f4.control.mean,0
22/03/2025,f4.control.mean,0
23/03/2025,f4.control.mean,0
24/03/2025,f4.control.mean,0
26/03/2025,f4.control.mean,0
27/03/2025,f4.control.mean,0
28/03/2025,f4.control.mean,0
29/03/2025,f4.control.mean,0
30/03/2025,f4.control.mean,0
31/03/2025,f4.control.mean,0
01/04/2025,f4.control.mean,0
02/04/2025,f4.control.mean,0
03/04/2025,f4.control.mean,0
04/04/2025,f4.control.mean,0
05/04/2025,f4.control.mean,0
06/04/2025,f4.control.mean,0
07/04/2025,f4.control.mean,0
08/04/2025,f4.control.mean,0
10/04/2025,f4.control.mean,0
11/04/2025,f4.control.mean,0
12/04/2025,f4.control.mean,0
13/04/2025,f4.control.mean,0
14/04/2025,f4.control.mean,0
15/04/2025,f4.control.mean,0
16/04/2025,f4.control.mean,0
17/04/2025,f4.control.mean,0
18/04/2025,f4.control.mean,0
20/04/2025,f4.control.mean,0
21/04/2025,f4.control.mean,1
22/04/2025,f4.control.mean,1
23/04/2025,f4.control.mean,2
24/04/2025,f4.control.mean,2
25/04/2025,f4.control.mean,2
26/04/2025,f4.control.mean,5
27/04/2025,f4.control.mean,7
28/04/2025,f4.control.mean,7
29/04/2025,f4.control.mean,7
30/04/2025,f4.control.mean,12
01/05/2025,f4.control.mean,12
02/05/2025,f4.control.mean,12
03/05/2025,f4.control.mean,12
04/05/2025,f4.control.mean,12
05/05/2025,f4.control.mean,12
06/05/2025,f4.control.mean,NA
07/05/2025,f4.control.mean,NA
08/05/2025,f4.control.mean,12
09/05/2025,f4.control.mean,12
10/05/2025,f4.control.mean,12
11/05/2025,f4.control.mean,NA
12/05/2025,f4.control.mean,10
13/05/2025,f4.control.mean,10
14/05/2025,f4.control.mean,10
15/05/2025,f4.control.mean,10
16/05/2025,f4.control.mean,10
17/05/2025,f4.control.mean,10
18/05/2025,f4.control.mean,10
19/05/2025,f4.control.mean,10
01/03/2024,f4.control.warm,0
02/03/2024,f4.control.warm,0
03/03/2025,f4.control.warm,0
04/03/2025,f4.control.warm,0
05/03/2025,f4.control.warm,0
06/03/2025,f4.control.warm,0
07/03/2025,f4.control.warm,0
08/03/2025,f4.control.warm,0
09/03/2025,f4.control.warm,0
10/03/2025,f4.control.warm,0
11/03/2025,f4.control.warm,0
12/03/2025,f4.control.warm,0
13/03/2025,f4.control.warm,0
14/03/2025,f4.control.warm,0
15/03/2025,f4.control.warm,0
16/03/2025,f4.control.warm,0
17/03/2025,f4.control.warm,0
18/03/2025,f4.control.warm,0
19/03/2025,f4.control.warm,0
20/03/2025,f4.control.warm,0
21/03/2025,f4.control.warm,0
22/03/2025,f4.control.warm,0
23/03/2025,f4.control.warm,0
24/03/2025,f4.control.warm,0
25/03/2025,f4.control.warm,0
26/03/2025,f4.control.warm,0
27/03/2025,f4.control.warm,0
28/03/2025,f4.control.warm,0
29/03/2025,f4.control.warm,0
30/03/2025,f4.control.warm,0
31/03/2025,f4.control.warm,1
01/04/2025,f4.control.warm,1
02/04/2025,f4.control.warm,1
03/04/2025,f4.control.warm,2
04/04/2025,f4.control.warm,3
05/04/2025,f4.control.warm,8
06/04/2025,f4.control.warm,4
07/04/2025,f4.control.warm,8
08/04/2025,f4.control.warm,9
09/04/2025,f4.control.warm,10
10/04/2025,f4.control.warm,10
11/04/2025,f4.control.warm,10
12/04/2025,f4.control.warm,10
13/04/2025,f4.control.warm,10
14/04/2025,f4.control.warm,13
15/04/2025,f4.control.warm,11
16/04/2025,f4.control.warm,NA
17/04/2025,f4.control.warm,NA
18/04/2025,f4.control.warm,NA
19/04/2025,f4.control.warm,NA
20/04/2025,f4.control.warm,10
21/04/2025,f4.control.warm,NA
22/04/2025,f4.control.warm,11
23/04/2025,f4.control.warm,11
24/04/2025,f4.control.warm,13
25/04/2025,f4.control.warm,13
26/04/2025,f4.control.warm,9
27/04/2025,f4.control.warm,9
28/04/2025,f4.control.warm,9
29/04/2025,f4.control.warm,9
30/04/2025,f4.control.warm,9
01/05/2025,f4.control.warm,9
02/05/2025,f4.control.warm,7
03/05/2025,f4.control.warm,7
01/03/2024,f4.cool.cold,0
02/03/2024,f4.cool.cold,0
03/03/2025,f4.cool.cold,0
04/03/2025,f4.cool.cold,0
05/03/2025,f4.cool.cold,0
06/03/2025,f4.cool.cold,0
07/03/2025,f4.cool.cold,0
08/03/2025,f4.cool.cold,0
09/03/2025,f4.cool.cold,0
10/03/2025,f4.cool.cold,0
11/03/2025,f4.cool.cold,0
12/03/2025,f4.cool.cold,0
13/03/2025,f4.cool.cold,0
14/03/2025,f4.cool.cold,0
15/03/2025,f4.cool.cold,0
16/03/2025,f4.cool.cold,0
17/03/2025,f4.cool.cold,0
18/03/2025,f4.cool.cold,0
19/03/2025,f4.cool.cold,0
20/03/2025,f4.cool.cold,0
21/03/2025,f4.cool.cold,0
22/03/2025,f4.cool.cold,0
23/03/2025,f4.cool.cold,0
24/03/2025,f4.cool.cold,0
25/03/2025,f4.cool.cold,0
26/03/2025,f4.cool.cold,0
27/03/2025,f4.cool.cold,0
28/03/2025,f4.cool.cold,0
29/03/2025,f4.cool.cold,0
30/03/2025,f4.cool.cold,0
31/03/2025,f4.cool.cold,0
01/04/2025,f4.cool.cold,0
02/04/2025,f4.cool.cold,0
03/04/2025,f4.cool.cold,0
04/04/2025,f4.cool.cold,0
05/04/2025,f4.cool.cold,0
06/04/2025,f4.cool.cold,0
07/04/2025,f4.cool.cold,0
08/04/2025,f4.cool.cold,0
10/04/2025,f4.cool.cold,0
11/04/2025,f4.cool.cold,0
12/04/2025,f4.cool.cold,0
13/04/2025,f4.cool.cold,0
14/04/2025,f4.cool.cold,0
15/04/2025,f4.cool.cold,0
16/04/2025,f4.cool.cold,0
17/04/2025,f4.cool.cold,0
18/04/2025,f4.cool.cold,0
19/04/2025,f4.cool.cold,0
20/04/2025,f4.cool.cold,0
21/04/2025,f4.cool.cold,0
22/04/2025,f4.cool.cold,0
23/04/2025,f4.cool.cold,0
24/04/2025,f4.cool.cold,0
25/04/2025,f4.cool.cold,0
26/04/2025,f4.cool.cold,0
28/04/2025,f4.cool.cold,0
29/04/2025,f4.cool.cold,0
01/05/2025,f4.cool.cold,0
02/05/2025,f4.cool.cold,0
04/05/2025,f4.cool.cold,0
05/05/2025,f4.cool.cold,0
06/05/2025,f4.cool.cold,0
07/05/2025,f4.cool.cold,0
08/05/2025,f4.cool.cold,0
10/05/2025,f4.cool.cold,0
12/05/2025,f4.cool.cold,0
13/05/2025,f4.cool.cold,0
14/05/2025,f4.cool.cold,0
15/05/2025,f4.cool.cold,1
16/05/2025,f4.cool.cold,5
17/05/2025,f4.cool.cold,6
18/05/2025,f4.cool.cold,7
19/05/2025,f4.cool.cold,8
20/05/2025,f4.cool.cold,8
21/05/2025,f4.cool.cold,9
22/05/2025,f4.cool.cold,9
23/05/2025,f4.cool.cold,9
24/05/2025,f4.cool.cold,9
25/05/2025,f4.cool.cold,9
26/05/2025,f4.cool.cold,9
27/05/2025,f4.cool.cold,9
28/05/2025,f4.cool.cold,9
29/05/2025,f4.cool.cold,9
30/05/2025,f4.cool.cold,9
31/05/2025,f4.cool.cold,9
01/06/2025,f4.cool.cold,9
02/06/2025,f4.cool.cold,9
03/06/2025,f4.cool.cold,9
04/06/2025,f4.cool.cold,0
05/06/2025,f4.cool.cold,0
06/06/2025,f4.cool.cold,0
07/06/2025,f4.cool.cold,0
08/06/2025,f4.cool.cold,9
09/06/2025,f4.cool.cold,9
01/03/2024,f4.cool.control,0
02/03/2024,f4.cool.control,0
03/03/2025,f4.cool.control,0
04/03/2025,f4.cool.control,0
05/03/2025,f4.cool.control,0
06/03/2025,f4.cool.control,0
07/03/2025,f4.cool.control,0
08/03/2025,f4.cool.control,0
09/03/2025,f4.cool.control,0
10/03/2025,f4.cool.control,0
11/03/2025,f4.cool.control,0
12/03/2025,f4.cool.control,0
13/03/2025,f4.cool.control,0
14/03/2025,f4.cool.control,0
15/03/2025,f4.cool.control,0
16/03/2025,f4.cool.control,0
17/03/2025,f4.cool.control,0
18/03/2025,f4.cool.control,0
19/03/2025,f4.cool.control,0
20/03/2025,f4.cool.control,0
21/03/2025,f4.cool.control,0
22/03/2025,f4.cool.control,0
23/03/2025,f4.cool.control,0
24/03/2025,f4.cool.control,0
26/03/2025,f4.cool.control,0
27/03/2025,f4.cool.control,0
28/03/2025,f4.cool.control,0
29/03/2025,f4.cool.control,0
30/03/2025,f4.cool.control,0
31/03/2025,f4.cool.control,0
01/04/2025,f4.cool.control,0
02/04/2025,f4.cool.control,0
04/04/2025,f4.cool.control,3
05/04/2025,f4.cool.control,3
06/04/2025,f4.cool.control,3
07/04/2025,f4.cool.control,3
08/04/2025,f4.cool.control,3
09/04/2025,f4.cool.control,3
11/04/2025,f4.cool.control,5
12/04/2025,f4.cool.control,3
13/04/2025,f4.cool.control,4
14/04/2025,f4.cool.control,4
15/04/2025,f4.cool.control,4
16/04/2025,f4.cool.control,4
17/04/2025,f4.cool.control,4
18/04/2025,f4.cool.control,4
19/04/2025,f4.cool.control,4
20/04/2025,f4.cool.control,3
21/04/2025,f4.cool.control,3
22/04/2025,f4.cool.control,3
23/04/2025,f4.cool.control,4
24/04/2025,f4.cool.control,3
25/04/2025,f4.cool.control,3
26/04/2025,f4.cool.control,3
01/03/2024,f4.cool.cool,0
02/03/2024,f4.cool.cool,0
03/03/2025,f4.cool.cool,0
04/03/2025,f4.cool.cool,0
05/03/2025,f4.cool.cool,0
06/03/2025,f4.cool.cool,0
07/03/2025,f4.cool.cool,0
08/03/2025,f4.cool.cool,0
09/03/2025,f4.cool.cool,0
10/03/2025,f4.cool.cool,0
11/03/2025,f4.cool.cool,0
12/03/2025,f4.cool.cool,0
13/03/2025,f4.cool.cool,0
14/03/2025,f4.cool.cool,0
15/03/2025,f4.cool.cool,0
16/03/2025,f4.cool.cool,0
17/03/2025,f4.cool.cool,0
18/03/2025,f4.cool.cool,0
19/03/2025,f4.cool.cool,0
20/03/2025,f4.cool.cool,0
21/03/2025,f4.cool.cool,0
22/03/2025,f4.cool.cool,0
23/03/2025,f4.cool.cool,0
24/03/2025,f4.cool.cool,0
25/03/2025,f4.cool.cool,0
26/03/2025,f4.cool.cool,0
27/03/2025,f4.cool.cool,0
28/03/2025,f4.cool.cool,0
29/03/2025,f4.cool.cool,0
30/03/2025,f4.cool.cool,0
31/03/2025,f4.cool.cool,0
01/04/2025,f4.cool.cool,0
02/04/2025,f4.cool.cool,0
03/04/2025,f4.cool.cool,0
04/04/2025,f4.cool.cool,0
05/04/2025,f4.cool.cool,0
06/04/2025,f4.cool.cool,0
07/04/2025,f4.cool.cool,0
08/04/2025,f4.cool.cool,0
11/04/2025,f4.cool.cool,0
12/04/2025,f4.cool.cool,0
13/04/2025,f4.cool.cool,0
14/04/2025,f4.cool.cool,0
15/04/2025,f4.cool.cool,0
16/04/2025,f4.cool.cool,0
17/04/2025,f4.cool.cool,0
18/04/2025,f4.cool.cool,0
19/04/2025,f4.cool.cool,0
20/04/2025,f4.cool.cool,0
21/04/2025,f4.cool.cool,0
22/04/2025,f4.cool.cool,0
23/04/2025,f4.cool.cool,0
24/04/2025,f4.cool.cool,0
25/04/2025,f4.cool.cool,0
26/04/2025,f4.cool.cool,0
27/04/2025,f4.cool.cool,0
28/04/2025,f4.cool.cool,0
29/04/2025,f4.cool.cool,0
30/04/2025,f4.cool.cool,0
01/05/2025,f4.cool.cool,0
02/05/2025,f4.cool.cool,0
03/05/2025,f4.cool.cool,0
04/05/2025,f4.cool.cool,0
05/05/2025,f4.cool.cool,1
06/05/2025,f4.cool.cool,1
07/05/2025,f4.cool.cool,5
08/05/2025,f4.cool.cool,5
09/05/2025,f4.cool.cool,5
10/05/2025,f4.cool.cool,5
11/05/2025,f4.cool.cool,8
12/05/2025,f4.cool.cool,8
13/05/2025,f4.cool.cool,8
14/05/2025,f4.cool.cool,8
15/05/2025,f4.cool.cool,9
16/05/2025,f4.cool.cool,9
17/05/2025,f4.cool.cool,9
18/05/2025,f4.cool.cool,9
19/05/2025,f4.cool.cool,9
20/05/2025,f4.cool.cool,9
21/05/2025,f4.cool.cool,9
22/05/2025,f4.cool.cool,9
23/05/2025,f4.cool.cool,8
24/05/2025,f4.cool.cool,8
25/05/2025,f4.cool.cool,8
26/05/2025,f4.cool.cool,8
01/03/2024,f4.cool.hot,0
02/03/2024,f4.cool.hot,0
03/03/2025,f4.cool.hot,0
04/03/2025,f4.cool.hot,0
05/03/2025,f4.cool.hot,0
06/03/2025,f4.cool.hot,0
07/03/2025,f4.cool.hot,0
08/03/2025,f4.cool.hot,0
09/03/2025,f4.cool.hot,0
10/03/2025,f4.cool.hot,0
12/03/2025,f4.cool.hot,0
13/03/2025,f4.cool.hot,1
14/03/2025,f4.cool.hot,1
15/03/2025,f4.cool.hot,1
16/03/2025,f4.cool.hot,2
17/03/2025,f4.cool.hot,2
18/03/2025,f4.cool.hot,3
19/03/2025,f4.cool.hot,8
20/03/2025,f4.cool.hot,NA
21/03/2025,f4.cool.hot,8
22/03/2025,f4.cool.hot,8
23/03/2025,f4.cool.hot,5
24/03/2025,f4.cool.hot,NA
25/03/2025,f4.cool.hot,NA
26/03/2025,f4.cool.hot,5
27/03/2025,f4.cool.hot,5
28/03/2025,f4.cool.hot,8
29/03/2025,f4.cool.hot,8
30/03/2025,f4.cool.hot,8
31/03/2025,f4.cool.hot,8
01/04/2025,f4.cool.hot,NA
02/04/2025,f4.cool.hot,9
03/04/2025,f4.cool.hot,8
04/04/2025,f4.cool.hot,8
05/04/2025,f4.cool.hot,8
06/04/2025,f4.cool.hot,8
07/04/2025,f4.cool.hot,8
08/04/2025,f4.cool.hot,8
09/04/2025,f4.cool.hot,8
11/04/2025,f4.cool.hot,8
12/04/2025,f4.cool.hot,7
13/04/2025,f4.cool.hot,7
14/04/2025,f4.cool.hot,7
15/04/2025,f4.cool.hot,7
16/04/2025,f4.cool.hot,NA
17/04/2025,f4.cool.hot,6
18/04/2025,f4.cool.hot,6
19/04/2025,f4.cool.hot,6
20/04/2025,f4.cool.hot,6
21/04/2025,f4.cool.hot,6
22/04/2025,f4.cool.hot,6
23/04/2025,f4.cool.hot,6
24/04/2025,f4.cool.hot,6
25/04/2025,f4.cool.hot,6
01/03/2024,f4.cool.mean,0
02/03/2024,f4.cool.mean,0
03/03/2025,f4.cool.mean,0
04/03/2025,f4.cool.mean,0
05/03/2025,f4.cool.mean,0
06/03/2025,f4.cool.mean,0
07/03/2025,f4.cool.mean,0
08/03/2025,f4.cool.mean,0
09/03/2025,f4.cool.mean,0
10/03/2025,f4.cool.mean,0
11/03/2025,f4.cool.mean,0
12/03/2025,f4.cool.mean,0
13/03/2025,f4.cool.mean,0
14/03/2025,f4.cool.mean,0
15/03/2025,f4.cool.mean,0
16/03/2025,f4.cool.mean,0
17/03/2025,f4.cool.mean,0
18/03/2025,f4.cool.mean,0
19/03/2025,f4.cool.mean,0
20/03/2025,f4.cool.mean,0
21/03/2025,f4.cool.mean,0
22/03/2025,f4.cool.mean,0
23/03/2025,f4.cool.mean,0
24/03/2025,f4.cool.mean,0
25/03/2025,f4.cool.mean,0
26/03/2025,f4.cool.mean,0
27/03/2025,f4.cool.mean,0
28/03/2025,f4.cool.mean,0
29/03/2025,f4.cool.mean,0
30/03/2025,f4.cool.mean,0
31/03/2025,f4.cool.mean,0
01/04/2025,f4.cool.mean,0
02/04/2025,f4.cool.mean,0
03/04/2025,f4.cool.mean,0
04/04/2025,f4.cool.mean,0
05/04/2025,f4.cool.mean,0
06/04/2025,f4.cool.mean,0
07/04/2025,f4.cool.mean,0
08/04/2025,f4.cool.mean,0
10/04/2025,f4.cool.mean,0
11/04/2025,f4.cool.mean,0
12/04/2025,f4.cool.mean,0
13/04/2025,f4.cool.mean,0
14/04/2025,f4.cool.mean,0
15/04/2025,f4.cool.mean,0
16/04/2025,f4.cool.mean,0
17/04/2025,f4.cool.mean,0
18/04/2025,f4.cool.mean,0
19/04/2025,f4.cool.mean,0
20/04/2025,f4.cool.mean,0
21/04/2025,f4.cool.mean,1
22/04/2025,f4.cool.mean,2
23/04/2025,f4.cool.mean,3
24/04/2025,f4.cool.mean,3
25/04/2025,f4.cool.mean,3
26/04/2025,f4.cool.mean,3
27/04/2025,f4.cool.mean,3
28/04/2025,f4.cool.mean,3
29/04/2025,f4.cool.mean,3
30/04/2025,f4.cool.mean,3
01/05/2025,f4.cool.mean,3
02/05/2025,f4.cool.mean,2
03/05/2025,f4.cool.mean,2
04/05/2025,f4.cool.mean,2
05/05/2025,f4.cool.mean,2
06/05/2025,f4.cool.mean,2
07/05/2025,f4.cool.mean,2
08/05/2025,f4.cool.mean,2
09/05/2025,f4.cool.mean,2
10/05/2025,f4.cool.mean,2
11/05/2025,f4.cool.mean,1
12/05/2025,f4.cool.mean,0
13/05/2025,f4.cool.mean,0
14/05/2025,f4.cool.mean,0
15/05/2025,f4.cool.mean,0
16/05/2025,f4.cool.mean,0
17/05/2025,f4.cool.mean,0
18/05/2025,f4.cool.mean,0
19/05/2025,f4.cool.mean,0
20/05/2025,f4.cool.mean,0
21/05/2025,f4.cool.mean,0
22/05/2025,f4.cool.mean,0
23/05/2025,f4.cool.mean,0
24/05/2025,f4.cool.mean,0
30/05/2025,f4.cool.mean,0
01/03/2024,f4.cool.warm,0
02/03/2024,f4.cool.warm,0
03/03/2025,f4.cool.warm,0
04/03/2025,f4.cool.warm,0
05/03/2025,f4.cool.warm,0
06/03/2025,f4.cool.warm,0
07/03/2025,f4.cool.warm,0
08/03/2025,f4.cool.warm,0
09/03/2025,f4.cool.warm,0
10/03/2025,f4.cool.warm,0
11/03/2025,f4.cool.warm,0
12/03/2025,f4.cool.warm,0
13/03/2025,f4.cool.warm,0
15/03/2025,f4.cool.warm,0
16/03/2025,f4.cool.warm,0
17/03/2025,f4.cool.warm,0
18/03/2025,f4.cool.warm,0
19/03/2025,f4.cool.warm,0
20/03/2025,f4.cool.warm,0
21/03/2025,f4.cool.warm,0
22/03/2025,f4.cool.warm,0
23/03/2025,f4.cool.warm,0
24/03/2025,f4.cool.warm,0
25/03/2025,f4.cool.warm,0
26/03/2025,f4.cool.warm,0
27/03/2025,f4.cool.warm,1
28/03/2025,f4.cool.warm,1
29/03/2025,f4.cool.warm,1
30/03/2025,f4.cool.warm,1
31/03/2025,f4.cool.warm,4
01/04/2025,f4.cool.warm,4
02/04/2025,f4.cool.warm,2
03/04/2025,f4.cool.warm,5
04/04/2025,f4.cool.warm,5
05/04/2025,f4.cool.warm,5
06/04/2025,f4.cool.warm,5
07/04/2025,f4.cool.warm,5
08/04/2025,f4.cool.warm,5
09/04/2025,f4.cool.warm,5
10/04/2025,f4.cool.warm,6
11/04/2025,f4.cool.warm,6
12/04/2025,f4.cool.warm,6
13/04/2025,f4.cool.warm,6
14/04/2025,f4.cool.warm,6
15/04/2025,f4.cool.warm,6
16/04/2025,f4.cool.warm,6
17/04/2025,f4.cool.warm,6
18/04/2025,f4.cool.warm,5
19/04/2025,f4.cool.warm,5
20/04/2025,f4.cool.warm,5
21/04/2025,f4.cool.warm,4
22/04/2025,f4.cool.warm,5
23/04/2025,f4.cool.warm,5
24/04/2025,f4.cool.warm,6
25/04/2025,f4.cool.warm,6
26/04/2025,f4.cool.warm,5
01/03/2024,f4.mean.cold,0
02/03/2024,f4.mean.cold,0
03/03/2025,f4.mean.cold,0
04/03/2025,f4.mean.cold,0
05/03/2025,f4.mean.cold,0
06/03/2025,f4.mean.cold,0
07/03/2025,f4.mean.cold,0
08/03/2025,f4.mean.cold,0
09/03/2025,f4.mean.cold,0
10/03/2025,f4.mean.cold,0
11/03/2025,f4.mean.cold,0
12/03/2025,f4.mean.cold,0
13/03/2025,f4.mean.cold,0
14/03/2025,f4.mean.cold,0
15/03/2025,f4.mean.cold,0
16/03/2025,f4.mean.cold,0
17/03/2025,f4.mean.cold,0
18/03/2025,f4.mean.cold,0
19/03/2025,f4.mean.cold,0
20/03/2025,f4.mean.cold,0
21/03/2025,f4.mean.cold,0
22/03/2025,f4.mean.cold,0
23/03/2025,f4.mean.cold,0
24/03/2025,f4.mean.cold,0
25/03/2025,f4.mean.cold,0
26/03/2025,f4.mean.cold,0
27/03/2025,f4.mean.cold,0
28/03/2025,f4.mean.cold,0
29/03/2025,f4.mean.cold,0
30/03/2025,f4.mean.cold,0
31/03/2025,f4.mean.cold,0
01/04/2025,f4.mean.cold,0
02/04/2025,f4.mean.cold,0
03/04/2025,f4.mean.cold,0
04/04/2025,f4.mean.cold,0
05/04/2025,f4.mean.cold,0
06/04/2025,f4.mean.cold,0
07/04/2025,f4.mean.cold,0
08/04/2025,f4.mean.cold,0
10/04/2025,f4.mean.cold,0
11/04/2025,f4.mean.cold,0
12/04/2025,f4.mean.cold,0
13/04/2025,f4.mean.cold,0
14/04/2025,f4.mean.cold,0
15/04/2025,f4.mean.cold,0
16/04/2025,f4.mean.cold,0
17/04/2025,f4.mean.cold,0
18/04/2025,f4.mean.cold,0
19/04/2025,f4.mean.cold,0
20/04/2025,f4.mean.cold,0
21/04/2025,f4.mean.cold,0
22/04/2025,f4.mean.cold,0
23/04/2025,f4.mean.cold,0
24/04/2025,f4.mean.cold,0
25/04/2025,f4.mean.cold,0
26/04/2025,f4.mean.cold,0
28/04/2025,f4.mean.cold,0
29/04/2025,f4.mean.cold,0
01/05/2025,f4.mean.cold,0
02/05/2025,f4.mean.cold,0
04/05/2025,f4.mean.cold,0
05/05/2025,f4.mean.cold,0
06/05/2025,f4.mean.cold,0
07/05/2025,f4.mean.cold,0
08/05/2025,f4.mean.cold,0
10/05/2025,f4.mean.cold,0
12/05/2025,f4.mean.cold,0
13/05/2025,f4.mean.cold,0
14/05/2025,f4.mean.cold,0
15/05/2025,f4.mean.cold,0
16/05/2025,f4.mean.cold,0
17/05/2025,f4.mean.cold,0
18/05/2025,f4.mean.cold,0
19/05/2025,f4.mean.cold,0
20/05/2025,f4.mean.cold,0
21/05/2025,f4.mean.cold,0
22/05/2025,f4.mean.cold,0
23/05/2025,f4.mean.cold,0
24/05/2025,f4.mean.cold,0
25/05/2025,f4.mean.cold,0
26/05/2025,f4.mean.cold,0
27/05/2025,f4.mean.cold,0
28/05/2025,f4.mean.cold,0
29/05/2025,f4.mean.cold,0
30/05/2025,f4.mean.cold,0
31/05/2025,f4.mean.cold,0
01/06/2025,f4.mean.cold,0
02/06/2025,f4.mean.cold,0
03/06/2025,f4.mean.cold,0
04/06/2025,f4.mean.cold,0
05/06/2025,f4.mean.cold,0
06/06/2025,f4.mean.cold,0
01/03/2024,f4.mean.control,0
02/03/2024,f4.mean.control,0
03/03/2025,f4.mean.control,0
04/03/2025,f4.mean.control,0
05/03/2025,f4.mean.control,0
06/03/2025,f4.mean.control,0
07/03/2025,f4.mean.control,0
08/03/2025,f4.mean.control,0
09/03/2025,f4.mean.control,0
10/03/2025,f4.mean.control,0
11/03/2025,f4.mean.control,0
12/03/2025,f4.mean.control,0
13/03/2025,f4.mean.control,0
14/03/2025,f4.mean.control,0
15/03/2025,f4.mean.control,0
16/03/2025,f4.mean.control,0
17/03/2025,f4.mean.control,0
18/03/2025,f4.mean.control,0
19/03/2025,f4.mean.control,0
20/03/2025,f4.mean.control,0
21/03/2025,f4.mean.control,0
22/03/2025,f4.mean.control,0
23/03/2025,f4.mean.control,0
24/03/2025,f4.mean.control,0
26/03/2025,f4.mean.control,0
27/03/2025,f4.mean.control,0
28/03/2025,f4.mean.control,0
29/03/2025,f4.mean.control,0
30/03/2025,f4.mean.control,0
31/03/2025,f4.mean.control,0
01/04/2025,f4.mean.control,0
02/04/2025,f4.mean.control,0
03/04/2025,f4.mean.control,0
04/04/2025,f4.mean.control,0
05/04/2025,f4.mean.control,0
06/04/2025,f4.mean.control,0
07/04/2025,f4.mean.control,0
08/04/2025,f4.mean.control,0
09/04/2025,f4.mean.control,0
11/04/2025,f4.mean.control,0
12/04/2025,f4.mean.control,0
13/04/2025,f4.mean.control,0
14/04/2025,f4.mean.control,0
15/04/2025,f4.mean.control,0
16/04/2025,f4.mean.control,0
17/04/2025,f4.mean.control,0
18/04/2025,f4.mean.control,0
19/04/2025,f4.mean.control,0
20/04/2025,f4.mean.control,0
21/04/2025,f4.mean.control,0
22/04/2025,f4.mean.control,0
23/04/2025,f4.mean.control,0
24/04/2025,f4.mean.control,0
25/04/2025,f4.mean.control,0
26/04/2025,f4.mean.control,0
27/04/2025,f4.mean.control,0
28/04/2025,f4.mean.control,0
29/04/2025,f4.mean.control,0
30/04/2025,f4.mean.control,0
01/05/2025,f4.mean.control,0
02/05/2025,f4.mean.control,0
03/05/2025,f4.mean.control,0
04/05/2025,f4.mean.control,0
05/05/2025,f4.mean.control,0
06/05/2025,f4.mean.control,0
07/05/2025,f4.mean.control,0
10/05/2025,f4.mean.control,0
11/05/2025,f4.mean.control,0
12/05/2025,f4.mean.control,0
13/05/2025,f4.mean.control,0
15/05/2025,f4.mean.control,0
01/03/2024,f4.mean.cool,0
02/03/2024,f4.mean.cool,0
03/03/2025,f4.mean.cool,0
04/03/2025,f4.mean.cool,0
05/03/2025,f4.mean.cool,0
06/03/2025,f4.mean.cool,0
07/03/2025,f4.mean.cool,0
08/03/2025,f4.mean.cool,0
09/03/2025,f4.mean.cool,0
10/03/2025,f4.mean.cool,0
11/03/2025,f4.mean.cool,0
12/03/2025,f4.mean.cool,0
13/03/2025,f4.mean.cool,0
14/03/2025,f4.mean.cool,0
15/03/2025,f4.mean.cool,0
16/03/2025,f4.mean.cool,0
17/03/2025,f4.mean.cool,0
18/03/2025,f4.mean.cool,0
19/03/2025,f4.mean.cool,0
20/03/2025,f4.mean.cool,0
21/03/2025,f4.mean.cool,0
22/03/2025,f4.mean.cool,0
23/03/2025,f4.mean.cool,0
24/03/2025,f4.mean.cool,0
25/03/2025,f4.mean.cool,0
26/03/2025,f4.mean.cool,0
27/03/2025,f4.mean.cool,0
28/03/2025,f4.mean.cool,0
29/03/2025,f4.mean.cool,0
30/03/2025,f4.mean.cool,0
31/03/2025,f4.mean.cool,0
01/04/2025,f4.mean.cool,0
02/04/2025,f4.mean.cool,0
03/04/2025,f4.mean.cool,0
04/04/2025,f4.mean.cool,0
05/04/2025,f4.mean.cool,0
06/04/2025,f4.mean.cool,0
07/04/2025,f4.mean.cool,0
08/04/2025,f4.mean.cool,0
09/04/2025,f4.mean.cool,0
11/04/2025,f4.mean.cool,0
12/04/2025,f4.mean.cool,0
13/04/2025,f4.mean.cool,0
14/04/2025,f4.mean.cool,0
15/04/2025,f4.mean.cool,0
16/04/2025,f4.mean.cool,0
18/04/2025,f4.mean.cool,0
19/04/2025,f4.mean.cool,0
20/04/2025,f4.mean.cool,0
21/04/2025,f4.mean.cool,0
22/04/2025,f4.mean.cool,0
23/04/2025,f4.mean.cool,0
24/04/2025,f4.mean.cool,0
25/04/2025,f4.mean.cool,0
26/04/2025,f4.mean.cool,0
27/04/2025,f4.mean.cool,0
28/04/2025,f4.mean.cool,0
29/04/2025,f4.mean.cool,0
30/04/2025,f4.mean.cool,0
01/05/2025,f4.mean.cool,0
02/05/2025,f4.mean.cool,0
03/05/2025,f4.mean.cool,0
04/05/2025,f4.mean.cool,0
05/05/2025,f4.mean.cool,0
06/05/2025,f4.mean.cool,0
07/05/2025,f4.mean.cool,0
08/05/2025,f4.mean.cool,0
09/05/2025,f4.mean.cool,0
10/05/2025,f4.mean.cool,0
11/05/2025,f4.mean.cool,0
12/05/2025,f4.mean.cool,0
13/05/2025,f4.mean.cool,0
14/05/2025,f4.mean.cool,0
15/05/2025,f4.mean.cool,0
16/05/2025,f4.mean.cool,0
17/05/2025,f4.mean.cool,0
18/05/2025,f4.mean.cool,0
19/05/2025,f4.mean.cool,0
20/05/2025,f4.mean.cool,0
21/05/2025,f4.mean.cool,0
22/05/2025,f4.mean.cool,0
23/05/2025,f4.mean.cool,0
24/05/2025,f4.mean.cool,0
25/05/2025,f4.mean.cool,0
26/05/2025,f4.mean.cool,0
27/05/2025,f4.mean.cool,0
28/05/2025,f4.mean.cool,0
29/05/2025,f4.mean.cool,0
01/03/2024,f4.mean.hot,0
02/03/2024,f4.mean.hot,0
03/03/2025,f4.mean.hot,0
04/03/2025,f4.mean.hot,0
05/03/2025,f4.mean.hot,0
06/03/2025,f4.mean.hot,0
07/03/2025,f4.mean.hot,0
08/03/2025,f4.mean.hot,0
09/03/2025,f4.mean.hot,0
10/03/2025,f4.mean.hot,0
11/03/2025,f4.mean.hot,0
12/03/2025,f4.mean.hot,0
13/03/2025,f4.mean.hot,0
14/03/2025,f4.mean.hot,0
15/03/2025,f4.mean.hot,0
16/03/2025,f4.mean.hot,0
17/03/2025,f4.mean.hot,0
18/03/2025,f4.mean.hot,0
19/03/2025,f4.mean.hot,0
20/03/2025,f4.mean.hot,0
21/03/2025,f4.mean.hot,0
22/03/2025,f4.mean.hot,0
23/03/2025,f4.mean.hot,0
24/03/2025,f4.mean.hot,0
25/03/2025,f4.mean.hot,0
26/03/2025,f4.mean.hot,0
27/03/2025,f4.mean.hot,0
28/03/2025,f4.mean.hot,0
29/03/2025,f4.mean.hot,0
30/03/2025,f4.mean.hot,0
31/03/2025,f4.mean.hot,0
01/04/2025,f4.mean.hot,0
02/04/2025,f4.mean.hot,0
03/04/2025,f4.mean.hot,0
04/04/2025,f4.mean.hot,0
05/04/2025,f4.mean.hot,0
06/04/2025,f4.mean.hot,0
07/04/2025,f4.mean.hot,0
08/04/2025,f4.mean.hot,0
09/04/2025,f4.mean.hot,0
11/04/2025,f4.mean.hot,0
12/04/2025,f4.mean.hot,0
13/04/2025,f4.mean.hot,0
14/04/2025,f4.mean.hot,0
15/04/2025,f4.mean.hot,0
16/04/2025,f4.mean.hot,0
17/04/2025,f4.mean.hot,0
18/04/2025,f4.mean.hot,0
19/04/2025,f4.mean.hot,0
20/04/2025,f4.mean.hot,0
21/04/2025,f4.mean.hot,0
22/04/2025,f4.mean.hot,0
23/04/2025,f4.mean.hot,0
24/04/2025,f4.mean.hot,0
25/04/2025,f4.mean.hot,0
26/04/2025,f4.mean.hot,0
27/04/2025,f4.mean.hot,0
28/04/2025,f4.mean.hot,0
29/04/2025,f4.mean.hot,0
30/04/2025,f4.mean.hot,0
01/05/2025,f4.mean.hot,0
02/05/2025,f4.mean.hot,0
03/05/2025,f4.mean.hot,0
04/05/2025,f4.mean.hot,0
05/05/2025,f4.mean.hot,0
06/05/2025,f4.mean.hot,0
01/03/2024,f4.mean.mean,0
02/03/2024,f4.mean.mean,0
03/03/2025,f4.mean.mean,0
04/03/2025,f4.mean.mean,0
05/03/2025,f4.mean.mean,0
06/03/2025,f4.mean.mean,0
07/03/2025,f4.mean.mean,0
08/03/2025,f4.mean.mean,0
09/03/2025,f4.mean.mean,0
10/03/2025,f4.mean.mean,0
11/03/2025,f4.mean.mean,0
12/03/2025,f4.mean.mean,0
13/03/2025,f4.mean.mean,0
14/03/2025,f4.mean.mean,0
15/03/2025,f4.mean.mean,0
16/03/2025,f4.mean.mean,0
17/03/2025,f4.mean.mean,0
18/03/2025,f4.mean.mean,0
19/03/2025,f4.mean.mean,0
20/03/2025,f4.mean.mean,0
21/03/2025,f4.mean.mean,0
22/03/2025,f4.mean.mean,0
23/03/2025,f4.mean.mean,0
24/03/2025,f4.mean.mean,0
25/03/2025,f4.mean.mean,0
26/03/2025,f4.mean.mean,0
27/03/2025,f4.mean.mean,0
28/03/2025,f4.mean.mean,0
29/03/2025,f4.mean.mean,0
30/03/2025,f4.mean.mean,0
31/03/2025,f4.mean.mean,0
01/04/2025,f4.mean.mean,0
02/04/2025,f4.mean.mean,0
03/04/2025,f4.mean.mean,0
04/04/2025,f4.mean.mean,0
05/04/2025,f4.mean.mean,0
06/04/2025,f4.mean.mean,0
07/04/2025,f4.mean.mean,0
08/04/2025,f4.mean.mean,0
10/04/2025,f4.mean.mean,0
11/04/2025,f4.mean.mean,0
12/04/2025,f4.mean.mean,0
13/04/2025,f4.mean.mean,0
14/04/2025,f4.mean.mean,0
15/04/2025,f4.mean.mean,0
16/04/2025,f4.mean.mean,0
17/04/2025,f4.mean.mean,0
18/04/2025,f4.mean.mean,0
19/04/2025,f4.mean.mean,0
20/04/2025,f4.mean.mean,0
21/04/2025,f4.mean.mean,0
22/04/2025,f4.mean.mean,0
23/04/2025,f4.mean.mean,0
24/04/2025,f4.mean.mean,0
25/04/2025,f4.mean.mean,0
26/04/2025,f4.mean.mean,0
27/04/2025,f4.mean.mean,0
28/04/2025,f4.mean.mean,0
29/04/2025,f4.mean.mean,1
30/04/2025,f4.mean.mean,0
01/05/2025,f4.mean.mean,0
02/05/2025,f4.mean.mean,0
03/05/2025,f4.mean.mean,0
04/05/2025,f4.mean.mean,0
05/05/2025,f4.mean.mean,0
06/05/2025,f4.mean.mean,0
07/05/2025,f4.mean.mean,0
08/05/2025,f4.mean.mean,0
09/05/2025,f4.mean.mean,0
10/05/2025,f4.mean.mean,0
11/05/2025,f4.mean.mean,0
12/05/2025,f4.mean.mean,0
13/05/2025,f4.mean.mean,0
14/05/2025,f4.mean.mean,0
15/05/2025,f4.mean.mean,0
16/05/2025,f4.mean.mean,0
17/05/2025,f4.mean.mean,0
18/05/2025,f4.mean.mean,0
19/05/2025,f4.mean.mean,0
20/05/2025,f4.mean.mean,0
21/05/2025,f4.mean.mean,0
22/05/2025,f4.mean.mean,0
23/05/2025,f4.mean.mean,0
24/05/2025,f4.mean.mean,0
30/05/2025,f4.mean.mean,0
01/03/2024,f4.mean.warm,0
02/03/2024,f4.mean.warm,0
03/03/2025,f4.mean.warm,0
04/03/2025,f4.mean.warm,0
05/03/2025,f4.mean.warm,0
06/03/2025,f4.mean.warm,0
07/03/2025,f4.mean.warm,0
08/03/2025,f4.mean.warm,0
09/03/2025,f4.mean.warm,0
10/03/2025,f4.mean.warm,0
11/03/2025,f4.mean.warm,0
12/03/2025,f4.mean.warm,0
13/03/2025,f4.mean.warm,0
14/03/2025,f4.mean.warm,0
15/03/2025,f4.mean.warm,0
16/03/2025,f4.mean.warm,0
17/03/2025,f4.mean.warm,0
18/03/2025,f4.mean.warm,0
19/03/2025,f4.mean.warm,0
20/03/2025,f4.mean.warm,0
21/03/2025,f4.mean.warm,0
22/03/2025,f4.mean.warm,0
23/03/2025,f4.mean.warm,0
24/03/2025,f4.mean.warm,0
25/03/2025,f4.mean.warm,0
26/03/2025,f4.mean.warm,0
27/03/2025,f4.mean.warm,0
28/03/2025,f4.mean.warm,0
29/03/2025,f4.mean.warm,0
30/03/2025,f4.mean.warm,0
31/03/2025,f4.mean.warm,0
01/04/2025,f4.mean.warm,0
02/04/2025,f4.mean.warm,0
03/04/2025,f4.mean.warm,0
04/04/2025,f4.mean.warm,0
05/04/2025,f4.mean.warm,0
06/04/2025,f4.mean.warm,0
07/04/2025,f4.mean.warm,0
08/04/2025,f4.mean.warm,0
09/04/2025,f4.mean.warm,0
10/04/2025,f4.mean.warm,0
11/04/2025,f4.mean.warm,0
12/04/2025,f4.mean.warm,0
13/04/2025,f4.mean.warm,0
14/04/2025,f4.mean.warm,0
15/04/2025,f4.mean.warm,0
16/04/2025,f4.mean.warm,0
17/04/2025,f4.mean.warm,0
18/04/2025,f4.mean.warm,0
19/04/2025,f4.mean.warm,0
20/04/2025,f4.mean.warm,0
21/04/2025,f4.mean.warm,0
22/04/2025,f4.mean.warm,0
23/04/2025,f4.mean.warm,0
24/04/2025,f4.mean.warm,0
25/04/2025,f4.mean.warm,0
26/04/2025,f4.mean.warm,0
27/04/2025,f4.mean.warm,0
28/04/2025,f4.mean.warm,0
29/04/2025,f4.mean.warm,0
30/04/2025,f4.mean.warm,0
01/05/2025,f4.mean.warm,0
02/05/2025,f4.mean.warm,0
03/05/2025,f4.mean.warm,0
04/05/2025,f4.mean.warm,0
05/05/2025,f4.mean.warm,0
06/05/2025,f4.mean.warm,0
07/05/2025,f4.mean.warm,0
01/03/2024,f4.warm.cold,0
02/03/2024,f4.warm.cold,0
03/03/2025,f4.warm.cold,0
04/03/2025,f4.warm.cold,0
05/03/2025,f4.warm.cold,0
06/03/2025,f4.warm.cold,0
07/03/2025,f4.warm.cold,0
08/03/2025,f4.warm.cold,0
09/03/2025,f4.warm.cold,0
10/03/2025,f4.warm.cold,0
11/03/2025,f4.warm.cold,0
12/03/2025,f4.warm.cold,0
13/03/2025,f4.warm.cold,0
14/03/2025,f4.warm.cold,0
15/03/2025,f4.warm.cold,0
16/03/2025,f4.warm.cold,0
17/03/2025,f4.warm.cold,0
18/03/2025,f4.warm.cold,0
19/03/2025,f4.warm.cold,0
20/03/2025,f4.warm.cold,0
21/03/2025,f4.warm.cold,0
22/03/2025,f4.warm.cold,0
23/03/2025,f4.warm.cold,0
24/03/2025,f4.warm.cold,0
25/03/2025,f4.warm.cold,0
26/03/2025,f4.warm.cold,0
27/03/2025,f4.warm.cold,0
28/03/2025,f4.warm.cold,0
29/03/2025,f4.warm.cold,0
30/03/2025,f4.warm.cold,0
31/03/2025,f4.warm.cold,0
01/04/2025,f4.warm.cold,0
02/04/2025,f4.warm.cold,0
03/04/2025,f4.warm.cold,0
04/04/2025,f4.warm.cold,0
05/04/2025,f4.warm.cold,0
06/04/2025,f4.warm.cold,0
07/04/2025,f4.warm.cold,0
08/04/2025,f4.warm.cold,0
10/04/2025,f4.warm.cold,0
11/04/2025,f4.warm.cold,0
12/04/2025,f4.warm.cold,0
13/04/2025,f4.warm.cold,0
14/04/2025,f4.warm.cold,0
15/04/2025,f4.warm.cold,0
16/04/2025,f4.warm.cold,0
17/04/2025,f4.warm.cold,0
18/04/2025,f4.warm.cold,0
19/04/2025,f4.warm.cold,0
20/04/2025,f4.warm.cold,0
21/04/2025,f4.warm.cold,0
22/04/2025,f4.warm.cold,0
23/04/2025,f4.warm.cold,0
24/04/2025,f4.warm.cold,0
25/04/2025,f4.warm.cold,0
26/04/2025,f4.warm.cold,0
28/04/2025,f4.warm.cold,0
29/04/2025,f4.warm.cold,0
01/05/2025,f4.warm.cold,0
02/05/2025,f4.warm.cold,0
04/05/2025,f4.warm.cold,0
05/05/2025,f4.warm.cold,0
06/05/2025,f4.warm.cold,0
07/05/2025,f4.warm.cold,0
08/05/2025,f4.warm.cold,0
10/05/2025,f4.warm.cold,0
12/05/2025,f4.warm.cold,0
13/05/2025,f4.warm.cold,0
15/05/2025,f4.warm.cold,0
16/05/2025,f4.warm.cold,0
17/05/2025,f4.warm.cold,0
18/05/2025,f4.warm.cold,0
19/05/2025,f4.warm.cold,0
20/05/2025,f4.warm.cold,0
21/05/2025,f4.warm.cold,0
22/05/2025,f4.warm.cold,2
23/05/2025,f4.warm.cold,3
24/05/2025,f4.warm.cold,5
25/05/2025,f4.warm.cold,6
26/05/2025,f4.warm.cold,6
27/05/2025,f4.warm.cold,6
28/05/2025,f4.warm.cold,6
29/05/2025,f4.warm.cold,6
30/05/2025,f4.warm.cold,6
31/05/2025,f4.warm.cold,6
01/06/2025,f4.warm.cold,7
02/06/2025,f4.warm.cold,7
03/06/2025,f4.warm.cold,7
04/06/2025,f4.warm.cold,7
05/06/2025,f4.warm.cold,7
06/06/2025,f4.warm.cold,7
07/06/2025,f4.warm.cold,7
08/06/2025,f4.warm.cold,7
09/06/2025,f4.warm.cold,7
01/03/2024,f4.warm.control,0
02/03/2024,f4.warm.control,0
03/03/2025,f4.warm.control,0
04/03/2025,f4.warm.control,0
05/03/2025,f4.warm.control,0
06/03/2025,f4.warm.control,0
07/03/2025,f4.warm.control,0
08/03/2025,f4.warm.control,0
09/03/2025,f4.warm.control,0
10/03/2025,f4.warm.control,0
11/03/2025,f4.warm.control,0
12/03/2025,f4.warm.control,0
13/03/2025,f4.warm.control,0
14/03/2025,f4.warm.control,0
15/03/2025,f4.warm.control,0
16/03/2025,f4.warm.control,0
17/03/2025,f4.warm.control,0
18/03/2025,f4.warm.control,0
19/03/2025,f4.warm.control,0
20/03/2025,f4.warm.control,0
21/03/2025,f4.warm.control,0
22/03/2025,f4.warm.control,0
23/03/2025,f4.warm.control,0
24/03/2025,f4.warm.control,0
26/03/2025,f4.warm.control,0
27/03/2025,f4.warm.control,0
28/03/2025,f4.warm.control,0
29/03/2025,f4.warm.control,0
30/03/2025,f4.warm.control,0
31/03/2025,f4.warm.control,0
01/04/2025,f4.warm.control,0
02/04/2025,f4.warm.control,0
03/04/2025,f4.warm.control,0
04/04/2025,f4.warm.control,0
05/04/2025,f4.warm.control,0
06/04/2025,f4.warm.control,0
07/04/2025,f4.warm.control,0
08/04/2025,f4.warm.control,0
09/04/2025,f4.warm.control,0
11/04/2025,f4.warm.control,0
12/04/2025,f4.warm.control,0
13/04/2025,f4.warm.control,0
14/04/2025,f4.warm.control,0
15/04/2025,f4.warm.control,1
16/04/2025,f4.warm.control,1
17/04/2025,f4.warm.control,4
18/04/2025,f4.warm.control,2
19/04/2025,f4.warm.control,1
20/04/2025,f4.warm.control,3
21/04/2025,f4.warm.control,1
22/04/2025,f4.warm.control,2
23/04/2025,f4.warm.control,2
24/04/2025,f4.warm.control,2
25/04/2025,f4.warm.control,2
26/04/2025,f4.warm.control,1
01/03/2024,f4.warm.cool,0
02/03/2024,f4.warm.cool,0
03/03/2025,f4.warm.cool,0
04/03/2025,f4.warm.cool,0
05/03/2025,f4.warm.cool,0
06/03/2025,f4.warm.cool,0
07/03/2025,f4.warm.cool,0
08/03/2025,f4.warm.cool,0
09/03/2025,f4.warm.cool,0
10/03/2025,f4.warm.cool,0
11/03/2025,f4.warm.cool,0
12/03/2025,f4.warm.cool,0
13/03/2025,f4.warm.cool,0
14/03/2025,f4.warm.cool,0
15/03/2025,f4.warm.cool,0
16/03/2025,f4.warm.cool,0
17/03/2025,f4.warm.cool,0
18/03/2025,f4.warm.cool,0
19/03/2025,f4.warm.cool,0
20/03/2025,f4.warm.cool,0
21/03/2025,f4.warm.cool,0
22/03/2025,f4.warm.cool,0
23/03/2025,f4.warm.cool,0
24/03/2025,f4.warm.cool,0
25/03/2025,f4.warm.cool,0
26/03/2025,f4.warm.cool,0
27/03/2025,f4.warm.cool,0
28/03/2025,f4.warm.cool,0
29/03/2025,f4.warm.cool,0
30/03/2025,f4.warm.cool,0
31/03/2025,f4.warm.cool,0
01/04/2025,f4.warm.cool,0
02/04/2025,f4.warm.cool,0
03/04/2025,f4.warm.cool,0
04/04/2025,f4.warm.cool,0
05/04/2025,f4.warm.cool,0
06/04/2025,f4.warm.cool,0
07/04/2025,f4.warm.cool,0
08/04/2025,f4.warm.cool,0
11/04/2025,f4.warm.cool,0
12/04/2025,f4.warm.cool,0
13/04/2025,f4.warm.cool,0
14/04/2025,f4.warm.cool,0
15/04/2025,f4.warm.cool,0
16/04/2025,f4.warm.cool,0
17/04/2025,f4.warm.cool,0
18/04/2025,f4.warm.cool,0
19/04/2025,f4.warm.cool,0
20/04/2025,f4.warm.cool,0
21/04/2025,f4.warm.cool,0
22/04/2025,f4.warm.cool,0
23/04/2025,f4.warm.cool,0
24/04/2025,f4.warm.cool,0
25/04/2025,f4.warm.cool,0
26/04/2025,f4.warm.cool,0
27/04/2025,f4.warm.cool,0
28/04/2025,f4.warm.cool,0
29/04/2025,f4.warm.cool,0
30/04/2025,f4.warm.cool,0
01/05/2025,f4.warm.cool,0
02/05/2025,f4.warm.cool,0
03/05/2025,f4.warm.cool,0
04/05/2025,f4.warm.cool,0
05/05/2025,f4.warm.cool,0
06/05/2025,f4.warm.cool,0
07/05/2025,f4.warm.cool,0
08/05/2025,f4.warm.cool,0
09/05/2025,f4.warm.cool,0
10/05/2025,f4.warm.cool,0
11/05/2025,f4.warm.cool,0
12/05/2025,f4.warm.cool,0
13/05/2025,f4.warm.cool,1
14/05/2025,f4.warm.cool,1
15/05/2025,f4.warm.cool,2
16/05/2025,f4.warm.cool,8
17/05/2025,f4.warm.cool,9
18/05/2025,f4.warm.cool,9
19/05/2025,f4.warm.cool,7
20/05/2025,f4.warm.cool,8
21/05/2025,f4.warm.cool,8
22/05/2025,f4.warm.cool,8
23/05/2025,f4.warm.cool,8
24/05/2025,f4.warm.cool,3
25/05/2025,f4.warm.cool,4
26/05/2025,f4.warm.cool,4
27/05/2025,f4.warm.cool,4
01/03/2024,f4.warm.hot,0
02/03/2024,f4.warm.hot,0
03/03/2025,f4.warm.hot,0
04/03/2025,f4.warm.hot,0
05/03/2025,f4.warm.hot,0
06/03/2025,f4.warm.hot,0
07/03/2025,f4.warm.hot,0
08/03/2025,f4.warm.hot,0
09/03/2025,f4.warm.hot,0
10/03/2025,f4.warm.hot,0
11/03/2025,f4.warm.hot,0
12/03/2025,f4.warm.hot,0
13/03/2025,f4.warm.hot,0
14/03/2025,f4.warm.hot,0
15/03/2025,f4.warm.hot,0
16/03/2025,f4.warm.hot,0
17/03/2025,f4.warm.hot,0
18/03/2025,f4.warm.hot,0
19/03/2025,f4.warm.hot,0
20/03/2025,f4.warm.hot,0
21/03/2025,f4.warm.hot,0
22/03/2025,f4.warm.hot,0
23/03/2025,f4.warm.hot,0
24/03/2025,f4.warm.hot,0
25/03/2025,f4.warm.hot,0
26/03/2025,f4.warm.hot,0
27/03/2025,f4.warm.hot,0
28/03/2025,f4.warm.hot,0
29/03/2025,f4.warm.hot,0
30/03/2025,f4.warm.hot,0
31/03/2025,f4.warm.hot,0
01/04/2025,f4.warm.hot,0
02/04/2025,f4.warm.hot,0
03/04/2025,f4.warm.hot,1
04/04/2025,f4.warm.hot,1
05/04/2025,f4.warm.hot,2
06/04/2025,f4.warm.hot,2
07/04/2025,f4.warm.hot,2
08/04/2025,f4.warm.hot,2
09/04/2025,f4.warm.hot,3
11/04/2025,f4.warm.hot,9
12/04/2025,f4.warm.hot,9
13/04/2025,f4.warm.hot,9
14/04/2025,f4.warm.hot,9
15/04/2025,f4.warm.hot,3
16/04/2025,f4.warm.hot,3
17/04/2025,f4.warm.hot,3
18/04/2025,f4.warm.hot,4
19/04/2025,f4.warm.hot,2
20/04/2025,f4.warm.hot,3
21/04/2025,f4.warm.hot,3
22/04/2025,f4.warm.hot,4
23/04/2025,f4.warm.hot,3
24/04/2025,f4.warm.hot,3
25/04/2025,f4.warm.hot,3
26/04/2025,f4.warm.hot,3
01/03/2024,f4.warm.mean,0
02/03/2024,f4.warm.mean,0
03/03/2025,f4.warm.mean,0
04/03/2025,f4.warm.mean,0
05/03/2025,f4.warm.mean,0
06/03/2025,f4.warm.mean,0
07/03/2025,f4.warm.mean,0
08/03/2025,f4.warm.mean,0
09/03/2025,f4.warm.mean,0
10/03/2025,f4.warm.mean,0
11/03/2025,f4.warm.mean,0
12/03/2025,f4.warm.mean,0
13/03/2025,f4.warm.mean,0
14/03/2025,f4.warm.mean,0
15/03/2025,f4.warm.mean,0
16/03/2025,f4.warm.mean,0
17/03/2025,f4.warm.mean,0
18/03/2025,f4.warm.mean,0
19/03/2025,f4.warm.mean,0
20/03/2025,f4.warm.mean,0
21/03/2025,f4.warm.mean,0
22/03/2025,f4.warm.mean,0
23/03/2025,f4.warm.mean,0
24/03/2025,f4.warm.mean,0
25/03/2025,f4.warm.mean,0
26/03/2025,f4.warm.mean,0
27/03/2025,f4.warm.mean,0
28/03/2025,f4.warm.mean,0
29/03/2025,f4.warm.mean,0
30/03/2025,f4.warm.mean,0
31/03/2025,f4.warm.mean,0
01/04/2025,f4.warm.mean,0
02/04/2025,f4.warm.mean,0
03/04/2025,f4.warm.mean,0
04/04/2025,f4.warm.mean,0
05/04/2025,f4.warm.mean,0
06/04/2025,f4.warm.mean,0
07/04/2025,f4.warm.mean,0
08/04/2025,f4.warm.mean,0
10/04/2025,f4.warm.mean,0
11/04/2025,f4.warm.mean,0
12/04/2025,f4.warm.mean,0
13/04/2025,f4.warm.mean,0
14/04/2025,f4.warm.mean,0
15/04/2025,f4.warm.mean,0
16/04/2025,f4.warm.mean,0
17/04/2025,f4.warm.mean,0
18/04/2025,f4.warm.mean,0
19/04/2025,f4.warm.mean,0
20/04/2025,f4.warm.mean,0
21/04/2025,f4.warm.mean,0
22/04/2025,f4.warm.mean,0
23/04/2025,f4.warm.mean,0
24/04/2025,f4.warm.mean,0
25/04/2025,f4.warm.mean,0
26/04/2025,f4.warm.mean,0
27/04/2025,f4.warm.mean,0
28/04/2025,f4.warm.mean,0
30/04/2025,f4.warm.mean,1
01/05/2025,f4.warm.mean,2
02/05/2025,f4.warm.mean,2
03/05/2025,f4.warm.mean,4
04/05/2025,f4.warm.mean,4
05/05/2025,f4.warm.mean,4
06/05/2025,f4.warm.mean,7
07/05/2025,f4.warm.mean,7
08/05/2025,f4.warm.mean,8
09/05/2025,f4.warm.mean,8
10/05/2025,f4.warm.mean,4
11/05/2025,f4.warm.mean,4
12/05/2025,f4.warm.mean,8
13/05/2025,f4.warm.mean,8
14/05/2025,f4.warm.mean,8
15/05/2025,f4.warm.mean,8
16/05/2025,f4.warm.mean,8
17/05/2025,f4.warm.mean,8
18/05/2025,f4.warm.mean,3
19/05/2025,f4.warm.mean,3
20/05/2025,f4.warm.mean,3
21/05/2025,f4.warm.mean,2
01/03/2024,f4.warm.warm,0
02/03/2024,f4.warm.warm,0
03/03/2025,f4.warm.warm,0
04/03/2025,f4.warm.warm,0
05/03/2025,f4.warm.warm,0
06/03/2025,f4.warm.warm,0
07/03/2025,f4.warm.warm,0
08/03/2025,f4.warm.warm,0
09/03/2025,f4.warm.warm,0
10/03/2025,f4.warm.warm,0
11/03/2025,f4.warm.warm,0
12/03/2025,f4.warm.warm,0
13/03/2025,f4.warm.warm,0
14/03/2025,f4.warm.warm,0
15/03/2025,f4.warm.warm,0
16/03/2025,f4.warm.warm,0
17/03/2025,f4.warm.warm,0
18/03/2025,f4.warm.warm,0
19/03/2025,f4.warm.warm,0
20/03/2025,f4.warm.warm,0
21/03/2025,f4.warm.warm,0
22/03/2025,f4.warm.warm,0
23/03/2025,f4.warm.warm,0
24/03/2025,f4.warm.warm,0
25/03/2025,f4.warm.warm,0
26/03/2025,f4.warm.warm,0
27/03/2025,f4.warm.warm,0
28/03/2025,f4.warm.warm,0
29/03/2025,f4.warm.warm,0
30/03/2025,f4.warm.warm,0
31/03/2025,f4.warm.warm,0
01/04/2025,f4.warm.warm,0
02/04/2025,f4.warm.warm,0
03/04/2025,f4.warm.warm,0
04/04/2025,f4.warm.warm,0
05/04/2025,f4.warm.warm,0
06/04/2025,f4.warm.warm,0
07/04/2025,f4.warm.warm,0
08/04/2025,f4.warm.warm,0
09/04/2025,f4.warm.warm,0
10/04/2025,f4.warm.warm,0
11/04/2025,f4.warm.warm,0
12/04/2025,f4.warm.warm,0
13/04/2025,f4.warm.warm,0
14/04/2025,f4.warm.warm,0
15/04/2025,f4.warm.warm,0
16/04/2025,f4.warm.warm,0
17/04/2025,f4.warm.warm,0
18/04/2025,f4.warm.warm,1
19/04/2025,f4.warm.warm,1
20/04/2025,f4.warm.warm,4
21/04/2025,f4.warm.warm,6
22/04/2025,f4.warm.warm,6
23/04/2025,f4.warm.warm,6
24/04/2025,f4.warm.warm,7
25/04/2025,f4.warm.warm,7
26/04/2025,f4.warm.warm,8
27/04/2025,f4.warm.warm,7
28/04/2025,f4.warm.warm,7
29/04/2025,f4.warm.warm,6
30/04/2025,f4.warm.warm,6
01/05/2025,f4.warm.warm,6
02/05/2025,f4.warm.warm,6
03/05/2025,f4.warm.warm,6
04/05/2025,f4.warm.warm,6
05/05/2025,f4.warm.warm,6
06/05/2025,f4.warm.warm,5
07/05/2025,f4.warm.warm,5
08/05/2025,f4.warm.warm,5
09/05/2025,f4.warm.warm,6
10/05/2025,f4.warm.warm,5
12/05/2025,f4.warm.warm,0
13/05/2025,f4.warm.warm,4
14/05/2025,f4.warm.warm,4
01/03/2024,f5.control.cold,0
02/03/2024,f5.control.cold,0
03/03/2025,f5.control.cold,0
04/03/2025,f5.control.cold,0
05/03/2025,f5.control.cold,0
06/03/2025,f5.control.cold,0
07/03/2025,f5.control.cold,0
08/03/2025,f5.control.cold,0
09/03/2025,f5.control.cold,0
10/03/2025,f5.control.cold,0
11/03/2025,f5.control.cold,0
12/03/2025,f5.control.cold,0
13/03/2025,f5.control.cold,0
14/03/2025,f5.control.cold,0
15/03/2025,f5.control.cold,0
16/03/2025,f5.control.cold,0
17/03/2025,f5.control.cold,0
18/03/2025,f5.control.cold,0
19/03/2025,f5.control.cold,0
20/03/2025,f5.control.cold,0
21/03/2025,f5.control.cold,0
22/03/2025,f5.control.cold,0
23/03/2025,f5.control.cold,0
24/03/2025,f5.control.cold,0
25/03/2025,f5.control.cold,0
26/03/2025,f5.control.cold,0
27/03/2025,f5.control.cold,0
28/03/2025,f5.control.cold,0
29/03/2025,f5.control.cold,0
30/03/2025,f5.control.cold,0
31/03/2025,f5.control.cold,0
01/04/2025,f5.control.cold,0
02/04/2025,f5.control.cold,0
03/04/2025,f5.control.cold,0
04/04/2025,f5.control.cold,0
05/04/2025,f5.control.cold,0
06/04/2025,f5.control.cold,0
07/04/2025,f5.control.cold,0
08/04/2025,f5.control.cold,0
10/04/2025,f5.control.cold,0
11/04/2025,f5.control.cold,0
12/04/2025,f5.control.cold,0
13/04/2025,f5.control.cold,0
14/04/2025,f5.control.cold,0
15/04/2025,f5.control.cold,0
16/04/2025,f5.control.cold,0
17/04/2025,f5.control.cold,0
18/04/2025,f5.control.cold,0
19/04/2025,f5.control.cold,0
20/04/2025,f5.control.cold,0
21/04/2025,f5.control.cold,0
22/04/2025,f5.control.cold,0
23/04/2025,f5.control.cold,0
24/04/2025,f5.control.cold,0
25/04/2025,f5.control.cold,0
26/04/2025,f5.control.cold,0
28/04/2025,f5.control.cold,0
29/04/2025,f5.control.cold,0
01/05/2025,f5.control.cold,0
02/05/2025,f5.control.cold,0
04/05/2025,f5.control.cold,0
05/05/2025,f5.control.cold,0
06/05/2025,f5.control.cold,0
07/05/2025,f5.control.cold,0
08/05/2025,f5.control.cold,0
10/05/2025,f5.control.cold,0
11/05/2025,f5.control.cold,0
12/05/2025,f5.control.cold,0
13/05/2025,f5.control.cold,0
14/05/2025,f5.control.cold,0
15/05/2025,f5.control.cold,0
16/05/2025,f5.control.cold,0
17/05/2025,f5.control.cold,0
18/05/2025,f5.control.cold,0
19/05/2025,f5.control.cold,8
20/05/2025,f5.control.cold,13
21/05/2025,f5.control.cold,18
22/05/2025,f5.control.cold,19
23/05/2025,f5.control.cold,19
24/05/2025,f5.control.cold,19
25/05/2025,f5.control.cold,19
26/05/2025,f5.control.cold,19
27/05/2025,f5.control.cold,19
28/05/2025,f5.control.cold,19
29/05/2025,f5.control.cold,19
30/05/2025,f5.control.cold,19
31/05/2025,f5.control.cold,19
01/06/2025,f5.control.cold,19
02/06/2025,f5.control.cold,19
03/06/2025,f5.control.cold,19
04/06/2025,f5.control.cold,19
05/06/2025,f5.control.cold,19
06/06/2025,f5.control.cold,19
07/06/2025,f5.control.cold,19
08/06/2025,f5.control.cold,19
09/06/2025,f5.control.cold,19
01/03/2024,f5.control.control,0
02/03/2024,f5.control.control,0
03/03/2025,f5.control.control,0
04/03/2025,f5.control.control,0
05/03/2025,f5.control.control,0
06/03/2025,f5.control.control,0
07/03/2025,f5.control.control,0
08/03/2025,f5.control.control,0
09/03/2025,f5.control.control,0
10/03/2025,f5.control.control,0
11/03/2025,f5.control.control,0
12/03/2025,f5.control.control,0
13/03/2025,f5.control.control,0
14/03/2025,f5.control.control,0
15/03/2025,f5.control.control,0
16/03/2025,f5.control.control,0
17/03/2025,f5.control.control,0
18/03/2025,f5.control.control,0
19/03/2025,f5.control.control,0
20/03/2025,f5.control.control,0
21/03/2025,f5.control.control,0
22/03/2025,f5.control.control,0
23/03/2025,f5.control.control,0
24/03/2025,f5.control.control,0
26/03/2025,f5.control.control,0
27/03/2025,f5.control.control,0
28/03/2025,f5.control.control,0
29/03/2025,f5.control.control,0
30/03/2025,f5.control.control,0
31/03/2025,f5.control.control,0
01/04/2025,f5.control.control,0
02/04/2025,f5.control.control,0
03/04/2025,f5.control.control,0
04/04/2025,f5.control.control,0
05/04/2025,f5.control.control,0
06/04/2025,f5.control.control,3
07/04/2025,f5.control.control,3
08/04/2025,f5.control.control,4
09/04/2025,f5.control.control,4
11/04/2025,f5.control.control,5
12/04/2025,f5.control.control,5
13/04/2025,f5.control.control,5
14/04/2025,f5.control.control,5
15/04/2025,f5.control.control,7
16/04/2025,f5.control.control,7
17/04/2025,f5.control.control,7
18/04/2025,f5.control.control,7
19/04/2025,f5.control.control,6
20/04/2025,f5.control.control,8
21/04/2025,f5.control.control,9
22/04/2025,f5.control.control,8
23/04/2025,f5.control.control,5
24/04/2025,f5.control.control,6
25/04/2025,f5.control.control,7
01/03/2024,f5.control.cool,0
02/03/2024,f5.control.cool,0
03/03/2025,f5.control.cool,0
04/03/2025,f5.control.cool,0
05/03/2025,f5.control.cool,0
06/03/2025,f5.control.cool,0
07/03/2025,f5.control.cool,0
08/03/2025,f5.control.cool,0
09/03/2025,f5.control.cool,0
10/03/2025,f5.control.cool,0
11/03/2025,f5.control.cool,0
12/03/2025,f5.control.cool,0
13/03/2025,f5.control.cool,0
14/03/2025,f5.control.cool,0
15/03/2025,f5.control.cool,0
16/03/2025,f5.control.cool,0
17/03/2025,f5.control.cool,0
18/03/2025,f5.control.cool,0
19/03/2025,f5.control.cool,0
20/03/2025,f5.control.cool,0
21/03/2025,f5.control.cool,0
22/03/2025,f5.control.cool,0
23/03/2025,f5.control.cool,0
24/03/2025,f5.control.cool,0
25/03/2025,f5.control.cool,0
26/03/2025,f5.control.cool,0
27/03/2025,f5.control.cool,0
28/03/2025,f5.control.cool,0
29/03/2025,f5.control.cool,0
30/03/2025,f5.control.cool,0
31/03/2025,f5.control.cool,0
01/04/2025,f5.control.cool,0
02/04/2025,f5.control.cool,0
03/04/2025,f5.control.cool,0
04/04/2025,f5.control.cool,0
05/04/2025,f5.control.cool,0
06/04/2025,f5.control.cool,0
07/04/2025,f5.control.cool,0
08/04/2025,f5.control.cool,0
09/04/2025,f5.control.cool,0
11/04/2025,f5.control.cool,0
12/04/2025,f5.control.cool,0
13/04/2025,f5.control.cool,0
14/04/2025,f5.control.cool,0
15/04/2025,f5.control.cool,0
16/04/2025,f5.control.cool,0
18/04/2025,f5.control.cool,0
19/04/2025,f5.control.cool,0
20/04/2025,f5.control.cool,0
21/04/2025,f5.control.cool,0
22/04/2025,f5.control.cool,0
23/04/2025,f5.control.cool,0
24/04/2025,f5.control.cool,0
25/04/2025,f5.control.cool,0
26/04/2025,f5.control.cool,0
27/04/2025,f5.control.cool,0
28/04/2025,f5.control.cool,0
29/04/2025,f5.control.cool,0
30/04/2025,f5.control.cool,0
01/05/2025,f5.control.cool,0
02/05/2025,f5.control.cool,0
03/05/2025,f5.control.cool,0
04/05/2025,f5.control.cool,0
05/05/2025,f5.control.cool,0
06/05/2025,f5.control.cool,0
07/05/2025,f5.control.cool,0
08/05/2025,f5.control.cool,0
09/05/2025,f5.control.cool,0
10/05/2025,f5.control.cool,1
11/05/2025,f5.control.cool,4
12/05/2025,f5.control.cool,8
13/05/2025,f5.control.cool,6
14/05/2025,f5.control.cool,6
15/05/2025,f5.control.cool,7
16/05/2025,f5.control.cool,5
17/05/2025,f5.control.cool,5
18/05/2025,f5.control.cool,5
19/05/2025,f5.control.cool,5
20/05/2025,f5.control.cool,5
21/05/2025,f5.control.cool,5
22/05/2025,f5.control.cool,5
23/05/2025,f5.control.cool,4
24/05/2025,f5.control.cool,4
25/05/2025,f5.control.cool,5
26/05/2025,f5.control.cool,5
27/05/2025,f5.control.cool,5
29/05/2025,f5.control.cool,0
30/05/2025,f5.control.cool,2
31/05/2025,f5.control.cool,3
01/06/2025,f5.control.cool,3
02/06/2025,f5.control.cool,3
01/03/2024,f5.control.hot,0
02/03/2024,f5.control.hot,0
03/03/2025,f5.control.hot,0
04/03/2025,f5.control.hot,0
05/03/2025,f5.control.hot,0
06/03/2025,f5.control.hot,0
07/03/2025,f5.control.hot,0
08/03/2025,f5.control.hot,0
09/03/2025,f5.control.hot,0
10/03/2025,f5.control.hot,0
11/03/2025,f5.control.hot,0
12/03/2025,f5.control.hot,0
13/03/2025,f5.control.hot,0
14/03/2025,f5.control.hot,0
15/03/2025,f5.control.hot,0
16/03/2025,f5.control.hot,0
17/03/2025,f5.control.hot,0
18/03/2025,f5.control.hot,0
19/03/2025,f5.control.hot,0
20/03/2025,f5.control.hot,0
21/03/2025,f5.control.hot,0
22/03/2025,f5.control.hot,0
23/03/2025,f5.control.hot,0
24/03/2025,f5.control.hot,0
25/03/2025,f5.control.hot,0
26/03/2025,f5.control.hot,0
27/03/2025,f5.control.hot,1
28/03/2025,f5.control.hot,2
29/03/2025,f5.control.hot,1
30/03/2025,f5.control.hot,5
31/03/2025,f5.control.hot,7
01/04/2025,f5.control.hot,6
02/04/2025,f5.control.hot,12
03/04/2025,f5.control.hot,13
04/04/2025,f5.control.hot,13
05/04/2025,f5.control.hot,13
06/04/2025,f5.control.hot,13
07/04/2025,f5.control.hot,13
08/04/2025,f5.control.hot,13
09/04/2025,f5.control.hot,13
11/04/2025,f5.control.hot,17
12/04/2025,f5.control.hot,17
13/04/2025,f5.control.hot,17
14/04/2025,f5.control.hot,17
15/04/2025,f5.control.hot,17
16/04/2025,f5.control.hot,17
17/04/2025,f5.control.hot,17
18/04/2025,f5.control.hot,13
19/04/2025,f5.control.hot,15
20/04/2025,f5.control.hot,15
21/04/2025,f5.control.hot,15
22/04/2025,f5.control.hot,15
23/04/2025,f5.control.hot,15
24/04/2025,f5.control.hot,15
25/04/2025,f5.control.hot,14
01/03/2024,f5.control.mean,0
02/03/2024,f5.control.mean,0
03/03/2025,f5.control.mean,0
04/03/2025,f5.control.mean,0
05/03/2025,f5.control.mean,0
06/03/2025,f5.control.mean,0
07/03/2025,f5.control.mean,0
08/03/2025,f5.control.mean,0
09/03/2025,f5.control.mean,0
10/03/2025,f5.control.mean,0
11/03/2025,f5.control.mean,0
12/03/2025,f5.control.mean,0
13/03/2025,f5.control.mean,0
14/03/2025,f5.control.mean,0
15/03/2025,f5.control.mean,0
16/03/2025,f5.control.mean,0
17/03/2025,f5.control.mean,0
18/03/2025,f5.control.mean,0
19/03/2025,f5.control.mean,0
20/03/2025,f5.control.mean,0
21/03/2025,f5.control.mean,0
22/03/2025,f5.control.mean,0
23/03/2025,f5.control.mean,0
24/03/2025,f5.control.mean,0
26/03/2025,f5.control.mean,0
27/03/2025,f5.control.mean,0
28/03/2025,f5.control.mean,0
29/03/2025,f5.control.mean,0
30/03/2025,f5.control.mean,0
31/03/2025,f5.control.mean,0
01/04/2025,f5.control.mean,0
02/04/2025,f5.control.mean,0
03/04/2025,f5.control.mean,0
04/04/2025,f5.control.mean,0
05/04/2025,f5.control.mean,0
06/04/2025,f5.control.mean,0
07/04/2025,f5.control.mean,0
08/04/2025,f5.control.mean,0
10/04/2025,f5.control.mean,0
11/04/2025,f5.control.mean,0
12/04/2025,f5.control.mean,0
13/04/2025,f5.control.mean,0
14/04/2025,f5.control.mean,0
15/04/2025,f5.control.mean,0
16/04/2025,f5.control.mean,0
17/04/2025,f5.control.mean,0
18/04/2025,f5.control.mean,0
20/04/2025,f5.control.mean,1
21/04/2025,f5.control.mean,1
22/04/2025,f5.control.mean,1
23/04/2025,f5.control.mean,1
24/04/2025,f5.control.mean,2
25/04/2025,f5.control.mean,3
26/04/2025,f5.control.mean,4
27/04/2025,f5.control.mean,6
28/04/2025,f5.control.mean,6
29/04/2025,f5.control.mean,10
30/04/2025,f5.control.mean,10
01/05/2025,f5.control.mean,10
02/05/2025,f5.control.mean,13
03/05/2025,f5.control.mean,16
04/05/2025,f5.control.mean,16
05/05/2025,f5.control.mean,17
06/05/2025,f5.control.mean,17
07/05/2025,f5.control.mean,17
08/05/2025,f5.control.mean,17
09/05/2025,f5.control.mean,17
10/05/2025,f5.control.mean,17
11/05/2025,f5.control.mean,17
12/05/2025,f5.control.mean,17
13/05/2025,f5.control.mean,17
14/05/2025,f5.control.mean,17
01/03/2024,f5.control.warm,0
02/03/2024,f5.control.warm,0
03/03/2025,f5.control.warm,0
04/03/2025,f5.control.warm,0
05/03/2025,f5.control.warm,0
06/03/2025,f5.control.warm,0
07/03/2025,f5.control.warm,0
08/03/2025,f5.control.warm,0
09/03/2025,f5.control.warm,0
10/03/2025,f5.control.warm,0
11/03/2025,f5.control.warm,0
12/03/2025,f5.control.warm,0
13/03/2025,f5.control.warm,0
14/03/2025,f5.control.warm,0
15/03/2025,f5.control.warm,0
16/03/2025,f5.control.warm,0
17/03/2025,f5.control.warm,0
18/03/2025,f5.control.warm,0
19/03/2025,f5.control.warm,0
20/03/2025,f5.control.warm,0
21/03/2025,f5.control.warm,0
22/03/2025,f5.control.warm,0
23/03/2025,f5.control.warm,0
24/03/2025,f5.control.warm,0
25/03/2025,f5.control.warm,0
26/03/2025,f5.control.warm,0
27/03/2025,f5.control.warm,0
28/03/2025,f5.control.warm,0
29/03/2025,f5.control.warm,0
30/03/2025,f5.control.warm,0
31/03/2025,f5.control.warm,0
01/04/2025,f5.control.warm,0
02/04/2025,f5.control.warm,0
03/04/2025,f5.control.warm,0
04/04/2025,f5.control.warm,0
05/04/2025,f5.control.warm,0
06/04/2025,f5.control.warm,0
07/04/2025,f5.control.warm,1
08/04/2025,f5.control.warm,1
09/04/2025,f5.control.warm,1
10/04/2025,f5.control.warm,1
11/04/2025,f5.control.warm,2
12/04/2025,f5.control.warm,4
13/04/2025,f5.control.warm,5
14/04/2025,f5.control.warm,8
15/04/2025,f5.control.warm,10
16/04/2025,f5.control.warm,10
17/04/2025,f5.control.warm,12
18/04/2025,f5.control.warm,12
19/04/2025,f5.control.warm,12
20/04/2025,f5.control.warm,13
21/04/2025,f5.control.warm,13
22/04/2025,f5.control.warm,15
23/04/2025,f5.control.warm,15
24/04/2025,f5.control.warm,15
25/04/2025,f5.control.warm,15
26/04/2025,f5.control.warm,15
01/03/2024,f5.cool.cold,0
02/03/2024,f5.cool.cold,0
03/03/2025,f5.cool.cold,0
04/03/2025,f5.cool.cold,0
05/03/2025,f5.cool.cold,0
06/03/2025,f5.cool.cold,0
07/03/2025,f5.cool.cold,0
08/03/2025,f5.cool.cold,0
09/03/2025,f5.cool.cold,0
10/03/2025,f5.cool.cold,0
11/03/2025,f5.cool.cold,0
12/03/2025,f5.cool.cold,0
13/03/2025,f5.cool.cold,0
14/03/2025,f5.cool.cold,0
15/03/2025,f5.cool.cold,0
16/03/2025,f5.cool.cold,0
17/03/2025,f5.cool.cold,0
18/03/2025,f5.cool.cold,0
19/03/2025,f5.cool.cold,0
20/03/2025,f5.cool.cold,0
21/03/2025,f5.cool.cold,0
22/03/2025,f5.cool.cold,0
23/03/2025,f5.cool.cold,0
24/03/2025,f5.cool.cold,0
25/03/2025,f5.cool.cold,0
26/03/2025,f5.cool.cold,0
27/03/2025,f5.cool.cold,0
28/03/2025,f5.cool.cold,0
29/03/2025,f5.cool.cold,0
30/03/2025,f5.cool.cold,0
31/03/2025,f5.cool.cold,0
01/04/2025,f5.cool.cold,0
02/04/2025,f5.cool.cold,0
03/04/2025,f5.cool.cold,0
04/04/2025,f5.cool.cold,0
05/04/2025,f5.cool.cold,0
06/04/2025,f5.cool.cold,0
07/04/2025,f5.cool.cold,0
08/04/2025,f5.cool.cold,0
10/04/2025,f5.cool.cold,0
11/04/2025,f5.cool.cold,0
12/04/2025,f5.cool.cold,0
13/04/2025,f5.cool.cold,0
14/04/2025,f5.cool.cold,0
15/04/2025,f5.cool.cold,0
16/04/2025,f5.cool.cold,0
17/04/2025,f5.cool.cold,0
18/04/2025,f5.cool.cold,0
19/04/2025,f5.cool.cold,0
20/04/2025,f5.cool.cold,0
21/04/2025,f5.cool.cold,0
22/04/2025,f5.cool.cold,0
23/04/2025,f5.cool.cold,0
24/04/2025,f5.cool.cold,0
25/04/2025,f5.cool.cold,0
26/04/2025,f5.cool.cold,0
28/04/2025,f5.cool.cold,0
29/04/2025,f5.cool.cold,0
01/05/2025,f5.cool.cold,0
02/05/2025,f5.cool.cold,0
04/05/2025,f5.cool.cold,0
05/05/2025,f5.cool.cold,0
06/05/2025,f5.cool.cold,0
07/05/2025,f5.cool.cold,0
08/05/2025,f5.cool.cold,0
10/05/2025,f5.cool.cold,0
11/05/2025,f5.cool.cold,0
12/05/2025,f5.cool.cold,0
13/05/2025,f5.cool.cold,0
14/05/2025,f5.cool.cold,0
15/05/2025,f5.cool.cold,0
16/05/2025,f5.cool.cold,1
17/05/2025,f5.cool.cold,3
18/05/2025,f5.cool.cold,3
19/05/2025,f5.cool.cold,3
20/05/2025,f5.cool.cold,3
21/05/2025,f5.cool.cold,3
22/05/2025,f5.cool.cold,4
23/05/2025,f5.cool.cold,4
24/05/2025,f5.cool.cold,4
25/05/2025,f5.cool.cold,4
26/05/2025,f5.cool.cold,4
27/05/2025,f5.cool.cold,4
28/05/2025,f5.cool.cold,4
29/05/2025,f5.cool.cold,4
30/05/2025,f5.cool.cold,4
31/05/2025,f5.cool.cold,4
01/06/2025,f5.cool.cold,4
02/06/2025,f5.cool.cold,4
03/06/2025,f5.cool.cold,4
04/06/2025,f5.cool.cold,4
05/06/2025,f5.cool.cold,4
06/06/2025,f5.cool.cold,4
07/06/2025,f5.cool.cold,4
08/06/2025,f5.cool.cold,4
09/06/2025,f5.cool.cold,4
01/03/2024,f5.cool.control,0
02/03/2024,f5.cool.control,0
03/03/2025,f5.cool.control,0
04/03/2025,f5.cool.control,0
05/03/2025,f5.cool.control,0
06/03/2025,f5.cool.control,0
07/03/2025,f5.cool.control,0
08/03/2025,f5.cool.control,0
09/03/2025,f5.cool.control,0
10/03/2025,f5.cool.control,0
11/03/2025,f5.cool.control,0
12/03/2025,f5.cool.control,0
13/03/2025,f5.cool.control,0
14/03/2025,f5.cool.control,0
15/03/2025,f5.cool.control,0
16/03/2025,f5.cool.control,0
17/03/2025,f5.cool.control,0
18/03/2025,f5.cool.control,0
19/03/2025,f5.cool.control,0
20/03/2025,f5.cool.control,0
21/03/2025,f5.cool.control,0
22/03/2025,f5.cool.control,0
23/03/2025,f5.cool.control,0
24/03/2025,f5.cool.control,0
26/03/2025,f5.cool.control,0
27/03/2025,f5.cool.control,0
28/03/2025,f5.cool.control,0
29/03/2025,f5.cool.control,0
30/03/2025,f5.cool.control,1
31/03/2025,f5.cool.control,1
01/04/2025,f5.cool.control,1
02/04/2025,f5.cool.control,1
03/04/2025,f5.cool.control,2
04/04/2025,f5.cool.control,6
05/04/2025,f5.cool.control,6
06/04/2025,f5.cool.control,6
07/04/2025,f5.cool.control,6
08/04/2025,f5.cool.control,6
09/04/2025,f5.cool.control,6
11/04/2025,f5.cool.control,6
12/04/2025,f5.cool.control,5
13/04/2025,f5.cool.control,5
14/04/2025,f5.cool.control,6
15/04/2025,f5.cool.control,6
16/04/2025,f5.cool.control,4
17/04/2025,f5.cool.control,4
18/04/2025,f5.cool.control,4
19/04/2025,f5.cool.control,3
20/04/2025,f5.cool.control,3
21/04/2025,f5.cool.control,4
22/04/2025,f5.cool.control,4
23/04/2025,f5.cool.control,4
24/04/2025,f5.cool.control,2
25/04/2025,f5.cool.control,2
26/04/2025,f5.cool.control,2
01/03/2024,f5.cool.cool,0
02/03/2024,f5.cool.cool,0
03/03/2025,f5.cool.cool,0
04/03/2025,f5.cool.cool,0
05/03/2025,f5.cool.cool,0
06/03/2025,f5.cool.cool,0
07/03/2025,f5.cool.cool,0
08/03/2025,f5.cool.cool,0
09/03/2025,f5.cool.cool,0
10/03/2025,f5.cool.cool,0
11/03/2025,f5.cool.cool,0
12/03/2025,f5.cool.cool,0
13/03/2025,f5.cool.cool,0
14/03/2025,f5.cool.cool,0
15/03/2025,f5.cool.cool,0
16/03/2025,f5.cool.cool,0
17/03/2025,f5.cool.cool,0
18/03/2025,f5.cool.cool,0
19/03/2025,f5.cool.cool,0
21/03/2025,f5.cool.cool,0
22/03/2025,f5.cool.cool,0
23/03/2025,f5.cool.cool,0
24/03/2025,f5.cool.cool,0
25/03/2025,f5.cool.cool,0
26/03/2025,f5.cool.cool,0
27/03/2025,f5.cool.cool,0
28/03/2025,f5.cool.cool,0
29/03/2025,f5.cool.cool,0
30/03/2025,f5.cool.cool,0
31/03/2025,f5.cool.cool,0
01/04/2025,f5.cool.cool,0
02/04/2025,f5.cool.cool,0
03/04/2025,f5.cool.cool,0
04/04/2025,f5.cool.cool,0
05/04/2025,f5.cool.cool,0
06/04/2025,f5.cool.cool,0
07/04/2025,f5.cool.cool,0
08/04/2025,f5.cool.cool,0
09/04/2025,f5.cool.cool,0
11/04/2025,f5.cool.cool,0
12/04/2025,f5.cool.cool,0
13/04/2025,f5.cool.cool,0
14/04/2025,f5.cool.cool,0
15/04/2025,f5.cool.cool,0
16/04/2025,f5.cool.cool,0
17/04/2025,f5.cool.cool,0
18/04/2025,f5.cool.cool,0
19/04/2025,f5.cool.cool,0
20/04/2025,f5.cool.cool,0
21/04/2025,f5.cool.cool,0
22/04/2025,f5.cool.cool,0
23/04/2025,f5.cool.cool,0
24/04/2025,f5.cool.cool,0
25/04/2025,f5.cool.cool,0
26/04/2025,f5.cool.cool,0
27/04/2025,f5.cool.cool,0
28/04/2025,f5.cool.cool,0
29/04/2025,f5.cool.cool,0
30/04/2025,f5.cool.cool,0
01/05/2025,f5.cool.cool,0
02/05/2025,f5.cool.cool,0
03/05/2025,f5.cool.cool,0
04/05/2025,f5.cool.cool,0
05/05/2025,f5.cool.cool,0
06/05/2025,f5.cool.cool,1
07/05/2025,f5.cool.cool,2
08/05/2025,f5.cool.cool,3
09/05/2025,f5.cool.cool,3
10/05/2025,f5.cool.cool,3
11/05/2025,f5.cool.cool,3
12/05/2025,f5.cool.cool,4
13/05/2025,f5.cool.cool,4
14/05/2025,f5.cool.cool,4
15/05/2025,f5.cool.cool,4
16/05/2025,f5.cool.cool,4
17/05/2025,f5.cool.cool,4
18/05/2025,f5.cool.cool,4
19/05/2025,f5.cool.cool,4
20/05/2025,f5.cool.cool,4
21/05/2025,f5.cool.cool,4
22/05/2025,f5.cool.cool,4
23/05/2025,f5.cool.cool,3
24/05/2025,f5.cool.cool,3
25/05/2025,f5.cool.cool,3
26/05/2025,f5.cool.cool,3
27/05/2025,f5.cool.cool,3
01/03/2024,f5.cool.hot,0
02/03/2024,f5.cool.hot,0
03/03/2025,f5.cool.hot,0
04/03/2025,f5.cool.hot,0
05/03/2025,f5.cool.hot,0
06/03/2025,f5.cool.hot,0
07/03/2025,f5.cool.hot,0
08/03/2025,f5.cool.hot,0
09/03/2025,f5.cool.hot,0
10/03/2025,f5.cool.hot,0
11/03/2025,f5.cool.hot,0
12/03/2025,f5.cool.hot,0
13/03/2025,f5.cool.hot,0
15/03/2025,f5.cool.hot,0
16/03/2025,f5.cool.hot,0
17/03/2025,f5.cool.hot,0
18/03/2025,f5.cool.hot,1
19/03/2025,f5.cool.hot,1
20/03/2025,f5.cool.hot,1
21/03/2025,f5.cool.hot,1
22/03/2025,f5.cool.hot,1
23/03/2025,f5.cool.hot,1
24/03/2025,f5.cool.hot,1
25/03/2025,f5.cool.hot,1
26/03/2025,f5.cool.hot,1
27/03/2025,f5.cool.hot,0
28/03/2025,f5.cool.hot,1
29/03/2025,f5.cool.hot,0
30/03/2025,f5.cool.hot,0
31/03/2025,f5.cool.hot,0
01/04/2025,f5.cool.hot,1
02/04/2025,f5.cool.hot,0
03/04/2025,f5.cool.hot,0
04/04/2025,f5.cool.hot,0
05/04/2025,f5.cool.hot,0
06/04/2025,f5.cool.hot,0
07/04/2025,f5.cool.hot,0
08/04/2025,f5.cool.hot,0
09/04/2025,f5.cool.hot,0
11/04/2025,f5.cool.hot,1
12/04/2025,f5.cool.hot,1
13/04/2025,f5.cool.hot,1
14/04/2025,f5.cool.hot,1
15/04/2025,f5.cool.hot,1
16/04/2025,f5.cool.hot,1
17/04/2025,f5.cool.hot,1
18/04/2025,f5.cool.hot,1
19/04/2025,f5.cool.hot,1
20/04/2025,f5.cool.hot,0
21/04/2025,f5.cool.hot,0
22/04/2025,f5.cool.hot,0
23/04/2025,f5.cool.hot,0
24/04/2025,f5.cool.hot,0
25/04/2025,f5.cool.hot,0
26/04/2025,f5.cool.hot,0
27/04/2025,f5.cool.hot,0
28/04/2025,f5.cool.hot,0
29/04/2025,f5.cool.hot,0
30/04/2025,f5.cool.hot,0
01/05/2025,f5.cool.hot,0
02/05/2025,f5.cool.hot,0
03/05/2025,f5.cool.hot,0
04/05/2025,f5.cool.hot,0
05/05/2025,f5.cool.hot,0
06/05/2025,f5.cool.hot,0
01/03/2024,f5.cool.mean,0
02/03/2024,f5.cool.mean,0
03/03/2025,f5.cool.mean,0
04/03/2025,f5.cool.mean,0
05/03/2025,f5.cool.mean,0
06/03/2025,f5.cool.mean,0
07/03/2025,f5.cool.mean,0
08/03/2025,f5.cool.mean,0
09/03/2025,f5.cool.mean,0
10/03/2025,f5.cool.mean,0
11/03/2025,f5.cool.mean,0
12/03/2025,f5.cool.mean,0
13/03/2025,f5.cool.mean,0
14/03/2025,f5.cool.mean,0
15/03/2025,f5.cool.mean,0
16/03/2025,f5.cool.mean,0
17/03/2025,f5.cool.mean,0
18/03/2025,f5.cool.mean,0
19/03/2025,f5.cool.mean,0
20/03/2025,f5.cool.mean,0
21/03/2025,f5.cool.mean,0
22/03/2025,f5.cool.mean,0
23/03/2025,f5.cool.mean,0
24/03/2025,f5.cool.mean,0
25/03/2025,f5.cool.mean,0
26/03/2025,f5.cool.mean,0
27/03/2025,f5.cool.mean,0
28/03/2025,f5.cool.mean,0
29/03/2025,f5.cool.mean,0
30/03/2025,f5.cool.mean,0
31/03/2025,f5.cool.mean,0
01/04/2025,f5.cool.mean,0
02/04/2025,f5.cool.mean,0
03/04/2025,f5.cool.mean,0
04/04/2025,f5.cool.mean,0
05/04/2025,f5.cool.mean,0
06/04/2025,f5.cool.mean,0
07/04/2025,f5.cool.mean,0
08/04/2025,f5.cool.mean,0
10/04/2025,f5.cool.mean,0
11/04/2025,f5.cool.mean,0
12/04/2025,f5.cool.mean,0
13/04/2025,f5.cool.mean,0
14/04/2025,f5.cool.mean,0
15/04/2025,f5.cool.mean,0
16/04/2025,f5.cool.mean,0
17/04/2025,f5.cool.mean,0
18/04/2025,f5.cool.mean,0
19/04/2025,f5.cool.mean,0
20/04/2025,f5.cool.mean,0
21/04/2025,f5.cool.mean,0
22/04/2025,f5.cool.mean,0
23/04/2025,f5.cool.mean,1
24/04/2025,f5.cool.mean,1
25/04/2025,f5.cool.mean,1
26/04/2025,f5.cool.mean,2
27/04/2025,f5.cool.mean,2
28/04/2025,f5.cool.mean,2
29/04/2025,f5.cool.mean,2
30/04/2025,f5.cool.mean,2
01/05/2025,f5.cool.mean,2
02/05/2025,f5.cool.mean,2
03/05/2025,f5.cool.mean,2
04/05/2025,f5.cool.mean,2
05/05/2025,f5.cool.mean,2
06/05/2025,f5.cool.mean,2
07/05/2025,f5.cool.mean,4
08/05/2025,f5.cool.mean,4
09/05/2025,f5.cool.mean,4
10/05/2025,f5.cool.mean,4
11/05/2025,f5.cool.mean,4
12/05/2025,f5.cool.mean,4
13/05/2025,f5.cool.mean,4
14/05/2025,f5.cool.mean,4
01/03/2024,f5.cool.warm,0
02/03/2024,f5.cool.warm,0
03/03/2025,f5.cool.warm,0
04/03/2025,f5.cool.warm,0
05/03/2025,f5.cool.warm,0
06/03/2025,f5.cool.warm,0
07/03/2025,f5.cool.warm,0
08/03/2025,f5.cool.warm,0
09/03/2025,f5.cool.warm,0
10/03/2025,f5.cool.warm,0
11/03/2025,f5.cool.warm,0
12/03/2025,f5.cool.warm,0
13/03/2025,f5.cool.warm,0
14/03/2025,f5.cool.warm,0
15/03/2025,f5.cool.warm,0
16/03/2025,f5.cool.warm,0
17/03/2025,f5.cool.warm,0
18/03/2025,f5.cool.warm,0
19/03/2025,f5.cool.warm,0
20/03/2025,f5.cool.warm,0
21/03/2025,f5.cool.warm,0
22/03/2025,f5.cool.warm,0
23/03/2025,f5.cool.warm,0
24/03/2025,f5.cool.warm,0
25/03/2025,f5.cool.warm,0
26/03/2025,f5.cool.warm,0
27/03/2025,f5.cool.warm,0
28/03/2025,f5.cool.warm,0
29/03/2025,f5.cool.warm,0
30/03/2025,f5.cool.warm,0
31/03/2025,f5.cool.warm,2
01/04/2025,f5.cool.warm,2
02/04/2025,f5.cool.warm,2
03/04/2025,f5.cool.warm,2
04/04/2025,f5.cool.warm,3
05/04/2025,f5.cool.warm,3
06/04/2025,f5.cool.warm,3
07/04/2025,f5.cool.warm,3
08/04/2025,f5.cool.warm,3
09/04/2025,f5.cool.warm,3
10/04/2025,f5.cool.warm,5
11/04/2025,f5.cool.warm,5
12/04/2025,f5.cool.warm,2
13/04/2025,f5.cool.warm,2
14/04/2025,f5.cool.warm,3
15/04/2025,f5.cool.warm,6
16/04/2025,f5.cool.warm,6
17/04/2025,f5.cool.warm,6
18/04/2025,f5.cool.warm,2
19/04/2025,f5.cool.warm,3
20/04/2025,f5.cool.warm,3
21/04/2025,f5.cool.warm,2
22/04/2025,f5.cool.warm,2
23/04/2025,f5.cool.warm,2
24/04/2025,f5.cool.warm,2
25/04/2025,f5.cool.warm,2
26/04/2025,f5.cool.warm,2
27/04/2025,f5.cool.warm,2
28/04/2025,f5.cool.warm,2
29/04/2025,f5.cool.warm,2
01/03/2024,f5.mean.cold,0
02/03/2024,f5.mean.cold,0
03/03/2025,f5.mean.cold,0
04/03/2025,f5.mean.cold,0
05/03/2025,f5.mean.cold,0
06/03/2025,f5.mean.cold,0
07/03/2025,f5.mean.cold,0
08/03/2025,f5.mean.cold,0
09/03/2025,f5.mean.cold,0
10/03/2025,f5.mean.cold,0
11/03/2025,f5.mean.cold,0
12/03/2025,f5.mean.cold,0
13/03/2025,f5.mean.cold,0
14/03/2025,f5.mean.cold,0
15/03/2025,f5.mean.cold,0
16/03/2025,f5.mean.cold,0
17/03/2025,f5.mean.cold,0
18/03/2025,f5.mean.cold,0
19/03/2025,f5.mean.cold,0
20/03/2025,f5.mean.cold,0
21/03/2025,f5.mean.cold,0
22/03/2025,f5.mean.cold,0
23/03/2025,f5.mean.cold,0
24/03/2025,f5.mean.cold,0
25/03/2025,f5.mean.cold,0
26/03/2025,f5.mean.cold,0
27/03/2025,f5.mean.cold,0
28/03/2025,f5.mean.cold,0
29/03/2025,f5.mean.cold,0
30/03/2025,f5.mean.cold,0
31/03/2025,f5.mean.cold,0
01/04/2025,f5.mean.cold,0
02/04/2025,f5.mean.cold,0
03/04/2025,f5.mean.cold,0
04/04/2025,f5.mean.cold,0
05/04/2025,f5.mean.cold,0
06/04/2025,f5.mean.cold,0
07/04/2025,f5.mean.cold,0
08/04/2025,f5.mean.cold,0
10/04/2025,f5.mean.cold,0
11/04/2025,f5.mean.cold,0
12/04/2025,f5.mean.cold,0
13/04/2025,f5.mean.cold,0
14/04/2025,f5.mean.cold,0
15/04/2025,f5.mean.cold,0
16/04/2025,f5.mean.cold,0
17/04/2025,f5.mean.cold,0
18/04/2025,f5.mean.cold,0
19/04/2025,f5.mean.cold,0
20/04/2025,f5.mean.cold,0
21/04/2025,f5.mean.cold,0
22/04/2025,f5.mean.cold,0
23/04/2025,f5.mean.cold,0
24/04/2025,f5.mean.cold,0
25/04/2025,f5.mean.cold,0
26/04/2025,f5.mean.cold,0
28/04/2025,f5.mean.cold,0
29/04/2025,f5.mean.cold,0
01/05/2025,f5.mean.cold,0
02/05/2025,f5.mean.cold,0
04/05/2025,f5.mean.cold,0
05/05/2025,f5.mean.cold,0
06/05/2025,f5.mean.cold,0
07/05/2025,f5.mean.cold,0
08/05/2025,f5.mean.cold,0
10/05/2025,f5.mean.cold,0
11/05/2025,f5.mean.cold,0
12/05/2025,f5.mean.cold,0
13/05/2025,f5.mean.cold,0
14/05/2025,f5.mean.cold,0
15/05/2025,f5.mean.cold,0
16/05/2025,f5.mean.cold,0
17/05/2025,f5.mean.cold,0
18/05/2025,f5.mean.cold,0
19/05/2025,f5.mean.cold,0
20/05/2025,f5.mean.cold,0
21/05/2025,f5.mean.cold,0
22/05/2025,f5.mean.cold,0
23/05/2025,f5.mean.cold,0
24/05/2025,f5.mean.cold,0
25/05/2025,f5.mean.cold,0
26/05/2025,f5.mean.cold,0
27/05/2025,f5.mean.cold,0
28/05/2025,f5.mean.cold,0
29/05/2025,f5.mean.cold,0
30/05/2025,f5.mean.cold,0
31/05/2025,f5.mean.cold,0
01/06/2025,f5.mean.cold,0
02/06/2025,f5.mean.cold,0
03/06/2025,f5.mean.cold,0
04/06/2025,f5.mean.cold,0
05/06/2025,f5.mean.cold,0
06/06/2025,f5.mean.cold,0
07/06/2025,f5.mean.cold,0
08/06/2025,f5.mean.cold,0
09/06/2025,f5.mean.cold,0
01/03/2024,f5.mean.control,0
02/03/2024,f5.mean.control,0
03/03/2025,f5.mean.control,0
04/03/2025,f5.mean.control,0
05/03/2025,f5.mean.control,0
06/03/2025,f5.mean.control,0
07/03/2025,f5.mean.control,0
08/03/2025,f5.mean.control,0
09/03/2025,f5.mean.control,0
10/03/2025,f5.mean.control,0
11/03/2025,f5.mean.control,0
12/03/2025,f5.mean.control,0
13/03/2025,f5.mean.control,0
14/03/2025,f5.mean.control,0
15/03/2025,f5.mean.control,0
16/03/2025,f5.mean.control,0
17/03/2025,f5.mean.control,0
18/03/2025,f5.mean.control,0
19/03/2025,f5.mean.control,0
20/03/2025,f5.mean.control,0
21/03/2025,f5.mean.control,0
22/03/2025,f5.mean.control,0
23/03/2025,f5.mean.control,0
24/03/2025,f5.mean.control,0
26/03/2025,f5.mean.control,0
27/03/2025,f5.mean.control,0
28/03/2025,f5.mean.control,0
29/03/2025,f5.mean.control,0
31/03/2025,f5.mean.control,0
01/04/2025,f5.mean.control,0
02/04/2025,f5.mean.control,0
03/04/2025,f5.mean.control,1
04/04/2025,f5.mean.control,0
05/04/2025,f5.mean.control,0
06/04/2025,f5.mean.control,0
07/04/2025,f5.mean.control,1
08/04/2025,f5.mean.control,1
09/04/2025,f5.mean.control,1
11/04/2025,f5.mean.control,1
12/04/2025,f5.mean.control,1
13/04/2025,f5.mean.control,1
14/04/2025,f5.mean.control,1
15/04/2025,f5.mean.control,1
16/04/2025,f5.mean.control,1
17/04/2025,f5.mean.control,1
18/04/2025,f5.mean.control,1
19/04/2025,f5.mean.control,1
20/04/2025,f5.mean.control,1
21/04/2025,f5.mean.control,1
22/04/2025,f5.mean.control,2
23/04/2025,f5.mean.control,1
24/04/2025,f5.mean.control,1
25/04/2025,f5.mean.control,1
26/04/2025,f5.mean.control,1
01/03/2024,f5.mean.cool,0
02/03/2024,f5.mean.cool,0
03/03/2025,f5.mean.cool,0
04/03/2025,f5.mean.cool,0
05/03/2025,f5.mean.cool,0
06/03/2025,f5.mean.cool,0
07/03/2025,f5.mean.cool,0
08/03/2025,f5.mean.cool,0
09/03/2025,f5.mean.cool,0
10/03/2025,f5.mean.cool,0
11/03/2025,f5.mean.cool,0
12/03/2025,f5.mean.cool,0
13/03/2025,f5.mean.cool,0
14/03/2025,f5.mean.cool,0
15/03/2025,f5.mean.cool,0
16/03/2025,f5.mean.cool,0
17/03/2025,f5.mean.cool,0
18/03/2025,f5.mean.cool,0
19/03/2025,f5.mean.cool,0
20/03/2025,f5.mean.cool,0
21/03/2025,f5.mean.cool,0
22/03/2025,f5.mean.cool,0
24/03/2025,f5.mean.cool,0
25/03/2025,f5.mean.cool,0
26/03/2025,f5.mean.cool,0
27/03/2025,f5.mean.cool,0
28/03/2025,f5.mean.cool,0
29/03/2025,f5.mean.cool,0
30/03/2025,f5.mean.cool,0
31/03/2025,f5.mean.cool,0
01/04/2025,f5.mean.cool,0
02/04/2025,f5.mean.cool,0
03/04/2025,f5.mean.cool,0
04/04/2025,f5.mean.cool,0
05/04/2025,f5.mean.cool,0
06/04/2025,f5.mean.cool,0
07/04/2025,f5.mean.cool,0
08/04/2025,f5.mean.cool,0
09/04/2025,f5.mean.cool,0
11/04/2025,f5.mean.cool,0
12/04/2025,f5.mean.cool,0
13/04/2025,f5.mean.cool,0
14/04/2025,f5.mean.cool,0
15/04/2025,f5.mean.cool,0
16/04/2025,f5.mean.cool,0
17/04/2025,f5.mean.cool,0
18/04/2025,f5.mean.cool,0
19/04/2025,f5.mean.cool,0
20/04/2025,f5.mean.cool,0
21/04/2025,f5.mean.cool,0
22/04/2025,f5.mean.cool,0
23/04/2025,f5.mean.cool,0
24/04/2025,f5.mean.cool,0
25/04/2025,f5.mean.cool,0
26/04/2025,f5.mean.cool,0
27/04/2025,f5.mean.cool,0
28/04/2025,f5.mean.cool,0
29/04/2025,f5.mean.cool,0
30/04/2025,f5.mean.cool,0
01/05/2025,f5.mean.cool,0
02/05/2025,f5.mean.cool,0
03/05/2025,f5.mean.cool,0
04/05/2025,f5.mean.cool,0
05/05/2025,f5.mean.cool,0
06/05/2025,f5.mean.cool,1
07/05/2025,f5.mean.cool,1
08/05/2025,f5.mean.cool,1
09/05/2025,f5.mean.cool,1
10/05/2025,f5.mean.cool,1
11/05/2025,f5.mean.cool,1
12/05/2025,f5.mean.cool,1
13/05/2025,f5.mean.cool,1
14/05/2025,f5.mean.cool,1
15/05/2025,f5.mean.cool,1
16/05/2025,f5.mean.cool,1
17/05/2025,f5.mean.cool,1
18/05/2025,f5.mean.cool,1
19/05/2025,f5.mean.cool,1
20/05/2025,f5.mean.cool,1
21/05/2025,f5.mean.cool,0
22/05/2025,f5.mean.cool,1
23/05/2025,f5.mean.cool,1
24/05/2025,f5.mean.cool,1
25/05/2025,f5.mean.cool,1
26/05/2025,f5.mean.cool,1
27/05/2025,f5.mean.cool,1
01/03/2024,f5.mean.hot,0
02/03/2024,f5.mean.hot,0
03/03/2025,f5.mean.hot,0
04/03/2025,f5.mean.hot,0
05/03/2025,f5.mean.hot,0
06/03/2025,f5.mean.hot,0
07/03/2025,f5.mean.hot,0
08/03/2025,f5.mean.hot,0
09/03/2025,f5.mean.hot,0
10/03/2025,f5.mean.hot,0
11/03/2025,f5.mean.hot,0
12/03/2025,f5.mean.hot,0
13/03/2025,f5.mean.hot,0
14/03/2025,f5.mean.hot,0
15/03/2025,f5.mean.hot,0
16/03/2025,f5.mean.hot,0
17/03/2025,f5.mean.hot,0
18/03/2025,f5.mean.hot,0
19/03/2025,f5.mean.hot,0
20/03/2025,f5.mean.hot,0
21/03/2025,f5.mean.hot,0
22/03/2025,f5.mean.hot,0
23/03/2025,f5.mean.hot,0
24/03/2025,f5.mean.hot,0
25/03/2025,f5.mean.hot,0
26/03/2025,f5.mean.hot,0
27/03/2025,f5.mean.hot,0
28/03/2025,f5.mean.hot,0
29/03/2025,f5.mean.hot,0
30/03/2025,f5.mean.hot,0
31/03/2025,f5.mean.hot,0
01/04/2025,f5.mean.hot,0
02/04/2025,f5.mean.hot,0
03/04/2025,f5.mean.hot,0
04/04/2025,f5.mean.hot,0
05/04/2025,f5.mean.hot,0
06/04/2025,f5.mean.hot,0
07/04/2025,f5.mean.hot,0
08/04/2025,f5.mean.hot,0
09/04/2025,f5.mean.hot,0
11/04/2025,f5.mean.hot,0
12/04/2025,f5.mean.hot,0
13/04/2025,f5.mean.hot,0
14/04/2025,f5.mean.hot,0
15/04/2025,f5.mean.hot,0
16/04/2025,f5.mean.hot,0
17/04/2025,f5.mean.hot,0
18/04/2025,f5.mean.hot,0
19/04/2025,f5.mean.hot,0
20/04/2025,f5.mean.hot,0
21/04/2025,f5.mean.hot,0
22/04/2025,f5.mean.hot,0
23/04/2025,f5.mean.hot,0
24/04/2025,f5.mean.hot,0
25/04/2025,f5.mean.hot,0
26/04/2025,f5.mean.hot,0
27/04/2025,f5.mean.hot,0
28/04/2025,f5.mean.hot,0
29/04/2025,f5.mean.hot,0
01/05/2025,f5.mean.hot,0
02/05/2025,f5.mean.hot,0
03/05/2025,f5.mean.hot,0
04/05/2025,f5.mean.hot,0
05/05/2025,f5.mean.hot,0
06/05/2025,f5.mean.hot,0
08/05/2025,f5.mean.hot,0
09/05/2025,f5.mean.hot,0
10/05/2025,f5.mean.hot,0
11/05/2025,f5.mean.hot,0
12/05/2025,f5.mean.hot,0
14/05/2025,f5.mean.hot,0
15/05/2025,f5.mean.hot,0
16/05/2025,f5.mean.hot,0
01/03/2024,f5.mean.mean,0
02/03/2024,f5.mean.mean,0
03/03/2025,f5.mean.mean,0
04/03/2025,f5.mean.mean,0
05/03/2025,f5.mean.mean,0
06/03/2025,f5.mean.mean,0
07/03/2025,f5.mean.mean,0
08/03/2025,f5.mean.mean,0
09/03/2025,f5.mean.mean,0
10/03/2025,f5.mean.mean,0
11/03/2025,f5.mean.mean,0
12/03/2025,f5.mean.mean,0
13/03/2025,f5.mean.mean,0
14/03/2025,f5.mean.mean,0
15/03/2025,f5.mean.mean,0
16/03/2025,f5.mean.mean,0
17/03/2025,f5.mean.mean,0
18/03/2025,f5.mean.mean,0
19/03/2025,f5.mean.mean,0
20/03/2025,f5.mean.mean,0
21/03/2025,f5.mean.mean,0
22/03/2025,f5.mean.mean,0
23/03/2025,f5.mean.mean,0
24/03/2025,f5.mean.mean,0
25/03/2025,f5.mean.mean,0
26/03/2025,f5.mean.mean,0
27/03/2025,f5.mean.mean,0
28/03/2025,f5.mean.mean,0
29/03/2025,f5.mean.mean,0
30/03/2025,f5.mean.mean,0
31/03/2025,f5.mean.mean,0
01/04/2025,f5.mean.mean,0
02/04/2025,f5.mean.mean,0
03/04/2025,f5.mean.mean,0
04/04/2025,f5.mean.mean,0
05/04/2025,f5.mean.mean,0
06/04/2025,f5.mean.mean,0
07/04/2025,f5.mean.mean,0
08/04/2025,f5.mean.mean,0
10/04/2025,f5.mean.mean,0
11/04/2025,f5.mean.mean,0
12/04/2025,f5.mean.mean,0
13/04/2025,f5.mean.mean,0
14/04/2025,f5.mean.mean,0
15/04/2025,f5.mean.mean,0
16/04/2025,f5.mean.mean,0
17/04/2025,f5.mean.mean,0
18/04/2025,f5.mean.mean,0
19/04/2025,f5.mean.mean,0
20/04/2025,f5.mean.mean,0
21/04/2025,f5.mean.mean,0
22/04/2025,f5.mean.mean,0
23/04/2025,f5.mean.mean,0
24/04/2025,f5.mean.mean,0
25/04/2025,f5.mean.mean,0
26/04/2025,f5.mean.mean,0
27/04/2025,f5.mean.mean,0
28/04/2025,f5.mean.mean,0
29/04/2025,f5.mean.mean,0
30/04/2025,f5.mean.mean,0
01/05/2025,f5.mean.mean,0
02/05/2025,f5.mean.mean,0
03/05/2025,f5.mean.mean,0
04/05/2025,f5.mean.mean,0
05/05/2025,f5.mean.mean,0
06/05/2025,f5.mean.mean,0
07/05/2025,f5.mean.mean,0
08/05/2025,f5.mean.mean,0
09/05/2025,f5.mean.mean,0
10/05/2025,f5.mean.mean,0
11/05/2025,f5.mean.mean,0
12/05/2025,f5.mean.mean,0
13/05/2025,f5.mean.mean,0
14/05/2025,f5.mean.mean,0
15/05/2025,f5.mean.mean,0
16/05/2025,f5.mean.mean,0
17/05/2025,f5.mean.mean,0
18/05/2025,f5.mean.mean,0
19/05/2025,f5.mean.mean,0
20/05/2025,f5.mean.mean,0
21/05/2025,f5.mean.mean,0
22/05/2025,f5.mean.mean,0
23/05/2025,f5.mean.mean,0
24/05/2025,f5.mean.mean,0
30/05/2025,f5.mean.mean,0
01/03/2024,f5.mean.warm,0
02/03/2024,f5.mean.warm,0
03/03/2025,f5.mean.warm,0
04/03/2025,f5.mean.warm,0
05/03/2025,f5.mean.warm,0
06/03/2025,f5.mean.warm,0
07/03/2025,f5.mean.warm,0
08/03/2025,f5.mean.warm,0
09/03/2025,f5.mean.warm,0
10/03/2025,f5.mean.warm,0
11/03/2025,f5.mean.warm,0
12/03/2025,f5.mean.warm,0
13/03/2025,f5.mean.warm,0
14/03/2025,f5.mean.warm,0
15/03/2025,f5.mean.warm,0
16/03/2025,f5.mean.warm,0
17/03/2025,f5.mean.warm,0
18/03/2025,f5.mean.warm,0
19/03/2025,f5.mean.warm,0
20/03/2025,f5.mean.warm,0
21/03/2025,f5.mean.warm,0
22/03/2025,f5.mean.warm,0
23/03/2025,f5.mean.warm,0
24/03/2025,f5.mean.warm,0
25/03/2025,f5.mean.warm,0
26/03/2025,f5.mean.warm,0
27/03/2025,f5.mean.warm,0
28/03/2025,f5.mean.warm,0
29/03/2025,f5.mean.warm,0
30/03/2025,f5.mean.warm,0
31/03/2025,f5.mean.warm,0
01/04/2025,f5.mean.warm,0
02/04/2025,f5.mean.warm,0
03/04/2025,f5.mean.warm,0
04/04/2025,f5.mean.warm,0
05/04/2025,f5.mean.warm,0
06/04/2025,f5.mean.warm,0
07/04/2025,f5.mean.warm,0
08/04/2025,f5.mean.warm,0
09/04/2025,f5.mean.warm,0
10/04/2025,f5.mean.warm,0
11/04/2025,f5.mean.warm,0
12/04/2025,f5.mean.warm,0
13/04/2025,f5.mean.warm,0
14/04/2025,f5.mean.warm,0
15/04/2025,f5.mean.warm,0
16/04/2025,f5.mean.warm,0
17/04/2025,f5.mean.warm,0
18/04/2025,f5.mean.warm,0
19/04/2025,f5.mean.warm,0
20/04/2025,f5.mean.warm,0
21/04/2025,f5.mean.warm,0
22/04/2025,f5.mean.warm,0
23/04/2025,f5.mean.warm,0
24/04/2025,f5.mean.warm,0
25/04/2025,f5.mean.warm,0
26/04/2025,f5.mean.warm,0
27/04/2025,f5.mean.warm,0
28/04/2025,f5.mean.warm,0
29/04/2025,f5.mean.warm,0
30/04/2025,f5.mean.warm,0
01/05/2025,f5.mean.warm,0
02/05/2025,f5.mean.warm,0
03/05/2025,f5.mean.warm,0
04/05/2025,f5.mean.warm,0
05/05/2025,f5.mean.warm,0
06/05/2025,f5.mean.warm,0
07/05/2025,f5.mean.warm,0
08/05/2025,f5.mean.warm,0
09/05/2025,f5.mean.warm,0
10/05/2025,f5.mean.warm,0
12/05/2025,f5.mean.warm,0
13/05/2025,f5.mean.warm,0
14/05/2025,f5.mean.warm,0
15/05/2025,f5.mean.warm,0
16/05/2025,f5.mean.warm,0
17/05/2025,f5.mean.warm,0
18/05/2025,f5.mean.warm,0
19/05/2025,f5.mean.warm,0
20/05/2025,f5.mean.warm,0
21/05/2025,f5.mean.warm,0
22/05/2025,f5.mean.warm,0
23/05/2025,f5.mean.warm,0
24/05/2025,f5.mean.warm,0
30/05/2025,f5.mean.warm,0
01/03/2024,f6.control.cold,0
02/03/2024,f6.control.cold,0
03/03/2025,f6.control.cold,0
04/03/2025,f6.control.cold,0
05/03/2025,f6.control.cold,0
06/03/2025,f6.control.cold,0
07/03/2025,f6.control.cold,0
08/03/2025,f6.control.cold,0
09/03/2025,f6.control.cold,0
10/03/2025,f6.control.cold,0
11/03/2025,f6.control.cold,0
12/03/2025,f6.control.cold,0
13/03/2025,f6.control.cold,0
14/03/2025,f6.control.cold,0
15/03/2025,f6.control.cold,0
16/03/2025,f6.control.cold,0
17/03/2025,f6.control.cold,0
18/03/2025,f6.control.cold,0
19/03/2025,f6.control.cold,0
20/03/2025,f6.control.cold,0
21/03/2025,f6.control.cold,0
22/03/2025,f6.control.cold,0
23/03/2025,f6.control.cold,0
25/03/2025,f6.control.cold,0
26/03/2025,f6.control.cold,0
27/03/2025,f6.control.cold,0
28/03/2025,f6.control.cold,0
29/03/2025,f6.control.cold,0
30/03/2025,f6.control.cold,0
31/03/2025,f6.control.cold,0
01/04/2025,f6.control.cold,0
02/04/2025,f6.control.cold,0
03/04/2025,f6.control.cold,0
04/04/2025,f6.control.cold,0
05/04/2025,f6.control.cold,0
06/04/2025,f6.control.cold,0
07/04/2025,f6.control.cold,0
08/04/2025,f6.control.cold,0
10/04/2025,f6.control.cold,0
11/04/2025,f6.control.cold,0
12/04/2025,f6.control.cold,0
13/04/2025,f6.control.cold,0
14/04/2025,f6.control.cold,0
15/04/2025,f6.control.cold,0
16/04/2025,f6.control.cold,0
17/04/2025,f6.control.cold,0
18/04/2025,f6.control.cold,0
19/04/2025,f6.control.cold,0
20/04/2025,f6.control.cold,0
21/04/2025,f6.control.cold,0
22/04/2025,f6.control.cold,0
23/04/2025,f6.control.cold,0
24/04/2025,f6.control.cold,0
25/04/2025,f6.control.cold,0
26/04/2025,f6.control.cold,0
28/04/2025,f6.control.cold,0
29/04/2025,f6.control.cold,0
01/05/2025,f6.control.cold,0
02/05/2025,f6.control.cold,0
04/05/2025,f6.control.cold,0
05/05/2025,f6.control.cold,0
06/05/2025,f6.control.cold,0
07/05/2025,f6.control.cold,0
08/05/2025,f6.control.cold,0
10/05/2025,f6.control.cold,0
11/05/2025,f6.control.cold,0
12/05/2025,f6.control.cold,0
13/05/2025,f6.control.cold,0
14/05/2025,f6.control.cold,0
15/05/2025,f6.control.cold,0
16/05/2025,f6.control.cold,1
17/05/2025,f6.control.cold,1
18/05/2025,f6.control.cold,1
19/05/2025,f6.control.cold,2
20/05/2025,f6.control.cold,2
21/05/2025,f6.control.cold,2
22/05/2025,f6.control.cold,2
23/05/2025,f6.control.cold,2
24/05/2025,f6.control.cold,2
25/05/2025,f6.control.cold,2
26/05/2025,f6.control.cold,2
27/05/2025,f6.control.cold,2
28/05/2025,f6.control.cold,2
30/05/2025,f6.control.cold,2
31/05/2025,f6.control.cold,2
01/06/2025,f6.control.cold,2
02/06/2025,f6.control.cold,2
03/06/2025,f6.control.cold,2
04/06/2025,f6.control.cold,2
05/06/2025,f6.control.cold,2
06/06/2025,f6.control.cold,2
07/06/2025,f6.control.cold,2
08/06/2025,f6.control.cold,2
09/06/2025,f6.control.cold,2
01/03/2024,f6.control.control,0
02/03/2024,f6.control.control,0
03/03/2025,f6.control.control,0
04/03/2025,f6.control.control,0
05/03/2025,f6.control.control,0
06/03/2025,f6.control.control,0
07/03/2025,f6.control.control,0
08/03/2025,f6.control.control,0
09/03/2025,f6.control.control,0
10/03/2025,f6.control.control,0
11/03/2025,f6.control.control,0
12/03/2025,f6.control.control,0
13/03/2025,f6.control.control,0
14/03/2025,f6.control.control,0
15/03/2025,f6.control.control,0
16/03/2025,f6.control.control,0
17/03/2025,f6.control.control,0
18/03/2025,f6.control.control,0
19/03/2025,f6.control.control,0
20/03/2025,f6.control.control,0
21/03/2025,f6.control.control,0
22/03/2025,f6.control.control,0
23/03/2025,f6.control.control,0
24/03/2025,f6.control.control,0
26/03/2025,f6.control.control,0
27/03/2025,f6.control.control,0
28/03/2025,f6.control.control,0
29/03/2025,f6.control.control,0
30/03/2025,f6.control.control,0
31/03/2025,f6.control.control,0
01/04/2025,f6.control.control,0
02/04/2025,f6.control.control,0
03/04/2025,f6.control.control,0
04/04/2025,f6.control.control,0
05/04/2025,f6.control.control,0
06/04/2025,f6.control.control,0
07/04/2025,f6.control.control,1
08/04/2025,f6.control.control,1
09/04/2025,f6.control.control,1
11/04/2025,f6.control.control,3
12/04/2025,f6.control.control,3
13/04/2025,f6.control.control,3
14/04/2025,f6.control.control,3
15/04/2025,f6.control.control,3
16/04/2025,f6.control.control,4
17/04/2025,f6.control.control,3
18/04/2025,f6.control.control,4
19/04/2025,f6.control.control,4
20/04/2025,f6.control.control,4
21/04/2025,f6.control.control,4
22/04/2025,f6.control.control,3
23/04/2025,f6.control.control,3
24/04/2025,f6.control.control,3
25/04/2025,f6.control.control,3
26/04/2025,f6.control.control,3
01/03/2024,f6.control.cool,0
02/03/2024,f6.control.cool,0
03/03/2025,f6.control.cool,0
04/03/2025,f6.control.cool,0
05/03/2025,f6.control.cool,0
06/03/2025,f6.control.cool,0
07/03/2025,f6.control.cool,0
08/03/2025,f6.control.cool,0
09/03/2025,f6.control.cool,0
10/03/2025,f6.control.cool,0
11/03/2025,f6.control.cool,0
12/03/2025,f6.control.cool,0
13/03/2025,f6.control.cool,0
14/03/2025,f6.control.cool,0
15/03/2025,f6.control.cool,0
16/03/2025,f6.control.cool,0
17/03/2025,f6.control.cool,0
18/03/2025,f6.control.cool,0
19/03/2025,f6.control.cool,0
20/03/2025,f6.control.cool,0
21/03/2025,f6.control.cool,0
22/03/2025,f6.control.cool,0
23/03/2025,f6.control.cool,0
24/03/2025,f6.control.cool,0
25/03/2025,f6.control.cool,0
26/03/2025,f6.control.cool,0
27/03/2025,f6.control.cool,0
28/03/2025,f6.control.cool,0
29/03/2025,f6.control.cool,0
30/03/2025,f6.control.cool,0
31/03/2025,f6.control.cool,0
01/04/2025,f6.control.cool,0
02/04/2025,f6.control.cool,0
03/04/2025,f6.control.cool,0
04/04/2025,f6.control.cool,0
05/04/2025,f6.control.cool,0
06/04/2025,f6.control.cool,0
07/04/2025,f6.control.cool,0
08/04/2025,f6.control.cool,0
09/04/2025,f6.control.cool,0
11/04/2025,f6.control.cool,0
12/04/2025,f6.control.cool,0
13/04/2025,f6.control.cool,0
14/04/2025,f6.control.cool,0
15/04/2025,f6.control.cool,0
16/04/2025,f6.control.cool,0
17/04/2025,f6.control.cool,0
18/04/2025,f6.control.cool,0
19/04/2025,f6.control.cool,0
20/04/2025,f6.control.cool,0
21/04/2025,f6.control.cool,0
22/04/2025,f6.control.cool,0
23/04/2025,f6.control.cool,0
24/04/2025,f6.control.cool,0
25/04/2025,f6.control.cool,0
26/04/2025,f6.control.cool,0
27/04/2025,f6.control.cool,0
28/04/2025,f6.control.cool,0
29/04/2025,f6.control.cool,0
30/04/2025,f6.control.cool,0
01/05/2025,f6.control.cool,0
02/05/2025,f6.control.cool,0
03/05/2025,f6.control.cool,0
04/05/2025,f6.control.cool,0
05/05/2025,f6.control.cool,0
06/05/2025,f6.control.cool,0
07/05/2025,f6.control.cool,0
08/05/2025,f6.control.cool,2
09/05/2025,f6.control.cool,2
10/05/2025,f6.control.cool,2
11/05/2025,f6.control.cool,4
12/05/2025,f6.control.cool,3
13/05/2025,f6.control.cool,4
14/05/2025,f6.control.cool,4
15/05/2025,f6.control.cool,4
01/03/2024,f6.control.hot,0
02/03/2024,f6.control.hot,0
03/03/2025,f6.control.hot,0
04/03/2025,f6.control.hot,0
05/03/2025,f6.control.hot,0
06/03/2025,f6.control.hot,0
07/03/2025,f6.control.hot,0
08/03/2025,f6.control.hot,0
09/03/2025,f6.control.hot,0
10/03/2025,f6.control.hot,0
11/03/2025,f6.control.hot,0
12/03/2025,f6.control.hot,0
13/03/2025,f6.control.hot,0
14/03/2025,f6.control.hot,0
15/03/2025,f6.control.hot,0
16/03/2025,f6.control.hot,0
17/03/2025,f6.control.hot,0
18/03/2025,f6.control.hot,0
19/03/2025,f6.control.hot,0
20/03/2025,f6.control.hot,0
21/03/2025,f6.control.hot,0
22/03/2025,f6.control.hot,0
23/03/2025,f6.control.hot,0
24/03/2025,f6.control.hot,0
25/03/2025,f6.control.hot,0
26/03/2025,f6.control.hot,0
27/03/2025,f6.control.hot,0
28/03/2025,f6.control.hot,1
29/03/2025,f6.control.hot,2
30/03/2025,f6.control.hot,1
31/03/2025,f6.control.hot,3
01/04/2025,f6.control.hot,3
02/04/2025,f6.control.hot,2
03/04/2025,f6.control.hot,4
04/04/2025,f6.control.hot,4
05/04/2025,f6.control.hot,4
06/04/2025,f6.control.hot,4
07/04/2025,f6.control.hot,4
08/04/2025,f6.control.hot,4
09/04/2025,f6.control.hot,4
11/04/2025,f6.control.hot,4
12/04/2025,f6.control.hot,4
13/04/2025,f6.control.hot,4
14/04/2025,f6.control.hot,4
15/04/2025,f6.control.hot,4
16/04/2025,f6.control.hot,4
17/04/2025,f6.control.hot,5
18/04/2025,f6.control.hot,3
19/04/2025,f6.control.hot,3
20/04/2025,f6.control.hot,3
21/04/2025,f6.control.hot,3
22/04/2025,f6.control.hot,1
23/04/2025,f6.control.hot,1
24/04/2025,f6.control.hot,2
25/04/2025,f6.control.hot,2
26/04/2025,f6.control.hot,2
01/03/2024,f6.control.mean,0
02/03/2024,f6.control.mean,0
03/03/2025,f6.control.mean,0
04/03/2025,f6.control.mean,0
05/03/2025,f6.control.mean,0
06/03/2025,f6.control.mean,0
07/03/2025,f6.control.mean,0
08/03/2025,f6.control.mean,0
09/03/2025,f6.control.mean,0
10/03/2025,f6.control.mean,0
11/03/2025,f6.control.mean,0
12/03/2025,f6.control.mean,0
13/03/2025,f6.control.mean,0
14/03/2025,f6.control.mean,0
15/03/2025,f6.control.mean,0
16/03/2025,f6.control.mean,0
17/03/2025,f6.control.mean,0
18/03/2025,f6.control.mean,0
19/03/2025,f6.control.mean,0
20/03/2025,f6.control.mean,0
21/03/2025,f6.control.mean,0
22/03/2025,f6.control.mean,0
23/03/2025,f6.control.mean,0
24/03/2025,f6.control.mean,0
25/03/2025,f6.control.mean,0
26/03/2025,f6.control.mean,0
27/03/2025,f6.control.mean,0
28/03/2025,f6.control.mean,0
29/03/2025,f6.control.mean,0
30/03/2025,f6.control.mean,0
31/03/2025,f6.control.mean,0
01/04/2025,f6.control.mean,0
02/04/2025,f6.control.mean,0
03/04/2025,f6.control.mean,0
04/04/2025,f6.control.mean,0
05/04/2025,f6.control.mean,0
06/04/2025,f6.control.mean,0
07/04/2025,f6.control.mean,0
08/04/2025,f6.control.mean,0
10/04/2025,f6.control.mean,0
11/04/2025,f6.control.mean,0
12/04/2025,f6.control.mean,0
13/04/2025,f6.control.mean,0
14/04/2025,f6.control.mean,0
15/04/2025,f6.control.mean,0
16/04/2025,f6.control.mean,0
17/04/2025,f6.control.mean,0
18/04/2025,f6.control.mean,0
19/04/2025,f6.control.mean,0
20/04/2025,f6.control.mean,0
21/04/2025,f6.control.mean,0
22/04/2025,f6.control.mean,0
23/04/2025,f6.control.mean,0
24/04/2025,f6.control.mean,0
25/04/2025,f6.control.mean,0
26/04/2025,f6.control.mean,0
27/04/2025,f6.control.mean,0
28/04/2025,f6.control.mean,0
30/04/2025,f6.control.mean,1
01/05/2025,f6.control.mean,1
02/05/2025,f6.control.mean,6
07/05/2025,f6.control.mean,4
01/03/2024,f6.control.warm,0
02/03/2024,f6.control.warm,0
03/03/2025,f6.control.warm,0
04/03/2025,f6.control.warm,0
05/03/2025,f6.control.warm,0
06/03/2025,f6.control.warm,0
07/03/2025,f6.control.warm,0
08/03/2025,f6.control.warm,0
09/03/2025,f6.control.warm,0
10/03/2025,f6.control.warm,0
11/03/2025,f6.control.warm,0
12/03/2025,f6.control.warm,0
13/03/2025,f6.control.warm,0
14/03/2025,f6.control.warm,0
15/03/2025,f6.control.warm,0
16/03/2025,f6.control.warm,0
17/03/2025,f6.control.warm,0
18/03/2025,f6.control.warm,0
19/03/2025,f6.control.warm,0
20/03/2025,f6.control.warm,0
21/03/2025,f6.control.warm,0
22/03/2025,f6.control.warm,0
23/03/2025,f6.control.warm,0
24/03/2025,f6.control.warm,0
25/03/2025,f6.control.warm,0
26/03/2025,f6.control.warm,0
27/03/2025,f6.control.warm,0
28/03/2025,f6.control.warm,0
29/03/2025,f6.control.warm,0
30/03/2025,f6.control.warm,0
01/04/2025,f6.control.warm,0
02/04/2025,f6.control.warm,0
03/04/2025,f6.control.warm,0
04/04/2025,f6.control.warm,0
05/04/2025,f6.control.warm,0
06/04/2025,f6.control.warm,0
07/04/2025,f6.control.warm,0
08/04/2025,f6.control.warm,0
09/04/2025,f6.control.warm,0
10/04/2025,f6.control.warm,0
11/04/2025,f6.control.warm,2
12/04/2025,f6.control.warm,3
13/04/2025,f6.control.warm,3
14/04/2025,f6.control.warm,2
15/04/2025,f6.control.warm,3
16/04/2025,f6.control.warm,3
17/04/2025,f6.control.warm,4
18/04/2025,f6.control.warm,2
19/04/2025,f6.control.warm,2
20/04/2025,f6.control.warm,2
21/04/2025,f6.control.warm,2
22/04/2025,f6.control.warm,4
23/04/2025,f6.control.warm,4
24/04/2025,f6.control.warm,4
25/04/2025,f6.control.warm,4
26/04/2025,f6.control.warm,4
01/03/2024,f6.cool.cold,0
02/03/2024,f6.cool.cold,0
03/03/2025,f6.cool.cold,0
04/03/2025,f6.cool.cold,0
05/03/2025,f6.cool.cold,0
06/03/2025,f6.cool.cold,0
07/03/2025,f6.cool.cold,0
08/03/2025,f6.cool.cold,0
09/03/2025,f6.cool.cold,0
10/03/2025,f6.cool.cold,0
11/03/2025,f6.cool.cold,0
12/03/2025,f6.cool.cold,0
13/03/2025,f6.cool.cold,0
14/03/2025,f6.cool.cold,0
15/03/2025,f6.cool.cold,0
16/03/2025,f6.cool.cold,0
17/03/2025,f6.cool.cold,0
18/03/2025,f6.cool.cold,0
19/03/2025,f6.cool.cold,0
20/03/2025,f6.cool.cold,0
21/03/2025,f6.cool.cold,0
22/03/2025,f6.cool.cold,0
23/03/2025,f6.cool.cold,0
24/03/2025,f6.cool.cold,0
25/03/2025,f6.cool.cold,0
26/03/2025,f6.cool.cold,0
27/03/2025,f6.cool.cold,0
28/03/2025,f6.cool.cold,0
29/03/2025,f6.cool.cold,0
30/03/2025,f6.cool.cold,0
31/03/2025,f6.cool.cold,0
01/04/2025,f6.cool.cold,0
02/04/2025,f6.cool.cold,0
03/04/2025,f6.cool.cold,0
04/04/2025,f6.cool.cold,0
05/04/2025,f6.cool.cold,0
06/04/2025,f6.cool.cold,0
07/04/2025,f6.cool.cold,0
08/04/2025,f6.cool.cold,0
10/04/2025,f6.cool.cold,0
11/04/2025,f6.cool.cold,0
12/04/2025,f6.cool.cold,0
13/04/2025,f6.cool.cold,0
14/04/2025,f6.cool.cold,0
15/04/2025,f6.cool.cold,0
16/04/2025,f6.cool.cold,0
17/04/2025,f6.cool.cold,0
18/04/2025,f6.cool.cold,0
19/04/2025,f6.cool.cold,0
20/04/2025,f6.cool.cold,0
21/04/2025,f6.cool.cold,0
22/04/2025,f6.cool.cold,0
23/04/2025,f6.cool.cold,0
24/04/2025,f6.cool.cold,0
25/04/2025,f6.cool.cold,0
26/04/2025,f6.cool.cold,0
28/04/2025,f6.cool.cold,0
29/04/2025,f6.cool.cold,0
01/05/2025,f6.cool.cold,0
02/05/2025,f6.cool.cold,0
04/05/2025,f6.cool.cold,0
05/05/2025,f6.cool.cold,0
06/05/2025,f6.cool.cold,0
07/05/2025,f6.cool.cold,0
08/05/2025,f6.cool.cold,0
10/05/2025,f6.cool.cold,0
11/05/2025,f6.cool.cold,0
12/05/2025,f6.cool.cold,0
13/05/2025,f6.cool.cold,0
14/05/2025,f6.cool.cold,0
15/05/2025,f6.cool.cold,0
16/05/2025,f6.cool.cold,0
17/05/2025,f6.cool.cold,0
18/05/2025,f6.cool.cold,0
19/05/2025,f6.cool.cold,0
20/05/2025,f6.cool.cold,0
21/05/2025,f6.cool.cold,0
22/05/2025,f6.cool.cold,0
23/05/2025,f6.cool.cold,0
24/05/2025,f6.cool.cold,0
25/05/2025,f6.cool.cold,0
26/05/2025,f6.cool.cold,0
27/05/2025,f6.cool.cold,0
28/05/2025,f6.cool.cold,0
29/05/2025,f6.cool.cold,0
30/05/2025,f6.cool.cold,0
31/05/2025,f6.cool.cold,0
01/06/2025,f6.cool.cold,0
01/03/2024,f6.cool.control,0
02/03/2024,f6.cool.control,0
03/03/2025,f6.cool.control,0
04/03/2025,f6.cool.control,0
05/03/2025,f6.cool.control,0
06/03/2025,f6.cool.control,0
07/03/2025,f6.cool.control,0
08/03/2025,f6.cool.control,0
09/03/2025,f6.cool.control,0
10/03/2025,f6.cool.control,0
11/03/2025,f6.cool.control,0
12/03/2025,f6.cool.control,0
13/03/2025,f6.cool.control,0
14/03/2025,f6.cool.control,0
15/03/2025,f6.cool.control,0
16/03/2025,f6.cool.control,0
17/03/2025,f6.cool.control,0
18/03/2025,f6.cool.control,0
19/03/2025,f6.cool.control,0
20/03/2025,f6.cool.control,0
21/03/2025,f6.cool.control,0
22/03/2025,f6.cool.control,0
23/03/2025,f6.cool.control,0
24/03/2025,f6.cool.control,0
25/03/2025,f6.cool.control,0
26/03/2025,f6.cool.control,0
27/03/2025,f6.cool.control,0
28/03/2025,f6.cool.control,0
29/03/2025,f6.cool.control,0
30/03/2025,f6.cool.control,0
31/03/2025,f6.cool.control,0
01/04/2025,f6.cool.control,0
02/04/2025,f6.cool.control,0
03/04/2025,f6.cool.control,0
04/04/2025,f6.cool.control,0
05/04/2025,f6.cool.control,0
06/04/2025,f6.cool.control,0
07/04/2025,f6.cool.control,0
08/04/2025,f6.cool.control,0
09/04/2025,f6.cool.control,0
11/04/2025,f6.cool.control,0
12/04/2025,f6.cool.control,0
13/04/2025,f6.cool.control,0
14/04/2025,f6.cool.control,0
15/04/2025,f6.cool.control,0
16/04/2025,f6.cool.control,0
17/04/2025,f6.cool.control,0
18/04/2025,f6.cool.control,0
19/04/2025,f6.cool.control,0
20/04/2025,f6.cool.control,0
21/04/2025,f6.cool.control,0
22/04/2025,f6.cool.control,0
23/04/2025,f6.cool.control,0
24/04/2025,f6.cool.control,0
25/04/2025,f6.cool.control,0
26/04/2025,f6.cool.control,0
27/04/2025,f6.cool.control,0
28/04/2025,f6.cool.control,0
29/04/2025,f6.cool.control,0
30/04/2025,f6.cool.control,0
01/05/2025,f6.cool.control,0
02/05/2025,f6.cool.control,0
03/05/2025,f6.cool.control,0
04/05/2025,f6.cool.control,0
05/05/2025,f6.cool.control,0
06/05/2025,f6.cool.control,0
07/05/2025,f6.cool.control,0
10/05/2025,f6.cool.control,0
11/05/2025,f6.cool.control,0
12/05/2025,f6.cool.control,0
13/05/2025,f6.cool.control,0
15/05/2025,f6.cool.control,0
01/03/2024,f6.cool.cool,0
02/03/2024,f6.cool.cool,0
03/03/2025,f6.cool.cool,0
04/03/2025,f6.cool.cool,0
05/03/2025,f6.cool.cool,0
06/03/2025,f6.cool.cool,0
07/03/2025,f6.cool.cool,0
08/03/2025,f6.cool.cool,0
09/03/2025,f6.cool.cool,0
10/03/2025,f6.cool.cool,0
11/03/2025,f6.cool.cool,0
12/03/2025,f6.cool.cool,0
13/03/2025,f6.cool.cool,0
14/03/2025,f6.cool.cool,0
15/03/2025,f6.cool.cool,0
16/03/2025,f6.cool.cool,0
17/03/2025,f6.cool.cool,0
18/03/2025,f6.cool.cool,0
19/03/2025,f6.cool.cool,0
20/03/2025,f6.cool.cool,0
21/03/2025,f6.cool.cool,0
22/03/2025,f6.cool.cool,0
23/03/2025,f6.cool.cool,0
24/03/2025,f6.cool.cool,0
25/03/2025,f6.cool.cool,0
26/03/2025,f6.cool.cool,0
27/03/2025,f6.cool.cool,0
28/03/2025,f6.cool.cool,0
29/03/2025,f6.cool.cool,0
30/03/2025,f6.cool.cool,0
31/03/2025,f6.cool.cool,0
01/04/2025,f6.cool.cool,0
02/04/2025,f6.cool.cool,0
03/04/2025,f6.cool.cool,0
04/04/2025,f6.cool.cool,0
05/04/2025,f6.cool.cool,0
06/04/2025,f6.cool.cool,0
07/04/2025,f6.cool.cool,0
08/04/2025,f6.cool.cool,0
09/04/2025,f6.cool.cool,0
11/04/2025,f6.cool.cool,0
12/04/2025,f6.cool.cool,0
13/04/2025,f6.cool.cool,0
14/04/2025,f6.cool.cool,0
15/04/2025,f6.cool.cool,0
16/04/2025,f6.cool.cool,0
17/04/2025,f6.cool.cool,0
18/04/2025,f6.cool.cool,0
19/04/2025,f6.cool.cool,0
20/04/2025,f6.cool.cool,0
21/04/2025,f6.cool.cool,0
22/04/2025,f6.cool.cool,0
23/04/2025,f6.cool.cool,0
24/04/2025,f6.cool.cool,0
25/04/2025,f6.cool.cool,0
26/04/2025,f6.cool.cool,0
27/04/2025,f6.cool.cool,0
28/04/2025,f6.cool.cool,0
29/04/2025,f6.cool.cool,0
30/04/2025,f6.cool.cool,0
01/05/2025,f6.cool.cool,0
02/05/2025,f6.cool.cool,0
03/05/2025,f6.cool.cool,0
04/05/2025,f6.cool.cool,0
06/05/2025,f6.cool.cool,0
07/05/2025,f6.cool.cool,0
08/05/2025,f6.cool.cool,0
10/05/2025,f6.cool.cool,0
11/05/2025,f6.cool.cool,0
12/05/2025,f6.cool.cool,0
13/05/2025,f6.cool.cool,0
14/05/2025,f6.cool.cool,0
15/05/2025,f6.cool.cool,0
16/05/2025,f6.cool.cool,0
17/05/2025,f6.cool.cool,0
18/05/2025,f6.cool.cool,0
19/05/2025,f6.cool.cool,0
20/05/2025,f6.cool.cool,0
21/05/2025,f6.cool.cool,0
22/05/2025,f6.cool.cool,0
23/05/2025,f6.cool.cool,0
24/05/2025,f6.cool.cool,0
25/05/2025,f6.cool.cool,0
26/05/2025,f6.cool.cool,0
27/05/2025,f6.cool.cool,0
28/05/2025,f6.cool.cool,0
29/05/2025,f6.cool.cool,0
30/05/2025,f6.cool.cool,0
31/05/2025,f6.cool.cool,0
01/06/2025,f6.cool.cool,0
02/06/2025,f6.cool.cool,0
01/03/2024,f6.cool.hot,0
02/03/2024,f6.cool.hot,0
03/03/2025,f6.cool.hot,0
04/03/2025,f6.cool.hot,0
05/03/2025,f6.cool.hot,0
06/03/2025,f6.cool.hot,0
07/03/2025,f6.cool.hot,0
08/03/2025,f6.cool.hot,0
09/03/2025,f6.cool.hot,0
10/03/2025,f6.cool.hot,0
11/03/2025,f6.cool.hot,0
12/03/2025,f6.cool.hot,0
13/03/2025,f6.cool.hot,0
14/03/2025,f6.cool.hot,0
15/03/2025,f6.cool.hot,0
16/03/2025,f6.cool.hot,0
17/03/2025,f6.cool.hot,0
18/03/2025,f6.cool.hot,0
19/03/2025,f6.cool.hot,0
20/03/2025,f6.cool.hot,0
21/03/2025,f6.cool.hot,0
22/03/2025,f6.cool.hot,0
23/03/2025,f6.cool.hot,0
24/03/2025,f6.cool.hot,0
25/03/2025,f6.cool.hot,0
26/03/2025,f6.cool.hot,0
27/03/2025,f6.cool.hot,0
28/03/2025,f6.cool.hot,0
29/03/2025,f6.cool.hot,0
30/03/2025,f6.cool.hot,0
31/03/2025,f6.cool.hot,0
01/04/2025,f6.cool.hot,0
02/04/2025,f6.cool.hot,0
03/04/2025,f6.cool.hot,0
04/04/2025,f6.cool.hot,0
05/04/2025,f6.cool.hot,0
06/04/2025,f6.cool.hot,0
07/04/2025,f6.cool.hot,0
08/04/2025,f6.cool.hot,0
09/04/2025,f6.cool.hot,0
11/04/2025,f6.cool.hot,1
12/04/2025,f6.cool.hot,1
13/04/2025,f6.cool.hot,1
14/04/2025,f6.cool.hot,1
15/04/2025,f6.cool.hot,1
16/04/2025,f6.cool.hot,0
17/04/2025,f6.cool.hot,1
18/04/2025,f6.cool.hot,0
19/04/2025,f6.cool.hot,0
20/04/2025,f6.cool.hot,0
21/04/2025,f6.cool.hot,0
22/04/2025,f6.cool.hot,0
23/04/2025,f6.cool.hot,0
24/04/2025,f6.cool.hot,0
25/04/2025,f6.cool.hot,1
26/04/2025,f6.cool.hot,0
27/04/2025,f6.cool.hot,0
28/04/2025,f6.cool.hot,0
29/04/2025,f6.cool.hot,0
01/05/2025,f6.cool.hot,0
02/05/2025,f6.cool.hot,0
03/05/2025,f6.cool.hot,0
04/05/2025,f6.cool.hot,0
05/05/2025,f6.cool.hot,0
06/05/2025,f6.cool.hot,0
01/03/2024,f6.cool.mean,0
02/03/2024,f6.cool.mean,0
03/03/2025,f6.cool.mean,0
04/03/2025,f6.cool.mean,0
05/03/2025,f6.cool.mean,0
06/03/2025,f6.cool.mean,0
07/03/2025,f6.cool.mean,0
08/03/2025,f6.cool.mean,0
09/03/2025,f6.cool.mean,0
10/03/2025,f6.cool.mean,0
11/03/2025,f6.cool.mean,0
12/03/2025,f6.cool.mean,0
13/03/2025,f6.cool.mean,0
14/03/2025,f6.cool.mean,0
15/03/2025,f6.cool.mean,0
16/03/2025,f6.cool.mean,0
17/03/2025,f6.cool.mean,0
18/03/2025,f6.cool.mean,0
19/03/2025,f6.cool.mean,0
20/03/2025,f6.cool.mean,0
21/03/2025,f6.cool.mean,0
22/03/2025,f6.cool.mean,0
23/03/2025,f6.cool.mean,0
24/03/2025,f6.cool.mean,0
25/03/2025,f6.cool.mean,0
26/03/2025,f6.cool.mean,0
27/03/2025,f6.cool.mean,0
28/03/2025,f6.cool.mean,0
29/03/2025,f6.cool.mean,0
30/03/2025,f6.cool.mean,0
31/03/2025,f6.cool.mean,0
01/04/2025,f6.cool.mean,0
02/04/2025,f6.cool.mean,0
03/04/2025,f6.cool.mean,0
04/04/2025,f6.cool.mean,0
05/04/2025,f6.cool.mean,0
06/04/2025,f6.cool.mean,0
07/04/2025,f6.cool.mean,0
08/04/2025,f6.cool.mean,0
10/04/2025,f6.cool.mean,0
11/04/2025,f6.cool.mean,0
12/04/2025,f6.cool.mean,0
13/04/2025,f6.cool.mean,0
14/04/2025,f6.cool.mean,0
15/04/2025,f6.cool.mean,0
16/04/2025,f6.cool.mean,0
17/04/2025,f6.cool.mean,0
18/04/2025,f6.cool.mean,0
19/04/2025,f6.cool.mean,0
20/04/2025,f6.cool.mean,0
21/04/2025,f6.cool.mean,0
22/04/2025,f6.cool.mean,0
23/04/2025,f6.cool.mean,0
24/04/2025,f6.cool.mean,0
25/04/2025,f6.cool.mean,0
26/04/2025,f6.cool.mean,0
27/04/2025,f6.cool.mean,0
28/04/2025,f6.cool.mean,0
29/04/2025,f6.cool.mean,0
30/04/2025,f6.cool.mean,0
01/05/2025,f6.cool.mean,0
02/05/2025,f6.cool.mean,0
03/05/2025,f6.cool.mean,0
04/05/2025,f6.cool.mean,0
05/05/2025,f6.cool.mean,0
06/05/2025,f6.cool.mean,0
07/05/2025,f6.cool.mean,0
08/05/2025,f6.cool.mean,0
09/05/2025,f6.cool.mean,0
10/05/2025,f6.cool.mean,0
11/05/2025,f6.cool.mean,0
12/05/2025,f6.cool.mean,0
13/05/2025,f6.cool.mean,0
14/05/2025,f6.cool.mean,0
15/05/2025,f6.cool.mean,0
16/05/2025,f6.cool.mean,0
17/05/2025,f6.cool.mean,0
18/05/2025,f6.cool.mean,0
19/05/2025,f6.cool.mean,0
20/05/2025,f6.cool.mean,0
21/05/2025,f6.cool.mean,0
22/05/2025,f6.cool.mean,0
23/05/2025,f6.cool.mean,0
24/05/2025,f6.cool.mean,0
30/05/2025,f6.cool.mean,0
01/03/2024,f6.cool.warm,0
02/03/2024,f6.cool.warm,0
03/03/2025,f6.cool.warm,0
04/03/2025,f6.cool.warm,0
05/03/2025,f6.cool.warm,0
06/03/2025,f6.cool.warm,0
07/03/2025,f6.cool.warm,0
08/03/2025,f6.cool.warm,0
09/03/2025,f6.cool.warm,0
10/03/2025,f6.cool.warm,0
11/03/2025,f6.cool.warm,0
12/03/2025,f6.cool.warm,0
13/03/2025,f6.cool.warm,0
14/03/2025,f6.cool.warm,0
15/03/2025,f6.cool.warm,0
16/03/2025,f6.cool.warm,0
17/03/2025,f6.cool.warm,0
18/03/2025,f6.cool.warm,0
19/03/2025,f6.cool.warm,0
20/03/2025,f6.cool.warm,0
21/03/2025,f6.cool.warm,0
22/03/2025,f6.cool.warm,0
23/03/2025,f6.cool.warm,0
24/03/2025,f6.cool.warm,0
25/03/2025,f6.cool.warm,0
26/03/2025,f6.cool.warm,0
27/03/2025,f6.cool.warm,0
28/03/2025,f6.cool.warm,0
29/03/2025,f6.cool.warm,0
30/03/2025,f6.cool.warm,0
01/04/2025,f6.cool.warm,0
02/04/2025,f6.cool.warm,0
03/04/2025,f6.cool.warm,0
04/04/2025,f6.cool.warm,0
05/04/2025,f6.cool.warm,0
06/04/2025,f6.cool.warm,0
07/04/2025,f6.cool.warm,0
08/04/2025,f6.cool.warm,0
09/04/2025,f6.cool.warm,0
10/04/2025,f6.cool.warm,0
11/04/2025,f6.cool.warm,0
12/04/2025,f6.cool.warm,0
13/04/2025,f6.cool.warm,0
14/04/2025,f6.cool.warm,0
15/04/2025,f6.cool.warm,0
16/04/2025,f6.cool.warm,0
17/04/2025,f6.cool.warm,0
18/04/2025,f6.cool.warm,0
19/04/2025,f6.cool.warm,0
21/04/2025,f6.cool.warm,0
22/04/2025,f6.cool.warm,0
23/04/2025,f6.cool.warm,0
24/04/2025,f6.cool.warm,0
25/04/2025,f6.cool.warm,0
26/04/2025,f6.cool.warm,0
27/04/2025,f6.cool.warm,0
28/04/2025,f6.cool.warm,0
30/04/2025,f6.cool.warm,0
01/05/2025,f6.cool.warm,0
02/05/2025,f6.cool.warm,0
03/05/2025,f6.cool.warm,0
04/05/2025,f6.cool.warm,0
05/05/2025,f6.cool.warm,0
06/05/2025,f6.cool.warm,0
07/05/2025,f6.cool.warm,0
01/03/2024,f6.mean.cold,0
02/03/2024,f6.mean.cold,0
03/03/2025,f6.mean.cold,0
04/03/2025,f6.mean.cold,0
05/03/2025,f6.mean.cold,0
06/03/2025,f6.mean.cold,0
07/03/2025,f6.mean.cold,0
08/03/2025,f6.mean.cold,0
09/03/2025,f6.mean.cold,0
10/03/2025,f6.mean.cold,0
11/03/2025,f6.mean.cold,0
12/03/2025,f6.mean.cold,0
13/03/2025,f6.mean.cold,0
14/03/2025,f6.mean.cold,0
15/03/2025,f6.mean.cold,0
16/03/2025,f6.mean.cold,0
17/03/2025,f6.mean.cold,0
18/03/2025,f6.mean.cold,0
19/03/2025,f6.mean.cold,0
20/03/2025,f6.mean.cold,0
21/03/2025,f6.mean.cold,0
22/03/2025,f6.mean.cold,0
23/03/2025,f6.mean.cold,0
24/03/2025,f6.mean.cold,0
25/03/2025,f6.mean.cold,0
26/03/2025,f6.mean.cold,0
27/03/2025,f6.mean.cold,0
28/03/2025,f6.mean.cold,0
29/03/2025,f6.mean.cold,0
30/03/2025,f6.mean.cold,0
31/03/2025,f6.mean.cold,0
01/04/2025,f6.mean.cold,0
02/04/2025,f6.mean.cold,0
03/04/2025,f6.mean.cold,0
04/04/2025,f6.mean.cold,0
05/04/2025,f6.mean.cold,0
06/04/2025,f6.mean.cold,0
07/04/2025,f6.mean.cold,0
08/04/2025,f6.mean.cold,0
10/04/2025,f6.mean.cold,0
11/04/2025,f6.mean.cold,0
12/04/2025,f6.mean.cold,0
13/04/2025,f6.mean.cold,0
14/04/2025,f6.mean.cold,0
15/04/2025,f6.mean.cold,0
16/04/2025,f6.mean.cold,0
17/04/2025,f6.mean.cold,0
18/04/2025,f6.mean.cold,0
19/04/2025,f6.mean.cold,0
20/04/2025,f6.mean.cold,0
21/04/2025,f6.mean.cold,0
22/04/2025,f6.mean.cold,0
23/04/2025,f6.mean.cold,0
24/04/2025,f6.mean.cold,0
25/04/2025,f6.mean.cold,0
26/04/2025,f6.mean.cold,0
28/04/2025,f6.mean.cold,0
29/04/2025,f6.mean.cold,0
01/05/2025,f6.mean.cold,0
02/05/2025,f6.mean.cold,0
04/05/2025,f6.mean.cold,0
05/05/2025,f6.mean.cold,0
06/05/2025,f6.mean.cold,0
07/05/2025,f6.mean.cold,0
08/05/2025,f6.mean.cold,0
10/05/2025,f6.mean.cold,0
11/05/2025,f6.mean.cold,0
12/05/2025,f6.mean.cold,0
13/05/2025,f6.mean.cold,0
14/05/2025,f6.mean.cold,0
15/05/2025,f6.mean.cold,0
16/05/2025,f6.mean.cold,3
17/05/2025,f6.mean.cold,7
18/05/2025,f6.mean.cold,13
19/05/2025,f6.mean.cold,17
20/05/2025,f6.mean.cold,18
21/05/2025,f6.mean.cold,19
22/05/2025,f6.mean.cold,20
01/03/2024,f6.mean.control,0
02/03/2024,f6.mean.control,0
03/03/2025,f6.mean.control,0
04/03/2025,f6.mean.control,0
05/03/2025,f6.mean.control,0
06/03/2025,f6.mean.control,0
07/03/2025,f6.mean.control,0
08/03/2025,f6.mean.control,0
09/03/2025,f6.mean.control,0
10/03/2025,f6.mean.control,0
11/03/2025,f6.mean.control,0
12/03/2025,f6.mean.control,0
13/03/2025,f6.mean.control,0
14/03/2025,f6.mean.control,0
15/03/2025,f6.mean.control,0
16/03/2025,f6.mean.control,0
17/03/2025,f6.mean.control,0
18/03/2025,f6.mean.control,0
19/03/2025,f6.mean.control,0
20/03/2025,f6.mean.control,0
21/03/2025,f6.mean.control,0
22/03/2025,f6.mean.control,0
23/03/2025,f6.mean.control,0
24/03/2025,f6.mean.control,0
26/03/2025,f6.mean.control,0
27/03/2025,f6.mean.control,0
28/03/2025,f6.mean.control,0
29/03/2025,f6.mean.control,0
30/03/2025,f6.mean.control,0
31/03/2025,f6.mean.control,0
01/04/2025,f6.mean.control,0
02/04/2025,f6.mean.control,0
03/04/2025,f6.mean.control,0
04/04/2025,f6.mean.control,0
05/04/2025,f6.mean.control,3
06/04/2025,f6.mean.control,4
07/04/2025,f6.mean.control,10
08/04/2025,f6.mean.control,10
09/04/2025,f6.mean.control,10
11/04/2025,f6.mean.control,13
12/04/2025,f6.mean.control,13
13/04/2025,f6.mean.control,13
14/04/2025,f6.mean.control,13
15/04/2025,f6.mean.control,13
16/04/2025,f6.mean.control,13
17/04/2025,f6.mean.control,13
18/04/2025,f6.mean.control,11
19/04/2025,f6.mean.control,11
20/04/2025,f6.mean.control,12
21/04/2025,f6.mean.control,10
22/04/2025,f6.mean.control,10
23/04/2025,f6.mean.control,9
24/04/2025,f6.mean.control,8
25/04/2025,f6.mean.control,8
26/04/2025,f6.mean.control,7
27/04/2025,f6.mean.control,7
28/04/2025,f6.mean.control,7
29/04/2025,f6.mean.control,7
30/04/2025,f6.mean.control,7
01/03/2024,f6.mean.cool,0
02/03/2024,f6.mean.cool,0
03/03/2025,f6.mean.cool,0
04/03/2025,f6.mean.cool,0
05/03/2025,f6.mean.cool,0
06/03/2025,f6.mean.cool,0
07/03/2025,f6.mean.cool,0
08/03/2025,f6.mean.cool,0
09/03/2025,f6.mean.cool,0
10/03/2025,f6.mean.cool,0
11/03/2025,f6.mean.cool,0
12/03/2025,f6.mean.cool,0
13/03/2025,f6.mean.cool,0
14/03/2025,f6.mean.cool,0
15/03/2025,f6.mean.cool,0
16/03/2025,f6.mean.cool,0
17/03/2025,f6.mean.cool,0
18/03/2025,f6.mean.cool,0
19/03/2025,f6.mean.cool,0
20/03/2025,f6.mean.cool,0
21/03/2025,f6.mean.cool,0
22/03/2025,f6.mean.cool,0
23/03/2025,f6.mean.cool,0
24/03/2025,f6.mean.cool,0
25/03/2025,f6.mean.cool,0
26/03/2025,f6.mean.cool,0
27/03/2025,f6.mean.cool,0
28/03/2025,f6.mean.cool,0
29/03/2025,f6.mean.cool,0
30/03/2025,f6.mean.cool,0
31/03/2025,f6.mean.cool,0
01/04/2025,f6.mean.cool,0
02/04/2025,f6.mean.cool,0
03/04/2025,f6.mean.cool,0
04/04/2025,f6.mean.cool,0
05/04/2025,f6.mean.cool,0
06/04/2025,f6.mean.cool,0
07/04/2025,f6.mean.cool,0
08/04/2025,f6.mean.cool,0
09/04/2025,f6.mean.cool,0
11/04/2025,f6.mean.cool,0
12/04/2025,f6.mean.cool,0
13/04/2025,f6.mean.cool,0
14/04/2025,f6.mean.cool,0
15/04/2025,f6.mean.cool,0
16/04/2025,f6.mean.cool,0
17/04/2025,f6.mean.cool,0
18/04/2025,f6.mean.cool,0
19/04/2025,f6.mean.cool,0
20/04/2025,f6.mean.cool,0
21/04/2025,f6.mean.cool,0
22/04/2025,f6.mean.cool,0
23/04/2025,f6.mean.cool,0
24/04/2025,f6.mean.cool,0
25/04/2025,f6.mean.cool,0
26/04/2025,f6.mean.cool,0
27/04/2025,f6.mean.cool,0
28/04/2025,f6.mean.cool,0
29/04/2025,f6.mean.cool,0
30/04/2025,f6.mean.cool,0
01/05/2025,f6.mean.cool,0
02/05/2025,f6.mean.cool,0
03/05/2025,f6.mean.cool,0
04/05/2025,f6.mean.cool,0
05/05/2025,f6.mean.cool,0
06/05/2025,f6.mean.cool,0
07/05/2025,f6.mean.cool,0
08/05/2025,f6.mean.cool,2
09/05/2025,f6.mean.cool,2
10/05/2025,f6.mean.cool,2
11/05/2025,f6.mean.cool,2
12/05/2025,f6.mean.cool,3
13/05/2025,f6.mean.cool,3
14/05/2025,f6.mean.cool,5
15/05/2025,f6.mean.cool,5
16/05/2025,f6.mean.cool,5
17/05/2025,f6.mean.cool,6
18/05/2025,f6.mean.cool,4
19/05/2025,f6.mean.cool,4
20/05/2025,f6.mean.cool,4
21/05/2025,f6.mean.cool,4
22/05/2025,f6.mean.cool,4
23/05/2025,f6.mean.cool,4
24/05/2025,f6.mean.cool,3
25/05/2025,f6.mean.cool,3
26/05/2025,f6.mean.cool,3
27/05/2025,f6.mean.cool,3
28/05/2025,f6.mean.cool,4
30/05/2025,f6.mean.cool,4
31/05/2025,f6.mean.cool,4
01/06/2025,f6.mean.cool,4
02/06/2025,f6.mean.cool,4
01/03/2024,f6.mean.hot,0
02/03/2024,f6.mean.hot,0
03/03/2025,f6.mean.hot,0
04/03/2025,f6.mean.hot,0
05/03/2025,f6.mean.hot,0
06/03/2025,f6.mean.hot,0
07/03/2025,f6.mean.hot,0
08/03/2025,f6.mean.hot,0
09/03/2025,f6.mean.hot,0
10/03/2025,f6.mean.hot,0
11/03/2025,f6.mean.hot,0
12/03/2025,f6.mean.hot,0
13/03/2025,f6.mean.hot,0
14/03/2025,f6.mean.hot,0
15/03/2025,f6.mean.hot,0
16/03/2025,f6.mean.hot,0
17/03/2025,f6.mean.hot,0
18/03/2025,f6.mean.hot,0
19/03/2025,f6.mean.hot,1
20/03/2025,f6.mean.hot,1
21/03/2025,f6.mean.hot,1
22/03/2025,f6.mean.hot,3
23/03/2025,f6.mean.hot,2
24/03/2025,f6.mean.hot,2
25/03/2025,f6.mean.hot,5
26/03/2025,f6.mean.hot,3
27/03/2025,f6.mean.hot,3
28/03/2025,f6.mean.hot,6
29/03/2025,f6.mean.hot,3
30/03/2025,f6.mean.hot,5
31/03/2025,f6.mean.hot,10
01/04/2025,f6.mean.hot,8
02/04/2025,f6.mean.hot,8
03/04/2025,f6.mean.hot,7
04/04/2025,f6.mean.hot,7
05/04/2025,f6.mean.hot,7
06/04/2025,f6.mean.hot,9
07/04/2025,f6.mean.hot,9
08/04/2025,f6.mean.hot,9
09/04/2025,f6.mean.hot,9
11/04/2025,f6.mean.hot,6
12/04/2025,f6.mean.hot,3
13/04/2025,f6.mean.hot,3
14/04/2025,f6.mean.hot,3
15/04/2025,f6.mean.hot,3
16/04/2025,f6.mean.hot,3
17/04/2025,f6.mean.hot,3
18/04/2025,f6.mean.hot,4
19/04/2025,f6.mean.hot,3
20/04/2025,f6.mean.hot,3
21/04/2025,f6.mean.hot,3
22/04/2025,f6.mean.hot,3
23/04/2025,f6.mean.hot,3
24/04/2025,f6.mean.hot,3
25/04/2025,f6.mean.hot,2
26/04/2025,f6.mean.hot,2
01/03/2024,f6.mean.mean,0
02/03/2024,f6.mean.mean,0
03/03/2025,f6.mean.mean,0
04/03/2025,f6.mean.mean,0
05/03/2025,f6.mean.mean,0
06/03/2025,f6.mean.mean,0
07/03/2025,f6.mean.mean,0
08/03/2025,f6.mean.mean,0
09/03/2025,f6.mean.mean,0
10/03/2025,f6.mean.mean,0
11/03/2025,f6.mean.mean,0
12/03/2025,f6.mean.mean,0
13/03/2025,f6.mean.mean,0
14/03/2025,f6.mean.mean,0
15/03/2025,f6.mean.mean,0
16/03/2025,f6.mean.mean,0
17/03/2025,f6.mean.mean,0
18/03/2025,f6.mean.mean,0
19/03/2025,f6.mean.mean,0
20/03/2025,f6.mean.mean,0
21/03/2025,f6.mean.mean,0
22/03/2025,f6.mean.mean,0
23/03/2025,f6.mean.mean,0
24/03/2025,f6.mean.mean,0
25/03/2025,f6.mean.mean,0
26/03/2025,f6.mean.mean,0
27/03/2025,f6.mean.mean,0
28/03/2025,f6.mean.mean,0
29/03/2025,f6.mean.mean,0
30/03/2025,f6.mean.mean,0
31/03/2025,f6.mean.mean,0
01/04/2025,f6.mean.mean,0
02/04/2025,f6.mean.mean,0
03/04/2025,f6.mean.mean,0
04/04/2025,f6.mean.mean,0
05/04/2025,f6.mean.mean,0
06/04/2025,f6.mean.mean,0
07/04/2025,f6.mean.mean,0
08/04/2025,f6.mean.mean,0
10/04/2025,f6.mean.mean,0
11/04/2025,f6.mean.mean,0
12/04/2025,f6.mean.mean,0
13/04/2025,f6.mean.mean,0
14/04/2025,f6.mean.mean,0
15/04/2025,f6.mean.mean,0
16/04/2025,f6.mean.mean,0
17/04/2025,f6.mean.mean,0
18/04/2025,f6.mean.mean,0
19/04/2025,f6.mean.mean,0
20/04/2025,f6.mean.mean,0
21/04/2025,f6.mean.mean,0
22/04/2025,f6.mean.mean,0
23/04/2025,f6.mean.mean,0
24/04/2025,f6.mean.mean,2
25/04/2025,f6.mean.mean,6
26/04/2025,f6.mean.mean,6
27/04/2025,f6.mean.mean,11
28/04/2025,f6.mean.mean,11
29/04/2025,f6.mean.mean,10
30/04/2025,f6.mean.mean,16
01/05/2025,f6.mean.mean,16
02/05/2025,f6.mean.mean,14
03/05/2025,f6.mean.mean,14
04/05/2025,f6.mean.mean,14
05/05/2025,f6.mean.mean,14
06/05/2025,f6.mean.mean,14
07/05/2025,f6.mean.mean,11
08/05/2025,f6.mean.mean,14
09/05/2025,f6.mean.mean,14
10/05/2025,f6.mean.mean,14
11/05/2025,f6.mean.mean,14
12/05/2025,f6.mean.mean,10
13/05/2025,f6.mean.mean,12
14/05/2025,f6.mean.mean,12
01/03/2024,f6.mean.warm,0
02/03/2024,f6.mean.warm,0
03/03/2025,f6.mean.warm,0
04/03/2025,f6.mean.warm,0
05/03/2025,f6.mean.warm,0
06/03/2025,f6.mean.warm,0
07/03/2025,f6.mean.warm,0
08/03/2025,f6.mean.warm,0
09/03/2025,f6.mean.warm,0
10/03/2025,f6.mean.warm,0
11/03/2025,f6.mean.warm,0
12/03/2025,f6.mean.warm,0
13/03/2025,f6.mean.warm,0
14/03/2025,f6.mean.warm,0
15/03/2025,f6.mean.warm,0
16/03/2025,f6.mean.warm,0
17/03/2025,f6.mean.warm,0
18/03/2025,f6.mean.warm,0
19/03/2025,f6.mean.warm,0
20/03/2025,f6.mean.warm,0
21/03/2025,f6.mean.warm,0
22/03/2025,f6.mean.warm,0
23/03/2025,f6.mean.warm,0
24/03/2025,f6.mean.warm,0
25/03/2025,f6.mean.warm,0
26/03/2025,f6.mean.warm,0
27/03/2025,f6.mean.warm,0
28/03/2025,f6.mean.warm,0
29/03/2025,f6.mean.warm,0
30/03/2025,f6.mean.warm,0
01/04/2025,f6.mean.warm,1
02/04/2025,f6.mean.warm,1
03/04/2025,f6.mean.warm,1
04/04/2025,f6.mean.warm,2
05/04/2025,f6.mean.warm,4
06/04/2025,f6.mean.warm,4
07/04/2025,f6.mean.warm,4
08/04/2025,f6.mean.warm,7
09/04/2025,f6.mean.warm,7
10/04/2025,f6.mean.warm,6
11/04/2025,f6.mean.warm,9
12/04/2025,f6.mean.warm,9
13/04/2025,f6.mean.warm,9
14/04/2025,f6.mean.warm,9
15/04/2025,f6.mean.warm,12
16/04/2025,f6.mean.warm,12
17/04/2025,f6.mean.warm,12
18/04/2025,f6.mean.warm,9
19/04/2025,f6.mean.warm,8
20/04/2025,f6.mean.warm,12
21/04/2025,f6.mean.warm,5
22/04/2025,f6.mean.warm,9
23/04/2025,f6.mean.warm,NA
24/04/2025,f6.mean.warm,10
25/04/2025,f6.mean.warm,10
26/04/2025,f6.mean.warm,10
30/04/2025,f6.mean.warm,7
01/03/2024,f7.control.cold,0
02/03/2024,f7.control.cold,0
03/03/2025,f7.control.cold,0
04/03/2025,f7.control.cold,0
05/03/2025,f7.control.cold,0
06/03/2025,f7.control.cold,0
07/03/2025,f7.control.cold,0
08/03/2025,f7.control.cold,0
09/03/2025,f7.control.cold,0
10/03/2025,f7.control.cold,0
11/03/2025,f7.control.cold,0
12/03/2025,f7.control.cold,0
13/03/2025,f7.control.cold,0
14/03/2025,f7.control.cold,0
15/03/2025,f7.control.cold,0
16/03/2025,f7.control.cold,0
17/03/2025,f7.control.cold,0
18/03/2025,f7.control.cold,0
19/03/2025,f7.control.cold,0
20/03/2025,f7.control.cold,0
21/03/2025,f7.control.cold,0
22/03/2025,f7.control.cold,0
23/03/2025,f7.control.cold,0
24/03/2025,f7.control.cold,0
25/03/2025,f7.control.cold,0
26/03/2025,f7.control.cold,0
27/03/2025,f7.control.cold,0
28/03/2025,f7.control.cold,0
29/03/2025,f7.control.cold,0
30/03/2025,f7.control.cold,0
31/03/2025,f7.control.cold,0
01/04/2025,f7.control.cold,0
02/04/2025,f7.control.cold,0
03/04/2025,f7.control.cold,0
04/04/2025,f7.control.cold,0
05/04/2025,f7.control.cold,0
06/04/2025,f7.control.cold,0
07/04/2025,f7.control.cold,0
08/04/2025,f7.control.cold,0
10/04/2025,f7.control.cold,0
11/04/2025,f7.control.cold,0
12/04/2025,f7.control.cold,0
13/04/2025,f7.control.cold,0
14/04/2025,f7.control.cold,0
15/04/2025,f7.control.cold,0
16/04/2025,f7.control.cold,0
17/04/2025,f7.control.cold,0
18/04/2025,f7.control.cold,0
19/04/2025,f7.control.cold,0
20/04/2025,f7.control.cold,0
21/04/2025,f7.control.cold,0
22/04/2025,f7.control.cold,0
23/04/2025,f7.control.cold,0
24/04/2025,f7.control.cold,0
25/04/2025,f7.control.cold,0
26/04/2025,f7.control.cold,0
28/04/2025,f7.control.cold,0
29/04/2025,f7.control.cold,0
01/05/2025,f7.control.cold,0
02/05/2025,f7.control.cold,0
04/05/2025,f7.control.cold,0
05/05/2025,f7.control.cold,0
06/05/2025,f7.control.cold,0
07/05/2025,f7.control.cold,0
08/05/2025,f7.control.cold,0
10/05/2025,f7.control.cold,0
12/05/2025,f7.control.cold,0
13/05/2025,f7.control.cold,0
14/05/2025,f7.control.cold,0
15/05/2025,f7.control.cold,0
16/05/2025,f7.control.cold,0
17/05/2025,f7.control.cold,0
18/05/2025,f7.control.cold,0
19/05/2025,f7.control.cold,0
20/05/2025,f7.control.cold,0
21/05/2025,f7.control.cold,0
22/05/2025,f7.control.cold,0
23/05/2025,f7.control.cold,0
24/05/2025,f7.control.cold,0
25/05/2025,f7.control.cold,0
26/05/2025,f7.control.cold,0
27/05/2025,f7.control.cold,0
28/05/2025,f7.control.cold,0
29/05/2025,f7.control.cold,0
30/05/2025,f7.control.cold,0
01/03/2024,f7.control.control,0
02/03/2024,f7.control.control,0
03/03/2025,f7.control.control,0
04/03/2025,f7.control.control,0
05/03/2025,f7.control.control,0
06/03/2025,f7.control.control,0
07/03/2025,f7.control.control,0
08/03/2025,f7.control.control,0
09/03/2025,f7.control.control,0
10/03/2025,f7.control.control,0
11/03/2025,f7.control.control,0
12/03/2025,f7.control.control,0
13/03/2025,f7.control.control,0
14/03/2025,f7.control.control,0
15/03/2025,f7.control.control,0
16/03/2025,f7.control.control,0
17/03/2025,f7.control.control,0
18/03/2025,f7.control.control,0
19/03/2025,f7.control.control,0
20/03/2025,f7.control.control,0
21/03/2025,f7.control.control,0
22/03/2025,f7.control.control,0
23/03/2025,f7.control.control,0
24/03/2025,f7.control.control,0
26/03/2025,f7.control.control,0
27/03/2025,f7.control.control,0
28/03/2025,f7.control.control,0
29/03/2025,f7.control.control,0
30/03/2025,f7.control.control,0
31/03/2025,f7.control.control,0
01/04/2025,f7.control.control,0
02/04/2025,f7.control.control,0
03/04/2025,f7.control.control,0
04/04/2025,f7.control.control,0
05/04/2025,f7.control.control,0
06/04/2025,f7.control.control,0
07/04/2025,f7.control.control,0
08/04/2025,f7.control.control,0
09/04/2025,f7.control.control,0
11/04/2025,f7.control.control,0
12/04/2025,f7.control.control,0
13/04/2025,f7.control.control,0
14/04/2025,f7.control.control,0
15/04/2025,f7.control.control,0
16/04/2025,f7.control.control,0
17/04/2025,f7.control.control,0
18/04/2025,f7.control.control,0
19/04/2025,f7.control.control,0
20/04/2025,f7.control.control,0
21/04/2025,f7.control.control,0
22/04/2025,f7.control.control,0
23/04/2025,f7.control.control,0
24/04/2025,f7.control.control,0
25/04/2025,f7.control.control,0
26/04/2025,f7.control.control,0
27/04/2025,f7.control.control,0
28/04/2025,f7.control.control,0
29/04/2025,f7.control.control,0
30/04/2025,f7.control.control,0
01/05/2025,f7.control.control,0
02/05/2025,f7.control.control,0
03/05/2025,f7.control.control,0
04/05/2025,f7.control.control,0
05/05/2025,f7.control.control,0
06/05/2025,f7.control.control,0
07/05/2025,f7.control.control,0
10/05/2025,f7.control.control,0
11/05/2025,f7.control.control,0
12/05/2025,f7.control.control,0
13/05/2025,f7.control.control,0
15/05/2025,f7.control.control,0
01/03/2024,f7.control.cool,0
02/03/2024,f7.control.cool,0
03/03/2025,f7.control.cool,0
04/03/2025,f7.control.cool,0
05/03/2025,f7.control.cool,0
06/03/2025,f7.control.cool,0
07/03/2025,f7.control.cool,0
08/03/2025,f7.control.cool,0
09/03/2025,f7.control.cool,0
10/03/2025,f7.control.cool,0
11/03/2025,f7.control.cool,0
12/03/2025,f7.control.cool,0
13/03/2025,f7.control.cool,0
14/03/2025,f7.control.cool,0
15/03/2025,f7.control.cool,0
16/03/2025,f7.control.cool,0
17/03/2025,f7.control.cool,0
18/03/2025,f7.control.cool,0
19/03/2025,f7.control.cool,0
20/03/2025,f7.control.cool,0
21/03/2025,f7.control.cool,0
22/03/2025,f7.control.cool,0
23/03/2025,f7.control.cool,0
24/03/2025,f7.control.cool,0
25/03/2025,f7.control.cool,0
26/03/2025,f7.control.cool,0
27/03/2025,f7.control.cool,0
28/03/2025,f7.control.cool,0
29/03/2025,f7.control.cool,0
30/03/2025,f7.control.cool,0
31/03/2025,f7.control.cool,0
01/04/2025,f7.control.cool,0
02/04/2025,f7.control.cool,0
03/04/2025,f7.control.cool,0
04/04/2025,f7.control.cool,0
05/04/2025,f7.control.cool,0
06/04/2025,f7.control.cool,0
07/04/2025,f7.control.cool,0
08/04/2025,f7.control.cool,0
11/04/2025,f7.control.cool,0
12/04/2025,f7.control.cool,0
13/04/2025,f7.control.cool,0
14/04/2025,f7.control.cool,0
15/04/2025,f7.control.cool,0
16/04/2025,f7.control.cool,0
17/04/2025,f7.control.cool,0
18/04/2025,f7.control.cool,0
19/04/2025,f7.control.cool,0
20/04/2025,f7.control.cool,0
21/04/2025,f7.control.cool,0
22/04/2025,f7.control.cool,0
23/04/2025,f7.control.cool,0
24/04/2025,f7.control.cool,0
25/04/2025,f7.control.cool,0
26/04/2025,f7.control.cool,0
27/04/2025,f7.control.cool,0
28/04/2025,f7.control.cool,0
29/04/2025,f7.control.cool,0
30/04/2025,f7.control.cool,0
01/05/2025,f7.control.cool,0
02/05/2025,f7.control.cool,0
03/05/2025,f7.control.cool,0
04/05/2025,f7.control.cool,0
06/05/2025,f7.control.cool,0
07/05/2025,f7.control.cool,0
08/05/2025,f7.control.cool,0
09/05/2025,f7.control.cool,0
10/05/2025,f7.control.cool,0
11/05/2025,f7.control.cool,0
13/05/2025,f7.control.cool,0
14/05/2025,f7.control.cool,0
15/05/2025,f7.control.cool,0
16/05/2025,f7.control.cool,0
17/05/2025,f7.control.cool,0
18/05/2025,f7.control.cool,0
19/05/2025,f7.control.cool,0
20/05/2025,f7.control.cool,0
21/05/2025,f7.control.cool,0
22/05/2025,f7.control.cool,0
23/05/2025,f7.control.cool,0
24/05/2025,f7.control.cool,0
25/05/2025,f7.control.cool,0
26/05/2025,f7.control.cool,0
27/05/2025,f7.control.cool,0
28/05/2025,f7.control.cool,0
29/05/2025,f7.control.cool,0
01/03/2024,f7.control.hot,0
02/03/2024,f7.control.hot,0
03/03/2025,f7.control.hot,0
04/03/2025,f7.control.hot,0
05/03/2025,f7.control.hot,0
06/03/2025,f7.control.hot,0
07/03/2025,f7.control.hot,0
08/03/2025,f7.control.hot,0
09/03/2025,f7.control.hot,0
10/03/2025,f7.control.hot,0
11/03/2025,f7.control.hot,0
12/03/2025,f7.control.hot,0
13/03/2025,f7.control.hot,0
14/03/2025,f7.control.hot,0
15/03/2025,f7.control.hot,0
16/03/2025,f7.control.hot,0
17/03/2025,f7.control.hot,0
18/03/2025,f7.control.hot,0
19/03/2025,f7.control.hot,0
20/03/2025,f7.control.hot,0
21/03/2025,f7.control.hot,0
22/03/2025,f7.control.hot,0
23/03/2025,f7.control.hot,0
24/03/2025,f7.control.hot,0
25/03/2025,f7.control.hot,0
26/03/2025,f7.control.hot,0
27/03/2025,f7.control.hot,0
28/03/2025,f7.control.hot,0
29/03/2025,f7.control.hot,0
30/03/2025,f7.control.hot,0
31/03/2025,f7.control.hot,0
01/04/2025,f7.control.hot,0
02/04/2025,f7.control.hot,0
03/04/2025,f7.control.hot,0
04/04/2025,f7.control.hot,0
05/04/2025,f7.control.hot,0
06/04/2025,f7.control.hot,0
07/04/2025,f7.control.hot,0
08/04/2025,f7.control.hot,0
09/04/2025,f7.control.hot,0
11/04/2025,f7.control.hot,0
12/04/2025,f7.control.hot,0
13/04/2025,f7.control.hot,0
14/04/2025,f7.control.hot,0
15/04/2025,f7.control.hot,0
16/04/2025,f7.control.hot,0
17/04/2025,f7.control.hot,0
18/04/2025,f7.control.hot,0
19/04/2025,f7.control.hot,0
20/04/2025,f7.control.hot,0
21/04/2025,f7.control.hot,0
22/04/2025,f7.control.hot,0
23/04/2025,f7.control.hot,0
24/04/2025,f7.control.hot,0
25/04/2025,f7.control.hot,0
26/04/2025,f7.control.hot,0
27/04/2025,f7.control.hot,0
28/04/2025,f7.control.hot,0
29/04/2025,f7.control.hot,0
30/04/2025,f7.control.hot,0
01/05/2025,f7.control.hot,0
02/05/2025,f7.control.hot,0
03/05/2025,f7.control.hot,0
04/05/2025,f7.control.hot,0
05/05/2025,f7.control.hot,0
06/05/2025,f7.control.hot,0
01/03/2024,f7.control.mean,0
02/03/2024,f7.control.mean,0
03/03/2025,f7.control.mean,0
04/03/2025,f7.control.mean,0
05/03/2025,f7.control.mean,0
06/03/2025,f7.control.mean,0
07/03/2025,f7.control.mean,0
08/03/2025,f7.control.mean,0
09/03/2025,f7.control.mean,0
10/03/2025,f7.control.mean,0
11/03/2025,f7.control.mean,0
12/03/2025,f7.control.mean,0
13/03/2025,f7.control.mean,0
14/03/2025,f7.control.mean,0
15/03/2025,f7.control.mean,0
16/03/2025,f7.control.mean,0
17/03/2025,f7.control.mean,0
18/03/2025,f7.control.mean,0
19/03/2025,f7.control.mean,0
20/03/2025,f7.control.mean,0
21/03/2025,f7.control.mean,0
22/03/2025,f7.control.mean,0
23/03/2025,f7.control.mean,0
24/03/2025,f7.control.mean,0
25/03/2025,f7.control.mean,0
26/03/2025,f7.control.mean,0
27/03/2025,f7.control.mean,0
28/03/2025,f7.control.mean,0
29/03/2025,f7.control.mean,0
30/03/2025,f7.control.mean,0
31/03/2025,f7.control.mean,0
01/04/2025,f7.control.mean,0
02/04/2025,f7.control.mean,0
03/04/2025,f7.control.mean,0
04/04/2025,f7.control.mean,0
05/04/2025,f7.control.mean,0
06/04/2025,f7.control.mean,0
07/04/2025,f7.control.mean,0
08/04/2025,f7.control.mean,0
10/04/2025,f7.control.mean,0
11/04/2025,f7.control.mean,0
12/04/2025,f7.control.mean,0
13/04/2025,f7.control.mean,0
14/04/2025,f7.control.mean,0
15/04/2025,f7.control.mean,0
16/04/2025,f7.control.mean,0
17/04/2025,f7.control.mean,0
18/04/2025,f7.control.mean,0
20/04/2025,f7.control.mean,0
21/04/2025,f7.control.mean,0
22/04/2025,f7.control.mean,0
23/04/2025,f7.control.mean,0
24/04/2025,f7.control.mean,0
25/04/2025,f7.control.mean,0
26/04/2025,f7.control.mean,0
27/04/2025,f7.control.mean,0
28/04/2025,f7.control.mean,0
29/04/2025,f7.control.mean,0
30/04/2025,f7.control.mean,0
01/05/2025,f7.control.mean,0
02/05/2025,f7.control.mean,0
03/05/2025,f7.control.mean,0
04/05/2025,f7.control.mean,0
05/05/2025,f7.control.mean,0
06/05/2025,f7.control.mean,0
07/05/2025,f7.control.mean,0
08/05/2025,f7.control.mean,0
09/05/2025,f7.control.mean,0
10/05/2025,f7.control.mean,0
12/05/2025,f7.control.mean,0
13/05/2025,f7.control.mean,0
14/05/2025,f7.control.mean,0
15/05/2025,f7.control.mean,0
16/05/2025,f7.control.mean,0
17/05/2025,f7.control.mean,0
18/05/2025,f7.control.mean,0
19/05/2025,f7.control.mean,0
20/05/2025,f7.control.mean,0
21/05/2025,f7.control.mean,0
22/05/2025,f7.control.mean,0
23/05/2025,f7.control.mean,0
24/05/2025,f7.control.mean,0
30/05/2025,f7.control.mean,0
01/03/2024,f7.control.warm,0
02/03/2024,f7.control.warm,0
03/03/2025,f7.control.warm,0
04/03/2025,f7.control.warm,0
05/03/2025,f7.control.warm,0
06/03/2025,f7.control.warm,0
07/03/2025,f7.control.warm,0
08/03/2025,f7.control.warm,0
09/03/2025,f7.control.warm,0
10/03/2025,f7.control.warm,0
11/03/2025,f7.control.warm,0
12/03/2025,f7.control.warm,0
13/03/2025,f7.control.warm,0
14/03/2025,f7.control.warm,0
15/03/2025,f7.control.warm,0
16/03/2025,f7.control.warm,0
17/03/2025,f7.control.warm,0
18/03/2025,f7.control.warm,0
19/03/2025,f7.control.warm,0
20/03/2025,f7.control.warm,0
21/03/2025,f7.control.warm,0
22/03/2025,f7.control.warm,0
23/03/2025,f7.control.warm,0
24/03/2025,f7.control.warm,0
25/03/2025,f7.control.warm,0
26/03/2025,f7.control.warm,0
27/03/2025,f7.control.warm,0
28/03/2025,f7.control.warm,0
29/03/2025,f7.control.warm,0
30/03/2025,f7.control.warm,0
31/03/2025,f7.control.warm,0
01/04/2025,f7.control.warm,0
02/04/2025,f7.control.warm,0
03/04/2025,f7.control.warm,0
04/04/2025,f7.control.warm,0
05/04/2025,f7.control.warm,0
06/04/2025,f7.control.warm,0
07/04/2025,f7.control.warm,0
08/04/2025,f7.control.warm,0
09/04/2025,f7.control.warm,0
10/04/2025,f7.control.warm,0
11/04/2025,f7.control.warm,0
12/04/2025,f7.control.warm,0
13/04/2025,f7.control.warm,0
14/04/2025,f7.control.warm,0
15/04/2025,f7.control.warm,0
16/04/2025,f7.control.warm,0
17/04/2025,f7.control.warm,0
18/04/2025,f7.control.warm,0
19/04/2025,f7.control.warm,0
20/04/2025,f7.control.warm,0
21/04/2025,f7.control.warm,0
22/04/2025,f7.control.warm,0
23/04/2025,f7.control.warm,0
24/04/2025,f7.control.warm,0
25/04/2025,f7.control.warm,0
26/04/2025,f7.control.warm,0
27/04/2025,f7.control.warm,0
28/04/2025,f7.control.warm,0
29/04/2025,f7.control.warm,0
30/04/2025,f7.control.warm,0
01/05/2025,f7.control.warm,0
02/05/2025,f7.control.warm,0
03/05/2025,f7.control.warm,0
04/05/2025,f7.control.warm,0
05/05/2025,f7.control.warm,0
06/05/2025,f7.control.warm,0
07/05/2025,f7.control.warm,0
01/03/2024,f7.cool.cold,0
02/03/2024,f7.cool.cold,0
03/03/2025,f7.cool.cold,0
04/03/2025,f7.cool.cold,0
05/03/2025,f7.cool.cold,0
06/03/2025,f7.cool.cold,0
07/03/2025,f7.cool.cold,0
08/03/2025,f7.cool.cold,0
09/03/2025,f7.cool.cold,0
10/03/2025,f7.cool.cold,0
11/03/2025,f7.cool.cold,0
12/03/2025,f7.cool.cold,0
13/03/2025,f7.cool.cold,0
14/03/2025,f7.cool.cold,0
15/03/2025,f7.cool.cold,0
16/03/2025,f7.cool.cold,0
17/03/2025,f7.cool.cold,0
18/03/2025,f7.cool.cold,0
19/03/2025,f7.cool.cold,0
20/03/2025,f7.cool.cold,0
21/03/2025,f7.cool.cold,0
22/03/2025,f7.cool.cold,0
23/03/2025,f7.cool.cold,0
24/03/2025,f7.cool.cold,0
25/03/2025,f7.cool.cold,0
26/03/2025,f7.cool.cold,0
27/03/2025,f7.cool.cold,0
28/03/2025,f7.cool.cold,0
29/03/2025,f7.cool.cold,0
30/03/2025,f7.cool.cold,0
31/03/2025,f7.cool.cold,0
01/04/2025,f7.cool.cold,0
02/04/2025,f7.cool.cold,0
03/04/2025,f7.cool.cold,0
04/04/2025,f7.cool.cold,0
05/04/2025,f7.cool.cold,0
06/04/2025,f7.cool.cold,0
07/04/2025,f7.cool.cold,0
08/04/2025,f7.cool.cold,0
10/04/2025,f7.cool.cold,0
11/04/2025,f7.cool.cold,0
12/04/2025,f7.cool.cold,0
13/04/2025,f7.cool.cold,0
14/04/2025,f7.cool.cold,0
15/04/2025,f7.cool.cold,0
16/04/2025,f7.cool.cold,0
17/04/2025,f7.cool.cold,0
18/04/2025,f7.cool.cold,0
19/04/2025,f7.cool.cold,0
20/04/2025,f7.cool.cold,0
21/04/2025,f7.cool.cold,0
22/04/2025,f7.cool.cold,0
23/04/2025,f7.cool.cold,0
24/04/2025,f7.cool.cold,0
25/04/2025,f7.cool.cold,0
26/04/2025,f7.cool.cold,0
28/04/2025,f7.cool.cold,0
29/04/2025,f7.cool.cold,0
01/05/2025,f7.cool.cold,0
02/05/2025,f7.cool.cold,0
04/05/2025,f7.cool.cold,0
05/05/2025,f7.cool.cold,0
06/05/2025,f7.cool.cold,0
07/05/2025,f7.cool.cold,0
08/05/2025,f7.cool.cold,0
10/05/2025,f7.cool.cold,0
11/05/2025,f7.cool.cold,0
12/05/2025,f7.cool.cold,0
13/05/2025,f7.cool.cold,0
14/05/2025,f7.cool.cold,0
15/05/2025,f7.cool.cold,0
16/05/2025,f7.cool.cold,0
17/05/2025,f7.cool.cold,0
18/05/2025,f7.cool.cold,0
19/05/2025,f7.cool.cold,0
20/05/2025,f7.cool.cold,0
21/05/2025,f7.cool.cold,1
22/05/2025,f7.cool.cold,1
23/05/2025,f7.cool.cold,11
24/05/2025,f7.cool.cold,13
25/05/2025,f7.cool.cold,15
26/05/2025,f7.cool.cold,15
27/05/2025,f7.cool.cold,15
28/05/2025,f7.cool.cold,16
29/05/2025,f7.cool.cold,16
30/05/2025,f7.cool.cold,16
31/05/2025,f7.cool.cold,16
01/06/2025,f7.cool.cold,16
02/06/2025,f7.cool.cold,16
03/06/2025,f7.cool.cold,16
04/06/2025,f7.cool.cold,16
05/06/2025,f7.cool.cold,16
01/03/2024,f7.cool.control,0
02/03/2024,f7.cool.control,0
03/03/2025,f7.cool.control,0
04/03/2025,f7.cool.control,0
05/03/2025,f7.cool.control,0
06/03/2025,f7.cool.control,0
07/03/2025,f7.cool.control,0
08/03/2025,f7.cool.control,0
09/03/2025,f7.cool.control,0
10/03/2025,f7.cool.control,0
11/03/2025,f7.cool.control,0
12/03/2025,f7.cool.control,0
13/03/2025,f7.cool.control,0
14/03/2025,f7.cool.control,0
15/03/2025,f7.cool.control,0
16/03/2025,f7.cool.control,0
17/03/2025,f7.cool.control,0
18/03/2025,f7.cool.control,0
19/03/2025,f7.cool.control,0
20/03/2025,f7.cool.control,0
21/03/2025,f7.cool.control,0
22/03/2025,f7.cool.control,0
23/03/2025,f7.cool.control,0
24/03/2025,f7.cool.control,0
26/03/2025,f7.cool.control,0
27/03/2025,f7.cool.control,0
28/03/2025,f7.cool.control,0
29/03/2025,f7.cool.control,0
30/03/2025,f7.cool.control,0
31/03/2025,f7.cool.control,0
01/04/2025,f7.cool.control,0
02/04/2025,f7.cool.control,0
03/04/2025,f7.cool.control,0
04/04/2025,f7.cool.control,0
05/04/2025,f7.cool.control,0
06/04/2025,f7.cool.control,0
07/04/2025,f7.cool.control,0
08/04/2025,f7.cool.control,0
09/04/2025,f7.cool.control,1
11/04/2025,f7.cool.control,5
12/04/2025,f7.cool.control,9
13/04/2025,f7.cool.control,12
14/04/2025,f7.cool.control,12
15/04/2025,f7.cool.control,12
16/04/2025,f7.cool.control,10
17/04/2025,f7.cool.control,10
18/04/2025,f7.cool.control,10
19/04/2025,f7.cool.control,10
20/04/2025,f7.cool.control,10
21/04/2025,f7.cool.control,10
22/04/2025,f7.cool.control,10
23/04/2025,f7.cool.control,13
24/04/2025,f7.cool.control,10
25/04/2025,f7.cool.control,10
26/04/2025,f7.cool.control,6
01/03/2024,f7.cool.cool,0
02/03/2024,f7.cool.cool,0
03/03/2025,f7.cool.cool,0
04/03/2025,f7.cool.cool,0
05/03/2025,f7.cool.cool,0
06/03/2025,f7.cool.cool,0
07/03/2025,f7.cool.cool,0
08/03/2025,f7.cool.cool,0
09/03/2025,f7.cool.cool,0
10/03/2025,f7.cool.cool,0
11/03/2025,f7.cool.cool,0
12/03/2025,f7.cool.cool,0
13/03/2025,f7.cool.cool,0
14/03/2025,f7.cool.cool,0
15/03/2025,f7.cool.cool,0
16/03/2025,f7.cool.cool,0
17/03/2025,f7.cool.cool,0
18/03/2025,f7.cool.cool,0
19/03/2025,f7.cool.cool,0
20/03/2025,f7.cool.cool,0
21/03/2025,f7.cool.cool,0
22/03/2025,f7.cool.cool,0
24/03/2025,f7.cool.cool,0
25/03/2025,f7.cool.cool,0
26/03/2025,f7.cool.cool,0
27/03/2025,f7.cool.cool,0
28/03/2025,f7.cool.cool,0
29/03/2025,f7.cool.cool,0
30/03/2025,f7.cool.cool,0
31/03/2025,f7.cool.cool,0
01/04/2025,f7.cool.cool,0
02/04/2025,f7.cool.cool,0
03/04/2025,f7.cool.cool,0
04/04/2025,f7.cool.cool,0
05/04/2025,f7.cool.cool,0
06/04/2025,f7.cool.cool,0
07/04/2025,f7.cool.cool,0
08/04/2025,f7.cool.cool,0
09/04/2025,f7.cool.cool,0
11/04/2025,f7.cool.cool,0
12/04/2025,f7.cool.cool,0
13/04/2025,f7.cool.cool,0
14/04/2025,f7.cool.cool,0
15/04/2025,f7.cool.cool,0
16/04/2025,f7.cool.cool,0
17/04/2025,f7.cool.cool,0
18/04/2025,f7.cool.cool,0
19/04/2025,f7.cool.cool,0
20/04/2025,f7.cool.cool,0
21/04/2025,f7.cool.cool,0
22/04/2025,f7.cool.cool,0
23/04/2025,f7.cool.cool,0
24/04/2025,f7.cool.cool,0
25/04/2025,f7.cool.cool,0
26/04/2025,f7.cool.cool,0
27/04/2025,f7.cool.cool,0
28/04/2025,f7.cool.cool,0
29/04/2025,f7.cool.cool,0
30/04/2025,f7.cool.cool,0
01/05/2025,f7.cool.cool,0
02/05/2025,f7.cool.cool,0
03/05/2025,f7.cool.cool,0
04/05/2025,f7.cool.cool,0
05/05/2025,f7.cool.cool,0
06/05/2025,f7.cool.cool,0
07/05/2025,f7.cool.cool,0
08/05/2025,f7.cool.cool,0
10/05/2025,f7.cool.cool,0
11/05/2025,f7.cool.cool,0
12/05/2025,f7.cool.cool,1
13/05/2025,f7.cool.cool,7
14/05/2025,f7.cool.cool,8
15/05/2025,f7.cool.cool,13
16/05/2025,f7.cool.cool,13
17/05/2025,f7.cool.cool,14
18/05/2025,f7.cool.cool,15
19/05/2025,f7.cool.cool,15
20/05/2025,f7.cool.cool,14
21/05/2025,f7.cool.cool,12
01/03/2024,f7.cool.hot,0
02/03/2024,f7.cool.hot,0
03/03/2025,f7.cool.hot,0
04/03/2025,f7.cool.hot,0
05/03/2025,f7.cool.hot,0
06/03/2025,f7.cool.hot,0
07/03/2025,f7.cool.hot,0
08/03/2025,f7.cool.hot,0
09/03/2025,f7.cool.hot,0
10/03/2025,f7.cool.hot,0
11/03/2025,f7.cool.hot,0
12/03/2025,f7.cool.hot,0
13/03/2025,f7.cool.hot,0
14/03/2025,f7.cool.hot,0
15/03/2025,f7.cool.hot,0
16/03/2025,f7.cool.hot,0
17/03/2025,f7.cool.hot,0
18/03/2025,f7.cool.hot,0
19/03/2025,f7.cool.hot,0
20/03/2025,f7.cool.hot,0
21/03/2025,f7.cool.hot,0
22/03/2025,f7.cool.hot,0
23/03/2025,f7.cool.hot,0
24/03/2025,f7.cool.hot,0
25/03/2025,f7.cool.hot,0
26/03/2025,f7.cool.hot,0
27/03/2025,f7.cool.hot,0
28/03/2025,f7.cool.hot,0
29/03/2025,f7.cool.hot,0
30/03/2025,f7.cool.hot,0
31/03/2025,f7.cool.hot,0
01/04/2025,f7.cool.hot,0
02/04/2025,f7.cool.hot,2
03/04/2025,f7.cool.hot,6
04/04/2025,f7.cool.hot,6
05/04/2025,f7.cool.hot,9
06/04/2025,f7.cool.hot,9
07/04/2025,f7.cool.hot,9
08/04/2025,f7.cool.hot,9
09/04/2025,f7.cool.hot,9
11/04/2025,f7.cool.hot,8
12/04/2025,f7.cool.hot,12
13/04/2025,f7.cool.hot,12
14/04/2025,f7.cool.hot,12
15/04/2025,f7.cool.hot,10
16/04/2025,f7.cool.hot,10
17/04/2025,f7.cool.hot,10
18/04/2025,f7.cool.hot,6
19/04/2025,f7.cool.hot,0
20/04/2025,f7.cool.hot,8
21/04/2025,f7.cool.hot,10
22/04/2025,f7.cool.hot,10
23/04/2025,f7.cool.hot,8
24/04/2025,f7.cool.hot,8
25/04/2025,f7.cool.hot,10
26/04/2025,f7.cool.hot,10
01/03/2024,f7.cool.mean,0
02/03/2024,f7.cool.mean,0
03/03/2025,f7.cool.mean,0
04/03/2025,f7.cool.mean,0
05/03/2025,f7.cool.mean,0
06/03/2025,f7.cool.mean,0
07/03/2025,f7.cool.mean,0
08/03/2025,f7.cool.mean,0
09/03/2025,f7.cool.mean,0
10/03/2025,f7.cool.mean,0
11/03/2025,f7.cool.mean,0
12/03/2025,f7.cool.mean,0
13/03/2025,f7.cool.mean,0
14/03/2025,f7.cool.mean,0
15/03/2025,f7.cool.mean,0
16/03/2025,f7.cool.mean,0
17/03/2025,f7.cool.mean,0
18/03/2025,f7.cool.mean,0
19/03/2025,f7.cool.mean,0
20/03/2025,f7.cool.mean,0
21/03/2025,f7.cool.mean,0
22/03/2025,f7.cool.mean,0
23/03/2025,f7.cool.mean,0
24/03/2025,f7.cool.mean,0
25/03/2025,f7.cool.mean,0
26/03/2025,f7.cool.mean,0
27/03/2025,f7.cool.mean,0
28/03/2025,f7.cool.mean,0
29/03/2025,f7.cool.mean,0
30/03/2025,f7.cool.mean,0
31/03/2025,f7.cool.mean,0
01/04/2025,f7.cool.mean,0
02/04/2025,f7.cool.mean,0
03/04/2025,f7.cool.mean,0
04/04/2025,f7.cool.mean,0
05/04/2025,f7.cool.mean,0
06/04/2025,f7.cool.mean,0
07/04/2025,f7.cool.mean,0
08/04/2025,f7.cool.mean,0
10/04/2025,f7.cool.mean,0
11/04/2025,f7.cool.mean,0
12/04/2025,f7.cool.mean,0
13/04/2025,f7.cool.mean,0
14/04/2025,f7.cool.mean,0
15/04/2025,f7.cool.mean,0
16/04/2025,f7.cool.mean,0
17/04/2025,f7.cool.mean,0
18/04/2025,f7.cool.mean,0
19/04/2025,f7.cool.mean,0
20/04/2025,f7.cool.mean,0
21/04/2025,f7.cool.mean,0
22/04/2025,f7.cool.mean,0
23/04/2025,f7.cool.mean,0
24/04/2025,f7.cool.mean,0
25/04/2025,f7.cool.mean,0
26/04/2025,f7.cool.mean,0
27/04/2025,f7.cool.mean,1
28/04/2025,f7.cool.mean,1
29/04/2025,f7.cool.mean,2
30/04/2025,f7.cool.mean,4
01/05/2025,f7.cool.mean,4
02/05/2025,f7.cool.mean,11
03/05/2025,f7.cool.mean,11
04/05/2025,f7.cool.mean,11
05/05/2025,f7.cool.mean,11
06/05/2025,f7.cool.mean,10
07/05/2025,f7.cool.mean,11
08/05/2025,f7.cool.mean,14
09/05/2025,f7.cool.mean,11
01/03/2024,f7.cool.warm,0
02/03/2024,f7.cool.warm,0
03/03/2025,f7.cool.warm,0
04/03/2025,f7.cool.warm,0
05/03/2025,f7.cool.warm,0
06/03/2025,f7.cool.warm,0
07/03/2025,f7.cool.warm,0
08/03/2025,f7.cool.warm,0
09/03/2025,f7.cool.warm,0
10/03/2025,f7.cool.warm,0
11/03/2025,f7.cool.warm,0
12/03/2025,f7.cool.warm,0
13/03/2025,f7.cool.warm,0
14/03/2025,f7.cool.warm,0
15/03/2025,f7.cool.warm,0
16/03/2025,f7.cool.warm,0
17/03/2025,f7.cool.warm,0
18/03/2025,f7.cool.warm,0
19/03/2025,f7.cool.warm,0
20/03/2025,f7.cool.warm,0
21/03/2025,f7.cool.warm,0
22/03/2025,f7.cool.warm,0
23/03/2025,f7.cool.warm,0
24/03/2025,f7.cool.warm,0
25/03/2025,f7.cool.warm,0
26/03/2025,f7.cool.warm,0
27/03/2025,f7.cool.warm,0
28/03/2025,f7.cool.warm,0
29/03/2025,f7.cool.warm,0
30/03/2025,f7.cool.warm,0
31/03/2025,f7.cool.warm,0
01/04/2025,f7.cool.warm,0
02/04/2025,f7.cool.warm,0
03/04/2025,f7.cool.warm,0
04/04/2025,f7.cool.warm,0
05/04/2025,f7.cool.warm,0
06/04/2025,f7.cool.warm,0
07/04/2025,f7.cool.warm,0
08/04/2025,f7.cool.warm,0
09/04/2025,f7.cool.warm,0
10/04/2025,f7.cool.warm,0
11/04/2025,f7.cool.warm,0
12/04/2025,f7.cool.warm,0
13/04/2025,f7.cool.warm,0
14/04/2025,f7.cool.warm,2
15/04/2025,f7.cool.warm,3
16/04/2025,f7.cool.warm,8
17/04/2025,f7.cool.warm,5
18/04/2025,f7.cool.warm,4
19/04/2025,f7.cool.warm,4
20/04/2025,f7.cool.warm,8
21/04/2025,f7.cool.warm,7
22/04/2025,f7.cool.warm,10
23/04/2025,f7.cool.warm,10
24/04/2025,f7.cool.warm,10
25/04/2025,f7.cool.warm,8
26/04/2025,f7.cool.warm,11
