"group_num","Date","jday","TwoHourGroup","treatment","temperature"
4,2025-01-08,8,0,"hot",6.63772822848139
4,2025-01-08,8,0,"warm",4.91247475986802
4,2025-01-08,8,0,"mean",2.32459455694798
4,2025-01-08,8,0,"cool",-0.263285645972063
4,2025-01-08,8,0,"cold",-1.98853911458543
4,2025-01-08,8,1,"hot",6.31416345471045
4,2025-01-08,8,1,"warm",4.58890998609709
4,2025-01-08,8,1,"mean",2.00102978317704
4,2025-01-08,8,1,"cool",-0.586850419742999
4,2025-01-08,8,1,"cold",-2.31210388835636
4,2025-01-08,8,2,"hot",6.04277299765793
4,2025-01-08,8,2,"warm",4.31751952904456
4,2025-01-08,8,2,"mean",1.72963932612452
4,2025-01-08,8,2,"cool",-0.858240876795524
4,2025-01-08,8,2,"cold",-2.58349434540889
4,2025-01-08,8,3,"hot",5.80902650497338
4,2025-01-08,8,3,"warm",4.08377303636002
4,2025-01-08,8,3,"mean",1.49589283343997
4,2025-01-08,8,3,"cool",-1.09198736948007
4,2025-01-08,8,3,"cold",-2.81724083809343
4,2025-01-08,8,4,"hot",6.45406044314194
4,2025-01-08,8,4,"warm",4.72880697452858
4,2025-01-08,8,4,"mean",2.14092677160853
4,2025-01-08,8,4,"cool",-0.446953431311508
4,2025-01-08,8,4,"cold",-2.17220689992487
4,2025-01-08,8,5,"hot",8.97193045533198
4,2025-01-08,8,5,"warm",7.24667698671862
4,2025-01-08,8,5,"mean",4.65879678379858
4,2025-01-08,8,5,"cool",2.07091658087853
4,2025-01-08,8,5,"cold",0.34566311226517
4,2025-01-08,8,6,"hot",10.6301849134764
4,2025-01-08,8,6,"warm",8.90493144486308
4,2025-01-08,8,6,"mean",6.31705124194304
4,2025-01-08,8,6,"cool",3.729171039023
4,2025-01-08,8,6,"cold",2.00391757040964
4,2025-01-08,8,7,"hot",10.985667951876
4,2025-01-08,8,7,"warm",9.26041448326267
4,2025-01-08,8,7,"mean",6.67253428034263
4,2025-01-08,8,7,"cool",4.08465407742259
4,2025-01-08,8,7,"cold",2.35940060880922
4,2025-01-08,8,8,"hot",9.85670196854011
4,2025-01-08,8,8,"warm",8.13144849992674
4,2025-01-08,8,8,"mean",5.5435682970067
4,2025-01-08,8,8,"cool",2.95568809408666
4,2025-01-08,8,8,"cold",1.2304346254733
4,2025-01-08,8,9,"hot",8.53899737292744
4,2025-01-08,8,9,"warm",6.81374390431408
4,2025-01-08,8,9,"mean",4.22586370139404
4,2025-01-08,8,9,"cool",1.63798349847399
4,2025-01-08,8,9,"cold",-0.0872699701393689
4,2025-01-08,8,10,"hot",7.864875460483
4,2025-01-08,8,10,"warm",6.13962199186964
4,2025-01-08,8,10,"mean",3.55174178894959
4,2025-01-08,8,10,"cool",0.963861586029552
4,2025-01-08,8,10,"cold",-0.761391882583811
4,2025-01-08,8,11,"hot",7.40600296368094
4,2025-01-08,8,11,"warm",5.68074949506758
4,2025-01-08,8,11,"mean",3.09286929214754
4,2025-01-08,8,11,"cool",0.504989089227493
4,2025-01-08,8,11,"cold",-1.22026437938587
5,2025-01-09,9,0,"hot",7.0130766145386
5,2025-01-09,9,0,"warm",5.28782314592524
5,2025-01-09,9,0,"mean",2.69994294300519
5,2025-01-09,9,0,"cool",0.112062740085149
5,2025-01-09,9,0,"cold",-1.61319072852821
5,2025-01-09,9,1,"hot",6.71042959663464
5,2025-01-09,9,1,"warm",4.98517612802128
5,2025-01-09,9,1,"mean",2.39729592510124
5,2025-01-09,9,1,"cool",-0.190584277818806
5,2025-01-09,9,1,"cold",-1.91583774643217
5,2025-01-09,9,2,"hot",6.4567004726799
5,2025-01-09,9,2,"warm",4.73144700406654
5,2025-01-09,9,2,"mean",2.1435668011465
5,2025-01-09,9,2,"cool",-0.444313401773546
5,2025-01-09,9,2,"cold",-2.16956687038691
5,2025-01-09,9,3,"hot",6.23823762895388
5,2025-01-09,9,3,"warm",4.51298416034052
5,2025-01-09,9,3,"mean",1.92510395742048
5,2025-01-09,9,3,"cool",-0.662776245499567
5,2025-01-09,9,3,"cold",-2.38802971411293
5,2025-01-09,9,4,"hot",6.90257964390593
5,2025-01-09,9,4,"warm",5.17732617529257
5,2025-01-09,9,4,"mean",2.58944597237253
5,2025-01-09,9,4,"cool",0.00156576945248466
5,2025-01-09,9,4,"cold",-1.72368769916088
5,2025-01-09,9,5,"hot",9.3175144230948
5,2025-01-09,9,5,"warm",7.59226095448144
5,2025-01-09,9,5,"mean",5.00438075156139
5,2025-01-09,9,5,"cool",2.41650054864135
5,2025-01-09,9,5,"cold",0.691247080027987
5,2025-01-09,9,6,"hot",10.9050924116966
5,2025-01-09,9,6,"warm",9.17983894308327
5,2025-01-09,9,6,"mean",6.59195874016323
5,2025-01-09,9,6,"cool",4.00407853724318
5,2025-01-09,9,6,"cold",2.27882506862982
5,2025-01-09,9,7,"hot",11.2451851150831
5,2025-01-09,9,7,"warm",9.51993164646974
5,2025-01-09,9,7,"mean",6.9320514435497
5,2025-01-09,9,7,"cool",4.34417124062966
5,2025-01-09,9,7,"cold",2.6189177720163
5,2025-01-09,9,8,"hot",10.1266905405133
5,2025-01-09,9,8,"warm",8.40143707189992
5,2025-01-09,9,8,"mean",5.81355686897988
5,2025-01-09,9,8,"cool",3.22567666605983
5,2025-01-09,9,8,"cold",1.50042319744647
5,2025-01-09,9,9,"hot",8.75502120396004
5,2025-01-09,9,9,"warm",7.02976773534667
5,2025-01-09,9,9,"mean",4.44188753242663
5,2025-01-09,9,9,"cool",1.85400732950659
5,2025-01-09,9,9,"cold",0.128753860893226
5,2025-01-09,9,10,"hot",8.05257818247202
5,2025-01-09,9,10,"warm",6.32732471385865
5,2025-01-09,9,10,"mean",3.73944451093861
5,2025-01-09,9,10,"cool",1.15156430801857
5,2025-01-09,9,10,"cold",-0.573689160594793
5,2025-01-09,9,11,"hot",7.57553014949263
5,2025-01-09,9,11,"warm",5.85027668087927
5,2025-01-09,9,11,"mean",3.26239647795923
5,2025-01-09,9,11,"cool",0.674516275039184
5,2025-01-09,9,11,"cold",-1.05073719357418
5,2025-01-10,10,0,"hot",7.0130766145386
5,2025-01-10,10,0,"warm",5.28782314592524
5,2025-01-10,10,0,"mean",2.69994294300519
5,2025-01-10,10,0,"cool",0.112062740085149
5,2025-01-10,10,0,"cold",-1.61319072852821
5,2025-01-10,10,1,"hot",6.71042959663464
5,2025-01-10,10,1,"warm",4.98517612802128
5,2025-01-10,10,1,"mean",2.39729592510124
5,2025-01-10,10,1,"cool",-0.190584277818806
5,2025-01-10,10,1,"cold",-1.91583774643217
5,2025-01-10,10,2,"hot",6.4567004726799
5,2025-01-10,10,2,"warm",4.73144700406654
5,2025-01-10,10,2,"mean",2.1435668011465
5,2025-01-10,10,2,"cool",-0.444313401773546
5,2025-01-10,10,2,"cold",-2.16956687038691
5,2025-01-10,10,3,"hot",6.23823762895388
5,2025-01-10,10,3,"warm",4.51298416034052
5,2025-01-10,10,3,"mean",1.92510395742048
5,2025-01-10,10,3,"cool",-0.662776245499567
5,2025-01-10,10,3,"cold",-2.38802971411293
5,2025-01-10,10,4,"hot",6.90257964390593
5,2025-01-10,10,4,"warm",5.17732617529257
5,2025-01-10,10,4,"mean",2.58944597237253
5,2025-01-10,10,4,"cool",0.00156576945248466
5,2025-01-10,10,4,"cold",-1.72368769916088
5,2025-01-10,10,5,"hot",9.3175144230948
5,2025-01-10,10,5,"warm",7.59226095448144
5,2025-01-10,10,5,"mean",5.00438075156139
5,2025-01-10,10,5,"cool",2.41650054864135
5,2025-01-10,10,5,"cold",0.691247080027987
5,2025-01-10,10,6,"hot",10.9050924116966
5,2025-01-10,10,6,"warm",9.17983894308327
5,2025-01-10,10,6,"mean",6.59195874016323
5,2025-01-10,10,6,"cool",4.00407853724318
5,2025-01-10,10,6,"cold",2.27882506862982
5,2025-01-10,10,7,"hot",11.2451851150831
5,2025-01-10,10,7,"warm",9.51993164646974
5,2025-01-10,10,7,"mean",6.9320514435497
5,2025-01-10,10,7,"cool",4.34417124062966
5,2025-01-10,10,7,"cold",2.6189177720163
5,2025-01-10,10,8,"hot",10.1266905405133
5,2025-01-10,10,8,"warm",8.40143707189992
5,2025-01-10,10,8,"mean",5.81355686897988
5,2025-01-10,10,8,"cool",3.22567666605983
5,2025-01-10,10,8,"cold",1.50042319744647
5,2025-01-10,10,9,"hot",8.75502120396004
5,2025-01-10,10,9,"warm",7.02976773534667
5,2025-01-10,10,9,"mean",4.44188753242663
5,2025-01-10,10,9,"cool",1.85400732950659
5,2025-01-10,10,9,"cold",0.128753860893226
5,2025-01-10,10,10,"hot",8.05257818247202
5,2025-01-10,10,10,"warm",6.32732471385865
5,2025-01-10,10,10,"mean",3.73944451093861
5,2025-01-10,10,10,"cool",1.15156430801857
5,2025-01-10,10,10,"cold",-0.573689160594793
5,2025-01-10,10,11,"hot",7.57553014949263
5,2025-01-10,10,11,"warm",5.85027668087927
5,2025-01-10,10,11,"mean",3.26239647795923
5,2025-01-10,10,11,"cool",0.674516275039184
5,2025-01-10,10,11,"cold",-1.05073719357418
6,2025-01-11,11,0,"hot",6.94505677281111
6,2025-01-11,11,0,"warm",5.21980330419775
6,2025-01-11,11,0,"mean",2.63192310127771
6,2025-01-11,11,0,"cool",0.0440428983576662
6,2025-01-11,11,0,"cold",-1.6812105702557
6,2025-01-11,11,1,"hot",6.64381908354904
6,2025-01-11,11,1,"warm",4.91856561493567
6,2025-01-11,11,1,"mean",2.33068541201563
6,2025-01-11,11,1,"cool",-0.257194790904413
6,2025-01-11,11,1,"cold",-1.98244825951778
6,2025-01-11,11,2,"hot",6.39139682734649
6,2025-01-11,11,2,"warm",4.66614335873313
6,2025-01-11,11,2,"mean",2.07826315581309
6,2025-01-11,11,2,"cool",-0.509617047106957
6,2025-01-11,11,2,"cold",-2.23487051572032
6,2025-01-11,11,3,"hot",6.17413663649757
6,2025-01-11,11,3,"warm",4.44888316788421
6,2025-01-11,11,3,"mean",1.86100296496416
6,2025-01-11,11,3,"cool",-0.726877237955881
6,2025-01-11,11,3,"cold",-2.45213070656924
6,2025-01-11,11,4,"hot",6.84899009827444
6,2025-01-11,11,4,"warm",5.12373662966108
6,2025-01-11,11,4,"mean",2.53585642674104
6,2025-01-11,11,4,"cool",-0.0520237761790048
6,2025-01-11,11,4,"cold",-1.77727724479237
6,2025-01-11,11,5,"hot",9.13955819990325
6,2025-01-11,11,5,"warm",7.41430473128988
6,2025-01-11,11,5,"mean",4.82642452836984
6,2025-01-11,11,5,"cool",2.2385443254498
6,2025-01-11,11,5,"cold",0.513290856836434
6,2025-01-11,11,6,"hot",10.6424010251578
6,2025-01-11,11,6,"warm",8.91714755654444
6,2025-01-11,11,6,"mean",6.32926735362439
6,2025-01-11,11,6,"cool",3.74138715070435
6,2025-01-11,11,6,"cold",2.01613368209099
6,2025-01-11,11,7,"hot",10.964094607454
6,2025-01-11,11,7,"warm",9.23884113884061
6,2025-01-11,11,7,"mean",6.65096093592057
6,2025-01-11,11,7,"cool",4.06308073300053
6,2025-01-11,11,7,"cold",2.33782726438717
6,2025-01-11,11,8,"hot",9.83991916724611
6,2025-01-11,11,8,"warm",8.11466569863274
6,2025-01-11,11,8,"mean",5.5267854957127
6,2025-01-11,11,8,"cool",2.93890529279266
6,2025-01-11,11,8,"cold",1.21365182417929
6,2025-01-11,11,9,"hot",8.34958274530054
6,2025-01-11,11,9,"warm",6.62432927668718
6,2025-01-11,11,9,"mean",4.03644907376714
6,2025-01-11,11,9,"cool",1.44856887084709
6,2025-01-11,11,9,"cold",-0.276684597766268
6,2025-01-11,11,10,"hot",7.58383126972094
6,2025-01-11,11,10,"warm",5.85857780110757
6,2025-01-11,11,10,"mean",3.27069759818753
6,2025-01-11,11,10,"cool",0.682817395267488
6,2025-01-11,11,10,"cold",-1.04243607334587
6,2025-01-11,11,11,"hot",7.06517026249401
6,2025-01-11,11,11,"warm",5.33991679388065
6,2025-01-11,11,11,"mean",2.7520365909606
6,2025-01-11,11,11,"cool",0.164156388040559
6,2025-01-11,11,11,"cold",-1.5610970805728
6,2025-01-12,12,0,"hot",6.94505677281111
6,2025-01-12,12,0,"warm",5.21980330419775
6,2025-01-12,12,0,"mean",2.63192310127771
6,2025-01-12,12,0,"cool",0.0440428983576662
6,2025-01-12,12,0,"cold",-1.6812105702557
6,2025-01-12,12,1,"hot",6.64381908354904
6,2025-01-12,12,1,"warm",4.91856561493567
6,2025-01-12,12,1,"mean",2.33068541201563
6,2025-01-12,12,1,"cool",-0.257194790904413
6,2025-01-12,12,1,"cold",-1.98244825951778
6,2025-01-12,12,2,"hot",6.39139682734649
6,2025-01-12,12,2,"warm",4.66614335873313
6,2025-01-12,12,2,"mean",2.07826315581309
6,2025-01-12,12,2,"cool",-0.509617047106957
6,2025-01-12,12,2,"cold",-2.23487051572032
6,2025-01-12,12,3,"hot",6.17413663649757
6,2025-01-12,12,3,"warm",4.44888316788421
6,2025-01-12,12,3,"mean",1.86100296496416
6,2025-01-12,12,3,"cool",-0.726877237955881
6,2025-01-12,12,3,"cold",-2.45213070656924
6,2025-01-12,12,4,"hot",6.84899009827444
6,2025-01-12,12,4,"warm",5.12373662966108
6,2025-01-12,12,4,"mean",2.53585642674104
6,2025-01-12,12,4,"cool",-0.0520237761790048
6,2025-01-12,12,4,"cold",-1.77727724479237
6,2025-01-12,12,5,"hot",9.13955819990325
6,2025-01-12,12,5,"warm",7.41430473128988
6,2025-01-12,12,5,"mean",4.82642452836984
6,2025-01-12,12,5,"cool",2.2385443254498
6,2025-01-12,12,5,"cold",0.513290856836434
6,2025-01-12,12,6,"hot",10.6424010251578
6,2025-01-12,12,6,"warm",8.91714755654444
6,2025-01-12,12,6,"mean",6.32926735362439
6,2025-01-12,12,6,"cool",3.74138715070435
6,2025-01-12,12,6,"cold",2.01613368209099
6,2025-01-12,12,7,"hot",10.964094607454
6,2025-01-12,12,7,"warm",9.23884113884061
6,2025-01-12,12,7,"mean",6.65096093592057
6,2025-01-12,12,7,"cool",4.06308073300053
6,2025-01-12,12,7,"cold",2.33782726438717
6,2025-01-12,12,8,"hot",9.83991916724611
6,2025-01-12,12,8,"warm",8.11466569863274
6,2025-01-12,12,8,"mean",5.5267854957127
6,2025-01-12,12,8,"cool",2.93890529279266
6,2025-01-12,12,8,"cold",1.21365182417929
6,2025-01-12,12,9,"hot",8.34958274530054
6,2025-01-12,12,9,"warm",6.62432927668718
6,2025-01-12,12,9,"mean",4.03644907376714
6,2025-01-12,12,9,"cool",1.44856887084709
6,2025-01-12,12,9,"cold",-0.276684597766268
6,2025-01-12,12,10,"hot",7.58383126972094
6,2025-01-12,12,10,"warm",5.85857780110757
6,2025-01-12,12,10,"mean",3.27069759818753
6,2025-01-12,12,10,"cool",0.682817395267488
6,2025-01-12,12,10,"cold",-1.04243607334587
6,2025-01-12,12,11,"hot",7.06517026249401
6,2025-01-12,12,11,"warm",5.33991679388065
6,2025-01-12,12,11,"mean",2.7520365909606
6,2025-01-12,12,11,"cool",0.164156388040559
6,2025-01-12,12,11,"cold",-1.5610970805728
7,2025-01-13,13,0,"hot",6.52221970130015
7,2025-01-13,13,0,"warm",4.79696623268679
7,2025-01-13,13,0,"mean",2.20908602976675
7,2025-01-13,13,0,"cool",-0.378794173153294
7,2025-01-13,13,0,"cold",-2.10404764176666
7,2025-01-13,13,1,"hot",6.17884325568355
7,2025-01-13,13,1,"warm",4.45358978707018
7,2025-01-13,13,1,"mean",1.86570958415014
7,2025-01-13,13,1,"cool",-0.722170618769902
7,2025-01-13,13,1,"cold",-2.44742408738326
7,2025-01-13,13,2,"hot",5.89126648126914
7,2025-01-13,13,2,"warm",4.16601301265578
7,2025-01-13,13,2,"mean",1.57813280973573
7,2025-01-13,13,2,"cool",-1.00974739318431
7,2025-01-13,13,2,"cold",-2.73500086179767
7,2025-01-13,13,3,"hot",5.64384479069207
7,2025-01-13,13,3,"warm",3.91859132207871
7,2025-01-13,13,3,"mean",1.33071111915866
7,2025-01-13,13,3,"cool",-1.25716908376138
7,2025-01-13,13,3,"cold",-2.98242255237474
7,2025-01-13,13,4,"hot",6.48611610146979
7,2025-01-13,13,4,"warm",4.76086263285643
7,2025-01-13,13,4,"mean",2.17298242993639
7,2025-01-13,13,4,"cool",-0.414897772983656
7,2025-01-13,13,4,"cold",-2.14015124159702
7,2025-01-13,13,5,"hot",9.1487044098125
7,2025-01-13,13,5,"warm",7.42345094119914
7,2025-01-13,13,5,"mean",4.83557073827909
7,2025-01-13,13,5,"cool",2.24769053535905
7,2025-01-13,13,5,"cold",0.522437066745689
7,2025-01-13,13,6,"hot",10.892118643243
7,2025-01-13,13,6,"warm",9.1668651746296
7,2025-01-13,13,6,"mean",6.57898497170956
7,2025-01-13,13,6,"cool",3.99110476878952
7,2025-01-13,13,6,"cold",2.26585130017616
7,2025-01-13,13,7,"hot",11.2650165764142
7,2025-01-13,13,7,"warm",9.53976310780085
7,2025-01-13,13,7,"mean",6.95188290488081
7,2025-01-13,13,7,"cool",4.36400270196077
7,2025-01-13,13,7,"cold",2.63874923334741
7,2025-01-13,13,8,"hot",10.0502744054467
7,2025-01-13,13,8,"warm",8.32502093683335
7,2025-01-13,13,8,"mean",5.7371407339133
7,2025-01-13,13,8,"cool",3.14926053099326
7,2025-01-13,13,8,"cold",1.4240070623799
7,2025-01-13,13,9,"hot",8.54763751416175
7,2025-01-13,13,9,"warm",6.82238404554839
7,2025-01-13,13,9,"mean",4.23450384262835
7,2025-01-13,13,9,"cool",1.64662363970831
7,2025-01-13,13,9,"cold",-0.078629828905056
7,2025-01-13,13,10,"hot",7.77672861469513
7,2025-01-13,13,10,"warm",6.05147514608177
7,2025-01-13,13,10,"mean",3.46359494316172
7,2025-01-13,13,10,"cool",0.875714740241682
7,2025-01-13,13,10,"cold",-0.849538728371681
7,2025-01-13,13,11,"hot",7.25603537004476
7,2025-01-13,13,11,"warm",5.5307819014314
7,2025-01-13,13,11,"mean",2.94290169851136
7,2025-01-13,13,11,"cool",0.355021495591314
7,2025-01-13,13,11,"cold",-1.37023197302205
7,2025-01-14,14,0,"hot",6.52221970130015
7,2025-01-14,14,0,"warm",4.79696623268679
7,2025-01-14,14,0,"mean",2.20908602976675
7,2025-01-14,14,0,"cool",-0.378794173153294
7,2025-01-14,14,0,"cold",-2.10404764176666
7,2025-01-14,14,1,"hot",6.17884325568355
7,2025-01-14,14,1,"warm",4.45358978707018
7,2025-01-14,14,1,"mean",1.86570958415014
7,2025-01-14,14,1,"cool",-0.722170618769902
7,2025-01-14,14,1,"cold",-2.44742408738326
7,2025-01-14,14,2,"hot",5.89126648126914
7,2025-01-14,14,2,"warm",4.16601301265578
7,2025-01-14,14,2,"mean",1.57813280973573
7,2025-01-14,14,2,"cool",-1.00974739318431
7,2025-01-14,14,2,"cold",-2.73500086179767
7,2025-01-14,14,3,"hot",5.64384479069207
7,2025-01-14,14,3,"warm",3.91859132207871
7,2025-01-14,14,3,"mean",1.33071111915866
7,2025-01-14,14,3,"cool",-1.25716908376138
7,2025-01-14,14,3,"cold",-2.98242255237474
7,2025-01-14,14,4,"hot",6.48611610146979
7,2025-01-14,14,4,"warm",4.76086263285643
7,2025-01-14,14,4,"mean",2.17298242993639
7,2025-01-14,14,4,"cool",-0.414897772983656
7,2025-01-14,14,4,"cold",-2.14015124159702
7,2025-01-14,14,5,"hot",9.1487044098125
7,2025-01-14,14,5,"warm",7.42345094119914
7,2025-01-14,14,5,"mean",4.83557073827909
7,2025-01-14,14,5,"cool",2.24769053535905
7,2025-01-14,14,5,"cold",0.522437066745689
7,2025-01-14,14,6,"hot",10.892118643243
7,2025-01-14,14,6,"warm",9.1668651746296
7,2025-01-14,14,6,"mean",6.57898497170956
7,2025-01-14,14,6,"cool",3.99110476878952
7,2025-01-14,14,6,"cold",2.26585130017616
7,2025-01-14,14,7,"hot",11.2650165764142
7,2025-01-14,14,7,"warm",9.53976310780085
7,2025-01-14,14,7,"mean",6.95188290488081
7,2025-01-14,14,7,"cool",4.36400270196077
7,2025-01-14,14,7,"cold",2.63874923334741
7,2025-01-14,14,8,"hot",10.0502744054467
7,2025-01-14,14,8,"warm",8.32502093683335
7,2025-01-14,14,8,"mean",5.7371407339133
7,2025-01-14,14,8,"cool",3.14926053099326
7,2025-01-14,14,8,"cold",1.4240070623799
7,2025-01-14,14,9,"hot",8.54763751416175
7,2025-01-14,14,9,"warm",6.82238404554839
7,2025-01-14,14,9,"mean",4.23450384262835
7,2025-01-14,14,9,"cool",1.64662363970831
7,2025-01-14,14,9,"cold",-0.078629828905056
7,2025-01-14,14,10,"hot",7.77672861469513
7,2025-01-14,14,10,"warm",6.05147514608177
7,2025-01-14,14,10,"mean",3.46359494316172
7,2025-01-14,14,10,"cool",0.875714740241682
7,2025-01-14,14,10,"cold",-0.849538728371681
7,2025-01-14,14,11,"hot",7.25603537004476
7,2025-01-14,14,11,"warm",5.5307819014314
7,2025-01-14,14,11,"mean",2.94290169851136
7,2025-01-14,14,11,"cool",0.355021495591314
7,2025-01-14,14,11,"cold",-1.37023197302205
8,2025-01-15,15,0,"hot",7.12351713055716
8,2025-01-15,15,0,"warm",5.3982636619438
8,2025-01-15,15,0,"mean",2.81038345902376
8,2025-01-15,15,0,"cool",0.222503256103713
8,2025-01-15,15,0,"cold",-1.50275021250965
8,2025-01-15,15,1,"hot",6.83296128288068
8,2025-01-15,15,1,"warm",5.10770781426731
8,2025-01-15,15,1,"mean",2.51982761134727
8,2025-01-15,15,1,"cool",-0.0680525915727723
8,2025-01-15,15,1,"cold",-1.79330606018613
8,2025-01-15,15,2,"hot",6.5897636681015
8,2025-01-15,15,2,"warm",4.86451019948814
8,2025-01-15,15,2,"mean",2.2766299965681
8,2025-01-15,15,2,"cool",-0.311250206351945
8,2025-01-15,15,2,"cold",-2.03650367496531
8,2025-01-15,15,3,"hot",6.38061188252679
8,2025-01-15,15,3,"warm",4.65535841391343
8,2025-01-15,15,3,"mean",2.06747821099338
8,2025-01-15,15,3,"cool",-0.520401991926658
8,2025-01-15,15,3,"cold",-2.24565546054002
8,2025-01-15,15,4,"hot",7.12093903136256
8,2025-01-15,15,4,"warm",5.3956855627492
8,2025-01-15,15,4,"mean",2.80780535982916
8,2025-01-15,15,4,"cool",0.219925156909114
8,2025-01-15,15,4,"cold",-1.50532831170425
8,2025-01-15,15,5,"hot",9.30346387074613
8,2025-01-15,15,5,"warm",7.57821040213277
8,2025-01-15,15,5,"mean",4.99033019921273
8,2025-01-15,15,5,"cool",2.40244999629268
8,2025-01-15,15,5,"cold",0.67719652767932
8,2025-01-15,15,6,"hot",10.7294655755565
8,2025-01-15,15,6,"warm",9.00421210694315
8,2025-01-15,15,6,"mean",6.4163319040231
8,2025-01-15,15,6,"cool",3.82845170110306
8,2025-01-15,15,6,"cold",2.1031982324897
8,2025-01-15,15,7,"hot",11.0342168021879
8,2025-01-15,15,7,"warm",9.30896333357459
8,2025-01-15,15,7,"mean",6.72108313065454
8,2025-01-15,15,7,"cool",4.1332029277345
8,2025-01-15,15,7,"cold",2.40794945912114
8,2025-01-15,15,8,"hot",9.98746357002648
8,2025-01-15,15,8,"warm",8.26221010141312
8,2025-01-15,15,8,"mean",5.67432989849307
8,2025-01-15,15,8,"cool",3.08644969557303
8,2025-01-15,15,8,"cold",1.36119622695967
8,2025-01-15,15,9,"hot",8.58733164805049
8,2025-01-15,15,9,"warm",6.86207817943712
8,2025-01-15,15,9,"mean",4.27419797651708
8,2025-01-15,15,9,"cool",1.68631777359704
8,2025-01-15,15,9,"cold",-0.0389356950163258
8,2025-01-15,15,10,"hot",7.86479347593655
8,2025-01-15,15,10,"warm",6.13954000732319
8,2025-01-15,15,10,"mean",3.55165980440315
8,2025-01-15,15,10,"cool",0.963779601483102
8,2025-01-15,15,10,"cold",-0.76147386713026
8,2025-01-15,15,11,"hot",7.37836660468604
8,2025-01-15,15,11,"warm",5.65311313607268
8,2025-01-15,15,11,"mean",3.06523293315264
8,2025-01-15,15,11,"cool",0.477352730232592
8,2025-01-15,15,11,"cold",-1.24790073838077
8,2025-01-16,16,0,"hot",7.12351713055716
8,2025-01-16,16,0,"warm",5.3982636619438
8,2025-01-16,16,0,"mean",2.81038345902376
8,2025-01-16,16,0,"cool",0.222503256103713
8,2025-01-16,16,0,"cold",-1.50275021250965
8,2025-01-16,16,1,"hot",6.83296128288068
8,2025-01-16,16,1,"warm",5.10770781426731
8,2025-01-16,16,1,"mean",2.51982761134727
8,2025-01-16,16,1,"cool",-0.0680525915727723
8,2025-01-16,16,1,"cold",-1.79330606018613
8,2025-01-16,16,2,"hot",6.5897636681015
8,2025-01-16,16,2,"warm",4.86451019948814
8,2025-01-16,16,2,"mean",2.2766299965681
8,2025-01-16,16,2,"cool",-0.311250206351945
8,2025-01-16,16,2,"cold",-2.03650367496531
8,2025-01-16,16,3,"hot",6.38061188252679
8,2025-01-16,16,3,"warm",4.65535841391343
8,2025-01-16,16,3,"mean",2.06747821099338
8,2025-01-16,16,3,"cool",-0.520401991926658
8,2025-01-16,16,3,"cold",-2.24565546054002
8,2025-01-16,16,4,"hot",7.12093903136256
8,2025-01-16,16,4,"warm",5.3956855627492
8,2025-01-16,16,4,"mean",2.80780535982916
8,2025-01-16,16,4,"cool",0.219925156909114
8,2025-01-16,16,4,"cold",-1.50532831170425
8,2025-01-16,16,5,"hot",9.30346387074613
8,2025-01-16,16,5,"warm",7.57821040213277
8,2025-01-16,16,5,"mean",4.99033019921273
8,2025-01-16,16,5,"cool",2.40244999629268
8,2025-01-16,16,5,"cold",0.67719652767932
8,2025-01-16,16,6,"hot",10.7294655755565
8,2025-01-16,16,6,"warm",9.00421210694315
8,2025-01-16,16,6,"mean",6.4163319040231
8,2025-01-16,16,6,"cool",3.82845170110306
8,2025-01-16,16,6,"cold",2.1031982324897
8,2025-01-16,16,7,"hot",11.0342168021879
8,2025-01-16,16,7,"warm",9.30896333357459
8,2025-01-16,16,7,"mean",6.72108313065454
8,2025-01-16,16,7,"cool",4.1332029277345
8,2025-01-16,16,7,"cold",2.40794945912114
8,2025-01-16,16,8,"hot",9.98746357002648
8,2025-01-16,16,8,"warm",8.26221010141312
8,2025-01-16,16,8,"mean",5.67432989849307
8,2025-01-16,16,8,"cool",3.08644969557303
8,2025-01-16,16,8,"cold",1.36119622695967
8,2025-01-16,16,9,"hot",8.58733164805049
8,2025-01-16,16,9,"warm",6.86207817943712
8,2025-01-16,16,9,"mean",4.27419797651708
8,2025-01-16,16,9,"cool",1.68631777359704
8,2025-01-16,16,9,"cold",-0.0389356950163258
8,2025-01-16,16,10,"hot",7.86479347593655
8,2025-01-16,16,10,"warm",6.13954000732319
8,2025-01-16,16,10,"mean",3.55165980440315
8,2025-01-16,16,10,"cool",0.963779601483102
8,2025-01-16,16,10,"cold",-0.76147386713026
8,2025-01-16,16,11,"hot",7.37836660468604
8,2025-01-16,16,11,"warm",5.65311313607268
8,2025-01-16,16,11,"mean",3.06523293315264
8,2025-01-16,16,11,"cool",0.477352730232592
8,2025-01-16,16,11,"cold",-1.24790073838077
9,2025-01-17,17,0,"hot",6.41984783126893
9,2025-01-17,17,0,"warm",4.69459436265557
9,2025-01-17,17,0,"mean",2.10671415973553
9,2025-01-17,17,0,"cool",-0.481166043184514
9,2025-01-17,17,0,"cold",-2.20641951179788
9,2025-01-17,17,1,"hot",6.08847877843206
9,2025-01-17,17,1,"warm",4.36322530981869
9,2025-01-17,17,1,"mean",1.77534510689865
9,2025-01-17,17,1,"cool",-0.812535096021393
9,2025-01-17,17,1,"cold",-2.53778856463476
9,2025-01-17,17,2,"hot",5.81129932831116
9,2025-01-17,17,2,"warm",4.08604585969779
9,2025-01-17,17,2,"mean",1.49816565677775
9,2025-01-17,17,2,"cool",-1.08971454614229
9,2025-01-17,17,2,"cold",-2.81496801475565
9,2025-01-17,17,3,"hot",5.57303310410501
9,2025-01-17,17,3,"warm",3.84777963549164
9,2025-01-17,17,3,"mean",1.2598994325716
9,2025-01-17,17,3,"cool",-1.32798077034844
9,2025-01-17,17,3,"cold",-3.05323423896181
9,2025-01-17,17,4,"hot",6.46832248238566
9,2025-01-17,17,4,"warm",4.7430690137723
9,2025-01-17,17,4,"mean",2.15518881085226
9,2025-01-17,17,4,"cool",-0.432691392067784
9,2025-01-17,17,4,"cold",-2.15794486068115
9,2025-01-17,17,5,"hot",8.92098245740155
9,2025-01-17,17,5,"warm",7.19572898878819
9,2025-01-17,17,5,"mean",4.60784878586814
9,2025-01-17,17,5,"cool",2.0199685829481
9,2025-01-17,17,5,"cold",0.294715114334737
9,2025-01-17,17,6,"hot",10.5197468154893
9,2025-01-17,17,6,"warm",8.79449334687595
9,2025-01-17,17,6,"mean",6.20661314395591
9,2025-01-17,17,6,"cool",3.61873294103586
9,2025-01-17,17,6,"cold",1.8934794724225
9,2025-01-17,17,7,"hot",10.8611086873061
9,2025-01-17,17,7,"warm",9.13585521869278
9,2025-01-17,17,7,"mean",6.54797501577273
9,2025-01-17,17,7,"cool",3.96009481285269
9,2025-01-17,17,7,"cold",2.23484134423933
9,2025-01-17,17,8,"hot",9.72773033726664
9,2025-01-17,17,8,"warm",8.00247686865328
9,2025-01-17,17,8,"mean",5.41459666573324
9,2025-01-17,17,8,"cool",2.82671646281319
9,2025-01-17,17,8,"cold",1.10146299419983
9,2025-01-17,17,9,"hot",8.25374142840729
9,2025-01-17,17,9,"warm",6.52848795979393
9,2025-01-17,17,9,"mean",3.94060775687388
9,2025-01-17,17,9,"cool",1.35272755395384
9,2025-01-17,17,9,"cold",-0.372525914659523
9,2025-01-17,17,10,"hot",7.49424108171071
9,2025-01-17,17,10,"warm",5.76898761309734
9,2025-01-17,17,10,"mean",3.1811074101773
9,2025-01-17,17,10,"cool",0.593227207257258
9,2025-01-17,17,10,"cold",-1.1320262613561
9,2025-01-17,17,11,"hot",6.98462021588398
9,2025-01-17,17,11,"warm",5.25936674727062
9,2025-01-17,17,11,"mean",2.67148654435057
9,2025-01-17,17,11,"cool",0.0836063414305293
9,2025-01-17,17,11,"cold",-1.64164712718283
9,2025-01-18,18,0,"hot",6.41984783126893
9,2025-01-18,18,0,"warm",4.69459436265557
9,2025-01-18,18,0,"mean",2.10671415973553
9,2025-01-18,18,0,"cool",-0.481166043184514
9,2025-01-18,18,0,"cold",-2.20641951179788
9,2025-01-18,18,1,"hot",6.08847877843206
9,2025-01-18,18,1,"warm",4.36322530981869
9,2025-01-18,18,1,"mean",1.77534510689865
9,2025-01-18,18,1,"cool",-0.812535096021393
9,2025-01-18,18,1,"cold",-2.53778856463476
9,2025-01-18,18,2,"hot",5.81129932831116
9,2025-01-18,18,2,"warm",4.08604585969779
9,2025-01-18,18,2,"mean",1.49816565677775
9,2025-01-18,18,2,"cool",-1.08971454614229
9,2025-01-18,18,2,"cold",-2.81496801475565
9,2025-01-18,18,3,"hot",5.57303310410501
9,2025-01-18,18,3,"warm",3.84777963549164
9,2025-01-18,18,3,"mean",1.2598994325716
9,2025-01-18,18,3,"cool",-1.32798077034844
9,2025-01-18,18,3,"cold",-3.05323423896181
9,2025-01-18,18,4,"hot",6.46832248238566
9,2025-01-18,18,4,"warm",4.7430690137723
9,2025-01-18,18,4,"mean",2.15518881085226
9,2025-01-18,18,4,"cool",-0.432691392067784
9,2025-01-18,18,4,"cold",-2.15794486068115
9,2025-01-18,18,5,"hot",8.92098245740155
9,2025-01-18,18,5,"warm",7.19572898878819
9,2025-01-18,18,5,"mean",4.60784878586814
9,2025-01-18,18,5,"cool",2.0199685829481
9,2025-01-18,18,5,"cold",0.294715114334737
9,2025-01-18,18,6,"hot",10.5197468154893
9,2025-01-18,18,6,"warm",8.79449334687595
9,2025-01-18,18,6,"mean",6.20661314395591
9,2025-01-18,18,6,"cool",3.61873294103586
9,2025-01-18,18,6,"cold",1.8934794724225
9,2025-01-18,18,7,"hot",10.8611086873061
9,2025-01-18,18,7,"warm",9.13585521869278
9,2025-01-18,18,7,"mean",6.54797501577273
9,2025-01-18,18,7,"cool",3.96009481285269
9,2025-01-18,18,7,"cold",2.23484134423933
9,2025-01-18,18,8,"hot",9.72773033726664
9,2025-01-18,18,8,"warm",8.00247686865328
9,2025-01-18,18,8,"mean",5.41459666573324
9,2025-01-18,18,8,"cool",2.82671646281319
9,2025-01-18,18,8,"cold",1.10146299419983
9,2025-01-18,18,9,"hot",8.25374142840729
9,2025-01-18,18,9,"warm",6.52848795979393
9,2025-01-18,18,9,"mean",3.94060775687388
9,2025-01-18,18,9,"cool",1.35272755395384
9,2025-01-18,18,9,"cold",-0.372525914659523
9,2025-01-18,18,10,"hot",7.49424108171071
9,2025-01-18,18,10,"warm",5.76898761309734
9,2025-01-18,18,10,"mean",3.1811074101773
9,2025-01-18,18,10,"cool",0.593227207257258
9,2025-01-18,18,10,"cold",-1.1320262613561
9,2025-01-18,18,11,"hot",6.98462021588398
9,2025-01-18,18,11,"warm",5.25936674727062
9,2025-01-18,18,11,"mean",2.67148654435057
9,2025-01-18,18,11,"cool",0.0836063414305293
9,2025-01-18,18,11,"cold",-1.64164712718283
10,2025-01-19,19,0,"hot",6.972718348094
10,2025-01-19,19,0,"warm",5.24746487948064
10,2025-01-19,19,0,"mean",2.65958467656059
10,2025-01-19,19,0,"cool",0.0717044736405499
10,2025-01-19,19,0,"cold",-1.65354899497281
10,2025-01-19,19,1,"hot",6.68334770282481
10,2025-01-19,19,1,"warm",4.95809423421145
10,2025-01-19,19,1,"mean",2.37021403129141
10,2025-01-19,19,1,"cool",-0.217666171628636
10,2025-01-19,19,1,"cold",-1.942919640242
10,2025-01-19,19,2,"hot",6.44146248084573
10,2025-01-19,19,2,"warm",4.71620901223237
10,2025-01-19,19,2,"mean",2.12832880931233
10,2025-01-19,19,2,"cool",-0.459551393607716
10,2025-01-19,19,2,"cold",-2.18480486222108
10,2025-01-19,19,3,"hot",6.23363618929893
10,2025-01-19,19,3,"warm",4.50838272068557
10,2025-01-19,19,3,"mean",1.92050251776553
10,2025-01-19,19,3,"cool",-0.667377685154514
10,2025-01-19,19,3,"cold",-2.39263115376788
10,2025-01-19,19,4,"hot",7.1164965249751
10,2025-01-19,19,4,"warm",5.39124305636174
10,2025-01-19,19,4,"mean",2.80336285344169
10,2025-01-19,19,4,"cool",0.21548265052165
10,2025-01-19,19,4,"cold",-1.50977081809171
10,2025-01-19,19,5,"hot",9.36765373847281
10,2025-01-19,19,5,"warm",7.64240026985945
10,2025-01-19,19,5,"mean",5.0545200669394
10,2025-01-19,19,5,"cool",2.46663986401936
10,2025-01-19,19,5,"cold",0.741386395405996
10,2025-01-19,19,6,"hot",10.8316843387933
10,2025-01-19,19,6,"warm",9.10643087017994
10,2025-01-19,19,6,"mean",6.5185506672599
10,2025-01-19,19,6,"cool",3.93067046433985
10,2025-01-19,19,6,"cold",2.20541699572649
10,2025-01-19,19,7,"hot",11.1439969709732
10,2025-01-19,19,7,"warm",9.41874350235985
10,2025-01-19,19,7,"mean",6.8308632994398
10,2025-01-19,19,7,"cool",4.24298309651976
10,2025-01-19,19,7,"cold",2.5177296279064
10,2025-01-19,19,8,"hot",10.1086819055068
10,2025-01-19,19,8,"warm",8.38342843689345
10,2025-01-19,19,8,"mean",5.79554823397341
10,2025-01-19,19,8,"cool",3.20766803105336
10,2025-01-19,19,8,"cold",1.48241456244
10,2025-01-19,19,9,"hot",8.74161632851293
10,2025-01-19,19,9,"warm",7.01636285989957
10,2025-01-19,19,9,"mean",4.42848265697953
10,2025-01-19,19,9,"cool",1.84060245405949
10,2025-01-19,19,9,"cold",0.115348985446124
10,2025-01-19,19,10,"hot",8.0355710916846
10,2025-01-19,19,10,"warm",6.31031762307123
10,2025-01-19,19,10,"mean",3.72243742015119
10,2025-01-19,19,10,"cool",1.13455721723115
10,2025-01-19,19,10,"cold",-0.590696251382215
10,2025-01-19,19,11,"hot",7.56360990712809
10,2025-01-19,19,11,"warm",5.83835643851473
10,2025-01-19,19,11,"mean",3.25047623559469
10,2025-01-19,19,11,"cool",0.662596032674645
10,2025-01-19,19,11,"cold",-1.06265743593872
10,2025-01-20,20,0,"hot",6.972718348094
10,2025-01-20,20,0,"warm",5.24746487948064
10,2025-01-20,20,0,"mean",2.65958467656059
10,2025-01-20,20,0,"cool",0.0717044736405499
10,2025-01-20,20,0,"cold",-1.65354899497281
10,2025-01-20,20,1,"hot",6.68334770282481
10,2025-01-20,20,1,"warm",4.95809423421145
10,2025-01-20,20,1,"mean",2.37021403129141
10,2025-01-20,20,1,"cool",-0.217666171628636
10,2025-01-20,20,1,"cold",-1.942919640242
10,2025-01-20,20,2,"hot",6.44146248084573
10,2025-01-20,20,2,"warm",4.71620901223237
10,2025-01-20,20,2,"mean",2.12832880931233
10,2025-01-20,20,2,"cool",-0.459551393607716
10,2025-01-20,20,2,"cold",-2.18480486222108
10,2025-01-20,20,3,"hot",6.23363618929893
10,2025-01-20,20,3,"warm",4.50838272068557
10,2025-01-20,20,3,"mean",1.92050251776553
10,2025-01-20,20,3,"cool",-0.667377685154514
10,2025-01-20,20,3,"cold",-2.39263115376788
10,2025-01-20,20,4,"hot",7.1164965249751
10,2025-01-20,20,4,"warm",5.39124305636174
10,2025-01-20,20,4,"mean",2.80336285344169
10,2025-01-20,20,4,"cool",0.21548265052165
10,2025-01-20,20,4,"cold",-1.50977081809171
10,2025-01-20,20,5,"hot",9.36765373847281
10,2025-01-20,20,5,"warm",7.64240026985945
10,2025-01-20,20,5,"mean",5.0545200669394
10,2025-01-20,20,5,"cool",2.46663986401936
10,2025-01-20,20,5,"cold",0.741386395405996
10,2025-01-20,20,6,"hot",10.8316843387933
10,2025-01-20,20,6,"warm",9.10643087017994
10,2025-01-20,20,6,"mean",6.5185506672599
10,2025-01-20,20,6,"cool",3.93067046433985
10,2025-01-20,20,6,"cold",2.20541699572649
10,2025-01-20,20,7,"hot",11.1439969709732
10,2025-01-20,20,7,"warm",9.41874350235985
10,2025-01-20,20,7,"mean",6.8308632994398
10,2025-01-20,20,7,"cool",4.24298309651976
10,2025-01-20,20,7,"cold",2.5177296279064
10,2025-01-20,20,8,"hot",10.1086819055068
10,2025-01-20,20,8,"warm",8.38342843689345
10,2025-01-20,20,8,"mean",5.79554823397341
10,2025-01-20,20,8,"cool",3.20766803105336
10,2025-01-20,20,8,"cold",1.48241456244
10,2025-01-20,20,9,"hot",8.74161632851293
10,2025-01-20,20,9,"warm",7.01636285989957
10,2025-01-20,20,9,"mean",4.42848265697953
10,2025-01-20,20,9,"cool",1.84060245405949
10,2025-01-20,20,9,"cold",0.115348985446124
10,2025-01-20,20,10,"hot",8.0355710916846
10,2025-01-20,20,10,"warm",6.31031762307123
10,2025-01-20,20,10,"mean",3.72243742015119
10,2025-01-20,20,10,"cool",1.13455721723115
10,2025-01-20,20,10,"cold",-0.590696251382215
10,2025-01-20,20,11,"hot",7.56360990712809
10,2025-01-20,20,11,"warm",5.83835643851473
10,2025-01-20,20,11,"mean",3.25047623559469
10,2025-01-20,20,11,"cool",0.662596032674645
10,2025-01-20,20,11,"cold",-1.06265743593872
11,2025-01-21,21,0,"hot",7.14021706504106
11,2025-01-21,21,0,"warm",5.41496359642769
11,2025-01-21,21,0,"mean",2.82708339350765
11,2025-01-21,21,0,"cool",0.239203190587608
11,2025-01-21,21,0,"cold",-1.48605027802575
11,2025-01-21,21,1,"hot",6.83705531573447
11,2025-01-21,21,1,"warm",5.1118018471211
11,2025-01-21,21,1,"mean",2.52392164420106
11,2025-01-21,21,1,"cool",-0.0639585587189835
11,2025-01-21,21,1,"cold",-1.78921202733235
11,2025-01-21,21,2,"hot",6.58382755142942
11,2025-01-21,21,2,"warm",4.85857408281606
11,2025-01-21,21,2,"mean",2.27069387989601
11,2025-01-21,21,2,"cool",-0.317186323024031
11,2025-01-21,21,2,"cold",-2.04243979163739
11,2025-01-21,21,3,"hot",6.36636949641188
11,2025-01-21,21,3,"warm",4.64111602779852
11,2025-01-21,21,3,"mean",2.05323582487847
11,2025-01-21,21,3,"cool",-0.53464437804157
11,2025-01-21,21,3,"cold",-2.25989784665493
11,2025-01-21,21,4,"hot",7.32689665606963
11,2025-01-21,21,4,"warm",5.60164318745626
11,2025-01-21,21,4,"mean",3.01376298453622
11,2025-01-21,21,4,"cool",0.425882781616179
11,2025-01-21,21,4,"cold",-1.29937068699718
11,2025-01-21,21,5,"hot",9.61050187585806
11,2025-01-21,21,5,"warm",7.88524840724469
11,2025-01-21,21,5,"mean",5.29736820432465
11,2025-01-21,21,5,"cool",2.70948800140461
11,2025-01-21,21,5,"cold",0.984234532791246
11,2025-01-21,21,6,"hot",11.0920126215648
11,2025-01-21,21,6,"warm",9.36675915295148
11,2025-01-21,21,6,"mean",6.77887895003144
11,2025-01-21,21,6,"cool",4.1909987471114
11,2025-01-21,21,6,"cold",2.46574527849804
11,2025-01-21,21,7,"hot",11.4077528425779
11,2025-01-21,21,7,"warm",9.68249937396457
11,2025-01-21,21,7,"mean",7.09461917104453
11,2025-01-21,21,7,"cool",4.50673896812448
11,2025-01-21,21,7,"cold",2.78148549951112
11,2025-01-21,21,8,"hot",10.3394915497547
11,2025-01-21,21,8,"warm",8.61423808114138
11,2025-01-21,21,8,"mean",6.02635787822133
11,2025-01-21,21,8,"cool",3.43847767530129
11,2025-01-21,21,8,"cold",1.71322420668793
11,2025-01-21,21,9,"hot",8.86256673595462
11,2025-01-21,21,9,"warm",7.13731326734126
11,2025-01-21,21,9,"mean",4.54943306442121
11,2025-01-21,21,9,"cool",1.96155286150117
11,2025-01-21,21,9,"cold",0.236299392887808
11,2025-01-21,21,10,"hot",8.09573118459623
11,2025-01-21,21,10,"warm",6.37047771598287
11,2025-01-21,21,10,"mean",3.78259751306282
11,2025-01-21,21,10,"cool",1.19471731014278
11,2025-01-21,21,10,"cold",-0.530536158470583
11,2025-01-21,21,11,"hot",7.58517200568344
11,2025-01-21,21,11,"warm",5.85991853707008
11,2025-01-21,21,11,"mean",3.27203833415003
11,2025-01-21,21,11,"cool",0.684158131229991
11,2025-01-21,21,11,"cold",-1.04109533738337
11,2025-01-22,22,0,"hot",7.14021706504106
11,2025-01-22,22,0,"warm",5.41496359642769
11,2025-01-22,22,0,"mean",2.82708339350765
11,2025-01-22,22,0,"cool",0.239203190587608
11,2025-01-22,22,0,"cold",-1.48605027802575
11,2025-01-22,22,1,"hot",6.83705531573447
11,2025-01-22,22,1,"warm",5.1118018471211
11,2025-01-22,22,1,"mean",2.52392164420106
11,2025-01-22,22,1,"cool",-0.0639585587189835
11,2025-01-22,22,1,"cold",-1.78921202733235
11,2025-01-22,22,2,"hot",6.58382755142942
11,2025-01-22,22,2,"warm",4.85857408281606
11,2025-01-22,22,2,"mean",2.27069387989601
11,2025-01-22,22,2,"cool",-0.317186323024031
11,2025-01-22,22,2,"cold",-2.04243979163739
11,2025-01-22,22,3,"hot",6.36636949641188
11,2025-01-22,22,3,"warm",4.64111602779852
11,2025-01-22,22,3,"mean",2.05323582487847
11,2025-01-22,22,3,"cool",-0.53464437804157
11,2025-01-22,22,3,"cold",-2.25989784665493
11,2025-01-22,22,4,"hot",7.32689665606963
11,2025-01-22,22,4,"warm",5.60164318745626
11,2025-01-22,22,4,"mean",3.01376298453622
11,2025-01-22,22,4,"cool",0.425882781616179
11,2025-01-22,22,4,"cold",-1.29937068699718
11,2025-01-22,22,5,"hot",9.61050187585806
11,2025-01-22,22,5,"warm",7.88524840724469
11,2025-01-22,22,5,"mean",5.29736820432465
11,2025-01-22,22,5,"cool",2.70948800140461
11,2025-01-22,22,5,"cold",0.984234532791246
11,2025-01-22,22,6,"hot",11.0920126215648
11,2025-01-22,22,6,"warm",9.36675915295148
11,2025-01-22,22,6,"mean",6.77887895003144
11,2025-01-22,22,6,"cool",4.1909987471114
11,2025-01-22,22,6,"cold",2.46574527849804
11,2025-01-22,22,7,"hot",11.4077528425779
11,2025-01-22,22,7,"warm",9.68249937396457
11,2025-01-22,22,7,"mean",7.09461917104453
11,2025-01-22,22,7,"cool",4.50673896812448
11,2025-01-22,22,7,"cold",2.78148549951112
11,2025-01-22,22,8,"hot",10.3394915497547
11,2025-01-22,22,8,"warm",8.61423808114138
11,2025-01-22,22,8,"mean",6.02635787822133
11,2025-01-22,22,8,"cool",3.43847767530129
11,2025-01-22,22,8,"cold",1.71322420668793
11,2025-01-22,22,9,"hot",8.86256673595462
11,2025-01-22,22,9,"warm",7.13731326734126
11,2025-01-22,22,9,"mean",4.54943306442121
11,2025-01-22,22,9,"cool",1.96155286150117
11,2025-01-22,22,9,"cold",0.236299392887808
11,2025-01-22,22,10,"hot",8.09573118459623
11,2025-01-22,22,10,"warm",6.37047771598287
11,2025-01-22,22,10,"mean",3.78259751306282
11,2025-01-22,22,10,"cool",1.19471731014278
11,2025-01-22,22,10,"cold",-0.530536158470583
11,2025-01-22,22,11,"hot",7.58517200568344
11,2025-01-22,22,11,"warm",5.85991853707008
11,2025-01-22,22,11,"mean",3.27203833415003
11,2025-01-22,22,11,"cool",0.684158131229991
11,2025-01-22,22,11,"cold",-1.04109533738337
12,2025-01-23,23,0,"hot",7.1460531112066
12,2025-01-23,23,0,"warm",5.42079964259323
12,2025-01-23,23,0,"mean",2.83291943967319
12,2025-01-23,23,0,"cool",0.245039236753147
12,2025-01-23,23,0,"cold",-1.48021423186022
12,2025-01-23,23,1,"hot",6.83562268195909
12,2025-01-23,23,1,"warm",5.11036921334573
12,2025-01-23,23,1,"mean",2.52248901042568
12,2025-01-23,23,1,"cool",-0.0653911924943613
12,2025-01-23,23,1,"cold",-1.79064466110772
12,2025-01-23,23,2,"hot",6.5765202282173
12,2025-01-23,23,2,"warm",4.85126675960394
12,2025-01-23,23,2,"mean",2.2633865566839
12,2025-01-23,23,2,"cool",-0.324493646236148
12,2025-01-23,23,2,"cold",-2.04974711484951
12,2025-01-23,23,3,"hot",6.35413769498871
12,2025-01-23,23,3,"warm",4.62888422637534
12,2025-01-23,23,3,"mean",2.0410040234553
12,2025-01-23,23,3,"cool",-0.546876179464741
12,2025-01-23,23,3,"cold",-2.2721296480781
12,2025-01-23,23,4,"hot",7.3796441572088
12,2025-01-23,23,4,"warm",5.65439068859544
12,2025-01-23,23,4,"mean",3.06651048567539
12,2025-01-23,23,4,"cool",0.478630282755351
12,2025-01-23,23,4,"cold",-1.24662318585801
12,2025-01-23,23,5,"hot",9.65631794726175
12,2025-01-23,23,5,"warm",7.93106447864838
12,2025-01-23,23,5,"mean",5.34318427572834
12,2025-01-23,23,5,"cool",2.7553040728083
12,2025-01-23,23,5,"cold",1.03005060419494
12,2025-01-23,23,6,"hot",11.1296860801014
12,2025-01-23,23,6,"warm",9.40443261148802
12,2025-01-23,23,6,"mean",6.81655240856798
12,2025-01-23,23,6,"cool",4.22867220564793
12,2025-01-23,23,6,"cold",2.50341873703457
12,2025-01-23,23,7,"hot",11.443387483979
12,2025-01-23,23,7,"warm",9.71813401536559
12,2025-01-23,23,7,"mean",7.13025381244555
12,2025-01-23,23,7,"cool",4.54237360952551
12,2025-01-23,23,7,"cold",2.81712014091215
12,2025-01-23,23,8,"hot",10.3814266980263
12,2025-01-23,23,8,"warm",8.65617322941289
12,2025-01-23,23,8,"mean",6.06829302649285
12,2025-01-23,23,8,"cool",3.48041282357281
12,2025-01-23,23,8,"cold",1.75515935495944
12,2025-01-23,23,9,"hot",8.87903169608184
12,2025-01-23,23,9,"warm",7.15377822746847
12,2025-01-23,23,9,"mean",4.56589802454843
12,2025-01-23,23,9,"cool",1.97801782162839
12,2025-01-23,23,9,"cold",0.252764353015025
12,2025-01-23,23,10,"hot",8.0963040662804
12,2025-01-23,23,10,"warm",6.37105059766704
12,2025-01-23,23,10,"mean",3.783170394747
12,2025-01-23,23,10,"cool",1.19529019182695
12,2025-01-23,23,10,"cold",-0.529963276786408
12,2025-01-23,23,11,"hot",7.57740165098805
12,2025-01-23,23,11,"warm",5.85214818237469
12,2025-01-23,23,11,"mean",3.26426797945465
12,2025-01-23,23,11,"cool",0.676387776534604
12,2025-01-23,23,11,"cold",-1.04886569207876
12,2025-01-24,24,0,"hot",7.1460531112066
12,2025-01-24,24,0,"warm",5.42079964259323
12,2025-01-24,24,0,"mean",2.83291943967319
12,2025-01-24,24,0,"cool",0.245039236753147
12,2025-01-24,24,0,"cold",-1.48021423186022
12,2025-01-24,24,1,"hot",6.83562268195909
12,2025-01-24,24,1,"warm",5.11036921334573
12,2025-01-24,24,1,"mean",2.52248901042568
12,2025-01-24,24,1,"cool",-0.0653911924943613
12,2025-01-24,24,1,"cold",-1.79064466110772
12,2025-01-24,24,2,"hot",6.5765202282173
12,2025-01-24,24,2,"warm",4.85126675960394
12,2025-01-24,24,2,"mean",2.2633865566839
12,2025-01-24,24,2,"cool",-0.324493646236148
12,2025-01-24,24,2,"cold",-2.04974711484951
12,2025-01-24,24,3,"hot",6.35413769498871
12,2025-01-24,24,3,"warm",4.62888422637534
12,2025-01-24,24,3,"mean",2.0410040234553
12,2025-01-24,24,3,"cool",-0.546876179464741
12,2025-01-24,24,3,"cold",-2.2721296480781
12,2025-01-24,24,4,"hot",7.3796441572088
12,2025-01-24,24,4,"warm",5.65439068859544
12,2025-01-24,24,4,"mean",3.06651048567539
12,2025-01-24,24,4,"cool",0.478630282755351
12,2025-01-24,24,4,"cold",-1.24662318585801
12,2025-01-24,24,5,"hot",9.65631794726175
12,2025-01-24,24,5,"warm",7.93106447864838
12,2025-01-24,24,5,"mean",5.34318427572834
12,2025-01-24,24,5,"cool",2.7553040728083
12,2025-01-24,24,5,"cold",1.03005060419494
12,2025-01-24,24,6,"hot",11.1296860801014
12,2025-01-24,24,6,"warm",9.40443261148802
12,2025-01-24,24,6,"mean",6.81655240856798
12,2025-01-24,24,6,"cool",4.22867220564793
12,2025-01-24,24,6,"cold",2.50341873703457
12,2025-01-24,24,7,"hot",11.443387483979
12,2025-01-24,24,7,"warm",9.71813401536559
12,2025-01-24,24,7,"mean",7.13025381244555
12,2025-01-24,24,7,"cool",4.54237360952551
12,2025-01-24,24,7,"cold",2.81712014091215
12,2025-01-24,24,8,"hot",10.3814266980263
12,2025-01-24,24,8,"warm",8.65617322941289
12,2025-01-24,24,8,"mean",6.06829302649285
12,2025-01-24,24,8,"cool",3.48041282357281
12,2025-01-24,24,8,"cold",1.75515935495944
12,2025-01-24,24,9,"hot",8.87903169608184
12,2025-01-24,24,9,"warm",7.15377822746847
12,2025-01-24,24,9,"mean",4.56589802454843
12,2025-01-24,24,9,"cool",1.97801782162839
12,2025-01-24,24,9,"cold",0.252764353015025
12,2025-01-24,24,10,"hot",8.0963040662804
12,2025-01-24,24,10,"warm",6.37105059766704
12,2025-01-24,24,10,"mean",3.783170394747
12,2025-01-24,24,10,"cool",1.19529019182695
12,2025-01-24,24,10,"cold",-0.529963276786408
12,2025-01-24,24,11,"hot",7.57740165098805
12,2025-01-24,24,11,"warm",5.85214818237469
12,2025-01-24,24,11,"mean",3.26426797945465
12,2025-01-24,24,11,"cool",0.676387776534604
12,2025-01-24,24,11,"cold",-1.04886569207876
13,2025-01-25,25,0,"hot",7.12559520340034
13,2025-01-25,25,0,"warm",5.40034173478698
13,2025-01-25,25,0,"mean",2.81246153186694
13,2025-01-25,25,0,"cool",0.224581328946893
13,2025-01-25,25,0,"cold",-1.50067213966647
13,2025-01-25,25,1,"hot",6.79665285587106
13,2025-01-25,25,1,"warm",5.07139938725769
13,2025-01-25,25,1,"mean",2.48351918433765
13,2025-01-25,25,1,"cool",-0.104361018582392
13,2025-01-25,25,1,"cold",-1.82961448719575
13,2025-01-25,25,2,"hot",6.5223218630427
13,2025-01-25,25,2,"warm",4.79706839442933
13,2025-01-25,25,2,"mean",2.20918819150929
13,2025-01-25,25,2,"cool",-0.378692011410752
13,2025-01-25,25,2,"cold",-2.10394548002411
13,2025-01-25,25,3,"hot",6.28700485325685
13,2025-01-25,25,3,"warm",4.56175138464349
13,2025-01-25,25,3,"mean",1.97387118172345
13,2025-01-25,25,3,"cool",-0.614009021196597
13,2025-01-25,25,3,"cold",-2.33926248980996
13,2025-01-25,25,4,"hot",7.40450740064625
13,2025-01-25,25,4,"warm",5.67925393203289
13,2025-01-25,25,4,"mean",3.09137372911284
13,2025-01-25,25,4,"cool",0.503493526192802
13,2025-01-25,25,4,"cold",-1.22175994242056
13,2025-01-25,25,5,"hot",9.72597850815078
13,2025-01-25,25,5,"warm",8.00072503953742
13,2025-01-25,25,5,"mean",5.41284483661737
13,2025-01-25,25,5,"cool",2.82496463369733
13,2025-01-25,25,5,"cold",1.09971116508397
13,2025-01-25,25,6,"hot",11.2246205164905
13,2025-01-25,25,6,"warm",9.49936704787716
13,2025-01-25,25,6,"mean",6.91148684495712
13,2025-01-25,25,6,"cool",4.32360664203708
13,2025-01-25,25,6,"cold",2.59835317342372
13,2025-01-25,25,7,"hot",11.543393531207
13,2025-01-25,25,7,"warm",9.81814006259369
13,2025-01-25,25,7,"mean",7.23025985967364
13,2025-01-25,25,7,"cool",4.6423796567536
13,2025-01-25,25,7,"cold",2.91712618814024
13,2025-01-25,25,8,"hot",10.4621497104818
13,2025-01-25,25,8,"warm",8.73689624186846
13,2025-01-25,25,8,"mean",6.14901603894842
13,2025-01-25,25,8,"cool",3.56113583602838
13,2025-01-25,25,8,"cold",1.83588236741502
13,2025-01-25,25,9,"hot",8.88928889057929
13,2025-01-25,25,9,"warm",7.16403542196593
13,2025-01-25,25,9,"mean",4.57615521904589
13,2025-01-25,25,9,"cool",1.98827501612584
13,2025-01-25,25,9,"cold",0.263021547512483
13,2025-01-25,25,10,"hot",8.06644270946364
13,2025-01-25,25,10,"warm",6.34118924085028
13,2025-01-25,25,10,"mean",3.75330903793023
13,2025-01-25,25,10,"cool",1.16542883501019
13,2025-01-25,25,10,"cold",-0.559824633603171
13,2025-01-25,25,11,"hot",7.52340270679093
13,2025-01-25,25,11,"warm",5.79814923817757
13,2025-01-25,25,11,"mean",3.21026903525753
13,2025-01-25,25,11,"cool",0.622388832337484
13,2025-01-25,25,11,"cold",-1.10286463627588
13,2025-01-26,26,0,"hot",7.12559520340034
13,2025-01-26,26,0,"warm",5.40034173478698
13,2025-01-26,26,0,"mean",2.81246153186694
13,2025-01-26,26,0,"cool",0.224581328946893
13,2025-01-26,26,0,"cold",-1.50067213966647
13,2025-01-26,26,1,"hot",6.79665285587106
13,2025-01-26,26,1,"warm",5.07139938725769
13,2025-01-26,26,1,"mean",2.48351918433765
13,2025-01-26,26,1,"cool",-0.104361018582392
13,2025-01-26,26,1,"cold",-1.82961448719575
13,2025-01-26,26,2,"hot",6.5223218630427
13,2025-01-26,26,2,"warm",4.79706839442933
13,2025-01-26,26,2,"mean",2.20918819150929
13,2025-01-26,26,2,"cool",-0.378692011410752
13,2025-01-26,26,2,"cold",-2.10394548002411
13,2025-01-26,26,3,"hot",6.28700485325685
13,2025-01-26,26,3,"warm",4.56175138464349
13,2025-01-26,26,3,"mean",1.97387118172345
13,2025-01-26,26,3,"cool",-0.614009021196597
13,2025-01-26,26,3,"cold",-2.33926248980996
13,2025-01-26,26,4,"hot",7.40450740064625
13,2025-01-26,26,4,"warm",5.67925393203289
13,2025-01-26,26,4,"mean",3.09137372911284
13,2025-01-26,26,4,"cool",0.503493526192802
13,2025-01-26,26,4,"cold",-1.22175994242056
13,2025-01-26,26,5,"hot",9.72597850815078
13,2025-01-26,26,5,"warm",8.00072503953742
13,2025-01-26,26,5,"mean",5.41284483661737
13,2025-01-26,26,5,"cool",2.82496463369733
13,2025-01-26,26,5,"cold",1.09971116508397
13,2025-01-26,26,6,"hot",11.2246205164905
13,2025-01-26,26,6,"warm",9.49936704787716
13,2025-01-26,26,6,"mean",6.91148684495712
13,2025-01-26,26,6,"cool",4.32360664203708
13,2025-01-26,26,6,"cold",2.59835317342372
13,2025-01-26,26,7,"hot",11.543393531207
13,2025-01-26,26,7,"warm",9.81814006259369
13,2025-01-26,26,7,"mean",7.23025985967364
13,2025-01-26,26,7,"cool",4.6423796567536
13,2025-01-26,26,7,"cold",2.91712618814024
13,2025-01-26,26,8,"hot",10.4621497104818
13,2025-01-26,26,8,"warm",8.73689624186846
13,2025-01-26,26,8,"mean",6.14901603894842
13,2025-01-26,26,8,"cool",3.56113583602838
13,2025-01-26,26,8,"cold",1.83588236741502
13,2025-01-26,26,9,"hot",8.88928889057929
13,2025-01-26,26,9,"warm",7.16403542196593
13,2025-01-26,26,9,"mean",4.57615521904589
13,2025-01-26,26,9,"cool",1.98827501612584
13,2025-01-26,26,9,"cold",0.263021547512483
13,2025-01-26,26,10,"hot",8.06644270946364
13,2025-01-26,26,10,"warm",6.34118924085028
13,2025-01-26,26,10,"mean",3.75330903793023
13,2025-01-26,26,10,"cool",1.16542883501019
13,2025-01-26,26,10,"cold",-0.559824633603171
13,2025-01-26,26,11,"hot",7.52340270679093
13,2025-01-26,26,11,"warm",5.79814923817757
13,2025-01-26,26,11,"mean",3.21026903525753
13,2025-01-26,26,11,"cool",0.622388832337484
13,2025-01-26,26,11,"cold",-1.10286463627588
14,2025-01-27,27,0,"hot",6.84748187563637
14,2025-01-27,27,0,"warm",5.12222840702301
14,2025-01-27,27,0,"mean",2.53434820410297
14,2025-01-27,27,0,"cool",-0.0535319988170744
14,2025-01-27,27,0,"cold",-1.77878546743044
14,2025-01-27,27,1,"hot",6.51163276757941
14,2025-01-27,27,1,"warm",4.78637929896604
14,2025-01-27,27,1,"mean",2.198499096046
14,2025-01-27,27,1,"cool",-0.389381106874041
14,2025-01-27,27,1,"cold",-2.1146345754874
14,2025-01-27,27,2,"hot",6.23177940070981
14,2025-01-27,27,2,"warm",4.50652593209645
14,2025-01-27,27,2,"mean",1.91864572917641
14,2025-01-27,27,2,"cool",-0.669234473743637
14,2025-01-27,27,2,"cold",-2.394487942357
14,2025-01-27,27,3,"hot",5.99187022666305
14,2025-01-27,27,3,"warm",4.26661675804969
14,2025-01-27,27,3,"mean",1.67873655512965
14,2025-01-27,27,3,"cool",-0.909143647790394
14,2025-01-27,27,3,"cold",-2.63439711640376
14,2025-01-27,27,4,"hot",7.18929420221981
14,2025-01-27,27,4,"warm",5.46404073360645
14,2025-01-27,27,4,"mean",2.8761605306864
14,2025-01-27,27,4,"cool",0.288280327766361
14,2025-01-27,27,4,"cold",-1.436973140847
14,2025-01-27,27,5,"hot",9.51611114000161
14,2025-01-27,27,5,"warm",7.79085767138824
14,2025-01-27,27,5,"mean",5.2029774684682
14,2025-01-27,27,5,"cool",2.61509726554816
14,2025-01-27,27,5,"cold",0.889843796934794
14,2025-01-27,27,6,"hot",11.0143618562928
14,2025-01-27,27,6,"warm",9.28910838767943
14,2025-01-27,27,6,"mean",6.70122818475939
14,2025-01-27,27,6,"cool",4.11334798183934
14,2025-01-27,27,6,"cold",2.38809451322598
14,2025-01-27,27,7,"hot",11.3327314814665
14,2025-01-27,27,7,"warm",9.60747801285313
14,2025-01-27,27,7,"mean",7.01959780993309
14,2025-01-27,27,7,"cool",4.43171760701305
14,2025-01-27,27,7,"cold",2.70646413839968
14,2025-01-27,27,8,"hot",10.2739758210362
14,2025-01-27,27,8,"warm",8.54872235242288
14,2025-01-27,27,8,"mean",5.96084214950283
14,2025-01-27,27,8,"cool",3.37296194658279
14,2025-01-27,27,8,"cold",1.64770847796943
14,2025-01-27,27,9,"hot",8.74129985786135
14,2025-01-27,27,9,"warm",7.01604638924798
14,2025-01-27,27,9,"mean",4.42816618632794
14,2025-01-27,27,9,"cool",1.8402859834079
14,2025-01-27,27,9,"cold",0.115032514794536
14,2025-01-27,27,10,"hot",7.94062691730529
14,2025-01-27,27,10,"warm",6.21537344869193
14,2025-01-27,27,10,"mean",3.62749324577188
14,2025-01-27,27,10,"cool",1.03961304285184
14,2025-01-27,27,10,"cold",-0.685640425761522
14,2025-01-27,27,11,"hot",7.41472569511688
14,2025-01-27,27,11,"warm",5.68947222650351
14,2025-01-27,27,11,"mean",3.10159202358347
14,2025-01-27,27,11,"cool",0.513711820663429
14,2025-01-27,27,11,"cold",-1.21154164794993
14,2025-01-28,28,0,"hot",6.84748187563637
14,2025-01-28,28,0,"warm",5.12222840702301
14,2025-01-28,28,0,"mean",2.53434820410297
14,2025-01-28,28,0,"cool",-0.0535319988170744
14,2025-01-28,28,0,"cold",-1.77878546743044
14,2025-01-28,28,1,"hot",6.51163276757941
14,2025-01-28,28,1,"warm",4.78637929896604
14,2025-01-28,28,1,"mean",2.198499096046
14,2025-01-28,28,1,"cool",-0.389381106874041
14,2025-01-28,28,1,"cold",-2.1146345754874
14,2025-01-28,28,2,"hot",6.23177940070981
14,2025-01-28,28,2,"warm",4.50652593209645
14,2025-01-28,28,2,"mean",1.91864572917641
14,2025-01-28,28,2,"cool",-0.669234473743637
14,2025-01-28,28,2,"cold",-2.394487942357
14,2025-01-28,28,3,"hot",5.99187022666305
14,2025-01-28,28,3,"warm",4.26661675804969
14,2025-01-28,28,3,"mean",1.67873655512965
14,2025-01-28,28,3,"cool",-0.909143647790394
14,2025-01-28,28,3,"cold",-2.63439711640376
14,2025-01-28,28,4,"hot",7.18929420221981
14,2025-01-28,28,4,"warm",5.46404073360645
14,2025-01-28,28,4,"mean",2.8761605306864
14,2025-01-28,28,4,"cool",0.288280327766361
14,2025-01-28,28,4,"cold",-1.436973140847
14,2025-01-28,28,5,"hot",9.51611114000161
14,2025-01-28,28,5,"warm",7.79085767138824
14,2025-01-28,28,5,"mean",5.2029774684682
14,2025-01-28,28,5,"cool",2.61509726554816
14,2025-01-28,28,5,"cold",0.889843796934794
14,2025-01-28,28,6,"hot",11.0143618562928
14,2025-01-28,28,6,"warm",9.28910838767943
14,2025-01-28,28,6,"mean",6.70122818475939
14,2025-01-28,28,6,"cool",4.11334798183934
14,2025-01-28,28,6,"cold",2.38809451322598
14,2025-01-28,28,7,"hot",11.3327314814665
14,2025-01-28,28,7,"warm",9.60747801285313
14,2025-01-28,28,7,"mean",7.01959780993309
14,2025-01-28,28,7,"cool",4.43171760701305
14,2025-01-28,28,7,"cold",2.70646413839968
14,2025-01-28,28,8,"hot",10.2739758210362
14,2025-01-28,28,8,"warm",8.54872235242288
14,2025-01-28,28,8,"mean",5.96084214950283
14,2025-01-28,28,8,"cool",3.37296194658279
14,2025-01-28,28,8,"cold",1.64770847796943
14,2025-01-28,28,9,"hot",8.74129985786135
14,2025-01-28,28,9,"warm",7.01604638924798
14,2025-01-28,28,9,"mean",4.42816618632794
14,2025-01-28,28,9,"cool",1.8402859834079
14,2025-01-28,28,9,"cold",0.115032514794536
14,2025-01-28,28,10,"hot",7.94062691730529
14,2025-01-28,28,10,"warm",6.21537344869193
14,2025-01-28,28,10,"mean",3.62749324577188
14,2025-01-28,28,10,"cool",1.03961304285184
14,2025-01-28,28,10,"cold",-0.685640425761522
14,2025-01-28,28,11,"hot",7.41472569511688
14,2025-01-28,28,11,"warm",5.68947222650351
14,2025-01-28,28,11,"mean",3.10159202358347
14,2025-01-28,28,11,"cool",0.513711820663429
14,2025-01-28,28,11,"cold",-1.21154164794993
15,2025-01-29,29,0,"hot",7.04944835350874
15,2025-01-29,29,0,"warm",5.32419488489538
15,2025-01-29,29,0,"mean",2.73631468197534
15,2025-01-29,29,0,"cool",0.148434479055293
15,2025-01-29,29,0,"cold",-1.57681898955807
15,2025-01-29,29,1,"hot",6.75036270580142
15,2025-01-29,29,1,"warm",5.02510923718806
15,2025-01-29,29,1,"mean",2.43722903426802
15,2025-01-29,29,1,"cool",-0.150651168652026
15,2025-01-29,29,1,"cold",-1.87590463726539
15,2025-01-29,29,2,"hot",6.50136310285409
15,2025-01-29,29,2,"warm",4.77610963424073
15,2025-01-29,29,2,"mean",2.18822943132068
15,2025-01-29,29,2,"cool",-0.399650771599361
15,2025-01-29,29,2,"cold",-2.12490424021272
15,2025-01-29,29,3,"hot",6.28803751038746
15,2025-01-29,29,3,"warm",4.5627840417741
15,2025-01-29,29,3,"mean",1.97490383885406
15,2025-01-29,29,3,"cool",-0.612976364065984
15,2025-01-29,29,3,"cold",-2.33822983267935
15,2025-01-29,29,4,"hot",7.3390594861377
15,2025-01-29,29,4,"warm",5.61380601752433
15,2025-01-29,29,4,"mean",3.02592581460429
15,2025-01-29,29,4,"cool",0.438045611684247
15,2025-01-29,29,4,"cold",-1.28720785692911
15,2025-01-29,29,5,"hot",9.25566664209713
15,2025-01-29,29,5,"warm",7.53041317348376
15,2025-01-29,29,5,"mean",4.94253297056372
15,2025-01-29,29,5,"cool",2.35465276764368
15,2025-01-29,29,5,"cold",0.629399299030315
15,2025-01-29,29,6,"hot",10.4866827163059
15,2025-01-29,29,6,"warm",8.76142924769252
15,2025-01-29,29,6,"mean",6.17354904477248
15,2025-01-29,29,6,"cool",3.58566884185244
15,2025-01-29,29,6,"cold",1.86041537323907
15,2025-01-29,29,7,"hot",10.7480082170025
15,2025-01-29,29,7,"warm",9.02275474838915
15,2025-01-29,29,7,"mean",6.43487454546911
15,2025-01-29,29,7,"cool",3.84699434254907
15,2025-01-29,29,7,"cold",2.12174087393571
15,2025-01-29,29,8,"hot",9.85989240558396
15,2025-01-29,29,8,"warm",8.1346389369706
15,2025-01-29,29,8,"mean",5.54675873405055
15,2025-01-29,29,8,"cool",2.95887853113051
15,2025-01-29,29,8,"cold",1.23362506251715
15,2025-01-29,29,9,"hot",8.48098750396292
15,2025-01-29,29,9,"warm",6.75573403534956
15,2025-01-29,29,9,"mean",4.16785383242952
15,2025-01-29,29,9,"cool",1.57997362950948
15,2025-01-29,29,9,"cold",-0.145279839103887
15,2025-01-29,29,10,"hot",7.75239859292385
15,2025-01-29,29,10,"warm",6.02714512431048
15,2025-01-29,29,10,"mean",3.43926492139044
15,2025-01-29,29,10,"cool",0.851384718470399
15,2025-01-29,29,10,"cold",-0.873868750142964
15,2025-01-29,29,11,"hot",7.27630360204935
15,2025-01-29,29,11,"warm",5.55105013343599
15,2025-01-29,29,11,"mean",2.96316993051595
15,2025-01-29,29,11,"cool",0.375289727595903
15,2025-01-29,29,11,"cold",-1.34996374101746
15,2025-01-30,30,0,"hot",7.04944835350874
15,2025-01-30,30,0,"warm",5.32419488489538
15,2025-01-30,30,0,"mean",2.73631468197534
15,2025-01-30,30,0,"cool",0.148434479055293
15,2025-01-30,30,0,"cold",-1.57681898955807
15,2025-01-30,30,1,"hot",6.75036270580142
15,2025-01-30,30,1,"warm",5.02510923718806
15,2025-01-30,30,1,"mean",2.43722903426802
15,2025-01-30,30,1,"cool",-0.150651168652026
15,2025-01-30,30,1,"cold",-1.87590463726539
15,2025-01-30,30,2,"hot",6.50136310285409
15,2025-01-30,30,2,"warm",4.77610963424073
15,2025-01-30,30,2,"mean",2.18822943132068
15,2025-01-30,30,2,"cool",-0.399650771599361
15,2025-01-30,30,2,"cold",-2.12490424021272
15,2025-01-30,30,3,"hot",6.28803751038746
15,2025-01-30,30,3,"warm",4.5627840417741
15,2025-01-30,30,3,"mean",1.97490383885406
15,2025-01-30,30,3,"cool",-0.612976364065984
15,2025-01-30,30,3,"cold",-2.33822983267935
15,2025-01-30,30,4,"hot",7.3390594861377
15,2025-01-30,30,4,"warm",5.61380601752433
15,2025-01-30,30,4,"mean",3.02592581460429
15,2025-01-30,30,4,"cool",0.438045611684247
15,2025-01-30,30,4,"cold",-1.28720785692911
15,2025-01-30,30,5,"hot",9.25566664209713
15,2025-01-30,30,5,"warm",7.53041317348376
15,2025-01-30,30,5,"mean",4.94253297056372
15,2025-01-30,30,5,"cool",2.35465276764368
15,2025-01-30,30,5,"cold",0.629399299030315
15,2025-01-30,30,6,"hot",10.4866827163059
15,2025-01-30,30,6,"warm",8.76142924769252
15,2025-01-30,30,6,"mean",6.17354904477248
15,2025-01-30,30,6,"cool",3.58566884185244
15,2025-01-30,30,6,"cold",1.86041537323907
15,2025-01-30,30,7,"hot",10.7480082170025
15,2025-01-30,30,7,"warm",9.02275474838915
15,2025-01-30,30,7,"mean",6.43487454546911
15,2025-01-30,30,7,"cool",3.84699434254907
15,2025-01-30,30,7,"cold",2.12174087393571
15,2025-01-30,30,8,"hot",9.85989240558396
15,2025-01-30,30,8,"warm",8.1346389369706
15,2025-01-30,30,8,"mean",5.54675873405055
15,2025-01-30,30,8,"cool",2.95887853113051
15,2025-01-30,30,8,"cold",1.23362506251715
15,2025-01-30,30,9,"hot",8.48098750396292
15,2025-01-30,30,9,"warm",6.75573403534956
15,2025-01-30,30,9,"mean",4.16785383242952
15,2025-01-30,30,9,"cool",1.57997362950948
15,2025-01-30,30,9,"cold",-0.145279839103887
15,2025-01-30,30,10,"hot",7.75239859292385
15,2025-01-30,30,10,"warm",6.02714512431048
15,2025-01-30,30,10,"mean",3.43926492139044
15,2025-01-30,30,10,"cool",0.851384718470399
15,2025-01-30,30,10,"cold",-0.873868750142964
15,2025-01-30,30,11,"hot",7.27630360204935
15,2025-01-30,30,11,"warm",5.55105013343599
15,2025-01-30,30,11,"mean",2.96316993051595
15,2025-01-30,30,11,"cool",0.375289727595903
15,2025-01-30,30,11,"cold",-1.34996374101746
16,2025-01-31,31,0,"hot",6.68529967382243
16,2025-01-31,31,0,"warm",4.96004620520907
16,2025-01-31,31,0,"mean",2.37216600228903
16,2025-01-31,31,0,"cool",-0.215714200631013
16,2025-01-31,31,0,"cold",-1.94096766924438
16,2025-01-31,31,1,"hot",6.38931694269509
16,2025-01-31,31,1,"warm",4.66406347408173
16,2025-01-31,31,1,"mean",2.07618327116168
16,2025-01-31,31,1,"cool",-0.511696931758361
16,2025-01-31,31,1,"cold",-2.23695040037172
16,2025-01-31,31,2,"hot",6.14313134043314
16,2025-01-31,31,2,"warm",4.41787787181978
16,2025-01-31,31,2,"mean",1.82999766889974
16,2025-01-31,31,2,"cool",-0.757882534020306
16,2025-01-31,31,2,"cold",-2.48313600263367
16,2025-01-31,31,3,"hot",5.93235653344942
16,2025-01-31,31,3,"warm",4.20710306483605
16,2025-01-31,31,3,"mean",1.61922286191601
16,2025-01-31,31,3,"cool",-0.968657341004031
16,2025-01-31,31,3,"cold",-2.69391080961739
16,2025-01-31,31,4,"hot",7.22720126552115
16,2025-01-31,31,4,"warm",5.50194779690779
16,2025-01-31,31,4,"mean",2.91406759398775
16,2025-01-31,31,4,"cool",0.326187391067702
16,2025-01-31,31,4,"cold",-1.39906607754566
16,2025-01-31,31,5,"hot",9.44029202306811
16,2025-01-31,31,5,"warm",7.71503855445475
16,2025-01-31,31,5,"mean",5.1271583515347
16,2025-01-31,31,5,"cool",2.53927814861466
16,2025-01-31,31,5,"cold",0.814024680001297
16,2025-01-31,31,6,"hot",10.857995725392
16,2025-01-31,31,6,"warm",9.13274225677862
16,2025-01-31,31,6,"mean",6.54486205385857
16,2025-01-31,31,6,"cool",3.95698185093853
16,2025-01-31,31,6,"cold",2.23172838232517
16,2025-01-31,31,7,"hot",11.1586400784216
16,2025-01-31,31,7,"warm",9.43338660980819
16,2025-01-31,31,7,"mean",6.84550640688815
16,2025-01-31,31,7,"cool",4.2576262039681
16,2025-01-31,31,7,"cold",2.53237273535474
16,2025-01-31,31,8,"hot",10.1535521370432
16,2025-01-31,31,8,"warm",8.42829866842986
16,2025-01-31,31,8,"mean",5.84041846550982
16,2025-01-31,31,8,"cool",3.25253826258978
16,2025-01-31,31,8,"cold",1.52728479397641
16,2025-01-31,31,9,"hot",8.57887383309024
16,2025-01-31,31,9,"warm",6.85362036447687
16,2025-01-31,31,9,"mean",4.26574016155683
16,2025-01-31,31,9,"cool",1.67785995863679
16,2025-01-31,31,9,"cold",-0.0473935099765743
16,2025-01-31,31,10,"hot",7.74649662019856
16,2025-01-31,31,10,"warm",6.0212431515852
16,2025-01-31,31,10,"mean",3.43336294866516
16,2025-01-31,31,10,"cool",0.845482745745116
16,2025-01-31,31,10,"cold",-0.879770722868247
16,2025-01-31,31,11,"hot",7.2055708452736
16,2025-01-31,31,11,"warm",5.48031737666024
16,2025-01-31,31,11,"mean",2.8924371737402
16,2025-01-31,31,11,"cool",0.304556970820153
16,2025-01-31,31,11,"cold",-1.42069649779321
16,2025-02-01,32,0,"hot",7.16720750344824
16,2025-02-01,32,0,"warm",5.24919090298455
16,2025-02-01,32,0,"mean",2.37216600228903
16,2025-02-01,32,0,"cool",-0.504858898406495
16,2025-02-01,32,0,"cold",-2.42287549887018
16,2025-02-01,32,1,"hot",6.87122477232089
16,2025-02-01,32,1,"warm",4.95320817185721
16,2025-02-01,32,1,"mean",2.07618327116168
16,2025-02-01,32,1,"cool",-0.800841629533843
16,2025-02-01,32,1,"cold",-2.71885822999753
16,2025-02-01,32,2,"hot",6.62503917005894
16,2025-02-01,32,2,"warm",4.70702256959526
16,2025-02-01,32,2,"mean",1.82999766889974
16,2025-02-01,32,2,"cool",-1.04702723179579
16,2025-02-01,32,2,"cold",-2.96504383225947
16,2025-02-01,32,3,"hot",6.41426436307522
16,2025-02-01,32,3,"warm",4.49624776261154
16,2025-02-01,32,3,"mean",1.61922286191601
16,2025-02-01,32,3,"cool",-1.25780203877951
16,2025-02-01,32,3,"cold",-3.1758186392432
16,2025-02-01,32,4,"hot",7.70910909514695
16,2025-02-01,32,4,"warm",5.79109249468327
16,2025-02-01,32,4,"mean",2.91406759398775
16,2025-02-01,32,4,"cool",0.037042693292221
16,2025-02-01,32,4,"cold",-1.88097390717146
16,2025-02-01,32,5,"hot",9.92219985269391
16,2025-02-01,32,5,"warm",8.00418325223023
16,2025-02-01,32,5,"mean",5.1271583515347
16,2025-02-01,32,5,"cool",2.25013345083918
16,2025-02-01,32,5,"cold",0.332116850375495
16,2025-02-01,32,6,"hot",11.3399035550178
16,2025-02-01,32,6,"warm",9.4218869545541
16,2025-02-01,32,6,"mean",6.54486205385857
16,2025-02-01,32,6,"cool",3.66783715316305
16,2025-02-01,32,6,"cold",1.74982055269937
16,2025-02-01,32,7,"hot",11.6405479080474
16,2025-02-01,32,7,"warm",9.72253130758367
16,2025-02-01,32,7,"mean",6.84550640688815
16,2025-02-01,32,7,"cool",3.96848150619262
16,2025-02-01,32,7,"cold",2.05046490572894
16,2025-02-01,32,8,"hot",10.635459966669
16,2025-02-01,32,8,"warm",8.71744336620534
16,2025-02-01,32,8,"mean",5.84041846550982
16,2025-02-01,32,8,"cool",2.96339356481429
16,2025-02-01,32,8,"cold",1.04537696435061
16,2025-02-01,32,9,"hot",9.06078166271604
16,2025-02-01,32,9,"warm",7.14276506225236
16,2025-02-01,32,9,"mean",4.26574016155683
16,2025-02-01,32,9,"cool",1.38871526086131
16,2025-02-01,32,9,"cold",-0.529301339602377
16,2025-02-01,32,10,"hot",8.22840444982437
16,2025-02-01,32,10,"warm",6.31038784936068
16,2025-02-01,32,10,"mean",3.43336294866516
16,2025-02-01,32,10,"cool",0.556338047969634
16,2025-02-01,32,10,"cold",-1.36167855249405
16,2025-02-01,32,11,"hot",7.6874786748994
16,2025-02-01,32,11,"warm",5.76946207443572
16,2025-02-01,32,11,"mean",2.8924371737402
16,2025-02-01,32,11,"cool",0.0154122730446713
16,2025-02-01,32,11,"cold",-1.90260432741901
17,2025-02-02,33,0,"hot",7.18227476540002
17,2025-02-02,33,0,"warm",5.26425816493633
17,2025-02-02,33,0,"mean",2.38723326424081
17,2025-02-02,33,0,"cool",-0.489791636454715
17,2025-02-02,33,0,"cold",-2.4078082369184
17,2025-02-02,33,1,"hot",6.84690391340975
17,2025-02-02,33,1,"warm",4.92888731294607
17,2025-02-02,33,1,"mean",2.05186241225055
17,2025-02-02,33,1,"cool",-0.825162488444978
17,2025-02-02,33,1,"cold",-2.74317908890866
17,2025-02-02,33,2,"hot",6.5682193953624
17,2025-02-02,33,2,"warm",4.65020279489871
17,2025-02-02,33,2,"mean",1.77317789420319
17,2025-02-02,33,2,"cool",-1.10384700649234
17,2025-02-02,33,2,"cold",-3.02186360695602
17,2025-02-02,33,3,"hot",6.32977904718574
17,2025-02-02,33,3,"warm",4.41176244672206
17,2025-02-02,33,3,"mean",1.53473754602653
17,2025-02-02,33,3,"cool",-1.34228735466899
17,2025-02-02,33,3,"cold",-3.26030395513268
17,2025-02-02,33,4,"hot",7.75579431926735
17,2025-02-02,33,4,"warm",5.83777771880366
17,2025-02-02,33,4,"mean",2.96075281810814
17,2025-02-02,33,4,"cool",0.0837279174126162
17,2025-02-02,33,4,"cold",-1.83428868305107
17,2025-02-02,33,5,"hot",10.0484335241781
17,2025-02-02,33,5,"warm",8.13041692371443
17,2025-02-02,33,5,"mean",5.25339202301891
17,2025-02-02,33,5,"cool",2.37636712232338
17,2025-02-02,33,5,"cold",0.458350521859699
17,2025-02-02,33,6,"hot",11.5133510397492
17,2025-02-02,33,6,"warm",9.5953344392855
17,2025-02-02,33,6,"mean",6.71830953858998
17,2025-02-02,33,6,"cool",3.84128463789445
17,2025-02-02,33,6,"cold",1.92326803743077
17,2025-02-02,33,7,"hot",11.8236951964738
17,2025-02-02,33,7,"warm",9.90567859601013
17,2025-02-02,33,7,"mean",7.02865369531461
17,2025-02-02,33,7,"cool",4.15162879461909
17,2025-02-02,33,7,"cold",2.2336121941554
17,2025-02-02,33,8,"hot",10.7981208556076
17,2025-02-02,33,8,"warm",8.8801042551439
17,2025-02-02,33,8,"mean",6.00307935444838
17,2025-02-02,33,8,"cool",3.12605445375285
17,2025-02-02,33,8,"cold",1.20803785328917
17,2025-02-02,33,9,"hot",9.15949014658539
17,2025-02-02,33,9,"warm",7.24147354612171
17,2025-02-02,33,9,"mean",4.36444864542619
17,2025-02-02,33,9,"cool",1.48742374473066
17,2025-02-02,33,9,"cold",-0.43059285573302
17,2025-02-02,33,10,"hot",8.29174709113372
17,2025-02-02,33,10,"warm",6.37373049067003
17,2025-02-02,33,10,"mean",3.49670558997451
17,2025-02-02,33,10,"cool",0.619680689278986
17,2025-02-02,33,10,"cold",-1.2983359111847
17,2025-02-02,33,11,"hot",7.7310328101256
17,2025-02-02,33,11,"warm",5.81301620966191
17,2025-02-02,33,11,"mean",2.93599130896639
17,2025-02-02,33,11,"cool",0.058966408270865
17,2025-02-02,33,11,"cold",-1.85905019219282
17,2025-02-03,34,0,"hot",7.18227476540002
17,2025-02-03,34,0,"warm",5.26425816493633
17,2025-02-03,34,0,"mean",2.38723326424081
17,2025-02-03,34,0,"cool",-0.489791636454715
17,2025-02-03,34,0,"cold",-2.4078082369184
17,2025-02-03,34,1,"hot",6.84690391340975
17,2025-02-03,34,1,"warm",4.92888731294607
17,2025-02-03,34,1,"mean",2.05186241225055
17,2025-02-03,34,1,"cool",-0.825162488444978
17,2025-02-03,34,1,"cold",-2.74317908890866
17,2025-02-03,34,2,"hot",6.5682193953624
17,2025-02-03,34,2,"warm",4.65020279489871
17,2025-02-03,34,2,"mean",1.77317789420319
17,2025-02-03,34,2,"cool",-1.10384700649234
17,2025-02-03,34,2,"cold",-3.02186360695602
17,2025-02-03,34,3,"hot",6.32977904718574
17,2025-02-03,34,3,"warm",4.41176244672206
17,2025-02-03,34,3,"mean",1.53473754602653
17,2025-02-03,34,3,"cool",-1.34228735466899
17,2025-02-03,34,3,"cold",-3.26030395513268
17,2025-02-03,34,4,"hot",7.75579431926735
17,2025-02-03,34,4,"warm",5.83777771880366
17,2025-02-03,34,4,"mean",2.96075281810814
17,2025-02-03,34,4,"cool",0.0837279174126162
17,2025-02-03,34,4,"cold",-1.83428868305107
17,2025-02-03,34,5,"hot",10.0484335241781
17,2025-02-03,34,5,"warm",8.13041692371443
17,2025-02-03,34,5,"mean",5.25339202301891
17,2025-02-03,34,5,"cool",2.37636712232338
17,2025-02-03,34,5,"cold",0.458350521859699
17,2025-02-03,34,6,"hot",11.5133510397492
17,2025-02-03,34,6,"warm",9.5953344392855
17,2025-02-03,34,6,"mean",6.71830953858998
17,2025-02-03,34,6,"cool",3.84128463789445
17,2025-02-03,34,6,"cold",1.92326803743077
17,2025-02-03,34,7,"hot",11.8236951964738
17,2025-02-03,34,7,"warm",9.90567859601013
17,2025-02-03,34,7,"mean",7.02865369531461
17,2025-02-03,34,7,"cool",4.15162879461909
17,2025-02-03,34,7,"cold",2.2336121941554
17,2025-02-03,34,8,"hot",10.7981208556076
17,2025-02-03,34,8,"warm",8.8801042551439
17,2025-02-03,34,8,"mean",6.00307935444838
17,2025-02-03,34,8,"cool",3.12605445375285
17,2025-02-03,34,8,"cold",1.20803785328917
17,2025-02-03,34,9,"hot",9.15949014658539
17,2025-02-03,34,9,"warm",7.24147354612171
17,2025-02-03,34,9,"mean",4.36444864542619
17,2025-02-03,34,9,"cool",1.48742374473066
17,2025-02-03,34,9,"cold",-0.43059285573302
17,2025-02-03,34,10,"hot",8.29174709113372
17,2025-02-03,34,10,"warm",6.37373049067003
17,2025-02-03,34,10,"mean",3.49670558997451
17,2025-02-03,34,10,"cool",0.619680689278986
17,2025-02-03,34,10,"cold",-1.2983359111847
17,2025-02-03,34,11,"hot",7.7310328101256
17,2025-02-03,34,11,"warm",5.81301620966191
17,2025-02-03,34,11,"mean",2.93599130896639
17,2025-02-03,34,11,"cool",0.058966408270865
17,2025-02-03,34,11,"cold",-1.85905019219282
18,2025-02-04,35,0,"hot",7.58182413722326
18,2025-02-04,35,0,"warm",5.66380753675958
18,2025-02-04,35,0,"mean",2.78678263606405
18,2025-02-04,35,0,"cool",-0.0902422646314696
18,2025-02-04,35,0,"cold",-2.00825886509515
18,2025-02-04,35,1,"hot",7.24502418626711
18,2025-02-04,35,1,"warm",5.32700758580342
18,2025-02-04,35,1,"mean",2.4499826851079
18,2025-02-04,35,1,"cool",-0.427042215587624
18,2025-02-04,35,1,"cold",-2.34505881605131
18,2025-02-04,35,2,"hot",6.96542912323266
18,2025-02-04,35,2,"warm",5.04741252276898
18,2025-02-04,35,2,"mean",2.17038762207345
18,2025-02-04,35,2,"cool",-0.706637278622072
18,2025-02-04,35,2,"cold",-2.62465387908576
18,2025-02-04,35,3,"hot",6.72637693868436
18,2025-02-04,35,3,"warm",4.80836033822067
18,2025-02-04,35,3,"mean",1.93133543752515
18,2025-02-04,35,3,"cool",-0.945689463170374
18,2025-02-04,35,3,"cold",-2.86370606363406
18,2025-02-04,35,4,"hot",8.26687437425737
18,2025-02-04,35,4,"warm",6.34885777379368
18,2025-02-04,35,4,"mean",3.47183287309816
18,2025-02-04,35,4,"cool",0.594807972402633
18,2025-02-04,35,4,"cold",-1.32320862806105
18,2025-02-04,35,5,"hot",10.6043905642102
18,2025-02-04,35,5,"warm",8.68637396374651
18,2025-02-04,35,5,"mean",5.80934906305099
18,2025-02-04,35,5,"cool",2.93232416235546
18,2025-02-04,35,5,"cold",1.01430756189178
18,2025-02-04,35,6,"hot",12.0942820946012
18,2025-02-04,35,6,"warm",10.1762654941375
18,2025-02-04,35,6,"mean",7.29924059344202
18,2025-02-04,35,6,"cool",4.42221569274649
18,2025-02-04,35,6,"cold",2.50419909228281
18,2025-02-04,35,7,"hot",12.4096079535573
18,2025-02-04,35,7,"warm",10.4915913530936
18,2025-02-04,35,7,"mean",7.61456645239812
18,2025-02-04,35,7,"cool",4.7375415517026
18,2025-02-04,35,7,"cold",2.81952495123891
18,2025-02-04,35,8,"hot",11.4075010825248
18,2025-02-04,35,8,"warm",9.4894844820611
18,2025-02-04,35,8,"mean",6.61245958136558
18,2025-02-04,35,8,"cool",3.73543468067005
18,2025-02-04,35,8,"cold",1.81741808020637
18,2025-02-04,35,9,"hot",9.88557844106767
18,2025-02-04,35,9,"warm",7.96756184060398
18,2025-02-04,35,9,"mean",5.09053693990846
18,2025-02-04,35,9,"cool",2.21351203921293
18,2025-02-04,35,9,"cold",0.295495438749251
18,2025-02-04,35,10,"hot",9.0915365220215
18,2025-02-04,35,10,"warm",7.17351992155781
18,2025-02-04,35,10,"mean",4.29649502086229
18,2025-02-04,35,10,"cool",1.41947012016676
18,2025-02-04,35,10,"cold",-0.498546480296921
18,2025-02-04,35,11,"hot",8.58144721749442
18,2025-02-04,35,11,"warm",6.66343061703074
18,2025-02-04,35,11,"mean",3.78640571633521
18,2025-02-04,35,11,"cool",0.90938081563969
18,2025-02-04,35,11,"cold",-1.00863578482399
18,2025-02-05,36,0,"hot",7.58182413722326
18,2025-02-05,36,0,"warm",5.66380753675958
18,2025-02-05,36,0,"mean",2.78678263606405
18,2025-02-05,36,0,"cool",-0.0902422646314696
18,2025-02-05,36,0,"cold",-2.00825886509515
18,2025-02-05,36,1,"hot",7.24502418626711
18,2025-02-05,36,1,"warm",5.32700758580342
18,2025-02-05,36,1,"mean",2.4499826851079
18,2025-02-05,36,1,"cool",-0.427042215587624
18,2025-02-05,36,1,"cold",-2.34505881605131
18,2025-02-05,36,2,"hot",6.96542912323266
18,2025-02-05,36,2,"warm",5.04741252276898
18,2025-02-05,36,2,"mean",2.17038762207345
18,2025-02-05,36,2,"cool",-0.706637278622072
18,2025-02-05,36,2,"cold",-2.62465387908576
18,2025-02-05,36,3,"hot",6.72637693868436
18,2025-02-05,36,3,"warm",4.80836033822067
18,2025-02-05,36,3,"mean",1.93133543752515
18,2025-02-05,36,3,"cool",-0.945689463170374
18,2025-02-05,36,3,"cold",-2.86370606363406
18,2025-02-05,36,4,"hot",8.26687437425737
18,2025-02-05,36,4,"warm",6.34885777379368
18,2025-02-05,36,4,"mean",3.47183287309816
18,2025-02-05,36,4,"cool",0.594807972402633
18,2025-02-05,36,4,"cold",-1.32320862806105
18,2025-02-05,36,5,"hot",10.6043905642102
18,2025-02-05,36,5,"warm",8.68637396374651
18,2025-02-05,36,5,"mean",5.80934906305099
18,2025-02-05,36,5,"cool",2.93232416235546
18,2025-02-05,36,5,"cold",1.01430756189178
18,2025-02-05,36,6,"hot",12.0942820946012
18,2025-02-05,36,6,"warm",10.1762654941375
18,2025-02-05,36,6,"mean",7.29924059344202
18,2025-02-05,36,6,"cool",4.42221569274649
18,2025-02-05,36,6,"cold",2.50419909228281
18,2025-02-05,36,7,"hot",12.4096079535573
18,2025-02-05,36,7,"warm",10.4915913530936
18,2025-02-05,36,7,"mean",7.61456645239812
18,2025-02-05,36,7,"cool",4.7375415517026
18,2025-02-05,36,7,"cold",2.81952495123891
18,2025-02-05,36,8,"hot",11.4075010825248
18,2025-02-05,36,8,"warm",9.4894844820611
18,2025-02-05,36,8,"mean",6.61245958136558
18,2025-02-05,36,8,"cool",3.73543468067005
18,2025-02-05,36,8,"cold",1.81741808020637
18,2025-02-05,36,9,"hot",9.88557844106767
18,2025-02-05,36,9,"warm",7.96756184060398
18,2025-02-05,36,9,"mean",5.09053693990846
18,2025-02-05,36,9,"cool",2.21351203921293
18,2025-02-05,36,9,"cold",0.295495438749251
18,2025-02-05,36,10,"hot",9.0915365220215
18,2025-02-05,36,10,"warm",7.17351992155781
18,2025-02-05,36,10,"mean",4.29649502086229
18,2025-02-05,36,10,"cool",1.41947012016676
18,2025-02-05,36,10,"cold",-0.498546480296921
18,2025-02-05,36,11,"hot",8.58144721749442
18,2025-02-05,36,11,"warm",6.66343061703074
18,2025-02-05,36,11,"mean",3.78640571633521
18,2025-02-05,36,11,"cool",0.90938081563969
18,2025-02-05,36,11,"cold",-1.00863578482399
19,2025-02-06,37,0,"hot",8.04224637034662
19,2025-02-06,37,0,"warm",6.12422976988294
19,2025-02-06,37,0,"mean",3.24720486918741
19,2025-02-06,37,0,"cool",0.370179968491889
19,2025-02-06,37,0,"cold",-1.54783663197179
19,2025-02-06,37,1,"hot",7.72730912803599
19,2025-02-06,37,1,"warm",5.8092925275723
19,2025-02-06,37,1,"mean",2.93226762687678
19,2025-02-06,37,1,"cool",0.055242726181254
19,2025-02-06,37,1,"cold",-1.86277387428243
19,2025-02-06,37,2,"hot",7.46613988047468
19,2025-02-06,37,2,"warm",5.54812328001099
19,2025-02-06,37,2,"mean",2.67109837931547
19,2025-02-06,37,2,"cool",-0.205926521380056
19,2025-02-06,37,2,"cold",-2.12394312184374
19,2025-02-06,37,3,"hot",7.24300811802966
19,2025-02-06,37,3,"warm",5.32499151756598
19,2025-02-06,37,3,"mean",2.44796661687045
19,2025-02-06,37,3,"cool",-0.429058283825071
19,2025-02-06,37,3,"cold",-2.34707488428875
19,2025-02-06,37,4,"hot",8.59391834007573
19,2025-02-06,37,4,"warm",6.67590173961205
19,2025-02-06,37,4,"mean",3.79887683891652
19,2025-02-06,37,4,"cool",0.921851938220996
19,2025-02-06,37,4,"cold",-0.996164662242687
19,2025-02-06,37,5,"hot",10.5228164897312
19,2025-02-06,37,5,"warm",8.60479988926753
19,2025-02-06,37,5,"mean",5.727774988572
19,2025-02-06,37,5,"cool",2.85075008787648
19,2025-02-06,37,5,"cold",0.932733487412797
19,2025-02-06,37,6,"hot",11.7490817286286
19,2025-02-06,37,6,"warm",9.83106512816494
19,2025-02-06,37,6,"mean",6.95404022746941
19,2025-02-06,37,6,"cool",4.07701532677389
19,2025-02-06,37,6,"cold",2.15899872631021
19,2025-02-06,37,7,"hot",12.0083470659643
19,2025-02-06,37,7,"warm",10.0903304655007
19,2025-02-06,37,7,"mean",7.21330556480513
19,2025-02-06,37,7,"cool",4.33628066410961
19,2025-02-06,37,7,"cold",2.41826406364593
19,2025-02-06,37,8,"hot",11.1334697660986
19,2025-02-06,37,8,"warm",9.21545316563492
19,2025-02-06,37,8,"mean",6.3384282649394
19,2025-02-06,37,8,"cool",3.46140336424387
19,2025-02-06,37,8,"cold",1.54338676378019
19,2025-02-06,37,9,"hot",9.46544731973872
19,2025-02-06,37,9,"warm",7.54743071927504
19,2025-02-06,37,9,"mean",4.67040581857951
19,2025-02-06,37,9,"cool",1.79338091788399
19,2025-02-06,37,9,"cold",-0.124635682579695
19,2025-02-06,37,10,"hot",8.5544170208785
19,2025-02-06,37,10,"warm",6.63640042041482
19,2025-02-06,37,10,"mean",3.7593755197193
19,2025-02-06,37,10,"cool",0.882350619023771
19,2025-02-06,37,10,"cold",-1.03566598143991
19,2025-02-06,37,11,"hot",7.97293088418275
19,2025-02-06,37,11,"warm",6.05491428371907
19,2025-02-06,37,11,"mean",3.17788938302354
19,2025-02-06,37,11,"cool",0.30086448232802
19,2025-02-06,37,11,"cold",-1.61715211813566
19,2025-02-07,38,0,"hot",8.04224637034662
19,2025-02-07,38,0,"warm",6.12422976988294
19,2025-02-07,38,0,"mean",3.24720486918741
19,2025-02-07,38,0,"cool",0.370179968491889
19,2025-02-07,38,0,"cold",-1.54783663197179
19,2025-02-07,38,1,"hot",7.72730912803599
19,2025-02-07,38,1,"warm",5.8092925275723
19,2025-02-07,38,1,"mean",2.93226762687678
19,2025-02-07,38,1,"cool",0.055242726181254
19,2025-02-07,38,1,"cold",-1.86277387428243
19,2025-02-07,38,2,"hot",7.46613988047468
19,2025-02-07,38,2,"warm",5.54812328001099
19,2025-02-07,38,2,"mean",2.67109837931547
19,2025-02-07,38,2,"cool",-0.205926521380056
19,2025-02-07,38,2,"cold",-2.12394312184374
19,2025-02-07,38,3,"hot",7.24300811802966
19,2025-02-07,38,3,"warm",5.32499151756598
19,2025-02-07,38,3,"mean",2.44796661687045
19,2025-02-07,38,3,"cool",-0.429058283825071
19,2025-02-07,38,3,"cold",-2.34707488428875
19,2025-02-07,38,4,"hot",8.59391834007573
19,2025-02-07,38,4,"warm",6.67590173961205
19,2025-02-07,38,4,"mean",3.79887683891652
19,2025-02-07,38,4,"cool",0.921851938220996
19,2025-02-07,38,4,"cold",-0.996164662242687
19,2025-02-07,38,5,"hot",10.5228164897312
19,2025-02-07,38,5,"warm",8.60479988926753
19,2025-02-07,38,5,"mean",5.727774988572
19,2025-02-07,38,5,"cool",2.85075008787648
19,2025-02-07,38,5,"cold",0.932733487412797
19,2025-02-07,38,6,"hot",11.7490817286286
19,2025-02-07,38,6,"warm",9.83106512816494
19,2025-02-07,38,6,"mean",6.95404022746941
19,2025-02-07,38,6,"cool",4.07701532677389
19,2025-02-07,38,6,"cold",2.15899872631021
19,2025-02-07,38,7,"hot",12.0083470659643
19,2025-02-07,38,7,"warm",10.0903304655007
19,2025-02-07,38,7,"mean",7.21330556480513
19,2025-02-07,38,7,"cool",4.33628066410961
19,2025-02-07,38,7,"cold",2.41826406364593
19,2025-02-07,38,8,"hot",11.1334697660986
19,2025-02-07,38,8,"warm",9.21545316563492
19,2025-02-07,38,8,"mean",6.3384282649394
19,2025-02-07,38,8,"cool",3.46140336424387
19,2025-02-07,38,8,"cold",1.54338676378019
19,2025-02-07,38,9,"hot",9.46544731973872
19,2025-02-07,38,9,"warm",7.54743071927504
19,2025-02-07,38,9,"mean",4.67040581857951
19,2025-02-07,38,9,"cool",1.79338091788399
19,2025-02-07,38,9,"cold",-0.124635682579695
19,2025-02-07,38,10,"hot",8.5544170208785
19,2025-02-07,38,10,"warm",6.63640042041482
19,2025-02-07,38,10,"mean",3.7593755197193
19,2025-02-07,38,10,"cool",0.882350619023771
19,2025-02-07,38,10,"cold",-1.03566598143991
19,2025-02-07,38,11,"hot",7.97293088418275
19,2025-02-07,38,11,"warm",6.05491428371907
19,2025-02-07,38,11,"mean",3.17788938302354
19,2025-02-07,38,11,"cool",0.30086448232802
19,2025-02-07,38,11,"cold",-1.61715211813566
20,2025-02-08,39,0,"hot",7.03372871415471
20,2025-02-08,39,0,"warm",5.11571211369103
20,2025-02-08,39,0,"mean",2.23868721299551
20,2025-02-08,39,0,"cool",-0.638337687700019
20,2025-02-08,39,0,"cold",-2.5563542881637
20,2025-02-08,39,1,"hot",6.67300743684261
20,2025-02-08,39,1,"warm",4.75499083637892
20,2025-02-08,39,1,"mean",1.8779659356834
20,2025-02-08,39,1,"cool",-0.999058965012126
20,2025-02-08,39,1,"cold",-2.91707556547581
20,2025-02-08,39,2,"hot",6.37418191800603
20,2025-02-08,39,2,"warm",4.45616531754235
20,2025-02-08,39,2,"mean",1.57914041684683
20,2025-02-08,39,2,"cool",-1.2978844838487
20,2025-02-08,39,2,"cold",-3.21590108431238
20,2025-02-08,39,3,"hot",6.11906516874
20,2025-02-08,39,3,"warm",4.20104856827631
20,2025-02-08,39,3,"mean",1.32402366758079
20,2025-02-08,39,3,"cool",-1.55300123311474
20,2025-02-08,39,3,"cold",-3.47101783357842
20,2025-02-08,39,4,"hot",7.70758223645072
20,2025-02-08,39,4,"warm",5.78956563598703
20,2025-02-08,39,4,"mean",2.91254073529151
20,2025-02-08,39,4,"cool",0.035515834595985
20,2025-02-08,39,4,"cold",-1.8825007658677
20,2025-02-08,39,5,"hot",9.85272562809466
20,2025-02-08,39,5,"warm",7.93470902763097
20,2025-02-08,39,5,"mean",5.05768412693545
20,2025-02-08,39,5,"cool",2.18065922623992
20,2025-02-08,39,5,"cold",0.262642625776241
20,2025-02-08,39,6,"hot",11.2131192975554
20,2025-02-08,39,6,"warm",9.29510269709173
20,2025-02-08,39,6,"mean",6.4180777963962
20,2025-02-08,39,6,"cool",3.54105289570068
20,2025-02-08,39,6,"cold",1.623036295237
20,2025-02-08,39,7,"hot",11.5004632483933
20,2025-02-08,39,7,"warm",9.58244664792958
20,2025-02-08,39,7,"mean",6.70542174723405
20,2025-02-08,39,7,"cool",3.82839684653853
20,2025-02-08,39,7,"cold",1.91038024607484
20,2025-02-08,39,8,"hot",10.5714853725375
20,2025-02-08,39,8,"warm",8.65346877207378
20,2025-02-08,39,8,"mean",5.77644387137825
20,2025-02-08,39,8,"cool",2.89941897068273
20,2025-02-08,39,8,"cold",0.981402370219043
20,2025-02-08,39,9,"hot",8.86701684618339
20,2025-02-08,39,9,"warm",6.9490002457197
20,2025-02-08,39,9,"mean",4.07197534502418
20,2025-02-08,39,9,"cool",1.19495044432865
20,2025-02-08,39,9,"cold",-0.72306615613503
20,2025-02-08,39,10,"hot",7.94677166758843
20,2025-02-08,39,10,"warm",6.02875506712475
20,2025-02-08,39,10,"mean",3.15173016642922
20,2025-02-08,39,10,"cool",0.274705265733699
20,2025-02-08,39,10,"cold",-1.64331133472998
20,2025-02-08,39,11,"hot",7.36321733911389
20,2025-02-08,39,11,"warm",5.44520073865021
20,2025-02-08,39,11,"mean",2.56817583795469
20,2025-02-08,39,11,"cool",-0.308849062740838
20,2025-02-08,39,11,"cold",-2.22686566320452
20,2025-02-09,40,0,"hot",7.03372871415471
20,2025-02-09,40,0,"warm",5.11571211369103
20,2025-02-09,40,0,"mean",2.23868721299551
20,2025-02-09,40,0,"cool",-0.638337687700019
20,2025-02-09,40,0,"cold",-2.5563542881637
20,2025-02-09,40,1,"hot",6.67300743684261
20,2025-02-09,40,1,"warm",4.75499083637892
20,2025-02-09,40,1,"mean",1.8779659356834
20,2025-02-09,40,1,"cool",-0.999058965012126
20,2025-02-09,40,1,"cold",-2.91707556547581
20,2025-02-09,40,2,"hot",6.37418191800603
20,2025-02-09,40,2,"warm",4.45616531754235
20,2025-02-09,40,2,"mean",1.57914041684683
20,2025-02-09,40,2,"cool",-1.2978844838487
20,2025-02-09,40,2,"cold",-3.21590108431238
20,2025-02-09,40,3,"hot",6.11906516874
20,2025-02-09,40,3,"warm",4.20104856827631
20,2025-02-09,40,3,"mean",1.32402366758079
20,2025-02-09,40,3,"cool",-1.55300123311474
20,2025-02-09,40,3,"cold",-3.47101783357842
20,2025-02-09,40,4,"hot",7.70758223645072
20,2025-02-09,40,4,"warm",5.78956563598703
20,2025-02-09,40,4,"mean",2.91254073529151
20,2025-02-09,40,4,"cool",0.035515834595985
20,2025-02-09,40,4,"cold",-1.8825007658677
20,2025-02-09,40,5,"hot",9.85272562809466
20,2025-02-09,40,5,"warm",7.93470902763097
20,2025-02-09,40,5,"mean",5.05768412693545
20,2025-02-09,40,5,"cool",2.18065922623992
20,2025-02-09,40,5,"cold",0.262642625776241
20,2025-02-09,40,6,"hot",11.2131192975554
20,2025-02-09,40,6,"warm",9.29510269709173
20,2025-02-09,40,6,"mean",6.4180777963962
20,2025-02-09,40,6,"cool",3.54105289570068
20,2025-02-09,40,6,"cold",1.623036295237
20,2025-02-09,40,7,"hot",11.5004632483933
20,2025-02-09,40,7,"warm",9.58244664792958
20,2025-02-09,40,7,"mean",6.70542174723405
20,2025-02-09,40,7,"cool",3.82839684653853
20,2025-02-09,40,7,"cold",1.91038024607484
20,2025-02-09,40,8,"hot",10.5714853725375
20,2025-02-09,40,8,"warm",8.65346877207378
20,2025-02-09,40,8,"mean",5.77644387137825
20,2025-02-09,40,8,"cool",2.89941897068273
20,2025-02-09,40,8,"cold",0.981402370219043
20,2025-02-09,40,9,"hot",8.86701684618339
20,2025-02-09,40,9,"warm",6.9490002457197
20,2025-02-09,40,9,"mean",4.07197534502418
20,2025-02-09,40,9,"cool",1.19495044432865
20,2025-02-09,40,9,"cold",-0.72306615613503
20,2025-02-09,40,10,"hot",7.94677166758843
20,2025-02-09,40,10,"warm",6.02875506712475
20,2025-02-09,40,10,"mean",3.15173016642922
20,2025-02-09,40,10,"cool",0.274705265733699
20,2025-02-09,40,10,"cold",-1.64331133472998
20,2025-02-09,40,11,"hot",7.36321733911389
20,2025-02-09,40,11,"warm",5.44520073865021
20,2025-02-09,40,11,"mean",2.56817583795469
20,2025-02-09,40,11,"cool",-0.308849062740838
20,2025-02-09,40,11,"cold",-2.22686566320452
21,2025-02-10,41,0,"hot",6.69388208345913
21,2025-02-10,41,0,"warm",4.77586548299545
21,2025-02-10,41,0,"mean",1.89884058229992
21,2025-02-10,41,0,"cool",-0.9781843183956
21,2025-02-10,41,0,"cold",-2.89620091885928
21,2025-02-10,41,1,"hot",6.34876548212063
21,2025-02-10,41,1,"warm",4.43074888165695
21,2025-02-10,41,1,"mean",1.55372398096142
21,2025-02-10,41,1,"cool",-1.3233009197341
21,2025-02-10,41,1,"cold",-3.24131752019778
21,2025-02-10,41,2,"hot",6.06318083734324
21,2025-02-10,41,2,"warm",4.14516423687956
21,2025-02-10,41,2,"mean",1.26813933618403
21,2025-02-10,41,2,"cool",-1.60888556451149
21,2025-02-10,41,2,"cold",-3.52690216497517
21,2025-02-10,41,3,"hot",5.81955617348547
21,2025-02-10,41,3,"warm",3.90153957302179
21,2025-02-10,41,3,"mean",1.02451467232626
21,2025-02-10,41,3,"cool",-1.85251022836926
21,2025-02-10,41,3,"cold",-3.77052682883295
21,2025-02-10,41,4,"hot",7.58546035064786
21,2025-02-10,41,4,"warm",5.66744375018418
21,2025-02-10,41,4,"mean",2.79041884948865
21,2025-02-10,41,4,"cool",-0.08660605120687
21,2025-02-10,41,4,"cold",-2.00462265167055
21,2025-02-10,41,5,"hot",9.84621756551159
21,2025-02-10,41,5,"warm",7.92820096504791
21,2025-02-10,41,5,"mean",5.05117606435238
21,2025-02-10,41,5,"cool",2.17415116365686
21,2025-02-10,41,5,"cold",0.256134563193176
21,2025-02-10,41,6,"hot",11.2763316681068
21,2025-02-10,41,6,"warm",9.35831506764311
21,2025-02-10,41,6,"mean",6.48129016694758
21,2025-02-10,41,6,"cool",3.60426526625206
21,2025-02-10,41,6,"cold",1.68624866578838
21,2025-02-10,41,7,"hot",11.5781010265162
21,2025-02-10,41,7,"warm",9.66008442605248
21,2025-02-10,41,7,"mean",6.78305952535696
21,2025-02-10,41,7,"cool",3.90603462466144
21,2025-02-10,41,7,"cold",1.98801802419775
21,2025-02-10,41,8,"hot",10.6318655590915
21,2025-02-10,41,8,"warm",8.71384895862783
21,2025-02-10,41,8,"mean",5.8368240579323
21,2025-02-10,41,8,"cool",2.95979915723678
21,2025-02-10,41,8,"cold",1.04178255677309
21,2025-02-10,41,9,"hot",8.93408476386786
21,2025-02-10,41,9,"warm",7.01606816340417
21,2025-02-10,41,9,"mean",4.13904326270865
21,2025-02-10,41,9,"cool",1.26201836201313
21,2025-02-10,41,9,"cold",-0.655998238450557
21,2025-02-10,41,10,"hot",8.02772621560899
21,2025-02-10,41,10,"warm",6.1097096151453
21,2025-02-10,41,10,"mean",3.23268471444978
21,2025-02-10,41,10,"cool",0.355659813754254
21,2025-02-10,41,10,"cold",-1.56235678670943
21,2025-02-10,41,11,"hot",7.4569530819904
21,2025-02-10,41,11,"warm",5.53893648152672
21,2025-02-10,41,11,"mean",2.66191158083119
21,2025-02-10,41,11,"cool",-0.215113319864332
21,2025-02-10,41,11,"cold",-2.13312992032801
21,2025-02-11,42,0,"hot",6.69388208345913
21,2025-02-11,42,0,"warm",4.77586548299545
21,2025-02-11,42,0,"mean",1.89884058229992
21,2025-02-11,42,0,"cool",-0.9781843183956
21,2025-02-11,42,0,"cold",-2.89620091885928
21,2025-02-11,42,1,"hot",6.34876548212063
21,2025-02-11,42,1,"warm",4.43074888165695
21,2025-02-11,42,1,"mean",1.55372398096142
21,2025-02-11,42,1,"cool",-1.3233009197341
21,2025-02-11,42,1,"cold",-3.24131752019778
21,2025-02-11,42,2,"hot",6.06318083734324
21,2025-02-11,42,2,"warm",4.14516423687956
21,2025-02-11,42,2,"mean",1.26813933618403
21,2025-02-11,42,2,"cool",-1.60888556451149
21,2025-02-11,42,2,"cold",-3.52690216497517
21,2025-02-11,42,3,"hot",5.81955617348547
21,2025-02-11,42,3,"warm",3.90153957302179
21,2025-02-11,42,3,"mean",1.02451467232626
21,2025-02-11,42,3,"cool",-1.85251022836926
21,2025-02-11,42,3,"cold",-3.77052682883295
21,2025-02-11,42,4,"hot",7.58546035064786
21,2025-02-11,42,4,"warm",5.66744375018418
21,2025-02-11,42,4,"mean",2.79041884948865
21,2025-02-11,42,4,"cool",-0.08660605120687
21,2025-02-11,42,4,"cold",-2.00462265167055
21,2025-02-11,42,5,"hot",9.84621756551159
21,2025-02-11,42,5,"warm",7.92820096504791
21,2025-02-11,42,5,"mean",5.05117606435238
21,2025-02-11,42,5,"cool",2.17415116365686
21,2025-02-11,42,5,"cold",0.256134563193176
21,2025-02-11,42,6,"hot",11.2763316681068
21,2025-02-11,42,6,"warm",9.35831506764311
21,2025-02-11,42,6,"mean",6.48129016694758
21,2025-02-11,42,6,"cool",3.60426526625206
21,2025-02-11,42,6,"cold",1.68624866578838
21,2025-02-11,42,7,"hot",11.5781010265162
21,2025-02-11,42,7,"warm",9.66008442605248
21,2025-02-11,42,7,"mean",6.78305952535696
21,2025-02-11,42,7,"cool",3.90603462466144
21,2025-02-11,42,7,"cold",1.98801802419775
21,2025-02-11,42,8,"hot",10.6318655590915
21,2025-02-11,42,8,"warm",8.71384895862783
21,2025-02-11,42,8,"mean",5.8368240579323
21,2025-02-11,42,8,"cool",2.95979915723678
21,2025-02-11,42,8,"cold",1.04178255677309
21,2025-02-11,42,9,"hot",8.93408476386786
21,2025-02-11,42,9,"warm",7.01606816340417
21,2025-02-11,42,9,"mean",4.13904326270865
21,2025-02-11,42,9,"cool",1.26201836201313
21,2025-02-11,42,9,"cold",-0.655998238450557
21,2025-02-11,42,10,"hot",8.02772621560899
21,2025-02-11,42,10,"warm",6.1097096151453
21,2025-02-11,42,10,"mean",3.23268471444978
21,2025-02-11,42,10,"cool",0.355659813754254
21,2025-02-11,42,10,"cold",-1.56235678670943
21,2025-02-11,42,11,"hot",7.4569530819904
21,2025-02-11,42,11,"warm",5.53893648152672
21,2025-02-11,42,11,"mean",2.66191158083119
21,2025-02-11,42,11,"cool",-0.215113319864332
21,2025-02-11,42,11,"cold",-2.13312992032801
22,2025-02-12,43,0,"hot",7.07366433291815
22,2025-02-12,43,0,"warm",5.15564773245447
22,2025-02-12,43,0,"mean",2.27862283175894
22,2025-02-12,43,0,"cool",-0.598402068936583
22,2025-02-12,43,0,"cold",-2.51641866940027
22,2025-02-12,43,1,"hot",6.73351081322915
22,2025-02-12,43,1,"warm",4.81549421276546
22,2025-02-12,43,1,"mean",1.93846931206994
22,2025-02-12,43,1,"cool",-0.938555588625587
22,2025-02-12,43,1,"cold",-2.85657218908927
22,2025-02-12,43,2,"hot",6.45235010821924
22,2025-02-12,43,2,"warm",4.53433350775556
22,2025-02-12,43,2,"mean",1.65730860706004
22,2025-02-12,43,2,"cool",-1.21971629363549
22,2025-02-12,43,2,"cold",-3.13773289409917
22,2025-02-12,43,3,"hot",6.2126887077609
22,2025-02-12,43,3,"warm",4.29467210729722
22,2025-02-12,43,3,"mean",1.4176472066017
22,2025-02-12,43,3,"cool",-1.45937769409383
22,2025-02-12,43,3,"cold",-3.37739429455751
22,2025-02-12,43,4,"hot",7.8656851829896
22,2025-02-12,43,4,"warm",5.94766858252591
22,2025-02-12,43,4,"mean",3.07064368183039
22,2025-02-12,43,4,"cool",0.193618781134865
22,2025-02-12,43,4,"cold",-1.72439781932882
22,2025-02-12,43,5,"hot",9.86947516838579
22,2025-02-12,43,5,"warm",7.95145856792211
22,2025-02-12,43,5,"mean",5.07443366722659
22,2025-02-12,43,5,"cool",2.19740876653106
22,2025-02-12,43,5,"cold",0.279392166067379
22,2025-02-12,43,6,"hot",11.1339916085545
22,2025-02-12,43,6,"warm",9.21597500809083
22,2025-02-12,43,6,"mean",6.33895010739531
22,2025-02-12,43,6,"cool",3.46192520669979
22,2025-02-12,43,6,"cold",1.5439086062361
22,2025-02-12,43,7,"hot",11.4005632585118
22,2025-02-12,43,7,"warm",9.48254665804808
22,2025-02-12,43,7,"mean",6.60552175735255
22,2025-02-12,43,7,"cool",3.72849685665703
22,2025-02-12,43,7,"cold",1.81048025619334
22,2025-02-12,43,8,"hot",10.5592343206616
22,2025-02-12,43,8,"warm",8.64121772019792
22,2025-02-12,43,8,"mean",5.7641928195024
22,2025-02-12,43,8,"cool",2.88716791880687
22,2025-02-12,43,8,"cold",0.96915131834319
22,2025-02-12,43,9,"hot",8.66201660456631
22,2025-02-12,43,9,"warm",6.74400000410263
22,2025-02-12,43,9,"mean",3.8669751034071
22,2025-02-12,43,9,"cool",0.98995020271158
22,2025-02-12,43,9,"cold",-0.928066397752104
22,2025-02-12,43,10,"hot",7.60288258915805
22,2025-02-12,43,10,"warm",5.68486598869436
22,2025-02-12,43,10,"mean",2.80784108799884
22,2025-02-12,43,10,"cool",-0.0691838126966848
22,2025-02-12,43,10,"cold",-1.98720041316037
22,2025-02-12,43,11,"hot",6.94092455764077
22,2025-02-12,43,11,"warm",5.02290795717709
22,2025-02-12,43,11,"mean",2.14588305648156
22,2025-02-12,43,11,"cool",-0.73114184421396
22,2025-02-12,43,11,"cold",-2.64915844467764
22,2025-02-13,44,0,"hot",7.07366433291815
22,2025-02-13,44,0,"warm",5.15564773245447
22,2025-02-13,44,0,"mean",2.27862283175894
22,2025-02-13,44,0,"cool",-0.598402068936583
22,2025-02-13,44,0,"cold",-2.51641866940027
22,2025-02-13,44,1,"hot",6.73351081322915
22,2025-02-13,44,1,"warm",4.81549421276546
22,2025-02-13,44,1,"mean",1.93846931206994
22,2025-02-13,44,1,"cool",-0.938555588625587
22,2025-02-13,44,1,"cold",-2.85657218908927
22,2025-02-13,44,2,"hot",6.45235010821924
22,2025-02-13,44,2,"warm",4.53433350775556
22,2025-02-13,44,2,"mean",1.65730860706004
22,2025-02-13,44,2,"cool",-1.21971629363549
22,2025-02-13,44,2,"cold",-3.13773289409917
22,2025-02-13,44,3,"hot",6.2126887077609
22,2025-02-13,44,3,"warm",4.29467210729722
22,2025-02-13,44,3,"mean",1.4176472066017
22,2025-02-13,44,3,"cool",-1.45937769409383
22,2025-02-13,44,3,"cold",-3.37739429455751
22,2025-02-13,44,4,"hot",7.8656851829896
22,2025-02-13,44,4,"warm",5.94766858252591
22,2025-02-13,44,4,"mean",3.07064368183039
22,2025-02-13,44,4,"cool",0.193618781134865
22,2025-02-13,44,4,"cold",-1.72439781932882
22,2025-02-13,44,5,"hot",9.86947516838579
22,2025-02-13,44,5,"warm",7.95145856792211
22,2025-02-13,44,5,"mean",5.07443366722659
22,2025-02-13,44,5,"cool",2.19740876653106
22,2025-02-13,44,5,"cold",0.279392166067379
22,2025-02-13,44,6,"hot",11.1339916085545
22,2025-02-13,44,6,"warm",9.21597500809083
22,2025-02-13,44,6,"mean",6.33895010739531
22,2025-02-13,44,6,"cool",3.46192520669979
22,2025-02-13,44,6,"cold",1.5439086062361
22,2025-02-13,44,7,"hot",11.4005632585118
22,2025-02-13,44,7,"warm",9.48254665804808
22,2025-02-13,44,7,"mean",6.60552175735255
22,2025-02-13,44,7,"cool",3.72849685665703
22,2025-02-13,44,7,"cold",1.81048025619334
22,2025-02-13,44,8,"hot",10.5592343206616
22,2025-02-13,44,8,"warm",8.64121772019792
22,2025-02-13,44,8,"mean",5.7641928195024
22,2025-02-13,44,8,"cool",2.88716791880687
22,2025-02-13,44,8,"cold",0.96915131834319
22,2025-02-13,44,9,"hot",8.66201660456631
22,2025-02-13,44,9,"warm",6.74400000410263
22,2025-02-13,44,9,"mean",3.8669751034071
22,2025-02-13,44,9,"cool",0.98995020271158
22,2025-02-13,44,9,"cold",-0.928066397752104
22,2025-02-13,44,10,"hot",7.60288258915805
22,2025-02-13,44,10,"warm",5.68486598869436
22,2025-02-13,44,10,"mean",2.80784108799884
22,2025-02-13,44,10,"cool",-0.0691838126966848
22,2025-02-13,44,10,"cold",-1.98720041316037
22,2025-02-13,44,11,"hot",6.94092455764077
22,2025-02-13,44,11,"warm",5.02290795717709
22,2025-02-13,44,11,"mean",2.14588305648156
22,2025-02-13,44,11,"cool",-0.73114184421396
22,2025-02-13,44,11,"cold",-2.64915844467764
23,2025-02-14,45,0,"hot",5.85065937462709
23,2025-02-14,45,0,"warm",3.9326427741634
23,2025-02-14,45,0,"mean",1.05561787346788
23,2025-02-14,45,0,"cool",-1.82140702722765
23,2025-02-14,45,0,"cold",-3.73942362769133
23,2025-02-14,45,1,"hot",5.45506694202349
23,2025-02-14,45,1,"warm",3.5370503415598
23,2025-02-14,45,1,"mean",0.660025440864278
23,2025-02-14,45,1,"cool",-2.21699945983125
23,2025-02-14,45,1,"cold",-4.13501606029493
23,2025-02-14,45,2,"hot",5.12844528023658
23,2025-02-14,45,2,"warm",3.2104286797729
23,2025-02-14,45,2,"mean",0.333403779077375
23,2025-02-14,45,2,"cool",-2.54362112161815
23,2025-02-14,45,2,"cold",-4.46163772208183
23,2025-02-14,45,3,"hot",4.85024926986974
23,2025-02-14,45,3,"warm",2.93223266940606
23,2025-02-14,45,3,"mean",0.0552077687105348
23,2025-02-14,45,3,"cool",-2.82181713198499
23,2025-02-14,45,3,"cold",-4.73983373244867
23,2025-02-14,45,4,"hot",6.87396290762222
23,2025-02-14,45,4,"warm",4.95594630715853
23,2025-02-14,45,4,"mean",2.07892140646301
23,2025-02-14,45,4,"cool",-0.798103494232517
23,2025-02-14,45,4,"cold",-2.7161200946962
23,2025-02-14,45,5,"hot",9.20532190443065
23,2025-02-14,45,5,"warm",7.28730530396697
23,2025-02-14,45,5,"mean",4.41028040327144
23,2025-02-14,45,5,"cool",1.53325550257592
23,2025-02-14,45,5,"cold",-0.384761097887765
23,2025-02-14,45,6,"hot",10.6730437798739
23,2025-02-14,45,6,"warm",8.75502717941022
23,2025-02-14,45,6,"mean",5.8780022787147
23,2025-02-14,45,6,"cool",3.00097737801917
23,2025-02-14,45,6,"cold",1.08296077755549
23,2025-02-14,45,7,"hot",10.9821589984561
23,2025-02-14,45,7,"warm",9.0641423979924
23,2025-02-14,45,7,"mean",6.18711749729688
23,2025-02-14,45,7,"cool",3.31009259660135
23,2025-02-14,45,7,"cold",1.39207599613767
23,2025-02-14,45,8,"hot",10.0493649365834
23,2025-02-14,45,8,"warm",8.13134833611971
23,2025-02-14,45,8,"mean",5.25432343542419
23,2025-02-14,45,8,"cool",2.37729853472867
23,2025-02-14,45,8,"cold",0.459281934264983
23,2025-02-14,45,9,"hot",8.16102119431878
23,2025-02-14,45,9,"warm",6.2430045938551
23,2025-02-14,45,9,"mean",3.36597969315957
23,2025-02-14,45,9,"cool",0.48895479246405
23,2025-02-14,45,9,"cold",-1.42906180799963
23,2025-02-14,45,10,"hot",7.13919949671082
23,2025-02-14,45,10,"warm",5.22118289624714
23,2025-02-14,45,10,"mean",2.34415799555161
23,2025-02-14,45,10,"cool",-0.532866905143913
23,2025-02-14,45,10,"cold",-2.4508835056076
23,2025-02-14,45,11,"hot",6.5053550160622
23,2025-02-14,45,11,"warm",4.58733841559852
23,2025-02-14,45,11,"mean",1.710313514903
23,2025-02-14,45,11,"cool",-1.16671138579253
23,2025-02-14,45,11,"cold",-3.08472798625621
23,2025-02-15,46,0,"hot",5.85065937462709
23,2025-02-15,46,0,"warm",3.9326427741634
23,2025-02-15,46,0,"mean",1.05561787346788
23,2025-02-15,46,0,"cool",-1.82140702722765
23,2025-02-15,46,0,"cold",-3.73942362769133
23,2025-02-15,46,1,"hot",5.45506694202349
23,2025-02-15,46,1,"warm",3.5370503415598
23,2025-02-15,46,1,"mean",0.660025440864278
23,2025-02-15,46,1,"cool",-2.21699945983125
23,2025-02-15,46,1,"cold",-4.13501606029493
23,2025-02-15,46,2,"hot",5.12844528023658
23,2025-02-15,46,2,"warm",3.2104286797729
23,2025-02-15,46,2,"mean",0.333403779077375
23,2025-02-15,46,2,"cool",-2.54362112161815
23,2025-02-15,46,2,"cold",-4.46163772208183
23,2025-02-15,46,3,"hot",4.85024926986974
23,2025-02-15,46,3,"warm",2.93223266940606
23,2025-02-15,46,3,"mean",0.0552077687105348
23,2025-02-15,46,3,"cool",-2.82181713198499
23,2025-02-15,46,3,"cold",-4.73983373244867
23,2025-02-15,46,4,"hot",6.87396290762222
23,2025-02-15,46,4,"warm",4.95594630715853
23,2025-02-15,46,4,"mean",2.07892140646301
23,2025-02-15,46,4,"cool",-0.798103494232517
23,2025-02-15,46,4,"cold",-2.7161200946962
23,2025-02-15,46,5,"hot",9.20532190443065
23,2025-02-15,46,5,"warm",7.28730530396697
23,2025-02-15,46,5,"mean",4.41028040327144
23,2025-02-15,46,5,"cool",1.53325550257592
23,2025-02-15,46,5,"cold",-0.384761097887765
23,2025-02-15,46,6,"hot",10.6730437798739
23,2025-02-15,46,6,"warm",8.75502717941022
23,2025-02-15,46,6,"mean",5.8780022787147
23,2025-02-15,46,6,"cool",3.00097737801917
23,2025-02-15,46,6,"cold",1.08296077755549
23,2025-02-15,46,7,"hot",10.9821589984561
23,2025-02-15,46,7,"warm",9.0641423979924
23,2025-02-15,46,7,"mean",6.18711749729688
23,2025-02-15,46,7,"cool",3.31009259660135
23,2025-02-15,46,7,"cold",1.39207599613767
23,2025-02-15,46,8,"hot",10.0493649365834
23,2025-02-15,46,8,"warm",8.13134833611971
23,2025-02-15,46,8,"mean",5.25432343542419
23,2025-02-15,46,8,"cool",2.37729853472867
23,2025-02-15,46,8,"cold",0.459281934264983
23,2025-02-15,46,9,"hot",8.16102119431878
23,2025-02-15,46,9,"warm",6.2430045938551
23,2025-02-15,46,9,"mean",3.36597969315957
23,2025-02-15,46,9,"cool",0.48895479246405
23,2025-02-15,46,9,"cold",-1.42906180799963
23,2025-02-15,46,10,"hot",7.13919949671082
23,2025-02-15,46,10,"warm",5.22118289624714
23,2025-02-15,46,10,"mean",2.34415799555161
23,2025-02-15,46,10,"cool",-0.532866905143913
23,2025-02-15,46,10,"cold",-2.4508835056076
23,2025-02-15,46,11,"hot",6.5053550160622
23,2025-02-15,46,11,"warm",4.58733841559852
23,2025-02-15,46,11,"mean",1.710313514903
23,2025-02-15,46,11,"cool",-1.16671138579253
23,2025-02-15,46,11,"cold",-3.08472798625621
24,2025-02-16,47,0,"hot",6.08101316209704
24,2025-02-16,47,0,"warm",4.16299656163336
24,2025-02-16,47,0,"mean",1.28597166093783
24,2025-02-16,47,0,"cool",-1.59105323975769
24,2025-02-16,47,0,"cold",-3.50906984022138
24,2025-02-16,47,1,"hot",5.71351963569946
24,2025-02-16,47,1,"warm",3.79550303523578
24,2025-02-16,47,1,"mean",0.918478134540255
24,2025-02-16,47,1,"cool",-1.95854676615527
24,2025-02-16,47,1,"cold",-3.87656336661895
24,2025-02-16,47,2,"hot",5.41045868548057
24,2025-02-16,47,2,"warm",3.49244208501688
24,2025-02-16,47,2,"mean",0.61541718432136
24,2025-02-16,47,2,"cool",-2.26160771637417
24,2025-02-16,47,2,"cold",-4.17962431683785
24,2025-02-16,47,3,"hot",5.19349685315631
24,2025-02-16,47,3,"warm",3.27548025269262
24,2025-02-16,47,3,"mean",0.398455351997099
24,2025-02-16,47,3,"cool",-2.47856954869843
24,2025-02-16,47,3,"cold",-4.39658614916211
24,2025-02-16,47,4,"hot",7.27324806709009
24,2025-02-16,47,4,"warm",5.35523146662641
24,2025-02-16,47,4,"mean",2.47820656593088
24,2025-02-16,47,4,"cool",-0.398818334764643
24,2025-02-16,47,4,"cold",-2.31683493522833
24,2025-02-16,47,5,"hot",9.60215098169755
24,2025-02-16,47,5,"warm",7.68413438123386
24,2025-02-16,47,5,"mean",4.80710948053834
24,2025-02-16,47,5,"cool",1.93008457984281
24,2025-02-16,47,5,"cold",0.0120679793791307
24,2025-02-16,47,6,"hot",11.0648504820933
24,2025-02-16,47,6,"warm",9.14683388162959
24,2025-02-16,47,6,"mean",6.26980898093407
24,2025-02-16,47,6,"cool",3.39278408023854
24,2025-02-16,47,6,"cold",1.47476747977486
24,2025-02-16,47,7,"hot",11.3726167220205
24,2025-02-16,47,7,"warm",9.45460012155685
24,2025-02-16,47,7,"mean",6.57757522086133
24,2025-02-16,47,7,"cool",3.7005503201658
24,2025-02-16,47,7,"cold",1.78253371970212
24,2025-02-16,47,8,"hot",10.4637668122187
24,2025-02-16,47,8,"warm",8.54575021175505
24,2025-02-16,47,8,"mean",5.66872531105953
24,2025-02-16,47,8,"cool",2.79170041036401
24,2025-02-16,47,8,"cold",0.873683809900322
24,2025-02-16,47,9,"hot",8.58610253032295
24,2025-02-16,47,9,"warm",6.66808592985926
24,2025-02-16,47,9,"mean",3.79106102916374
24,2025-02-16,47,9,"cool",0.914036128468215
24,2025-02-16,47,9,"cold",-1.00398047199547
24,2025-02-16,47,10,"hot",7.57068362460171
24,2025-02-16,47,10,"warm",5.65266702413803
24,2025-02-16,47,10,"mean",2.7756421234425
24,2025-02-16,47,10,"cool",-0.101382777253022
24,2025-02-16,47,10,"cold",-2.0193993777167
24,2025-02-16,47,11,"hot",6.94586416533556
24,2025-02-16,47,11,"warm",5.02784756487188
24,2025-02-16,47,11,"mean",2.15082266417635
24,2025-02-16,47,11,"cool",-0.726202236519174
24,2025-02-16,47,11,"cold",-2.64421883698286
24,2025-02-17,48,0,"hot",6.08101316209704
24,2025-02-17,48,0,"warm",4.16299656163336
24,2025-02-17,48,0,"mean",1.28597166093783
24,2025-02-17,48,0,"cool",-1.59105323975769
24,2025-02-17,48,0,"cold",-3.50906984022138
24,2025-02-17,48,1,"hot",5.71351963569946
24,2025-02-17,48,1,"warm",3.79550303523578
24,2025-02-17,48,1,"mean",0.918478134540255
24,2025-02-17,48,1,"cool",-1.95854676615527
24,2025-02-17,48,1,"cold",-3.87656336661895
24,2025-02-17,48,2,"hot",5.41045868548057
24,2025-02-17,48,2,"warm",3.49244208501688
24,2025-02-17,48,2,"mean",0.61541718432136
24,2025-02-17,48,2,"cool",-2.26160771637417
24,2025-02-17,48,2,"cold",-4.17962431683785
24,2025-02-17,48,3,"hot",5.19349685315631
24,2025-02-17,48,3,"warm",3.27548025269262
24,2025-02-17,48,3,"mean",0.398455351997099
24,2025-02-17,48,3,"cool",-2.47856954869843
24,2025-02-17,48,3,"cold",-4.39658614916211
24,2025-02-17,48,4,"hot",7.27324806709009
24,2025-02-17,48,4,"warm",5.35523146662641
24,2025-02-17,48,4,"mean",2.47820656593088
24,2025-02-17,48,4,"cool",-0.398818334764643
24,2025-02-17,48,4,"cold",-2.31683493522833
24,2025-02-17,48,5,"hot",9.60215098169755
24,2025-02-17,48,5,"warm",7.68413438123386
24,2025-02-17,48,5,"mean",4.80710948053834
24,2025-02-17,48,5,"cool",1.93008457984281
24,2025-02-17,48,5,"cold",0.0120679793791307
24,2025-02-17,48,6,"hot",11.0648504820933
24,2025-02-17,48,6,"warm",9.14683388162959
24,2025-02-17,48,6,"mean",6.26980898093407
24,2025-02-17,48,6,"cool",3.39278408023854
24,2025-02-17,48,6,"cold",1.47476747977486
24,2025-02-17,48,7,"hot",11.3726167220205
24,2025-02-17,48,7,"warm",9.45460012155685
24,2025-02-17,48,7,"mean",6.57757522086133
24,2025-02-17,48,7,"cool",3.7005503201658
24,2025-02-17,48,7,"cold",1.78253371970212
24,2025-02-17,48,8,"hot",10.4637668122187
24,2025-02-17,48,8,"warm",8.54575021175505
24,2025-02-17,48,8,"mean",5.66872531105953
24,2025-02-17,48,8,"cool",2.79170041036401
24,2025-02-17,48,8,"cold",0.873683809900322
24,2025-02-17,48,9,"hot",8.58610253032295
24,2025-02-17,48,9,"warm",6.66808592985926
24,2025-02-17,48,9,"mean",3.79106102916374
24,2025-02-17,48,9,"cool",0.914036128468215
24,2025-02-17,48,9,"cold",-1.00398047199547
24,2025-02-17,48,10,"hot",7.57068362460171
24,2025-02-17,48,10,"warm",5.65266702413803
24,2025-02-17,48,10,"mean",2.7756421234425
24,2025-02-17,48,10,"cool",-0.101382777253022
24,2025-02-17,48,10,"cold",-2.0193993777167
24,2025-02-17,48,11,"hot",6.94586416533556
24,2025-02-17,48,11,"warm",5.02784756487188
24,2025-02-17,48,11,"mean",2.15082266417635
24,2025-02-17,48,11,"cool",-0.726202236519174
24,2025-02-17,48,11,"cold",-2.64421883698286
25,2025-02-18,49,0,"hot",6.71451802405733
25,2025-02-18,49,0,"warm",4.79650142359365
25,2025-02-18,49,0,"mean",1.91947652289812
25,2025-02-18,49,0,"cool",-0.957548377797403
25,2025-02-18,49,0,"cold",-2.87556497826109
25,2025-02-18,49,1,"hot",6.35673051511132
25,2025-02-18,49,1,"warm",4.43871391464764
25,2025-02-18,49,1,"mean",1.56168901395212
25,2025-02-18,49,1,"cool",-1.31533588674341
25,2025-02-18,49,1,"cold",-3.23335248720709
25,2025-02-18,49,2,"hot",6.06202744866566
25,2025-02-18,49,2,"warm",4.14401084820198
25,2025-02-18,49,2,"mean",1.26698594750645
25,2025-02-18,49,2,"cool",-1.61003895318907
25,2025-02-18,49,2,"cold",-3.52805555365276
25,2025-02-18,49,3,"hot",5.92284852943259
25,2025-02-18,49,3,"warm",4.00483192896891
25,2025-02-18,49,3,"mean",1.12780702827338
25,2025-02-18,49,3,"cool",-1.74921787242214
25,2025-02-18,49,3,"cold",-3.66723447288583
25,2025-02-18,49,4,"hot",7.86383476479864
25,2025-02-18,49,4,"warm",5.94581816433496
25,2025-02-18,49,4,"mean",3.06879326363943
25,2025-02-18,49,4,"cool",0.191768362943906
25,2025-02-18,49,4,"cold",-1.72624823751978
25,2025-02-18,49,5,"hot",10.0094756790632
25,2025-02-18,49,5,"warm",8.09145907859952
25,2025-02-18,49,5,"mean",5.21443417790399
25,2025-02-18,49,5,"cool",2.33740927720847
25,2025-02-18,49,5,"cold",0.419392676744786
25,2025-02-18,49,6,"hot",11.3539976085936
25,2025-02-18,49,6,"warm",9.43598100812987
25,2025-02-18,49,6,"mean",6.55895610743435
25,2025-02-18,49,6,"cool",3.68193120673883
25,2025-02-18,49,6,"cold",1.76391460627514
25,2025-02-18,49,7,"hot",11.6366401867983
25,2025-02-18,49,7,"warm",9.71862358633465
25,2025-02-18,49,7,"mean",6.84159868563912
25,2025-02-18,49,7,"cool",3.9645737849436
25,2025-02-18,49,7,"cold",2.04655718447991
25,2025-02-18,49,8,"hot",10.8025868611348
25,2025-02-18,49,8,"warm",8.88457026067116
25,2025-02-18,49,8,"mean",6.00754535997564
25,2025-02-18,49,8,"cool",3.13052045928012
25,2025-02-18,49,8,"cold",1.21250385881643
25,2025-02-18,49,9,"hot",8.97546735722803
25,2025-02-18,49,9,"warm",7.05745075676434
25,2025-02-18,49,9,"mean",4.18042585606882
25,2025-02-18,49,9,"cool",1.30340095537329
25,2025-02-18,49,9,"cold",-0.614615645090389
25,2025-02-18,49,10,"hot",7.95732789890155
25,2025-02-18,49,10,"warm",6.03931129843787
25,2025-02-18,49,10,"mean",3.16228639774234
25,2025-02-18,49,10,"cool",0.285261497046817
25,2025-02-18,49,10,"cold",-1.63275510341687
25,2025-02-18,49,11,"hot",7.33613446153089
25,2025-02-18,49,11,"warm",5.41811786106721
25,2025-02-18,49,11,"mean",2.54109296037169
25,2025-02-18,49,11,"cool",-0.335931940323837
25,2025-02-18,49,11,"cold",-2.25394854078752
25,2025-02-19,50,0,"hot",6.71451802405733
25,2025-02-19,50,0,"warm",4.79650142359365
25,2025-02-19,50,0,"mean",1.91947652289812
25,2025-02-19,50,0,"cool",-0.957548377797403
25,2025-02-19,50,0,"cold",-2.87556497826109
25,2025-02-19,50,1,"hot",6.35673051511132
25,2025-02-19,50,1,"warm",4.43871391464764
25,2025-02-19,50,1,"mean",1.56168901395212
25,2025-02-19,50,1,"cool",-1.31533588674341
25,2025-02-19,50,1,"cold",-3.23335248720709
25,2025-02-19,50,2,"hot",6.06202744866566
25,2025-02-19,50,2,"warm",4.14401084820198
25,2025-02-19,50,2,"mean",1.26698594750645
25,2025-02-19,50,2,"cool",-1.61003895318907
25,2025-02-19,50,2,"cold",-3.52805555365276
25,2025-02-19,50,3,"hot",5.92284852943259
25,2025-02-19,50,3,"warm",4.00483192896891
25,2025-02-19,50,3,"mean",1.12780702827338
25,2025-02-19,50,3,"cool",-1.74921787242214
25,2025-02-19,50,3,"cold",-3.66723447288583
25,2025-02-19,50,4,"hot",7.86383476479864
25,2025-02-19,50,4,"warm",5.94581816433496
25,2025-02-19,50,4,"mean",3.06879326363943
25,2025-02-19,50,4,"cool",0.191768362943906
25,2025-02-19,50,4,"cold",-1.72624823751978
25,2025-02-19,50,5,"hot",10.0094756790632
25,2025-02-19,50,5,"warm",8.09145907859952
25,2025-02-19,50,5,"mean",5.21443417790399
25,2025-02-19,50,5,"cool",2.33740927720847
25,2025-02-19,50,5,"cold",0.419392676744786
25,2025-02-19,50,6,"hot",11.3539976085936
25,2025-02-19,50,6,"warm",9.43598100812987
25,2025-02-19,50,6,"mean",6.55895610743435
25,2025-02-19,50,6,"cool",3.68193120673883
25,2025-02-19,50,6,"cold",1.76391460627514
25,2025-02-19,50,7,"hot",11.6366401867983
25,2025-02-19,50,7,"warm",9.71862358633465
25,2025-02-19,50,7,"mean",6.84159868563912
25,2025-02-19,50,7,"cool",3.9645737849436
25,2025-02-19,50,7,"cold",2.04655718447991
25,2025-02-19,50,8,"hot",10.8025868611348
25,2025-02-19,50,8,"warm",8.88457026067116
25,2025-02-19,50,8,"mean",6.00754535997564
25,2025-02-19,50,8,"cool",3.13052045928012
25,2025-02-19,50,8,"cold",1.21250385881643
25,2025-02-19,50,9,"hot",8.97546735722803
25,2025-02-19,50,9,"warm",7.05745075676434
25,2025-02-19,50,9,"mean",4.18042585606882
25,2025-02-19,50,9,"cool",1.30340095537329
25,2025-02-19,50,9,"cold",-0.614615645090389
25,2025-02-19,50,10,"hot",7.95732789890155
25,2025-02-19,50,10,"warm",6.03931129843787
25,2025-02-19,50,10,"mean",3.16228639774234
25,2025-02-19,50,10,"cool",0.285261497046817
25,2025-02-19,50,10,"cold",-1.63275510341687
25,2025-02-19,50,11,"hot",7.33613446153089
25,2025-02-19,50,11,"warm",5.41811786106721
25,2025-02-19,50,11,"mean",2.54109296037169
25,2025-02-19,50,11,"cool",-0.335931940323837
25,2025-02-19,50,11,"cold",-2.25394854078752
26,2025-02-20,51,0,"hot",6.95843654474008
26,2025-02-20,51,0,"warm",5.04041994427639
26,2025-02-20,51,0,"mean",2.16339504358087
26,2025-02-20,51,0,"cool",-0.713629857114657
26,2025-02-20,51,0,"cold",-2.63164645757834
26,2025-02-20,51,1,"hot",6.61589565228784
26,2025-02-20,51,1,"warm",4.69787905182416
26,2025-02-20,51,1,"mean",1.82085415112864
26,2025-02-20,51,1,"cool",-1.05617074956689
26,2025-02-20,51,1,"cold",-2.97418735003057
26,2025-02-20,51,2,"hot",6.33409207559622
26,2025-02-20,51,2,"warm",4.41607547513253
26,2025-02-20,51,2,"mean",1.53905057443701
26,2025-02-20,51,2,"cool",-1.33797432625852
26,2025-02-20,51,2,"cold",-3.2559909267222
26,2025-02-20,51,3,"hot",6.2465083638731
26,2025-02-20,51,3,"warm",4.32849176340942
26,2025-02-20,51,3,"mean",1.45146686271389
26,2025-02-20,51,3,"cool",-1.42555803798163
26,2025-02-20,51,3,"cold",-3.34357463844532
26,2025-02-20,51,4,"hot",8.17905804663806
26,2025-02-20,51,4,"warm",6.26104144617437
26,2025-02-20,51,4,"mean",3.38401654547885
26,2025-02-20,51,4,"cool",0.506991644783326
26,2025-02-20,51,4,"cold",-1.41102495568036
26,2025-02-20,51,5,"hot",10.259648916392
26,2025-02-20,51,5,"warm",8.34163231592831
26,2025-02-20,51,5,"mean",5.46460741523279
26,2025-02-20,51,5,"cool",2.58758251453726
26,2025-02-20,51,5,"cold",0.66956591407358
26,2025-02-20,51,6,"hot",11.5604492403538
26,2025-02-20,51,6,"warm",9.64243263989009
26,2025-02-20,51,6,"mean",6.76540773919456
26,2025-02-20,51,6,"cool",3.88838283849904
26,2025-02-20,51,6,"cold",1.97036623803535
26,2025-02-20,51,7,"hot",11.8336525813537
26,2025-02-20,51,7,"warm",9.91563598089005
26,2025-02-20,51,7,"mean",7.03861108019453
26,2025-02-20,51,7,"cool",4.161586179499
26,2025-02-20,51,7,"cold",2.24356957903532
26,2025-02-20,51,8,"hot",11.0272128163214
26,2025-02-20,51,8,"warm",9.10919621585775
26,2025-02-20,51,8,"mean",6.23217131516223
26,2025-02-20,51,8,"cool",3.3551464144667
26,2025-02-20,51,8,"cold",1.43712981400302
26,2025-02-20,51,9,"hot",9.34564980138723
26,2025-02-20,51,9,"warm",7.42763320092354
26,2025-02-20,51,9,"mean",4.55060830022802
26,2025-02-20,51,9,"cool",1.67358339953249
26,2025-02-20,51,9,"cold",-0.244433200931189
26,2025-02-20,51,10,"hot",8.40923567768545
26,2025-02-20,51,10,"warm",6.49121907722177
26,2025-02-20,51,10,"mean",3.61419417652624
26,2025-02-20,51,10,"cool",0.737169275830718
26,2025-02-20,51,10,"cold",-1.18084732463297
26,2025-02-20,51,11,"hot",7.84295129416978
26,2025-02-20,51,11,"warm",5.9249346937061
26,2025-02-20,51,11,"mean",3.04790979301057
26,2025-02-20,51,11,"cool",0.170884892315048
26,2025-02-20,51,11,"cold",-1.74713170814864
26,2025-02-21,52,0,"hot",6.95843654474008
26,2025-02-21,52,0,"warm",5.04041994427639
26,2025-02-21,52,0,"mean",2.16339504358087
26,2025-02-21,52,0,"cool",-0.713629857114657
26,2025-02-21,52,0,"cold",-2.63164645757834
26,2025-02-21,52,1,"hot",6.61589565228784
26,2025-02-21,52,1,"warm",4.69787905182416
26,2025-02-21,52,1,"mean",1.82085415112864
26,2025-02-21,52,1,"cool",-1.05617074956689
26,2025-02-21,52,1,"cold",-2.97418735003057
26,2025-02-21,52,2,"hot",6.33409207559622
26,2025-02-21,52,2,"warm",4.41607547513253
26,2025-02-21,52,2,"mean",1.53905057443701
26,2025-02-21,52,2,"cool",-1.33797432625852
26,2025-02-21,52,2,"cold",-3.2559909267222
26,2025-02-21,52,3,"hot",6.2465083638731
26,2025-02-21,52,3,"warm",4.32849176340942
26,2025-02-21,52,3,"mean",1.45146686271389
26,2025-02-21,52,3,"cool",-1.42555803798163
26,2025-02-21,52,3,"cold",-3.34357463844532
26,2025-02-21,52,4,"hot",8.17905804663806
26,2025-02-21,52,4,"warm",6.26104144617437
26,2025-02-21,52,4,"mean",3.38401654547885
26,2025-02-21,52,4,"cool",0.506991644783326
26,2025-02-21,52,4,"cold",-1.41102495568036
26,2025-02-21,52,5,"hot",10.259648916392
26,2025-02-21,52,5,"warm",8.34163231592831
26,2025-02-21,52,5,"mean",5.46460741523279
26,2025-02-21,52,5,"cool",2.58758251453726
26,2025-02-21,52,5,"cold",0.66956591407358
26,2025-02-21,52,6,"hot",11.5604492403538
26,2025-02-21,52,6,"warm",9.64243263989009
26,2025-02-21,52,6,"mean",6.76540773919456
26,2025-02-21,52,6,"cool",3.88838283849904
26,2025-02-21,52,6,"cold",1.97036623803535
26,2025-02-21,52,7,"hot",11.8336525813537
26,2025-02-21,52,7,"warm",9.91563598089005
26,2025-02-21,52,7,"mean",7.03861108019453
26,2025-02-21,52,7,"cool",4.161586179499
26,2025-02-21,52,7,"cold",2.24356957903532
26,2025-02-21,52,8,"hot",11.0272128163214
26,2025-02-21,52,8,"warm",9.10919621585775
26,2025-02-21,52,8,"mean",6.23217131516223
26,2025-02-21,52,8,"cool",3.3551464144667
26,2025-02-21,52,8,"cold",1.43712981400302
26,2025-02-21,52,9,"hot",9.34564980138723
26,2025-02-21,52,9,"warm",7.42763320092354
26,2025-02-21,52,9,"mean",4.55060830022802
26,2025-02-21,52,9,"cool",1.67358339953249
26,2025-02-21,52,9,"cold",-0.244433200931189
26,2025-02-21,52,10,"hot",8.40923567768545
26,2025-02-21,52,10,"warm",6.49121907722177
26,2025-02-21,52,10,"mean",3.61419417652624
26,2025-02-21,52,10,"cool",0.737169275830718
26,2025-02-21,52,10,"cold",-1.18084732463297
26,2025-02-21,52,11,"hot",7.84295129416978
26,2025-02-21,52,11,"warm",5.9249346937061
26,2025-02-21,52,11,"mean",3.04790979301057
26,2025-02-21,52,11,"cool",0.170884892315048
26,2025-02-21,52,11,"cold",-1.74713170814864
27,2025-02-22,53,0,"hot",7.64087838602942
27,2025-02-22,53,0,"warm",5.72286178556574
27,2025-02-22,53,0,"mean",2.84583688487021
27,2025-02-22,53,0,"cool",-0.0311880158253128
27,2025-02-22,53,0,"cold",-1.949204616289
27,2025-02-22,53,1,"hot",7.29453514679418
27,2025-02-22,53,1,"warm",5.3765185463305
27,2025-02-22,53,1,"mean",2.49949364563497
27,2025-02-22,53,1,"cool",-0.377531255060552
27,2025-02-22,53,1,"cold",-2.29554785552424
27,2025-02-22,53,2,"hot",7.00996978802319
27,2025-02-22,53,2,"warm",5.0919531875595
27,2025-02-22,53,2,"mean",2.21492828686398
27,2025-02-22,53,2,"cool",-0.662096613831545
27,2025-02-22,53,2,"cold",-2.58011321429523
27,2025-02-22,53,3,"hot",6.9629663140402
27,2025-02-22,53,3,"warm",5.04494971357652
27,2025-02-22,53,3,"mean",2.16792481288099
27,2025-02-22,53,3,"cool",-0.709100087814531
27,2025-02-22,53,3,"cold",-2.62711668827821
27,2025-02-22,53,4,"hot",8.90134961077356
27,2025-02-22,53,4,"warm",6.98333301030988
27,2025-02-22,53,4,"mean",4.10630810961436
27,2025-02-22,53,4,"cool",1.22928320891883
27,2025-02-22,53,4,"cold",-0.68873339154485
27,2025-02-22,53,5,"hot",10.9345376702471
27,2025-02-22,53,5,"warm",9.01652106978346
27,2025-02-22,53,5,"mean",6.13949616908794
27,2025-02-22,53,5,"cool",3.26247126839241
27,2025-02-22,53,5,"cold",1.34445466792873
27,2025-02-22,53,6,"hot",12.202916508808
27,2025-02-22,53,6,"warm",10.2848999083443
27,2025-02-22,53,6,"mean",7.40787500764877
27,2025-02-22,53,6,"cool",4.53085010695324
27,2025-02-22,53,6,"cold",2.61283350648956
27,2025-02-22,53,7,"hot",12.4690767970642
27,2025-02-22,53,7,"warm",10.5510601966005
27,2025-02-22,53,7,"mean",7.67403529590498
27,2025-02-22,53,7,"cool",4.79701039520946
27,2025-02-22,53,7,"cold",2.87899379474577
27,2025-02-22,53,8,"hot",11.6831998255138
27,2025-02-22,53,8,"warm",9.7651832250501
27,2025-02-22,53,8,"mean",6.88815832435458
27,2025-02-22,53,8,"cool",4.01113342365906
27,2025-02-22,53,8,"cold",2.09311682319537
27,2025-02-22,53,9,"hot",9.91550095158652
27,2025-02-22,53,9,"warm",7.99748435112284
27,2025-02-22,53,9,"mean",5.12045945042731
27,2025-02-22,53,9,"cool",2.24343454973179
27,2025-02-22,53,9,"cold",0.325417949268107
27,2025-02-22,53,10,"hot",8.88718917911104
27,2025-02-22,53,10,"warm",6.96917257864736
27,2025-02-22,53,10,"mean",4.09214767795183
27,2025-02-22,53,10,"cool",1.21512277725631
27,2025-02-22,53,10,"cold",-0.702893823207374
27,2025-02-22,53,11,"hot",8.27102709312434
27,2025-02-22,53,11,"warm",6.35301049266065
27,2025-02-22,53,11,"mean",3.47598559196513
27,2025-02-22,53,11,"cool",0.598960691269603
27,2025-02-22,53,11,"cold",-1.31905590919408
27,2025-02-23,54,0,"hot",7.64087838602942
27,2025-02-23,54,0,"warm",5.72286178556574
27,2025-02-23,54,0,"mean",2.84583688487021
27,2025-02-23,54,0,"cool",-0.0311880158253128
27,2025-02-23,54,0,"cold",-1.949204616289
27,2025-02-23,54,1,"hot",7.29453514679418
27,2025-02-23,54,1,"warm",5.3765185463305
27,2025-02-23,54,1,"mean",2.49949364563497
27,2025-02-23,54,1,"cool",-0.377531255060552
27,2025-02-23,54,1,"cold",-2.29554785552424
27,2025-02-23,54,2,"hot",7.00996978802319
27,2025-02-23,54,2,"warm",5.0919531875595
27,2025-02-23,54,2,"mean",2.21492828686398
27,2025-02-23,54,2,"cool",-0.662096613831545
27,2025-02-23,54,2,"cold",-2.58011321429523
27,2025-02-23,54,3,"hot",6.9629663140402
27,2025-02-23,54,3,"warm",5.04494971357652
27,2025-02-23,54,3,"mean",2.16792481288099
27,2025-02-23,54,3,"cool",-0.709100087814531
27,2025-02-23,54,3,"cold",-2.62711668827821
27,2025-02-23,54,4,"hot",8.90134961077356
27,2025-02-23,54,4,"warm",6.98333301030988
27,2025-02-23,54,4,"mean",4.10630810961436
27,2025-02-23,54,4,"cool",1.22928320891883
27,2025-02-23,54,4,"cold",-0.68873339154485
27,2025-02-23,54,5,"hot",10.9345376702471
27,2025-02-23,54,5,"warm",9.01652106978346
27,2025-02-23,54,5,"mean",6.13949616908794
27,2025-02-23,54,5,"cool",3.26247126839241
27,2025-02-23,54,5,"cold",1.34445466792873
27,2025-02-23,54,6,"hot",12.202916508808
27,2025-02-23,54,6,"warm",10.2848999083443
27,2025-02-23,54,6,"mean",7.40787500764877
27,2025-02-23,54,6,"cool",4.53085010695324
27,2025-02-23,54,6,"cold",2.61283350648956
27,2025-02-23,54,7,"hot",12.4690767970642
27,2025-02-23,54,7,"warm",10.5510601966005
27,2025-02-23,54,7,"mean",7.67403529590498
27,2025-02-23,54,7,"cool",4.79701039520946
27,2025-02-23,54,7,"cold",2.87899379474577
27,2025-02-23,54,8,"hot",11.6831998255138
27,2025-02-23,54,8,"warm",9.7651832250501
27,2025-02-23,54,8,"mean",6.88815832435458
27,2025-02-23,54,8,"cool",4.01113342365906
27,2025-02-23,54,8,"cold",2.09311682319537
27,2025-02-23,54,9,"hot",9.91550095158652
27,2025-02-23,54,9,"warm",7.99748435112284
27,2025-02-23,54,9,"mean",5.12045945042731
27,2025-02-23,54,9,"cool",2.24343454973179
27,2025-02-23,54,9,"cold",0.325417949268107
27,2025-02-23,54,10,"hot",8.88718917911104
27,2025-02-23,54,10,"warm",6.96917257864736
27,2025-02-23,54,10,"mean",4.09214767795183
27,2025-02-23,54,10,"cool",1.21512277725631
27,2025-02-23,54,10,"cold",-0.702893823207374
27,2025-02-23,54,11,"hot",8.27102709312434
27,2025-02-23,54,11,"warm",6.35301049266065
27,2025-02-23,54,11,"mean",3.47598559196513
27,2025-02-23,54,11,"cool",0.598960691269603
27,2025-02-23,54,11,"cold",-1.31905590919408
28,2025-02-24,55,0,"hot",7.4839278787417
28,2025-02-24,55,0,"warm",5.56591127827802
28,2025-02-24,55,0,"mean",2.6888863775825
28,2025-02-24,55,0,"cool",-0.188138523113028
28,2025-02-24,55,0,"cold",-2.10615512357671
28,2025-02-24,55,1,"hot",7.10222579627652
28,2025-02-24,55,1,"warm",5.18420919581283
28,2025-02-24,55,1,"mean",2.30718429511731
28,2025-02-24,55,1,"cool",-0.569840605578216
28,2025-02-24,55,1,"cold",-2.4878572060419
28,2025-02-24,55,2,"hot",6.78901488901436
28,2025-02-24,55,2,"warm",4.87099828855067
28,2025-02-24,55,2,"mean",1.99397338785515
28,2025-02-24,55,2,"cool",-0.883051512840376
28,2025-02-24,55,2,"cold",-2.80106811330406
28,2025-02-24,55,3,"hot",6.77088637795399
28,2025-02-24,55,3,"warm",4.85286977749031
28,2025-02-24,55,3,"mean",1.97584487679478
28,2025-02-24,55,3,"cool",-0.901180023900742
28,2025-02-24,55,3,"cold",-2.81919662436443
28,2025-02-24,55,4,"hot",8.76358887285215
28,2025-02-24,55,4,"warm",6.84557227238847
28,2025-02-24,55,4,"mean",3.96854737169295
28,2025-02-24,55,4,"cool",1.09152247099742
28,2025-02-24,55,4,"cold",-0.826494129466261
28,2025-02-24,55,5,"hot",10.7984769748198
28,2025-02-24,55,5,"warm",8.88046037435611
28,2025-02-24,55,5,"mean",6.00343547366058
28,2025-02-24,55,5,"cool",3.12641057296506
28,2025-02-24,55,5,"cold",1.20839397250138
28,2025-02-24,55,6,"hot",12.0651434474891
28,2025-02-24,55,6,"warm",10.1471268470255
28,2025-02-24,55,6,"mean",7.27010194632994
28,2025-02-24,55,6,"cool",4.39307704563441
28,2025-02-24,55,6,"cold",2.47506044517073
28,2025-02-24,55,7,"hot",12.3307116483733
28,2025-02-24,55,7,"warm",10.4126950479096
28,2025-02-24,55,7,"mean",7.53567014721405
28,2025-02-24,55,7,"cool",4.65864524651853
28,2025-02-24,55,7,"cold",2.74062864605485
28,2025-02-24,55,8,"hot",11.5463568151136
28,2025-02-24,55,8,"warm",9.62834021464994
28,2025-02-24,55,8,"mean",6.75131531395441
28,2025-02-24,55,8,"cool",3.87429041325889
28,2025-02-24,55,8,"cold",1.95627381279521
28,2025-02-24,55,9,"hot",9.68875797460335
28,2025-02-24,55,9,"warm",7.77074137413967
28,2025-02-24,55,9,"mean",4.89371647344414
28,2025-02-24,55,9,"cool",2.01669157274862
28,2025-02-24,55,9,"cold",0.098674972284936
28,2025-02-24,55,10,"hot",8.56523053435854
28,2025-02-24,55,10,"warm",6.64721393389485
28,2025-02-24,55,10,"mean",3.77018903319933
28,2025-02-24,55,10,"cool",0.893164132503806
28,2025-02-24,55,10,"cold",-1.02485246795988
28,2025-02-24,55,11,"hot",7.89841780161264
28,2025-02-24,55,11,"warm",5.98040120114896
28,2025-02-24,55,11,"mean",3.10337630045343
28,2025-02-24,55,11,"cool",0.226351399757908
28,2025-02-24,55,11,"cold",-1.69166520070578
28,2025-02-25,56,0,"hot",7.4839278787417
28,2025-02-25,56,0,"warm",5.56591127827802
28,2025-02-25,56,0,"mean",2.6888863775825
28,2025-02-25,56,0,"cool",-0.188138523113028
28,2025-02-25,56,0,"cold",-2.10615512357671
28,2025-02-25,56,1,"hot",7.10222579627652
28,2025-02-25,56,1,"warm",5.18420919581283
28,2025-02-25,56,1,"mean",2.30718429511731
28,2025-02-25,56,1,"cool",-0.569840605578216
28,2025-02-25,56,1,"cold",-2.4878572060419
28,2025-02-25,56,2,"hot",6.78901488901436
28,2025-02-25,56,2,"warm",4.87099828855067
28,2025-02-25,56,2,"mean",1.99397338785515
28,2025-02-25,56,2,"cool",-0.883051512840376
28,2025-02-25,56,2,"cold",-2.80106811330406
28,2025-02-25,56,3,"hot",6.77088637795399
28,2025-02-25,56,3,"warm",4.85286977749031
28,2025-02-25,56,3,"mean",1.97584487679478
28,2025-02-25,56,3,"cool",-0.901180023900742
28,2025-02-25,56,3,"cold",-2.81919662436443
28,2025-02-25,56,4,"hot",8.76358887285215
28,2025-02-25,56,4,"warm",6.84557227238847
28,2025-02-25,56,4,"mean",3.96854737169295
28,2025-02-25,56,4,"cool",1.09152247099742
28,2025-02-25,56,4,"cold",-0.826494129466261
28,2025-02-25,56,5,"hot",10.7984769748198
28,2025-02-25,56,5,"warm",8.88046037435611
28,2025-02-25,56,5,"mean",6.00343547366058
28,2025-02-25,56,5,"cool",3.12641057296506
28,2025-02-25,56,5,"cold",1.20839397250138
28,2025-02-25,56,6,"hot",12.0651434474891
28,2025-02-25,56,6,"warm",10.1471268470255
28,2025-02-25,56,6,"mean",7.27010194632994
28,2025-02-25,56,6,"cool",4.39307704563441
28,2025-02-25,56,6,"cold",2.47506044517073
28,2025-02-25,56,7,"hot",12.3307116483733
28,2025-02-25,56,7,"warm",10.4126950479096
28,2025-02-25,56,7,"mean",7.53567014721405
28,2025-02-25,56,7,"cool",4.65864524651853
28,2025-02-25,56,7,"cold",2.74062864605485
28,2025-02-25,56,8,"hot",11.5463568151136
28,2025-02-25,56,8,"warm",9.62834021464994
28,2025-02-25,56,8,"mean",6.75131531395441
28,2025-02-25,56,8,"cool",3.87429041325889
28,2025-02-25,56,8,"cold",1.95627381279521
28,2025-02-25,56,9,"hot",9.68875797460335
28,2025-02-25,56,9,"warm",7.77074137413967
28,2025-02-25,56,9,"mean",4.89371647344414
28,2025-02-25,56,9,"cool",2.01669157274862
28,2025-02-25,56,9,"cold",0.098674972284936
28,2025-02-25,56,10,"hot",8.56523053435854
28,2025-02-25,56,10,"warm",6.64721393389485
28,2025-02-25,56,10,"mean",3.77018903319933
28,2025-02-25,56,10,"cool",0.893164132503806
28,2025-02-25,56,10,"cold",-1.02485246795988
28,2025-02-25,56,11,"hot",7.89841780161264
28,2025-02-25,56,11,"warm",5.98040120114896
28,2025-02-25,56,11,"mean",3.10337630045343
28,2025-02-25,56,11,"cool",0.226351399757908
28,2025-02-25,56,11,"cold",-1.69166520070578
29,2025-02-26,57,0,"hot",7.4716025632943
29,2025-02-26,57,0,"warm",5.55358596283062
29,2025-02-26,57,0,"mean",2.6765610621351
29,2025-02-26,57,0,"cool",-0.200463838560429
29,2025-02-26,57,0,"cold",-2.11848043902411
29,2025-02-26,57,1,"hot",7.10398872340784
29,2025-02-26,57,1,"warm",5.18597212294415
29,2025-02-26,57,1,"mean",2.30894722224863
29,2025-02-26,57,1,"cool",-0.568077678446895
29,2025-02-26,57,1,"cold",-2.48609427891058
29,2025-02-26,57,2,"hot",6.80272851817443
29,2025-02-26,57,2,"warm",4.88471191771075
29,2025-02-26,57,2,"mean",2.00768701701522
29,2025-02-26,57,2,"cool",-0.869337883680302
29,2025-02-26,57,2,"cold",-2.78735448414399
29,2025-02-26,57,3,"hot",6.84358452307106
29,2025-02-26,57,3,"warm",4.92556792260738
29,2025-02-26,57,3,"mean",2.04854302191185
29,2025-02-26,57,3,"cool",-0.828481878783673
29,2025-02-26,57,3,"cold",-2.74649847924736
29,2025-02-26,57,4,"hot",8.94445211955772
29,2025-02-26,57,4,"warm",7.02643551909404
29,2025-02-26,57,4,"mean",4.14941061839851
29,2025-02-26,57,4,"cool",1.27238571770299
29,2025-02-26,57,4,"cold",-0.645630882760695
29,2025-02-26,57,5,"hot",11.0376567065373
29,2025-02-26,57,5,"warm",9.11964010607362
29,2025-02-26,57,5,"mean",6.2426152053781
29,2025-02-26,57,5,"cool",3.36559030468257
29,2025-02-26,57,5,"cold",1.44757370421889
29,2025-02-26,57,6,"hot",12.3378988808969
29,2025-02-26,57,6,"warm",10.4198822804332
29,2025-02-26,57,6,"mean",7.54285737973765
29,2025-02-26,57,6,"cool",4.66583247904212
29,2025-02-26,57,6,"cold",2.74781587857844
29,2025-02-26,57,7,"hot",12.610277701196
29,2025-02-26,57,7,"warm",10.6922611007323
29,2025-02-26,57,7,"mean",7.81523620003675
29,2025-02-26,57,7,"cool",4.93821129934122
29,2025-02-26,57,7,"cold",3.02019469887754
29,2025-02-26,57,8,"hot",11.8055853339406
29,2025-02-26,57,8,"warm",9.88756873347693
29,2025-02-26,57,8,"mean",7.01054383278141
29,2025-02-26,57,8,"cool",4.13351893208589
29,2025-02-26,57,8,"cold",2.2155023316222
29,2025-02-26,57,9,"hot",9.96117927540629
29,2025-02-26,57,9,"warm",8.0431626749426
29,2025-02-26,57,9,"mean",5.16613777424708
29,2025-02-26,57,9,"cool",2.28911287355156
29,2025-02-26,57,9,"cold",0.371096273087872
29,2025-02-26,57,10,"hot",8.8354439608271
29,2025-02-26,57,10,"warm",6.91742736036342
29,2025-02-26,57,10,"mean",4.04040245966789
29,2025-02-26,57,10,"cool",1.16337755897237
29,2025-02-26,57,10,"cold",-0.754639041491317
29,2025-02-26,57,11,"hot",8.17420661908139
29,2025-02-26,57,11,"warm",6.25619001861771
29,2025-02-26,57,11,"mean",3.37916511792219
29,2025-02-26,57,11,"cool",0.502140217226662
29,2025-02-26,57,11,"cold",-1.41587638323702
29,2025-02-27,58,0,"hot",7.4716025632943
29,2025-02-27,58,0,"warm",5.55358596283062
29,2025-02-27,58,0,"mean",2.6765610621351
29,2025-02-27,58,0,"cool",-0.200463838560429
29,2025-02-27,58,0,"cold",-2.11848043902411
29,2025-02-27,58,1,"hot",7.10398872340784
29,2025-02-27,58,1,"warm",5.18597212294415
29,2025-02-27,58,1,"mean",2.30894722224863
29,2025-02-27,58,1,"cool",-0.568077678446895
29,2025-02-27,58,1,"cold",-2.48609427891058
29,2025-02-27,58,2,"hot",6.80272851817443
29,2025-02-27,58,2,"warm",4.88471191771075
29,2025-02-27,58,2,"mean",2.00768701701522
29,2025-02-27,58,2,"cool",-0.869337883680302
29,2025-02-27,58,2,"cold",-2.78735448414399
29,2025-02-27,58,3,"hot",6.84358452307106
29,2025-02-27,58,3,"warm",4.92556792260738
29,2025-02-27,58,3,"mean",2.04854302191185
29,2025-02-27,58,3,"cool",-0.828481878783673
29,2025-02-27,58,3,"cold",-2.74649847924736
29,2025-02-27,58,4,"hot",8.94445211955772
29,2025-02-27,58,4,"warm",7.02643551909404
29,2025-02-27,58,4,"mean",4.14941061839851
29,2025-02-27,58,4,"cool",1.27238571770299
29,2025-02-27,58,4,"cold",-0.645630882760695
29,2025-02-27,58,5,"hot",11.0376567065373
29,2025-02-27,58,5,"warm",9.11964010607362
29,2025-02-27,58,5,"mean",6.2426152053781
29,2025-02-27,58,5,"cool",3.36559030468257
29,2025-02-27,58,5,"cold",1.44757370421889
29,2025-02-27,58,6,"hot",12.3378988808969
29,2025-02-27,58,6,"warm",10.4198822804332
29,2025-02-27,58,6,"mean",7.54285737973765
29,2025-02-27,58,6,"cool",4.66583247904212
29,2025-02-27,58,6,"cold",2.74781587857844
29,2025-02-27,58,7,"hot",12.610277701196
29,2025-02-27,58,7,"warm",10.6922611007323
29,2025-02-27,58,7,"mean",7.81523620003675
29,2025-02-27,58,7,"cool",4.93821129934122
29,2025-02-27,58,7,"cold",3.02019469887754
29,2025-02-27,58,8,"hot",11.8055853339406
29,2025-02-27,58,8,"warm",9.88756873347693
29,2025-02-27,58,8,"mean",7.01054383278141
29,2025-02-27,58,8,"cool",4.13351893208589
29,2025-02-27,58,8,"cold",2.2155023316222
29,2025-02-27,58,9,"hot",9.96117927540629
29,2025-02-27,58,9,"warm",8.0431626749426
29,2025-02-27,58,9,"mean",5.16613777424708
29,2025-02-27,58,9,"cool",2.28911287355156
29,2025-02-27,58,9,"cold",0.371096273087872
29,2025-02-27,58,10,"hot",8.8354439608271
29,2025-02-27,58,10,"warm",6.91742736036342
29,2025-02-27,58,10,"mean",4.04040245966789
29,2025-02-27,58,10,"cool",1.16337755897237
29,2025-02-27,58,10,"cold",-0.754639041491317
29,2025-02-27,58,11,"hot",8.17420661908139
29,2025-02-27,58,11,"warm",6.25619001861771
29,2025-02-27,58,11,"mean",3.37916511792219
29,2025-02-27,58,11,"cool",0.502140217226662
29,2025-02-27,58,11,"cold",-1.41587638323702
30,2025-02-28,59,0,"hot",7.59257440085778
30,2025-02-28,59,0,"warm",5.6745578003941
30,2025-02-28,59,0,"mean",2.79753289969858
30,2025-02-28,59,0,"cool",-0.079492000996948
30,2025-02-28,59,0,"cold",-1.99750860146063
30,2025-02-28,59,1,"hot",7.20599993360623
30,2025-02-28,59,1,"warm",5.28798333314254
30,2025-02-28,59,1,"mean",2.41095843244702
30,2025-02-28,59,1,"cool",-0.466066468248505
30,2025-02-28,59,1,"cold",-2.38408306871219
30,2025-02-28,59,2,"hot",6.88968437025603
30,2025-02-28,59,2,"warm",4.97166776979235
30,2025-02-28,59,2,"mean",2.09464286909682
30,2025-02-28,59,2,"cool",-0.782382031598703
30,2025-02-28,59,2,"cold",-2.70039863206239
30,2025-02-28,59,3,"hot",6.97655102116026
30,2025-02-28,59,3,"warm",5.05853442069658
30,2025-02-28,59,3,"mean",2.18150952000105
30,2025-02-28,59,3,"cool",-0.695515380694471
30,2025-02-28,59,3,"cold",-2.61353198115815
30,2025-02-28,59,4,"hot",9.1290202847348
30,2025-02-28,59,4,"warm",7.21100368427111
30,2025-02-28,59,4,"mean",4.33397878357559
30,2025-02-28,59,4,"cool",1.45695388288007
30,2025-02-28,59,4,"cold",-0.461062717583617
30,2025-02-28,59,5,"hot",11.2108982006679
30,2025-02-28,59,5,"warm",9.29288160020425
30,2025-02-28,59,5,"mean",6.41585669950873
30,2025-02-28,59,5,"cool",3.5388317988132
30,2025-02-28,59,5,"cold",1.62081519834952
30,2025-02-28,59,6,"hot",12.5010185765053
30,2025-02-28,59,6,"warm",10.5830019760417
30,2025-02-28,59,6,"mean",7.70597707534613
30,2025-02-28,59,6,"cool",4.82895217465061
30,2025-02-28,59,6,"cold",2.91093557418693
30,2025-02-28,59,7,"hot",12.7710178314744
30,2025-02-28,59,7,"warm",10.8530012310108
30,2025-02-28,59,7,"mean",7.97597633031523
30,2025-02-28,59,7,"cool",5.09895142961971
30,2025-02-28,59,7,"cold",3.18093482915603
30,2025-02-28,59,8,"hot",11.9731034061675
30,2025-02-28,59,8,"warm",10.0550868057038
30,2025-02-28,59,8,"mean",7.17806190500829
30,2025-02-28,59,8,"cool",4.30103700431277
30,2025-02-28,59,8,"cold",2.38302040384909
30,2025-02-28,59,9,"hot",10.0021483087802
30,2025-02-28,59,9,"warm",8.08413170831652
30,2025-02-28,59,9,"mean",5.20710680762099
30,2025-02-28,59,9,"cool",2.33008190692547
30,2025-02-28,59,9,"cold",0.412065306461784
30,2025-02-28,59,10,"hot",8.71506088671776
30,2025-02-28,59,10,"warm",6.79704428625407
30,2025-02-28,59,10,"mean",3.92001938555855
30,2025-02-28,59,10,"cool",1.04299448486303
30,2025-02-28,59,10,"cold",-0.875022115600657
30,2025-02-28,59,11,"hot",7.96864316405617
30,2025-02-28,59,11,"warm",6.05062656359248
30,2025-02-28,59,11,"mean",3.17360166289696
30,2025-02-28,59,11,"cool",0.296576762201433
30,2025-02-28,59,11,"cold",-1.62143983826225
30,2025-03-01,60,0,"hot",6.3345938008435
30,2025-03-01,60,0,"warm",4.91976944038553
30,2025-03-01,60,0,"mean",2.79753289969858
30,2025-03-01,60,0,"cool",0.675296359011624
30,2025-03-01,60,0,"cold",-0.739528001446343
30,2025-03-01,60,1,"hot",5.94801933359194
30,2025-03-01,60,1,"warm",4.53319497313397
30,2025-03-01,60,1,"mean",2.41095843244702
30,2025-03-01,60,1,"cool",0.288721891760068
30,2025-03-01,60,1,"cold",-1.1261024686979
30,2025-03-01,60,2,"hot",5.63170377024174
30,2025-03-01,60,2,"warm",4.21687940978377
30,2025-03-01,60,2,"mean",2.09464286909682
30,2025-03-01,60,2,"cool",-0.027593671590131
30,2025-03-01,60,2,"cold",-1.4424180320481
30,2025-03-01,60,3,"hot",5.71857042114597
30,2025-03-01,60,3,"warm",4.30374606068801
30,2025-03-01,60,3,"mean",2.18150952000105
30,2025-03-01,60,3,"cool",0.0592729793141009
30,2025-03-01,60,3,"cold",-1.35555138114387
30,2025-03-01,60,4,"hot",7.87103968472051
30,2025-03-01,60,4,"warm",6.45621532426254
30,2025-03-01,60,4,"mean",4.33397878357559
30,2025-03-01,60,4,"cool",2.21174224288864
30,2025-03-01,60,4,"cold",0.79691788243067
30,2025-03-01,60,5,"hot",9.95291760065365
30,2025-03-01,60,5,"warm",8.53809324019568
30,2025-03-01,60,5,"mean",6.41585669950873
30,2025-03-01,60,5,"cool",4.29362015882177
30,2025-03-01,60,5,"cold",2.87879579836381
30,2025-03-01,60,6,"hot",11.2430379764911
30,2025-03-01,60,6,"warm",9.82821361603309
30,2025-03-01,60,6,"mean",7.70597707534613
30,2025-03-01,60,6,"cool",5.58374053465918
30,2025-03-01,60,6,"cold",4.16891617420121
30,2025-03-01,60,7,"hot",11.5130372314602
30,2025-03-01,60,7,"warm",10.0982128710022
30,2025-03-01,60,7,"mean",7.97597633031523
30,2025-03-01,60,7,"cool",5.85373978962828
30,2025-03-01,60,7,"cold",4.43891542917031
30,2025-03-01,60,8,"hot",10.7151228061532
30,2025-03-01,60,8,"warm",9.30029844569525
30,2025-03-01,60,8,"mean",7.17806190500829
30,2025-03-01,60,8,"cool",5.05582536432134
30,2025-03-01,60,8,"cold",3.64100100386337
30,2025-03-01,60,9,"hot",8.74416770876591
30,2025-03-01,60,9,"warm",7.32934334830794
30,2025-03-01,60,9,"mean",5.20710680762099
30,2025-03-01,60,9,"cool",3.08487026693404
30,2025-03-01,60,9,"cold",1.67004590647607
30,2025-03-01,60,10,"hot",7.45708028670347
30,2025-03-01,60,10,"warm",6.0422559262455
30,2025-03-01,60,10,"mean",3.92001938555855
30,2025-03-01,60,10,"cool",1.7977828448716
30,2025-03-01,60,10,"cold",0.38295848441363
30,2025-03-01,60,11,"hot",6.71066256404188
30,2025-03-01,60,11,"warm",5.29583820358391
30,2025-03-01,60,11,"mean",3.17360166289696
30,2025-03-01,60,11,"cool",1.05136512221001
30,2025-03-01,60,11,"cold",-0.363459238247962
31,2025-03-02,61,0,"hot",6.06127883539116
31,2025-03-02,61,0,"warm",4.6464544749332
31,2025-03-02,61,0,"mean",2.52421793424624
31,2025-03-02,61,0,"cool",0.401981393559292
31,2025-03-02,61,0,"cold",-1.01284296689868
31,2025-03-02,61,1,"hot",5.62712251608706
31,2025-03-02,61,1,"warm",4.21229815562909
31,2025-03-02,61,1,"mean",2.09006161494214
31,2025-03-02,61,1,"cool",-0.0321749257448101
31,2025-03-02,61,1,"cold",-1.44699928620278
31,2025-03-02,61,2,"hot",5.27240173357443
31,2025-03-02,61,2,"warm",3.85757737311646
31,2025-03-02,61,2,"mean",1.73534083242951
31,2025-03-02,61,2,"cool",-0.386895708257439
31,2025-03-02,61,2,"cold",-1.80172006871541
31,2025-03-02,61,3,"hot",5.41841554605729
31,2025-03-02,61,3,"warm",4.00359118559933
31,2025-03-02,61,3,"mean",1.88135464491237
31,2025-03-02,61,3,"cool",-0.240881895774579
31,2025-03-02,61,3,"cold",-1.65570625623255
31,2025-03-02,61,4,"hot",7.81745833167543
31,2025-03-02,61,4,"warm",6.40263397121747
31,2025-03-02,61,4,"mean",4.28039743053051
31,2025-03-02,61,4,"cool",2.15816088984356
31,2025-03-02,61,4,"cold",0.743336529385593
31,2025-03-02,61,5,"hot",10.0746139888483
31,2025-03-02,61,5,"warm",8.65978962839036
31,2025-03-02,61,5,"mean",6.53755308770341
31,2025-03-02,61,5,"cool",4.41531654701645
31,2025-03-02,61,5,"cold",3.00049218655849
31,2025-03-02,61,6,"hot",11.4702725908782
31,2025-03-02,61,6,"warm",10.0554482304202
31,2025-03-02,61,6,"mean",7.93321168973325
31,2025-03-02,61,6,"cool",5.8109751490463
31,2025-03-02,61,6,"cold",4.39615078858833
31,2025-03-02,61,7,"hot",11.7621002494692
31,2025-03-02,61,7,"warm",10.3472758890112
31,2025-03-02,61,7,"mean",8.22503934832424
31,2025-03-02,61,7,"cool",6.10280280763729
31,2025-03-02,61,7,"cold",4.68797844717932
31,2025-03-02,61,8,"hot",10.8994256488305
31,2025-03-02,61,8,"warm",9.48460128837253
31,2025-03-02,61,8,"mean",7.36236474768558
31,2025-03-02,61,8,"cool",5.24012820699862
31,2025-03-02,61,8,"cold",3.82530384654066
31,2025-03-02,61,9,"hot",8.81767883364418
31,2025-03-02,61,9,"warm",7.40285447318621
31,2025-03-02,61,9,"mean",5.28061793249926
31,2025-03-02,61,9,"cool",3.15838139181231
31,2025-03-02,61,9,"cold",1.74355703135434
31,2025-03-02,61,10,"hot",7.43030741049653
31,2025-03-02,61,10,"warm",6.01548305003856
31,2025-03-02,61,10,"mean",3.89324650935161
31,2025-03-02,61,10,"cool",1.77100996866466
31,2025-03-02,61,10,"cold",0.356185608206689
31,2025-03-02,61,11,"hot",6.63589814302603
31,2025-03-02,61,11,"warm",5.22107378256807
31,2025-03-02,61,11,"mean",3.09883724188111
31,2025-03-02,61,11,"cool",0.976600701194163
31,2025-03-02,61,11,"cold",-0.438223659263805
31,2025-03-03,62,0,"hot",6.06127883539116
31,2025-03-03,62,0,"warm",4.6464544749332
31,2025-03-03,62,0,"mean",2.52421793424624
31,2025-03-03,62,0,"cool",0.401981393559292
31,2025-03-03,62,0,"cold",-1.01284296689868
31,2025-03-03,62,1,"hot",5.62712251608706
31,2025-03-03,62,1,"warm",4.21229815562909
31,2025-03-03,62,1,"mean",2.09006161494214
31,2025-03-03,62,1,"cool",-0.0321749257448101
31,2025-03-03,62,1,"cold",-1.44699928620278
31,2025-03-03,62,2,"hot",5.27240173357443
31,2025-03-03,62,2,"warm",3.85757737311646
31,2025-03-03,62,2,"mean",1.73534083242951
31,2025-03-03,62,2,"cool",-0.386895708257439
31,2025-03-03,62,2,"cold",-1.80172006871541
31,2025-03-03,62,3,"hot",5.41841554605729
31,2025-03-03,62,3,"warm",4.00359118559933
31,2025-03-03,62,3,"mean",1.88135464491237
31,2025-03-03,62,3,"cool",-0.240881895774579
31,2025-03-03,62,3,"cold",-1.65570625623255
31,2025-03-03,62,4,"hot",7.81745833167543
31,2025-03-03,62,4,"warm",6.40263397121747
31,2025-03-03,62,4,"mean",4.28039743053051
31,2025-03-03,62,4,"cool",2.15816088984356
31,2025-03-03,62,4,"cold",0.743336529385593
31,2025-03-03,62,5,"hot",10.0746139888483
31,2025-03-03,62,5,"warm",8.65978962839036
31,2025-03-03,62,5,"mean",6.53755308770341
31,2025-03-03,62,5,"cool",4.41531654701645
31,2025-03-03,62,5,"cold",3.00049218655849
31,2025-03-03,62,6,"hot",11.4702725908782
31,2025-03-03,62,6,"warm",10.0554482304202
31,2025-03-03,62,6,"mean",7.93321168973325
31,2025-03-03,62,6,"cool",5.8109751490463
31,2025-03-03,62,6,"cold",4.39615078858833
31,2025-03-03,62,7,"hot",11.7621002494692
31,2025-03-03,62,7,"warm",10.3472758890112
31,2025-03-03,62,7,"mean",8.22503934832424
31,2025-03-03,62,7,"cool",6.10280280763729
31,2025-03-03,62,7,"cold",4.68797844717932
31,2025-03-03,62,8,"hot",10.8994256488305
31,2025-03-03,62,8,"warm",9.48460128837253
31,2025-03-03,62,8,"mean",7.36236474768558
31,2025-03-03,62,8,"cool",5.24012820699862
31,2025-03-03,62,8,"cold",3.82530384654066
31,2025-03-03,62,9,"hot",8.81767883364418
31,2025-03-03,62,9,"warm",7.40285447318621
31,2025-03-03,62,9,"mean",5.28061793249926
31,2025-03-03,62,9,"cool",3.15838139181231
31,2025-03-03,62,9,"cold",1.74355703135434
31,2025-03-03,62,10,"hot",7.43030741049653
31,2025-03-03,62,10,"warm",6.01548305003856
31,2025-03-03,62,10,"mean",3.89324650935161
31,2025-03-03,62,10,"cool",1.77100996866466
31,2025-03-03,62,10,"cold",0.356185608206689
31,2025-03-03,62,11,"hot",6.63589814302603
31,2025-03-03,62,11,"warm",5.22107378256807
31,2025-03-03,62,11,"mean",3.09883724188111
31,2025-03-03,62,11,"cool",0.976600701194163
31,2025-03-03,62,11,"cold",-0.438223659263805
32,2025-03-04,63,0,"hot",5.62442351169932
32,2025-03-04,63,0,"warm",4.20959915124135
32,2025-03-04,63,0,"mean",2.0873626105544
32,2025-03-04,63,0,"cool",-0.0348739301325511
32,2025-03-04,63,0,"cold",-1.44969829059052
32,2025-03-04,63,1,"hot",5.1503146196756
32,2025-03-04,63,1,"warm",3.73549025921763
32,2025-03-04,63,1,"mean",1.61325371853068
32,2025-03-04,63,1,"cool",-0.508982822156273
32,2025-03-04,63,1,"cold",-1.92380718261424
32,2025-03-04,63,2,"hot",4.76349464751816
32,2025-03-04,63,2,"warm",3.34867028706019
32,2025-03-04,63,2,"mean",1.22643374637324
32,2025-03-04,63,2,"cool",-0.89580279431371
32,2025-03-04,63,2,"cold",-2.31062715477168
32,2025-03-04,63,3,"hot",4.9818737716207
32,2025-03-04,63,3,"warm",3.56704941116274
32,2025-03-04,63,3,"mean",1.44481287047578
32,2025-03-04,63,3,"cool",-0.677423670211168
32,2025-03-04,63,3,"cold",-2.09224803066914
32,2025-03-04,63,4,"hot",7.66067608952083
32,2025-03-04,63,4,"warm",6.24585172906286
32,2025-03-04,63,4,"mean",4.12361518837591
32,2025-03-04,63,4,"cool",2.00137864768896
32,2025-03-04,63,4,"cold",0.586554287230992
32,2025-03-04,63,5,"hot",10.1196278584113
32,2025-03-04,63,5,"warm",8.70480349795329
32,2025-03-04,63,5,"mean",6.58256695726634
32,2025-03-04,63,5,"cool",4.46033041657939
32,2025-03-04,63,5,"cold",3.04550605612142
32,2025-03-04,63,6,"hot",11.6370608572425
32,2025-03-04,63,6,"warm",10.2222364967846
32,2025-03-04,63,6,"mean",8.09999995609763
32,2025-03-04,63,6,"cool",5.97776341541068
32,2025-03-04,63,6,"cold",4.56293905495271
32,2025-03-04,63,7,"hot",11.9540987324242
32,2025-03-04,63,7,"warm",10.5392743719662
32,2025-03-04,63,7,"mean",8.41703783127925
32,2025-03-04,63,7,"cool",6.29480129059229
32,2025-03-04,63,7,"cold",4.87997693013433
32,2025-03-04,63,8,"hot",11.0166542563269
32,2025-03-04,63,8,"warm",9.60182989586889
32,2025-03-04,63,8,"mean",7.47959335518193
32,2025-03-04,63,8,"cool",5.35735681449498
32,2025-03-04,63,8,"cold",3.94253245403701
32,2025-03-04,63,9,"hot",8.87288388951438
32,2025-03-04,63,9,"warm",7.45805952905641
32,2025-03-04,63,9,"mean",5.33582298836946
32,2025-03-04,63,9,"cool",3.21358644768251
32,2025-03-04,63,9,"cold",1.79876208722454
32,2025-03-04,63,10,"hot",7.46166027979997
32,2025-03-04,63,10,"warm",6.046835919342
32,2025-03-04,63,10,"mean",3.92459937865505
32,2025-03-04,63,10,"cool",1.8023628379681
32,2025-03-04,63,10,"cold",0.387538477510128
32,2025-03-04,63,11,"hot",6.6628161760136
32,2025-03-04,63,11,"warm",5.24799181555563
32,2025-03-04,63,11,"mean",3.12575527486868
32,2025-03-04,63,11,"cool",1.00351873418173
32,2025-03-04,63,11,"cold",-0.41130562627624
32,2025-03-05,64,0,"hot",5.62442351169932
32,2025-03-05,64,0,"warm",4.20959915124135
32,2025-03-05,64,0,"mean",2.0873626105544
32,2025-03-05,64,0,"cool",-0.0348739301325511
32,2025-03-05,64,0,"cold",-1.44969829059052
32,2025-03-05,64,1,"hot",5.1503146196756
32,2025-03-05,64,1,"warm",3.73549025921763
32,2025-03-05,64,1,"mean",1.61325371853068
32,2025-03-05,64,1,"cool",-0.508982822156273
32,2025-03-05,64,1,"cold",-1.92380718261424
32,2025-03-05,64,2,"hot",4.76349464751816
32,2025-03-05,64,2,"warm",3.34867028706019
32,2025-03-05,64,2,"mean",1.22643374637324
32,2025-03-05,64,2,"cool",-0.89580279431371
32,2025-03-05,64,2,"cold",-2.31062715477168
32,2025-03-05,64,3,"hot",4.9818737716207
32,2025-03-05,64,3,"warm",3.56704941116274
32,2025-03-05,64,3,"mean",1.44481287047578
32,2025-03-05,64,3,"cool",-0.677423670211168
32,2025-03-05,64,3,"cold",-2.09224803066914
32,2025-03-05,64,4,"hot",7.66067608952083
32,2025-03-05,64,4,"warm",6.24585172906286
32,2025-03-05,64,4,"mean",4.12361518837591
32,2025-03-05,64,4,"cool",2.00137864768896
32,2025-03-05,64,4,"cold",0.586554287230992
32,2025-03-05,64,5,"hot",10.1196278584113
32,2025-03-05,64,5,"warm",8.70480349795329
32,2025-03-05,64,5,"mean",6.58256695726634
32,2025-03-05,64,5,"cool",4.46033041657939
32,2025-03-05,64,5,"cold",3.04550605612142
32,2025-03-05,64,6,"hot",11.6370608572425
32,2025-03-05,64,6,"warm",10.2222364967846
32,2025-03-05,64,6,"mean",8.09999995609763
32,2025-03-05,64,6,"cool",5.97776341541068
32,2025-03-05,64,6,"cold",4.56293905495271
32,2025-03-05,64,7,"hot",11.9540987324242
32,2025-03-05,64,7,"warm",10.5392743719662
32,2025-03-05,64,7,"mean",8.41703783127925
32,2025-03-05,64,7,"cool",6.29480129059229
32,2025-03-05,64,7,"cold",4.87997693013433
32,2025-03-05,64,8,"hot",11.0166542563269
32,2025-03-05,64,8,"warm",9.60182989586889
32,2025-03-05,64,8,"mean",7.47959335518193
32,2025-03-05,64,8,"cool",5.35735681449498
32,2025-03-05,64,8,"cold",3.94253245403701
32,2025-03-05,64,9,"hot",8.87288388951438
32,2025-03-05,64,9,"warm",7.45805952905641
32,2025-03-05,64,9,"mean",5.33582298836946
32,2025-03-05,64,9,"cool",3.21358644768251
32,2025-03-05,64,9,"cold",1.79876208722454
32,2025-03-05,64,10,"hot",7.46166027979997
32,2025-03-05,64,10,"warm",6.046835919342
32,2025-03-05,64,10,"mean",3.92459937865505
32,2025-03-05,64,10,"cool",1.8023628379681
32,2025-03-05,64,10,"cold",0.387538477510128
32,2025-03-05,64,11,"hot",6.6628161760136
32,2025-03-05,64,11,"warm",5.24799181555563
32,2025-03-05,64,11,"mean",3.12575527486868
32,2025-03-05,64,11,"cool",1.00351873418173
32,2025-03-05,64,11,"cold",-0.41130562627624
33,2025-03-06,65,0,"hot",6.87383834697497
33,2025-03-06,65,0,"warm",5.459013986517
33,2025-03-06,65,0,"mean",3.33677744583005
33,2025-03-06,65,0,"cool",1.2145409051431
33,2025-03-06,65,0,"cold",-0.200283455314873
33,2025-03-06,65,1,"hot",6.46911425282713
33,2025-03-06,65,1,"warm",5.05428989236916
33,2025-03-06,65,1,"mean",2.93205335168221
33,2025-03-06,65,1,"cool",0.809816810995253
33,2025-03-06,65,1,"cold",-0.605007549462715
33,2025-03-06,65,2,"hot",6.13935108945005
33,2025-03-06,65,2,"warm",4.72452672899209
33,2025-03-06,65,2,"mean",2.60229018830513
33,2025-03-06,65,2,"cool",0.480053647618181
33,2025-03-06,65,2,"cold",-0.934770712839787
33,2025-03-06,65,3,"hot",6.38270370980428
33,2025-03-06,65,3,"warm",4.96787934934631
33,2025-03-06,65,3,"mean",2.84564280865936
33,2025-03-06,65,3,"cool",0.723406267972404
33,2025-03-06,65,3,"cold",-0.691418092485564
33,2025-03-06,65,4,"hot",8.77356436869393
33,2025-03-06,65,4,"warm",7.35874000823596
33,2025-03-06,65,4,"mean",5.23650346754901
33,2025-03-06,65,4,"cool",3.11426692686206
33,2025-03-06,65,4,"cold",1.69944256640409
33,2025-03-06,65,5,"hot",10.9204885921672
33,2025-03-06,65,5,"warm",9.50566423170925
33,2025-03-06,65,5,"mean",7.3834276910223
33,2025-03-06,65,5,"cool",5.26119115033535
33,2025-03-06,65,5,"cold",3.84636678987738
33,2025-03-06,65,6,"hot",12.24301914492
33,2025-03-06,65,6,"warm",10.828194784462
33,2025-03-06,65,6,"mean",8.70595824377503
33,2025-03-06,65,6,"cool",6.58372170308808
33,2025-03-06,65,6,"cold",5.16889734263011
33,2025-03-06,65,7,"hot",12.5191383809303
33,2025-03-06,65,7,"warm",11.1043140204724
33,2025-03-06,65,7,"mean",8.9820774797854
33,2025-03-06,65,7,"cool",6.85984093909845
33,2025-03-06,65,7,"cold",5.44501657864048
33,2025-03-06,65,8,"hot",11.7024931665346
33,2025-03-06,65,8,"warm",10.2876688060766
33,2025-03-06,65,8,"mean",8.16543226538964
33,2025-03-06,65,8,"cool",6.04319572470269
33,2025-03-06,65,8,"cold",4.62837136424472
33,2025-03-06,65,9,"hot",9.77410044691261
33,2025-03-06,65,9,"warm",8.35927608645465
33,2025-03-06,65,9,"mean",6.23703954576769
33,2025-03-06,65,9,"cool",4.11480300508074
33,2025-03-06,65,9,"cold",2.69997864462277
33,2025-03-06,65,10,"hot",8.42497036401443
33,2025-03-06,65,10,"warm",7.01014600355647
33,2025-03-06,65,10,"mean",4.88790946286952
33,2025-03-06,65,10,"cool",2.76567292218256
33,2025-03-06,65,10,"cold",1.3508485617246
33,2025-03-06,65,11,"hot",7.67112988531328
33,2025-03-06,65,11,"warm",6.25630552485531
33,2025-03-06,65,11,"mean",4.13406898416836
33,2025-03-06,65,11,"cool",2.01183244348141
33,2025-03-06,65,11,"cold",0.597008083023441
33,2025-03-07,66,0,"hot",6.87383834697497
33,2025-03-07,66,0,"warm",5.459013986517
33,2025-03-07,66,0,"mean",3.33677744583005
33,2025-03-07,66,0,"cool",1.2145409051431
33,2025-03-07,66,0,"cold",-0.200283455314873
33,2025-03-07,66,1,"hot",6.46911425282713
33,2025-03-07,66,1,"warm",5.05428989236916
33,2025-03-07,66,1,"mean",2.93205335168221
33,2025-03-07,66,1,"cool",0.809816810995253
33,2025-03-07,66,1,"cold",-0.605007549462715
33,2025-03-07,66,2,"hot",6.13935108945005
33,2025-03-07,66,2,"warm",4.72452672899209
33,2025-03-07,66,2,"mean",2.60229018830513
33,2025-03-07,66,2,"cool",0.480053647618181
33,2025-03-07,66,2,"cold",-0.934770712839787
33,2025-03-07,66,3,"hot",6.38270370980428
33,2025-03-07,66,3,"warm",4.96787934934631
33,2025-03-07,66,3,"mean",2.84564280865936
33,2025-03-07,66,3,"cool",0.723406267972404
33,2025-03-07,66,3,"cold",-0.691418092485564
33,2025-03-07,66,4,"hot",8.77356436869393
33,2025-03-07,66,4,"warm",7.35874000823596
33,2025-03-07,66,4,"mean",5.23650346754901
33,2025-03-07,66,4,"cool",3.11426692686206
33,2025-03-07,66,4,"cold",1.69944256640409
33,2025-03-07,66,5,"hot",10.9204885921672
33,2025-03-07,66,5,"warm",9.50566423170925
33,2025-03-07,66,5,"mean",7.3834276910223
33,2025-03-07,66,5,"cool",5.26119115033535
33,2025-03-07,66,5,"cold",3.84636678987738
33,2025-03-07,66,6,"hot",12.24301914492
33,2025-03-07,66,6,"warm",10.828194784462
33,2025-03-07,66,6,"mean",8.70595824377503
33,2025-03-07,66,6,"cool",6.58372170308808
33,2025-03-07,66,6,"cold",5.16889734263011
33,2025-03-07,66,7,"hot",12.5191383809303
33,2025-03-07,66,7,"warm",11.1043140204724
33,2025-03-07,66,7,"mean",8.9820774797854
33,2025-03-07,66,7,"cool",6.85984093909845
33,2025-03-07,66,7,"cold",5.44501657864048
33,2025-03-07,66,8,"hot",11.7024931665346
33,2025-03-07,66,8,"warm",10.2876688060766
33,2025-03-07,66,8,"mean",8.16543226538964
33,2025-03-07,66,8,"cool",6.04319572470269
33,2025-03-07,66,8,"cold",4.62837136424472
33,2025-03-07,66,9,"hot",9.77410044691261
33,2025-03-07,66,9,"warm",8.35927608645465
33,2025-03-07,66,9,"mean",6.23703954576769
33,2025-03-07,66,9,"cool",4.11480300508074
33,2025-03-07,66,9,"cold",2.69997864462277
33,2025-03-07,66,10,"hot",8.42497036401443
33,2025-03-07,66,10,"warm",7.01014600355647
33,2025-03-07,66,10,"mean",4.88790946286952
33,2025-03-07,66,10,"cool",2.76567292218256
33,2025-03-07,66,10,"cold",1.3508485617246
33,2025-03-07,66,11,"hot",7.67112988531328
33,2025-03-07,66,11,"warm",6.25630552485531
33,2025-03-07,66,11,"mean",4.13406898416836
33,2025-03-07,66,11,"cool",2.01183244348141
33,2025-03-07,66,11,"cold",0.597008083023441
34,2025-03-08,67,0,"hot",6.77592083511232
34,2025-03-08,67,0,"warm",5.36109647465435
34,2025-03-08,67,0,"mean",3.2388599339674
34,2025-03-08,67,0,"cool",1.11662339328045
34,2025-03-08,67,0,"cold",-0.29820096717752
34,2025-03-08,67,1,"hot",6.32583958192518
34,2025-03-08,67,1,"warm",4.91101522146722
34,2025-03-08,67,1,"mean",2.78877868078026
34,2025-03-08,67,1,"cool",0.666542140093313
34,2025-03-08,67,1,"cold",-0.748282220364655
34,2025-03-08,67,2,"hot",5.9596531937898
34,2025-03-08,67,2,"warm",4.54482883333184
34,2025-03-08,67,2,"mean",2.42259229264488
34,2025-03-08,67,2,"cool",0.300355751957931
34,2025-03-08,67,2,"cold",-1.11446860850004
34,2025-03-08,67,3,"hot",6.2657967092141
34,2025-03-08,67,3,"warm",4.85097234875613
34,2025-03-08,67,3,"mean",2.72873580806918
34,2025-03-08,67,3,"cool",0.606499267382227
34,2025-03-08,67,3,"cold",-0.808325093075741
34,2025-03-08,67,4,"hot",8.85792175272169
34,2025-03-08,67,4,"warm",7.44309739226372
34,2025-03-08,67,4,"mean",5.32086085157677
34,2025-03-08,67,4,"cool",3.19862431088981
34,2025-03-08,67,4,"cold",1.78379995043185
34,2025-03-08,67,5,"hot",11.1266011231036
34,2025-03-08,67,5,"warm",9.71177676264566
34,2025-03-08,67,5,"mean",7.58954022195871
34,2025-03-08,67,5,"cool",5.46730368127176
34,2025-03-08,67,5,"cold",4.05247932081379
34,2025-03-08,67,6,"hot",12.5214145450249
34,2025-03-08,67,6,"warm",11.106590184567
34,2025-03-08,67,6,"mean",8.98435364388
34,2025-03-08,67,6,"cool",6.86211710319305
34,2025-03-08,67,6,"cold",5.44729274273508
34,2025-03-08,67,7,"hot",12.812396180232
34,2025-03-08,67,7,"warm",11.397571819774
34,2025-03-08,67,7,"mean",9.27533527908703
34,2025-03-08,67,7,"cool",7.15309873840008
34,2025-03-08,67,7,"cold",5.73827437794211
34,2025-03-08,67,8,"hot",11.9515711927011
34,2025-03-08,67,8,"warm",10.5367468322431
34,2025-03-08,67,8,"mean",8.4145102915562
34,2025-03-08,67,8,"cool",6.29227375086925
34,2025-03-08,67,8,"cold",4.87744939041128
34,2025-03-08,67,9,"hot",9.99055925972598
34,2025-03-08,67,9,"warm",8.57573489926802
34,2025-03-08,67,9,"mean",6.45349835858107
34,2025-03-08,67,9,"cool",4.33126181789411
34,2025-03-08,67,9,"cold",2.91643745743615
34,2025-03-08,67,10,"hot",8.62764111911877
34,2025-03-08,67,10,"warm",7.2128167586608
34,2025-03-08,67,10,"mean",5.09058021797385
34,2025-03-08,67,10,"cool",2.9683436772869
34,2025-03-08,67,10,"cold",1.55351931682893
34,2025-03-08,67,11,"hot",7.8757860643804
34,2025-03-08,67,11,"warm",6.46096170392243
34,2025-03-08,67,11,"mean",4.33872516323548
34,2025-03-08,67,11,"cool",2.21648862254852
34,2025-03-08,67,11,"cold",0.801664262090556
34,2025-03-09,68,0,"hot",6.77592083511232
34,2025-03-09,68,0,"warm",5.36109647465435
34,2025-03-09,68,0,"mean",3.2388599339674
34,2025-03-09,68,0,"cool",1.11662339328045
34,2025-03-09,68,0,"cold",-0.29820096717752
34,2025-03-09,68,1,"hot",6.32583958192518
34,2025-03-09,68,1,"warm",4.91101522146722
34,2025-03-09,68,1,"mean",2.78877868078026
34,2025-03-09,68,1,"cool",0.666542140093313
34,2025-03-09,68,1,"cold",-0.748282220364655
34,2025-03-09,68,2,"hot",5.9596531937898
34,2025-03-09,68,2,"warm",4.54482883333184
34,2025-03-09,68,2,"mean",2.42259229264488
34,2025-03-09,68,2,"cool",0.300355751957931
34,2025-03-09,68,2,"cold",-1.11446860850004
34,2025-03-09,68,3,"hot",6.2657967092141
34,2025-03-09,68,3,"warm",4.85097234875613
34,2025-03-09,68,3,"mean",2.72873580806918
34,2025-03-09,68,3,"cool",0.606499267382227
34,2025-03-09,68,3,"cold",-0.808325093075741
34,2025-03-09,68,4,"hot",8.85792175272169
34,2025-03-09,68,4,"warm",7.44309739226372
34,2025-03-09,68,4,"mean",5.32086085157677
34,2025-03-09,68,4,"cool",3.19862431088981
34,2025-03-09,68,4,"cold",1.78379995043185
34,2025-03-09,68,5,"hot",11.1266011231036
34,2025-03-09,68,5,"warm",9.71177676264566
34,2025-03-09,68,5,"mean",7.58954022195871
34,2025-03-09,68,5,"cool",5.46730368127176
34,2025-03-09,68,5,"cold",4.05247932081379
34,2025-03-09,68,6,"hot",12.5214145450249
34,2025-03-09,68,6,"warm",11.106590184567
34,2025-03-09,68,6,"mean",8.98435364388
34,2025-03-09,68,6,"cool",6.86211710319305
34,2025-03-09,68,6,"cold",5.44729274273508
34,2025-03-09,68,7,"hot",12.812396180232
34,2025-03-09,68,7,"warm",11.397571819774
34,2025-03-09,68,7,"mean",9.27533527908703
34,2025-03-09,68,7,"cool",7.15309873840008
34,2025-03-09,68,7,"cold",5.73827437794211
34,2025-03-09,68,8,"hot",11.9515711927011
34,2025-03-09,68,8,"warm",10.5367468322431
34,2025-03-09,68,8,"mean",8.4145102915562
34,2025-03-09,68,8,"cool",6.29227375086925
34,2025-03-09,68,8,"cold",4.87744939041128
34,2025-03-09,68,9,"hot",9.99055925972598
34,2025-03-09,68,9,"warm",8.57573489926802
34,2025-03-09,68,9,"mean",6.45349835858107
34,2025-03-09,68,9,"cool",4.33126181789411
34,2025-03-09,68,9,"cold",2.91643745743615
34,2025-03-09,68,10,"hot",8.62764111911877
34,2025-03-09,68,10,"warm",7.2128167586608
34,2025-03-09,68,10,"mean",5.09058021797385
34,2025-03-09,68,10,"cool",2.9683436772869
34,2025-03-09,68,10,"cold",1.55351931682893
34,2025-03-09,68,11,"hot",7.8757860643804
34,2025-03-09,68,11,"warm",6.46096170392243
34,2025-03-09,68,11,"mean",4.33872516323548
34,2025-03-09,68,11,"cool",2.21648862254852
34,2025-03-09,68,11,"cold",0.801664262090556
35,2025-03-10,69,0,"hot",7.43826618604213
35,2025-03-10,69,0,"warm",6.02344182558416
35,2025-03-10,69,0,"mean",3.90120528489721
35,2025-03-10,69,0,"cool",1.77896874421025
35,2025-03-10,69,0,"cold",0.364144383752286
35,2025-03-10,69,1,"hot",7.01764487796392
35,2025-03-10,69,1,"warm",5.60282051750595
35,2025-03-10,69,1,"mean",3.480583976819
35,2025-03-10,69,1,"cool",1.35834743613205
35,2025-03-10,69,1,"cold",-0.0564769243259216
35,2025-03-10,69,2,"hot",6.67593559271056
35,2025-03-10,69,2,"warm",5.26111123225259
35,2025-03-10,69,2,"mean",3.13887469156564
35,2025-03-10,69,2,"cool",1.01663815087868
35,2025-03-10,69,2,"cold",-0.398186209579284
35,2025-03-10,69,3,"hot",7.00201162898409
35,2025-03-10,69,3,"warm",5.58718726852612
35,2025-03-10,69,3,"mean",3.46495072783917
35,2025-03-10,69,3,"cool",1.34271418715222
35,2025-03-10,69,3,"cold",-0.0721101733057496
35,2025-03-10,69,4,"hot",9.4196016994041
35,2025-03-10,69,4,"warm",8.00477733894613
35,2025-03-10,69,4,"mean",5.88254079825918
35,2025-03-10,69,4,"cool",3.76030425757222
35,2025-03-10,69,4,"cold",2.34547989711426
35,2025-03-10,69,5,"hot",11.4856655050284
35,2025-03-10,69,5,"warm",10.0708411445704
35,2025-03-10,69,5,"mean",7.94860460388348
35,2025-03-10,69,5,"cool",5.82636806319652
35,2025-03-10,69,5,"cold",4.41154370273856
35,2025-03-10,69,6,"hot",12.7536157539139
35,2025-03-10,69,6,"warm",11.3387913934559
35,2025-03-10,69,6,"mean",9.21655485276899
35,2025-03-10,69,6,"cool",7.09431831208204
35,2025-03-10,69,6,"cold",5.67949395162407
35,2025-03-10,69,7,"hot",13.0179385680437
35,2025-03-10,69,7,"warm",11.6031142075857
35,2025-03-10,69,7,"mean",9.4808776668988
35,2025-03-10,69,7,"cool",7.35864112621184
35,2025-03-10,69,7,"cold",5.94381676575388
35,2025-03-10,69,8,"hot",12.2357914987956
35,2025-03-10,69,8,"warm",10.8209671383377
35,2025-03-10,69,8,"mean",8.69873059765071
35,2025-03-10,69,8,"cool",6.57649405696375
35,2025-03-10,69,8,"cold",5.16166969650579
35,2025-03-10,69,9,"hot",10.2874150189385
35,2025-03-10,69,9,"warm",8.87259065848052
35,2025-03-10,69,9,"mean",6.75035411779356
35,2025-03-10,69,9,"cool",4.62811757710661
35,2025-03-10,69,9,"cold",3.21329321664864
35,2025-03-10,69,10,"hot",8.74687119372332
35,2025-03-10,69,10,"warm",7.33204683326535
35,2025-03-10,69,10,"mean",5.2098102925784
35,2025-03-10,69,10,"cool",3.08757375189145
35,2025-03-10,69,10,"cold",1.67274939143348
35,2025-03-10,69,11,"hot",7.90927164126228
35,2025-03-10,69,11,"warm",6.49444728080432
35,2025-03-10,69,11,"mean",4.37221074011736
35,2025-03-10,69,11,"cool",2.24997419943041
35,2025-03-10,69,11,"cold",0.835149838972444
35,2025-03-11,70,0,"hot",7.43826618604213
35,2025-03-11,70,0,"warm",6.02344182558416
35,2025-03-11,70,0,"mean",3.90120528489721
35,2025-03-11,70,0,"cool",1.77896874421025
35,2025-03-11,70,0,"cold",0.364144383752286
35,2025-03-11,70,1,"hot",7.01764487796392
35,2025-03-11,70,1,"warm",5.60282051750595
35,2025-03-11,70,1,"mean",3.480583976819
35,2025-03-11,70,1,"cool",1.35834743613205
35,2025-03-11,70,1,"cold",-0.0564769243259216
35,2025-03-11,70,2,"hot",6.67593559271056
35,2025-03-11,70,2,"warm",5.26111123225259
35,2025-03-11,70,2,"mean",3.13887469156564
35,2025-03-11,70,2,"cool",1.01663815087868
35,2025-03-11,70,2,"cold",-0.398186209579284
35,2025-03-11,70,3,"hot",7.00201162898409
35,2025-03-11,70,3,"warm",5.58718726852612
35,2025-03-11,70,3,"mean",3.46495072783917
35,2025-03-11,70,3,"cool",1.34271418715222
35,2025-03-11,70,3,"cold",-0.0721101733057496
35,2025-03-11,70,4,"hot",9.4196016994041
35,2025-03-11,70,4,"warm",8.00477733894613
35,2025-03-11,70,4,"mean",5.88254079825918
35,2025-03-11,70,4,"cool",3.76030425757222
35,2025-03-11,70,4,"cold",2.34547989711426
35,2025-03-11,70,5,"hot",11.4856655050284
35,2025-03-11,70,5,"warm",10.0708411445704
35,2025-03-11,70,5,"mean",7.94860460388348
35,2025-03-11,70,5,"cool",5.82636806319652
35,2025-03-11,70,5,"cold",4.41154370273856
35,2025-03-11,70,6,"hot",12.7536157539139
35,2025-03-11,70,6,"warm",11.3387913934559
35,2025-03-11,70,6,"mean",9.21655485276899
35,2025-03-11,70,6,"cool",7.09431831208204
35,2025-03-11,70,6,"cold",5.67949395162407
35,2025-03-11,70,7,"hot",13.0179385680437
35,2025-03-11,70,7,"warm",11.6031142075857
35,2025-03-11,70,7,"mean",9.4808776668988
35,2025-03-11,70,7,"cool",7.35864112621184
35,2025-03-11,70,7,"cold",5.94381676575388
35,2025-03-11,70,8,"hot",12.2357914987956
35,2025-03-11,70,8,"warm",10.8209671383377
35,2025-03-11,70,8,"mean",8.69873059765071
35,2025-03-11,70,8,"cool",6.57649405696375
35,2025-03-11,70,8,"cold",5.16166969650579
35,2025-03-11,70,9,"hot",10.2874150189385
35,2025-03-11,70,9,"warm",8.87259065848052
35,2025-03-11,70,9,"mean",6.75035411779356
35,2025-03-11,70,9,"cool",4.62811757710661
35,2025-03-11,70,9,"cold",3.21329321664864
35,2025-03-11,70,10,"hot",8.74687119372332
35,2025-03-11,70,10,"warm",7.33204683326535
35,2025-03-11,70,10,"mean",5.2098102925784
35,2025-03-11,70,10,"cool",3.08757375189145
35,2025-03-11,70,10,"cold",1.67274939143348
35,2025-03-11,70,11,"hot",7.90927164126228
35,2025-03-11,70,11,"warm",6.49444728080432
35,2025-03-11,70,11,"mean",4.37221074011736
35,2025-03-11,70,11,"cool",2.24997419943041
35,2025-03-11,70,11,"cold",0.835149838972444
36,2025-03-12,71,0,"hot",7.17734756716566
36,2025-03-12,71,0,"warm",5.76252320670769
36,2025-03-12,71,0,"mean",3.64028666602074
36,2025-03-12,71,0,"cool",1.51805012533379
36,2025-03-12,71,0,"cold",0.103225764875822
36,2025-03-12,71,1,"hot",6.73597065652522
36,2025-03-12,71,1,"warm",5.32114629606725
36,2025-03-12,71,1,"mean",3.1989097553803
36,2025-03-12,71,1,"cool",1.07667321469334
36,2025-03-12,71,1,"cold",-0.338151145764623
36,2025-03-12,71,2,"hot",6.37791010673659
36,2025-03-12,71,2,"warm",4.96308574627862
36,2025-03-12,71,2,"mean",2.84084920559167
36,2025-03-12,71,2,"cool",0.718612664904716
36,2025-03-12,71,2,"cold",-0.696211695553252
36,2025-03-12,71,3,"hot",6.73081264275572
36,2025-03-12,71,3,"warm",5.31598828229775
36,2025-03-12,71,3,"mean",3.1937517416108
36,2025-03-12,71,3,"cool",1.07151520092385
36,2025-03-12,71,3,"cold",-0.343309159534118
36,2025-03-12,71,4,"hot",9.1336403926108
36,2025-03-12,71,4,"warm",7.71881603215283
36,2025-03-12,71,4,"mean",5.59657949146588
36,2025-03-12,71,4,"cool",3.47434295077893
36,2025-03-12,71,4,"cold",2.05951859032096
36,2025-03-12,71,5,"hot",11.1376020670694
36,2025-03-12,71,5,"warm",9.72277770661143
36,2025-03-12,71,5,"mean",7.60054116592448
36,2025-03-12,71,5,"cool",5.47830462523753
36,2025-03-12,71,5,"cold",4.06348026477956
36,2025-03-12,71,6,"hot",12.3653145066849
36,2025-03-12,71,6,"warm",10.9504901462269
36,2025-03-12,71,6,"mean",8.82825360553995
36,2025-03-12,71,6,"cool",6.706017064853
36,2025-03-12,71,6,"cold",5.29119270439503
36,2025-03-12,71,7,"hot",12.6210701289787
36,2025-03-12,71,7,"warm",11.2062457685207
36,2025-03-12,71,7,"mean",9.08400922783374
36,2025-03-12,71,7,"cool",6.96177268714679
36,2025-03-12,71,7,"cold",5.54694832668882
36,2025-03-12,71,8,"hot",11.8640992976697
36,2025-03-12,71,8,"warm",10.4492749372117
36,2025-03-12,71,8,"mean",8.32703839652475
36,2025-03-12,71,8,"cool",6.2048018558378
36,2025-03-12,71,8,"cold",4.78997749537983
36,2025-03-12,71,9,"hot",10.0346744907651
36,2025-03-12,71,9,"warm",8.61985013030712
36,2025-03-12,71,9,"mean",6.49761358962017
36,2025-03-12,71,9,"cool",4.37537704893321
36,2025-03-12,71,9,"cold",2.96055268847525
36,2025-03-12,71,10,"hot",8.56080290922967
36,2025-03-12,71,10,"warm",7.1459785487717
36,2025-03-12,71,10,"mean",5.02374200808475
36,2025-03-12,71,10,"cool",2.9015054673978
36,2025-03-12,71,10,"cold",1.48668110693983
36,2025-03-12,71,11,"hot",7.77131444694371
36,2025-03-12,71,11,"warm",6.35649008648575
36,2025-03-12,71,11,"mean",4.23425354579879
36,2025-03-12,71,11,"cool",2.11201700511184
36,2025-03-12,71,11,"cold",0.697192644653874
36,2025-03-13,72,0,"hot",7.17734756716566
36,2025-03-13,72,0,"warm",5.76252320670769
36,2025-03-13,72,0,"mean",3.64028666602074
36,2025-03-13,72,0,"cool",1.51805012533379
36,2025-03-13,72,0,"cold",0.103225764875822
36,2025-03-13,72,1,"hot",6.73597065652522
36,2025-03-13,72,1,"warm",5.32114629606725
36,2025-03-13,72,1,"mean",3.1989097553803
36,2025-03-13,72,1,"cool",1.07667321469334
36,2025-03-13,72,1,"cold",-0.338151145764623
36,2025-03-13,72,2,"hot",6.37791010673659
36,2025-03-13,72,2,"warm",4.96308574627862
36,2025-03-13,72,2,"mean",2.84084920559167
36,2025-03-13,72,2,"cool",0.718612664904716
36,2025-03-13,72,2,"cold",-0.696211695553252
36,2025-03-13,72,3,"hot",6.73081264275572
36,2025-03-13,72,3,"warm",5.31598828229775
36,2025-03-13,72,3,"mean",3.1937517416108
36,2025-03-13,72,3,"cool",1.07151520092385
36,2025-03-13,72,3,"cold",-0.343309159534118
36,2025-03-13,72,4,"hot",9.1336403926108
36,2025-03-13,72,4,"warm",7.71881603215283
36,2025-03-13,72,4,"mean",5.59657949146588
36,2025-03-13,72,4,"cool",3.47434295077893
36,2025-03-13,72,4,"cold",2.05951859032096
36,2025-03-13,72,5,"hot",11.1376020670694
36,2025-03-13,72,5,"warm",9.72277770661143
36,2025-03-13,72,5,"mean",7.60054116592448
36,2025-03-13,72,5,"cool",5.47830462523753
36,2025-03-13,72,5,"cold",4.06348026477956
36,2025-03-13,72,6,"hot",12.3653145066849
36,2025-03-13,72,6,"warm",10.9504901462269
36,2025-03-13,72,6,"mean",8.82825360553995
36,2025-03-13,72,6,"cool",6.706017064853
36,2025-03-13,72,6,"cold",5.29119270439503
36,2025-03-13,72,7,"hot",12.6210701289787
36,2025-03-13,72,7,"warm",11.2062457685207
36,2025-03-13,72,7,"mean",9.08400922783374
36,2025-03-13,72,7,"cool",6.96177268714679
36,2025-03-13,72,7,"cold",5.54694832668882
36,2025-03-13,72,8,"hot",11.8640992976697
36,2025-03-13,72,8,"warm",10.4492749372117
36,2025-03-13,72,8,"mean",8.32703839652475
36,2025-03-13,72,8,"cool",6.2048018558378
36,2025-03-13,72,8,"cold",4.78997749537983
36,2025-03-13,72,9,"hot",10.0346744907651
36,2025-03-13,72,9,"warm",8.61985013030712
36,2025-03-13,72,9,"mean",6.49761358962017
36,2025-03-13,72,9,"cool",4.37537704893321
36,2025-03-13,72,9,"cold",2.96055268847525
36,2025-03-13,72,10,"hot",8.56080290922967
36,2025-03-13,72,10,"warm",7.1459785487717
36,2025-03-13,72,10,"mean",5.02374200808475
36,2025-03-13,72,10,"cool",2.9015054673978
36,2025-03-13,72,10,"cold",1.48668110693983
36,2025-03-13,72,11,"hot",7.77131444694371
36,2025-03-13,72,11,"warm",6.35649008648575
36,2025-03-13,72,11,"mean",4.23425354579879
36,2025-03-13,72,11,"cool",2.11201700511184
36,2025-03-13,72,11,"cold",0.697192644653874
37,2025-03-14,73,0,"hot",7.37051581619389
37,2025-03-14,73,0,"warm",5.95569145573592
37,2025-03-14,73,0,"mean",3.83345491504897
37,2025-03-14,73,0,"cool",1.71121837436202
37,2025-03-14,73,0,"cold",0.296394013904052
37,2025-03-14,73,1,"hot",6.95787170416923
37,2025-03-14,73,1,"warm",5.54304734371127
37,2025-03-14,73,1,"mean",3.42081080302431
37,2025-03-14,73,1,"cool",1.29857426233736
37,2025-03-14,73,1,"cold",-0.116250098120607
37,2025-03-14,73,2,"hot",6.62361822516608
37,2025-03-14,73,2,"warm",5.20879386470811
37,2025-03-14,73,2,"mean",3.08655732402116
37,2025-03-14,73,2,"cool",0.964320783334209
37,2025-03-14,73,2,"cold",-0.450503577123759
37,2025-03-14,73,3,"hot",7.06856549652783
37,2025-03-14,73,3,"warm",5.65374113606986
37,2025-03-14,73,3,"mean",3.53150459538291
37,2025-03-14,73,3,"cool",1.40926805469595
37,2025-03-14,73,3,"cold",-0.00555630576201338
37,2025-03-14,73,4,"hot",9.64827515948343
37,2025-03-14,73,4,"warm",8.23345079902546
37,2025-03-14,73,4,"mean",6.11121425833851
37,2025-03-14,73,4,"cool",3.98897771765156
37,2025-03-14,73,4,"cold",2.57415335719359
37,2025-03-14,73,5,"hot",11.7580769149995
37,2025-03-14,73,5,"warm",10.3432525545416
37,2025-03-14,73,5,"mean",8.22101601385461
37,2025-03-14,73,5,"cool",6.09877947316766
37,2025-03-14,73,5,"cold",4.68395511270969
37,2025-03-14,73,6,"hot",13.0484257805471
37,2025-03-14,73,6,"warm",11.6336014200892
37,2025-03-14,73,6,"mean",9.5113648794022
37,2025-03-14,73,6,"cool",7.38912833871525
37,2025-03-14,73,6,"cold",5.97430397825728
37,2025-03-14,73,7,"hot",13.3170439009517
37,2025-03-14,73,7,"warm",11.9022195404938
37,2025-03-14,73,7,"mean",9.77998299980683
37,2025-03-14,73,7,"cool",7.65774645911987
37,2025-03-14,73,7,"cold",6.24292209866191
37,2025-03-14,73,8,"hot",12.5218220620322
37,2025-03-14,73,8,"warm",11.1069977015742
37,2025-03-14,73,8,"mean",8.98476116088728
37,2025-03-14,73,8,"cool",6.86252462020033
37,2025-03-14,73,8,"cold",5.44770025974236
37,2025-03-14,73,9,"hot",10.6935953037856
37,2025-03-14,73,9,"warm",9.2787709433276
37,2025-03-14,73,9,"mean",7.15653440264065
37,2025-03-14,73,9,"cool",5.03429786195369
37,2025-03-14,73,9,"cold",3.61947350149573
37,2025-03-14,73,10,"hot",9.24027676472236
37,2025-03-14,73,10,"warm",7.82545240426439
37,2025-03-14,73,10,"mean",5.70321586357744
37,2025-03-14,73,10,"cool",3.58097932289049
37,2025-03-14,73,10,"cold",2.16615496243252
37,2025-03-14,73,11,"hot",8.47408621209058
37,2025-03-14,73,11,"warm",7.05926185163262
37,2025-03-14,73,11,"mean",4.93702531094566
37,2025-03-14,73,11,"cool",2.81478877025871
37,2025-03-14,73,11,"cold",1.39996440980074
37,2025-03-15,74,0,"hot",7.37051581619389
37,2025-03-15,74,0,"warm",5.95569145573592
37,2025-03-15,74,0,"mean",3.83345491504897
37,2025-03-15,74,0,"cool",1.71121837436202
37,2025-03-15,74,0,"cold",0.296394013904052
37,2025-03-15,74,1,"hot",6.95787170416923
37,2025-03-15,74,1,"warm",5.54304734371127
37,2025-03-15,74,1,"mean",3.42081080302431
37,2025-03-15,74,1,"cool",1.29857426233736
37,2025-03-15,74,1,"cold",-0.116250098120607
37,2025-03-15,74,2,"hot",6.62361822516608
37,2025-03-15,74,2,"warm",5.20879386470811
37,2025-03-15,74,2,"mean",3.08655732402116
37,2025-03-15,74,2,"cool",0.964320783334209
37,2025-03-15,74,2,"cold",-0.450503577123759
37,2025-03-15,74,3,"hot",7.06856549652783
37,2025-03-15,74,3,"warm",5.65374113606986
37,2025-03-15,74,3,"mean",3.53150459538291
37,2025-03-15,74,3,"cool",1.40926805469595
37,2025-03-15,74,3,"cold",-0.00555630576201338
37,2025-03-15,74,4,"hot",9.64827515948343
37,2025-03-15,74,4,"warm",8.23345079902546
37,2025-03-15,74,4,"mean",6.11121425833851
37,2025-03-15,74,4,"cool",3.98897771765156
37,2025-03-15,74,4,"cold",2.57415335719359
37,2025-03-15,74,5,"hot",11.7580769149995
37,2025-03-15,74,5,"warm",10.3432525545416
37,2025-03-15,74,5,"mean",8.22101601385461
37,2025-03-15,74,5,"cool",6.09877947316766
37,2025-03-15,74,5,"cold",4.68395511270969
37,2025-03-15,74,6,"hot",13.0484257805471
37,2025-03-15,74,6,"warm",11.6336014200892
37,2025-03-15,74,6,"mean",9.5113648794022
37,2025-03-15,74,6,"cool",7.38912833871525
37,2025-03-15,74,6,"cold",5.97430397825728
37,2025-03-15,74,7,"hot",13.3170439009517
37,2025-03-15,74,7,"warm",11.9022195404938
37,2025-03-15,74,7,"mean",9.77998299980683
37,2025-03-15,74,7,"cool",7.65774645911987
37,2025-03-15,74,7,"cold",6.24292209866191
37,2025-03-15,74,8,"hot",12.5218220620322
37,2025-03-15,74,8,"warm",11.1069977015742
37,2025-03-15,74,8,"mean",8.98476116088728
37,2025-03-15,74,8,"cool",6.86252462020033
37,2025-03-15,74,8,"cold",5.44770025974236
37,2025-03-15,74,9,"hot",10.6935953037856
37,2025-03-15,74,9,"warm",9.2787709433276
37,2025-03-15,74,9,"mean",7.15653440264065
37,2025-03-15,74,9,"cool",5.03429786195369
37,2025-03-15,74,9,"cold",3.61947350149573
37,2025-03-15,74,10,"hot",9.24027676472236
37,2025-03-15,74,10,"warm",7.82545240426439
37,2025-03-15,74,10,"mean",5.70321586357744
37,2025-03-15,74,10,"cool",3.58097932289049
37,2025-03-15,74,10,"cold",2.16615496243252
37,2025-03-15,74,11,"hot",8.47408621209058
37,2025-03-15,74,11,"warm",7.05926185163262
37,2025-03-15,74,11,"mean",4.93702531094566
37,2025-03-15,74,11,"cool",2.81478877025871
37,2025-03-15,74,11,"cold",1.39996440980074
38,2025-03-16,75,0,"hot",8.00938649416488
38,2025-03-16,75,0,"warm",6.59456213370691
38,2025-03-16,75,0,"mean",4.47232559301996
38,2025-03-16,75,0,"cool",2.35008905233301
38,2025-03-16,75,0,"cold",0.935264691875041
38,2025-03-16,75,1,"hot",7.59828405560422
38,2025-03-16,75,1,"warm",6.18345969514625
38,2025-03-16,75,1,"mean",4.0612231544593
38,2025-03-16,75,1,"cool",1.93898661377235
38,2025-03-16,75,1,"cold",0.524162253314379
38,2025-03-16,75,2,"hot",7.26577919847061
38,2025-03-16,75,2,"warm",5.85095483801264
38,2025-03-16,75,2,"mean",3.72871829732569
38,2025-03-16,75,2,"cool",1.60648175663874
38,2025-03-16,75,2,"cold",0.191657396180768
38,2025-03-16,75,3,"hot",7.69297983745151
38,2025-03-16,75,3,"warm",6.27815547699354
38,2025-03-16,75,3,"mean",4.15591893630659
38,2025-03-16,75,3,"cool",2.03368239561963
38,2025-03-16,75,3,"cold",0.618858035161666
38,2025-03-16,75,4,"hot",10.043796865067
38,2025-03-16,75,4,"warm",8.628972504609
38,2025-03-16,75,4,"mean",6.50673596392205
38,2025-03-16,75,4,"cool",4.38449942323509
38,2025-03-16,75,4,"cold",2.96967506277713
38,2025-03-16,75,5,"hot",11.9186657392274
38,2025-03-16,75,5,"warm",10.5038413787695
38,2025-03-16,75,5,"mean",8.38160483808252
38,2025-03-16,75,5,"cool",6.25936829739556
38,2025-03-16,75,5,"cold",4.8445439369376
38,2025-03-16,75,6,"hot",13.0634173832377
38,2025-03-16,75,6,"warm",11.6485930227798
38,2025-03-16,75,6,"mean",9.52635648209282
38,2025-03-16,75,6,"cool",7.40411994140587
38,2025-03-16,75,6,"cold",5.9892955809479
38,2025-03-16,75,7,"hot",13.3015645963956
38,2025-03-16,75,7,"warm",11.8867402359376
38,2025-03-16,75,7,"mean",9.76450369525066
38,2025-03-16,75,7,"cool",7.6422671545637
38,2025-03-16,75,7,"cold",6.22744279410574
38,2025-03-16,75,8,"hot",12.5963919967697
38,2025-03-16,75,8,"warm",11.1815676363118
38,2025-03-16,75,8,"mean",9.05933109562481
38,2025-03-16,75,8,"cool",6.93709455493786
38,2025-03-16,75,8,"cold",5.52227019447989
38,2025-03-16,75,9,"hot",10.8875325970695
38,2025-03-16,75,9,"warm",9.47270823661148
38,2025-03-16,75,9,"mean",7.35047169592453
38,2025-03-16,75,9,"cool",5.22823515523758
38,2025-03-16,75,9,"cold",3.81341079477961
38,2025-03-16,75,10,"hot",9.31552605247085
38,2025-03-16,75,10,"warm",7.90070169201288
38,2025-03-16,75,10,"mean",5.77846515132593
38,2025-03-16,75,10,"cool",3.65622861063897
38,2025-03-16,75,10,"cold",2.24140425018101
38,2025-03-16,75,11,"hot",8.50127004588679
38,2025-03-16,75,11,"warm",7.08644568542882
38,2025-03-16,75,11,"mean",4.96420914474187
38,2025-03-16,75,11,"cool",2.84197260405492
38,2025-03-16,75,11,"cold",1.42714824359695
38,2025-03-17,76,0,"hot",8.00938649416488
38,2025-03-17,76,0,"warm",6.59456213370691
38,2025-03-17,76,0,"mean",4.47232559301996
38,2025-03-17,76,0,"cool",2.35008905233301
38,2025-03-17,76,0,"cold",0.935264691875041
38,2025-03-17,76,1,"hot",7.59828405560422
38,2025-03-17,76,1,"warm",6.18345969514625
38,2025-03-17,76,1,"mean",4.0612231544593
38,2025-03-17,76,1,"cool",1.93898661377235
38,2025-03-17,76,1,"cold",0.524162253314379
38,2025-03-17,76,2,"hot",7.26577919847061
38,2025-03-17,76,2,"warm",5.85095483801264
38,2025-03-17,76,2,"mean",3.72871829732569
38,2025-03-17,76,2,"cool",1.60648175663874
38,2025-03-17,76,2,"cold",0.191657396180768
38,2025-03-17,76,3,"hot",7.69297983745151
38,2025-03-17,76,3,"warm",6.27815547699354
38,2025-03-17,76,3,"mean",4.15591893630659
38,2025-03-17,76,3,"cool",2.03368239561963
38,2025-03-17,76,3,"cold",0.618858035161666
38,2025-03-17,76,4,"hot",10.043796865067
38,2025-03-17,76,4,"warm",8.628972504609
38,2025-03-17,76,4,"mean",6.50673596392205
38,2025-03-17,76,4,"cool",4.38449942323509
38,2025-03-17,76,4,"cold",2.96967506277713
38,2025-03-17,76,5,"hot",11.9186657392274
38,2025-03-17,76,5,"warm",10.5038413787695
38,2025-03-17,76,5,"mean",8.38160483808252
38,2025-03-17,76,5,"cool",6.25936829739556
38,2025-03-17,76,5,"cold",4.8445439369376
38,2025-03-17,76,6,"hot",13.0634173832377
38,2025-03-17,76,6,"warm",11.6485930227798
38,2025-03-17,76,6,"mean",9.52635648209282
38,2025-03-17,76,6,"cool",7.40411994140587
38,2025-03-17,76,6,"cold",5.9892955809479
38,2025-03-17,76,7,"hot",13.3015645963956
38,2025-03-17,76,7,"warm",11.8867402359376
38,2025-03-17,76,7,"mean",9.76450369525066
38,2025-03-17,76,7,"cool",7.6422671545637
38,2025-03-17,76,7,"cold",6.22744279410574
38,2025-03-17,76,8,"hot",12.5963919967697
38,2025-03-17,76,8,"warm",11.1815676363118
38,2025-03-17,76,8,"mean",9.05933109562481
38,2025-03-17,76,8,"cool",6.93709455493786
38,2025-03-17,76,8,"cold",5.52227019447989
38,2025-03-17,76,9,"hot",10.8875325970695
38,2025-03-17,76,9,"warm",9.47270823661148
38,2025-03-17,76,9,"mean",7.35047169592453
38,2025-03-17,76,9,"cool",5.22823515523758
38,2025-03-17,76,9,"cold",3.81341079477961
38,2025-03-17,76,10,"hot",9.31552605247085
38,2025-03-17,76,10,"warm",7.90070169201288
38,2025-03-17,76,10,"mean",5.77846515132593
38,2025-03-17,76,10,"cool",3.65622861063897
38,2025-03-17,76,10,"cold",2.24140425018101
38,2025-03-17,76,11,"hot",8.50127004588679
38,2025-03-17,76,11,"warm",7.08644568542882
38,2025-03-17,76,11,"mean",4.96420914474187
38,2025-03-17,76,11,"cool",2.84197260405492
38,2025-03-17,76,11,"cold",1.42714824359695
39,2025-03-18,77,0,"hot",7.31287747152478
39,2025-03-18,77,0,"warm",5.89805311106681
39,2025-03-18,77,0,"mean",3.77581657037986
39,2025-03-18,77,0,"cool",1.6535800296929
39,2025-03-18,77,0,"cold",0.238755669234937
39,2025-03-18,77,1,"hot",6.81227026106001
39,2025-03-18,77,1,"warm",5.39744590060204
39,2025-03-18,77,1,"mean",3.27520935991509
39,2025-03-18,77,1,"cool",1.15297281922813
39,2025-03-18,77,1,"cold",-0.261851541229834
39,2025-03-18,77,2,"hot",6.40802914336474
39,2025-03-18,77,2,"warm",4.99320478290678
39,2025-03-18,77,2,"mean",2.87096824221982
39,2025-03-18,77,2,"cool",0.748731701532872
39,2025-03-18,77,2,"cold",-0.666092658925096
39,2025-03-18,77,3,"hot",7.01818892095265
39,2025-03-18,77,3,"warm",5.60336456049468
39,2025-03-18,77,3,"mean",3.48112801980773
39,2025-03-18,77,3,"cool",1.35889147912078
39,2025-03-18,77,3,"cold",-0.0559328813371902
39,2025-03-18,77,4,"hot",9.66238088584744
39,2025-03-18,77,4,"warm",8.24755652538948
39,2025-03-18,77,4,"mean",6.12531998470252
39,2025-03-18,77,4,"cool",4.00308344401557
39,2025-03-18,77,4,"cold",2.5882590835576
39,2025-03-18,77,5,"hot",11.7832689280266
39,2025-03-18,77,5,"warm",10.3684445675686
39,2025-03-18,77,5,"mean",8.24620802688167
39,2025-03-18,77,5,"cool",6.12397148619472
39,2025-03-18,77,5,"cold",4.70914712573675
39,2025-03-18,77,6,"hot",13.0760658153044
39,2025-03-18,77,6,"warm",11.6612414548465
39,2025-03-18,77,6,"mean",9.5390049141595
39,2025-03-18,77,6,"cool",7.41676837347255
39,2025-03-18,77,6,"cold",6.00194401301458
39,2025-03-18,77,7,"hot",13.3448286428936
39,2025-03-18,77,7,"warm",11.9300042824357
39,2025-03-18,77,7,"mean",9.80776774174872
39,2025-03-18,77,7,"cool",7.68553120106176
39,2025-03-18,77,7,"cold",6.2707068406038
39,2025-03-18,77,8,"hot",12.5488222862446
39,2025-03-18,77,8,"warm",11.1339979257866
39,2025-03-18,77,8,"mean",9.01176138509967
39,2025-03-18,77,8,"cool",6.88952484441272
39,2025-03-18,77,8,"cold",5.47470048395475
39,2025-03-18,77,9,"hot",10.6488117422798
39,2025-03-18,77,9,"warm",9.23398738182185
39,2025-03-18,77,9,"mean",7.11175084113489
39,2025-03-18,77,9,"cool",4.98951430044794
39,2025-03-18,77,9,"cold",3.57468993998997
39,2025-03-18,77,10,"hot",8.85490459676467
39,2025-03-18,77,10,"warm",7.4400802363067
39,2025-03-18,77,10,"mean",5.31784369561975
39,2025-03-18,77,10,"cool",3.19560715493279
39,2025-03-18,77,10,"cold",1.78078279447483
39,2025-03-18,77,11,"hot",7.9368910045668
39,2025-03-18,77,11,"warm",6.52206664410884
39,2025-03-18,77,11,"mean",4.39983010342188
39,2025-03-18,77,11,"cool",2.27759356273493
39,2025-03-18,77,11,"cold",0.862769202276963
39,2025-03-19,78,0,"hot",7.31287747152478
39,2025-03-19,78,0,"warm",5.89805311106681
39,2025-03-19,78,0,"mean",3.77581657037986
39,2025-03-19,78,0,"cool",1.6535800296929
39,2025-03-19,78,0,"cold",0.238755669234937
39,2025-03-19,78,1,"hot",6.81227026106001
39,2025-03-19,78,1,"warm",5.39744590060204
39,2025-03-19,78,1,"mean",3.27520935991509
39,2025-03-19,78,1,"cool",1.15297281922813
39,2025-03-19,78,1,"cold",-0.261851541229834
39,2025-03-19,78,2,"hot",6.40802914336474
39,2025-03-19,78,2,"warm",4.99320478290678
39,2025-03-19,78,2,"mean",2.87096824221982
39,2025-03-19,78,2,"cool",0.748731701532872
39,2025-03-19,78,2,"cold",-0.666092658925096
39,2025-03-19,78,3,"hot",7.01818892095265
39,2025-03-19,78,3,"warm",5.60336456049468
39,2025-03-19,78,3,"mean",3.48112801980773
39,2025-03-19,78,3,"cool",1.35889147912078
39,2025-03-19,78,3,"cold",-0.0559328813371902
39,2025-03-19,78,4,"hot",9.66238088584744
39,2025-03-19,78,4,"warm",8.24755652538948
39,2025-03-19,78,4,"mean",6.12531998470252
39,2025-03-19,78,4,"cool",4.00308344401557
39,2025-03-19,78,4,"cold",2.5882590835576
39,2025-03-19,78,5,"hot",11.7832689280266
39,2025-03-19,78,5,"warm",10.3684445675686
39,2025-03-19,78,5,"mean",8.24620802688167
39,2025-03-19,78,5,"cool",6.12397148619472
39,2025-03-19,78,5,"cold",4.70914712573675
39,2025-03-19,78,6,"hot",13.0760658153044
39,2025-03-19,78,6,"warm",11.6612414548465
39,2025-03-19,78,6,"mean",9.5390049141595
39,2025-03-19,78,6,"cool",7.41676837347255
39,2025-03-19,78,6,"cold",6.00194401301458
39,2025-03-19,78,7,"hot",13.3448286428936
39,2025-03-19,78,7,"warm",11.9300042824357
39,2025-03-19,78,7,"mean",9.80776774174872
39,2025-03-19,78,7,"cool",7.68553120106176
39,2025-03-19,78,7,"cold",6.2707068406038
39,2025-03-19,78,8,"hot",12.5488222862446
39,2025-03-19,78,8,"warm",11.1339979257866
39,2025-03-19,78,8,"mean",9.01176138509967
39,2025-03-19,78,8,"cool",6.88952484441272
39,2025-03-19,78,8,"cold",5.47470048395475
39,2025-03-19,78,9,"hot",10.6488117422798
39,2025-03-19,78,9,"warm",9.23398738182185
39,2025-03-19,78,9,"mean",7.11175084113489
39,2025-03-19,78,9,"cool",4.98951430044794
39,2025-03-19,78,9,"cold",3.57468993998997
39,2025-03-19,78,10,"hot",8.85490459676467
39,2025-03-19,78,10,"warm",7.4400802363067
39,2025-03-19,78,10,"mean",5.31784369561975
39,2025-03-19,78,10,"cool",3.19560715493279
39,2025-03-19,78,10,"cold",1.78078279447483
39,2025-03-19,78,11,"hot",7.9368910045668
39,2025-03-19,78,11,"warm",6.52206664410884
39,2025-03-19,78,11,"mean",4.39983010342188
39,2025-03-19,78,11,"cool",2.27759356273493
39,2025-03-19,78,11,"cold",0.862769202276963
40,2025-03-20,79,0,"hot",7.4692574817777
40,2025-03-20,79,0,"warm",6.05443312131974
40,2025-03-20,79,0,"mean",3.93219658063279
40,2025-03-20,79,0,"cool",1.80996003994583
40,2025-03-20,79,0,"cold",0.395135679487865
40,2025-03-20,79,1,"hot",6.99167644654879
40,2025-03-20,79,1,"warm",5.57685208609082
40,2025-03-20,79,1,"mean",3.45461554540387
40,2025-03-20,79,1,"cool",1.33237900471692
40,2025-03-20,79,1,"cold",-0.0824453557410472
40,2025-03-20,79,2,"hot",6.60662662768437
40,2025-03-20,79,2,"warm",5.1918022672264
40,2025-03-20,79,2,"mean",3.06956572653945
40,2025-03-20,79,2,"cool",0.947329185852497
40,2025-03-20,79,2,"cold",-0.467495174605471
40,2025-03-20,79,3,"hot",7.34055041145433
40,2025-03-20,79,3,"warm",5.92572605099636
40,2025-03-20,79,3,"mean",3.80348951030941
40,2025-03-20,79,3,"cool",1.68125296962246
40,2025-03-20,79,3,"cold",0.266428609164493
40,2025-03-20,79,4,"hot",9.96746727705857
40,2025-03-20,79,4,"warm",8.5526429166006
40,2025-03-20,79,4,"mean",6.43040637591365
40,2025-03-20,79,4,"cool",4.3081698352267
40,2025-03-20,79,4,"cold",2.89334547476873
40,2025-03-20,79,5,"hot",12.0821685398278
40,2025-03-20,79,5,"warm",10.6673441793698
40,2025-03-20,79,5,"mean",8.54510763868287
40,2025-03-20,79,5,"cool",6.42287109799592
40,2025-03-20,79,5,"cold",5.00804673753795
40,2025-03-20,79,6,"hot",13.369211085845
40,2025-03-20,79,6,"warm",11.954386725387
40,2025-03-20,79,6,"mean",9.83215018470005
40,2025-03-20,79,6,"cool",7.7099136440131
40,2025-03-20,79,6,"cold",6.29508928355513
40,2025-03-20,79,7,"hot",13.6366103582263
40,2025-03-20,79,7,"warm",12.2217859977683
40,2025-03-20,79,7,"mean",10.0995494570814
40,2025-03-20,79,7,"cool",7.97731291639442
40,2025-03-20,79,7,"cold",6.56248855593646
40,2025-03-20,79,8,"hot",12.8444791002834
40,2025-03-20,79,8,"warm",11.4296547398254
40,2025-03-20,79,8,"mean",9.30741819913849
40,2025-03-20,79,8,"cool",7.18518165845154
40,2025-03-20,79,8,"cold",5.77035729799357
40,2025-03-20,79,9,"hot",10.9413023231962
40,2025-03-20,79,9,"warm",9.52647796273827
40,2025-03-20,79,9,"mean",7.40424142205131
40,2025-03-20,79,9,"cool",5.28200488136436
40,2025-03-20,79,9,"cold",3.86718052090639
40,2025-03-20,79,10,"hot",9.08000258785258
40,2025-03-20,79,10,"warm",7.66517822739461
40,2025-03-20,79,10,"mean",5.54294168670766
40,2025-03-20,79,10,"cool",3.42070514602071
40,2025-03-20,79,10,"cold",2.00588078556274
40,2025-03-20,79,11,"hot",8.12631409967718
40,2025-03-20,79,11,"warm",6.71148973921922
40,2025-03-20,79,11,"mean",4.58925319853226
40,2025-03-20,79,11,"cool",2.46701665784531
40,2025-03-20,79,11,"cold",1.05219229738734
40,2025-03-21,80,0,"hot",7.4692574817777
40,2025-03-21,80,0,"warm",6.05443312131974
40,2025-03-21,80,0,"mean",3.93219658063279
40,2025-03-21,80,0,"cool",1.80996003994583
40,2025-03-21,80,0,"cold",0.395135679487865
40,2025-03-21,80,1,"hot",6.99167644654879
40,2025-03-21,80,1,"warm",5.57685208609082
40,2025-03-21,80,1,"mean",3.45461554540387
40,2025-03-21,80,1,"cool",1.33237900471692
40,2025-03-21,80,1,"cold",-0.0824453557410472
40,2025-03-21,80,2,"hot",6.60662662768437
40,2025-03-21,80,2,"warm",5.1918022672264
40,2025-03-21,80,2,"mean",3.06956572653945
40,2025-03-21,80,2,"cool",0.947329185852497
40,2025-03-21,80,2,"cold",-0.467495174605471
40,2025-03-21,80,3,"hot",7.34055041145433
40,2025-03-21,80,3,"warm",5.92572605099636
40,2025-03-21,80,3,"mean",3.80348951030941
40,2025-03-21,80,3,"cool",1.68125296962246
40,2025-03-21,80,3,"cold",0.266428609164493
40,2025-03-21,80,4,"hot",9.96746727705857
40,2025-03-21,80,4,"warm",8.5526429166006
40,2025-03-21,80,4,"mean",6.43040637591365
40,2025-03-21,80,4,"cool",4.3081698352267
40,2025-03-21,80,4,"cold",2.89334547476873
40,2025-03-21,80,5,"hot",12.0821685398278
40,2025-03-21,80,5,"warm",10.6673441793698
40,2025-03-21,80,5,"mean",8.54510763868287
40,2025-03-21,80,5,"cool",6.42287109799592
40,2025-03-21,80,5,"cold",5.00804673753795
40,2025-03-21,80,6,"hot",13.369211085845
40,2025-03-21,80,6,"warm",11.954386725387
40,2025-03-21,80,6,"mean",9.83215018470005
40,2025-03-21,80,6,"cool",7.7099136440131
40,2025-03-21,80,6,"cold",6.29508928355513
40,2025-03-21,80,7,"hot",13.6366103582263
40,2025-03-21,80,7,"warm",12.2217859977683
40,2025-03-21,80,7,"mean",10.0995494570814
40,2025-03-21,80,7,"cool",7.97731291639442
40,2025-03-21,80,7,"cold",6.56248855593646
40,2025-03-21,80,8,"hot",12.8444791002834
40,2025-03-21,80,8,"warm",11.4296547398254
40,2025-03-21,80,8,"mean",9.30741819913849
40,2025-03-21,80,8,"cool",7.18518165845154
40,2025-03-21,80,8,"cold",5.77035729799357
40,2025-03-21,80,9,"hot",10.9413023231962
40,2025-03-21,80,9,"warm",9.52647796273827
40,2025-03-21,80,9,"mean",7.40424142205131
40,2025-03-21,80,9,"cool",5.28200488136436
40,2025-03-21,80,9,"cold",3.86718052090639
40,2025-03-21,80,10,"hot",9.08000258785258
40,2025-03-21,80,10,"warm",7.66517822739461
40,2025-03-21,80,10,"mean",5.54294168670766
40,2025-03-21,80,10,"cool",3.42070514602071
40,2025-03-21,80,10,"cold",2.00588078556274
40,2025-03-21,80,11,"hot",8.12631409967718
40,2025-03-21,80,11,"warm",6.71148973921922
40,2025-03-21,80,11,"mean",4.58925319853226
40,2025-03-21,80,11,"cool",2.46701665784531
40,2025-03-21,80,11,"cold",1.05219229738734
41,2025-03-22,81,0,"hot",7.07289525661934
41,2025-03-22,81,0,"warm",5.65807089616137
41,2025-03-22,81,0,"mean",3.53583435547442
41,2025-03-22,81,0,"cool",1.41359781478747
41,2025-03-22,81,0,"cold",-0.00122654567049896
41,2025-03-22,81,1,"hot",6.53425743790411
41,2025-03-22,81,1,"warm",5.11943307744614
41,2025-03-22,81,1,"mean",2.99719653675919
41,2025-03-22,81,1,"cool",0.874959996072235
41,2025-03-22,81,1,"cold",-0.539864364385733
41,2025-03-22,81,2,"hot",6.10068837617843
41,2025-03-22,81,2,"warm",4.68586401572046
41,2025-03-22,81,2,"mean",2.56362747503351
41,2025-03-22,81,2,"cool",0.441390934346554
41,2025-03-22,81,2,"cold",-0.973433426111414
41,2025-03-22,81,3,"hot",7.05563338138194
41,2025-03-22,81,3,"warm",5.64080902092397
41,2025-03-22,81,3,"mean",3.51857248023702
41,2025-03-22,81,3,"cool",1.39633593955007
41,2025-03-22,81,3,"cold",-0.0184884209078984
41,2025-03-22,81,4,"hot",10.028424334395
41,2025-03-22,81,4,"warm",8.61359997393705
41,2025-03-22,81,4,"mean",6.4913634332501
41,2025-03-22,81,4,"cool",4.36912689256315
41,2025-03-22,81,4,"cold",2.95430253210518
41,2025-03-22,81,5,"hot",12.4149342422291
41,2025-03-22,81,5,"warm",11.0001098817711
41,2025-03-22,81,5,"mean",8.87787334108419
41,2025-03-22,81,5,"cool",6.75563680039723
41,2025-03-22,81,5,"cold",5.34081243993927
41,2025-03-22,81,6,"hot",13.8650958961695
41,2025-03-22,81,6,"warm",12.4502715357115
41,2025-03-22,81,6,"mean",10.3280349950246
41,2025-03-22,81,6,"cool",8.20579845433762
41,2025-03-22,81,6,"cold",6.79097409387965
41,2025-03-22,81,7,"hot",14.1661904778267
41,2025-03-22,81,7,"warm",12.7513661173687
41,2025-03-22,81,7,"mean",10.6291295766817
41,2025-03-22,81,7,"cool",8.50689303599478
41,2025-03-22,81,7,"cold",7.09206867553681
41,2025-03-22,81,8,"hot",13.2740514891209
41,2025-03-22,81,8,"warm",11.859227128663
41,2025-03-22,81,8,"mean",9.736990587976
41,2025-03-22,81,8,"cool",7.61475404728905
41,2025-03-22,81,8,"cold",6.19992968683108
41,2025-03-22,81,9,"hot",11.2167258363353
41,2025-03-22,81,9,"warm",9.80190147587729
41,2025-03-22,81,9,"mean",7.67966493519034
41,2025-03-22,81,9,"cool",5.55742839450339
41,2025-03-22,81,9,"cold",4.14260403404542
41,2025-03-22,81,10,"hot",9.33953649989896
41,2025-03-22,81,10,"warm",7.924712139441
41,2025-03-22,81,10,"mean",5.80247559875404
41,2025-03-22,81,10,"cool",3.68023905806709
41,2025-03-22,81,10,"cold",2.26541469760912
41,2025-03-22,81,11,"hot",8.38352560280278
41,2025-03-22,81,11,"warm",6.96870124234481
41,2025-03-22,81,11,"mean",4.84646470165786
41,2025-03-22,81,11,"cool",2.72422816097091
41,2025-03-22,81,11,"cold",1.30940380051294
41,2025-03-23,82,0,"hot",7.07289525661934
41,2025-03-23,82,0,"warm",5.65807089616137
41,2025-03-23,82,0,"mean",3.53583435547442
41,2025-03-23,82,0,"cool",1.41359781478747
41,2025-03-23,82,0,"cold",-0.00122654567049896
41,2025-03-23,82,1,"hot",6.53425743790411
41,2025-03-23,82,1,"warm",5.11943307744614
41,2025-03-23,82,1,"mean",2.99719653675919
41,2025-03-23,82,1,"cool",0.874959996072235
41,2025-03-23,82,1,"cold",-0.539864364385733
41,2025-03-23,82,2,"hot",6.10068837617843
41,2025-03-23,82,2,"warm",4.68586401572046
41,2025-03-23,82,2,"mean",2.56362747503351
41,2025-03-23,82,2,"cool",0.441390934346554
41,2025-03-23,82,2,"cold",-0.973433426111414
41,2025-03-23,82,3,"hot",7.05563338138194
41,2025-03-23,82,3,"warm",5.64080902092397
41,2025-03-23,82,3,"mean",3.51857248023702
41,2025-03-23,82,3,"cool",1.39633593955007
41,2025-03-23,82,3,"cold",-0.0184884209078984
41,2025-03-23,82,4,"hot",10.028424334395
41,2025-03-23,82,4,"warm",8.61359997393705
41,2025-03-23,82,4,"mean",6.4913634332501
41,2025-03-23,82,4,"cool",4.36912689256315
41,2025-03-23,82,4,"cold",2.95430253210518
41,2025-03-23,82,5,"hot",12.4149342422291
41,2025-03-23,82,5,"warm",11.0001098817711
41,2025-03-23,82,5,"mean",8.87787334108419
41,2025-03-23,82,5,"cool",6.75563680039723
41,2025-03-23,82,5,"cold",5.34081243993927
41,2025-03-23,82,6,"hot",13.8650958961695
41,2025-03-23,82,6,"warm",12.4502715357115
41,2025-03-23,82,6,"mean",10.3280349950246
41,2025-03-23,82,6,"cool",8.20579845433762
41,2025-03-23,82,6,"cold",6.79097409387965
41,2025-03-23,82,7,"hot",14.1661904778267
41,2025-03-23,82,7,"warm",12.7513661173687
41,2025-03-23,82,7,"mean",10.6291295766817
41,2025-03-23,82,7,"cool",8.50689303599478
41,2025-03-23,82,7,"cold",7.09206867553681
41,2025-03-23,82,8,"hot",13.2740514891209
41,2025-03-23,82,8,"warm",11.859227128663
41,2025-03-23,82,8,"mean",9.736990587976
41,2025-03-23,82,8,"cool",7.61475404728905
41,2025-03-23,82,8,"cold",6.19992968683108
41,2025-03-23,82,9,"hot",11.2167258363353
41,2025-03-23,82,9,"warm",9.80190147587729
41,2025-03-23,82,9,"mean",7.67966493519034
41,2025-03-23,82,9,"cool",5.55742839450339
41,2025-03-23,82,9,"cold",4.14260403404542
41,2025-03-23,82,10,"hot",9.33953649989896
41,2025-03-23,82,10,"warm",7.924712139441
41,2025-03-23,82,10,"mean",5.80247559875404
41,2025-03-23,82,10,"cool",3.68023905806709
41,2025-03-23,82,10,"cold",2.26541469760912
41,2025-03-23,82,11,"hot",8.38352560280278
41,2025-03-23,82,11,"warm",6.96870124234481
41,2025-03-23,82,11,"mean",4.84646470165786
41,2025-03-23,82,11,"cool",2.72422816097091
41,2025-03-23,82,11,"cold",1.30940380051294
42,2025-03-24,83,0,"hot",8.02331893955345
42,2025-03-24,83,0,"warm",6.60849457909549
42,2025-03-24,83,0,"mean",4.48625803840853
42,2025-03-24,83,0,"cool",2.36402149772158
42,2025-03-24,83,0,"cold",0.949197137263614
42,2025-03-24,83,1,"hot",7.55926690707115
42,2025-03-24,83,1,"warm",6.14444254661318
42,2025-03-24,83,1,"mean",4.02220600592623
42,2025-03-24,83,1,"cool",1.89996946523928
42,2025-03-24,83,1,"cold",0.485145104781313
42,2025-03-24,83,2,"hot",7.1863370975563
42,2025-03-24,83,2,"warm",5.77151273709833
42,2025-03-24,83,2,"mean",3.64927619641138
42,2025-03-24,83,2,"cool",1.52703965572443
42,2025-03-24,83,2,"cold",0.11221529526646
42,2025-03-24,83,3,"hot",8.09308204167639
42,2025-03-24,83,3,"warm",6.67825768121842
42,2025-03-24,83,3,"mean",4.55602114053147
42,2025-03-24,83,3,"cool",2.43378459984452
42,2025-03-24,83,3,"cold",1.01896023938655
42,2025-03-24,83,4,"hot",10.599589345741
42,2025-03-24,83,4,"warm",9.18476498528302
42,2025-03-24,83,4,"mean",7.06252844459607
42,2025-03-24,83,4,"cool",4.94029190390911
42,2025-03-24,83,4,"cold",3.52546754345115
42,2025-03-24,83,5,"hot",12.6064914921421
42,2025-03-24,83,5,"warm",11.1916671316842
42,2025-03-24,83,5,"mean",9.06943059099721
42,2025-03-24,83,5,"cool",6.94719405031025
42,2025-03-24,83,5,"cold",5.53236968985229
42,2025-03-24,83,6,"hot",13.8241431269252
42,2025-03-24,83,6,"warm",12.4093187664672
42,2025-03-24,83,6,"mean",10.2870822257803
42,2025-03-24,83,6,"cool",8.1648456850933
42,2025-03-24,83,6,"cold",6.75002132463534
42,2025-03-24,83,7,"hot",14.0768066332773
42,2025-03-24,83,7,"warm",12.6619822728194
42,2025-03-24,83,7,"mean",10.5397457321324
42,2025-03-24,83,7,"cool",8.41750919144548
42,2025-03-24,83,7,"cold",7.00268483098751
42,2025-03-24,83,8,"hot",13.3280162966996
42,2025-03-24,83,8,"warm",11.9131919362416
42,2025-03-24,83,8,"mean",9.79095539555464
42,2025-03-24,83,8,"cool",7.66871885486769
42,2025-03-24,83,8,"cold",6.25389449440972
42,2025-03-24,83,9,"hot",11.5087183861454
42,2025-03-24,83,9,"warm",10.0938940256874
42,2025-03-24,83,9,"mean",7.97165748500047
42,2025-03-24,83,9,"cool",5.84942094431351
42,2025-03-24,83,9,"cold",4.43459658385555
42,2025-03-24,83,10,"hot",9.62184388246497
42,2025-03-24,83,10,"warm",8.207019522007
42,2025-03-24,83,10,"mean",6.08478298132005
42,2025-03-24,83,10,"cool",3.9625464406331
42,2025-03-24,83,10,"cold",2.54772208017513
42,2025-03-24,83,11,"hot",8.65142459855828
42,2025-03-24,83,11,"warm",7.23660023810032
42,2025-03-24,83,11,"mean",5.11436369741336
42,2025-03-24,83,11,"cool",2.99212715672641
42,2025-03-24,83,11,"cold",1.57730279626844
42,2025-03-25,84,0,"hot",8.02331893955345
42,2025-03-25,84,0,"warm",6.60849457909549
42,2025-03-25,84,0,"mean",4.48625803840853
42,2025-03-25,84,0,"cool",2.36402149772158
42,2025-03-25,84,0,"cold",0.949197137263614
42,2025-03-25,84,1,"hot",7.55926690707115
42,2025-03-25,84,1,"warm",6.14444254661318
42,2025-03-25,84,1,"mean",4.02220600592623
42,2025-03-25,84,1,"cool",1.89996946523928
42,2025-03-25,84,1,"cold",0.485145104781313
42,2025-03-25,84,2,"hot",7.1863370975563
42,2025-03-25,84,2,"warm",5.77151273709833
42,2025-03-25,84,2,"mean",3.64927619641138
42,2025-03-25,84,2,"cool",1.52703965572443
42,2025-03-25,84,2,"cold",0.11221529526646
42,2025-03-25,84,3,"hot",8.09308204167639
42,2025-03-25,84,3,"warm",6.67825768121842
42,2025-03-25,84,3,"mean",4.55602114053147
42,2025-03-25,84,3,"cool",2.43378459984452
42,2025-03-25,84,3,"cold",1.01896023938655
42,2025-03-25,84,4,"hot",10.599589345741
42,2025-03-25,84,4,"warm",9.18476498528302
42,2025-03-25,84,4,"mean",7.06252844459607
42,2025-03-25,84,4,"cool",4.94029190390911
42,2025-03-25,84,4,"cold",3.52546754345115
42,2025-03-25,84,5,"hot",12.6064914921421
42,2025-03-25,84,5,"warm",11.1916671316842
42,2025-03-25,84,5,"mean",9.06943059099721
42,2025-03-25,84,5,"cool",6.94719405031025
42,2025-03-25,84,5,"cold",5.53236968985229
42,2025-03-25,84,6,"hot",13.8241431269252
42,2025-03-25,84,6,"warm",12.4093187664672
42,2025-03-25,84,6,"mean",10.2870822257803
42,2025-03-25,84,6,"cool",8.1648456850933
42,2025-03-25,84,6,"cold",6.75002132463534
42,2025-03-25,84,7,"hot",14.0768066332773
42,2025-03-25,84,7,"warm",12.6619822728194
42,2025-03-25,84,7,"mean",10.5397457321324
42,2025-03-25,84,7,"cool",8.41750919144548
42,2025-03-25,84,7,"cold",7.00268483098751
42,2025-03-25,84,8,"hot",13.3280162966996
42,2025-03-25,84,8,"warm",11.9131919362416
42,2025-03-25,84,8,"mean",9.79095539555464
42,2025-03-25,84,8,"cool",7.66871885486769
42,2025-03-25,84,8,"cold",6.25389449440972
42,2025-03-25,84,9,"hot",11.5087183861454
42,2025-03-25,84,9,"warm",10.0938940256874
42,2025-03-25,84,9,"mean",7.97165748500047
42,2025-03-25,84,9,"cool",5.84942094431351
42,2025-03-25,84,9,"cold",4.43459658385555
42,2025-03-25,84,10,"hot",9.62184388246497
42,2025-03-25,84,10,"warm",8.207019522007
42,2025-03-25,84,10,"mean",6.08478298132005
42,2025-03-25,84,10,"cool",3.9625464406331
42,2025-03-25,84,10,"cold",2.54772208017513
42,2025-03-25,84,11,"hot",8.65142459855828
42,2025-03-25,84,11,"warm",7.23660023810032
42,2025-03-25,84,11,"mean",5.11436369741336
42,2025-03-25,84,11,"cool",2.99212715672641
42,2025-03-25,84,11,"cold",1.57730279626844
43,2025-03-26,85,0,"hot",7.71042141224276
43,2025-03-26,85,0,"warm",6.29559705178479
43,2025-03-26,85,0,"mean",4.17336051109784
43,2025-03-26,85,0,"cool",2.05112397041088
43,2025-03-26,85,0,"cold",0.636299609952917
43,2025-03-26,85,1,"hot",7.19723616779898
43,2025-03-26,85,1,"warm",5.78241180734102
43,2025-03-26,85,1,"mean",3.66017526665406
43,2025-03-26,85,1,"cool",1.53793872596711
43,2025-03-26,85,1,"cold",0.123114365509145
43,2025-03-26,85,2,"hot",6.78547308685771
43,2025-03-26,85,2,"warm",5.37064872639974
43,2025-03-26,85,2,"mean",3.24841218571279
43,2025-03-26,85,2,"cool",1.12617564502583
43,2025-03-26,85,2,"cold",-0.288648715432134
43,2025-03-26,85,3,"hot",7.82561243810421
43,2025-03-26,85,3,"warm",6.41078807764624
43,2025-03-26,85,3,"mean",4.28855153695929
43,2025-03-26,85,3,"cool",2.16631499627233
43,2025-03-26,85,3,"cold",0.751490635814366
43,2025-03-26,85,4,"hot",10.419769877115
43,2025-03-26,85,4,"warm",9.00494551665706
43,2025-03-26,85,4,"mean",6.88270897597011
43,2025-03-26,85,4,"cool",4.76047243528316
43,2025-03-26,85,4,"cold",3.34564807482519
43,2025-03-26,85,5,"hot",12.4916692738769
43,2025-03-26,85,5,"warm",11.0768449134189
43,2025-03-26,85,5,"mean",8.95460837273196
43,2025-03-26,85,5,"cool",6.83237183204501
43,2025-03-26,85,5,"cold",5.41754747158704
43,2025-03-26,85,6,"hot",13.7469494427587
43,2025-03-26,85,6,"warm",12.3321250823007
43,2025-03-26,85,6,"mean",10.2098885416137
43,2025-03-26,85,6,"cool",8.08765200092679
43,2025-03-26,85,6,"cold",6.67282764046883
43,2025-03-26,85,7,"hot",14.0072683111722
43,2025-03-26,85,7,"warm",12.5924439507142
43,2025-03-26,85,7,"mean",10.4702074100272
43,2025-03-26,85,7,"cool",8.34797086934028
43,2025-03-26,85,7,"cold",6.93314650888231
43,2025-03-26,85,8,"hot",13.2356414172834
43,2025-03-26,85,8,"warm",11.8208170568254
43,2025-03-26,85,8,"mean",9.69858051613846
43,2025-03-26,85,8,"cool",7.57634397545151
43,2025-03-26,85,8,"cold",6.16151961499354
43,2025-03-26,85,9,"hot",11.3559586084352
43,2025-03-26,85,9,"warm",9.94113424797718
43,2025-03-26,85,9,"mean",7.81889770729023
43,2025-03-26,85,9,"cool",5.69666116660328
43,2025-03-26,85,9,"cold",4.28183680614531
43,2025-03-26,85,10,"hot",9.34850888369082
43,2025-03-26,85,10,"warm",7.93368452323285
43,2025-03-26,85,10,"mean",5.81144798254589
43,2025-03-26,85,10,"cool",3.68921144185894
43,2025-03-26,85,10,"cold",2.27438708140097
43,2025-03-26,85,11,"hot",8.31273404996212
43,2025-03-26,85,11,"warm",6.89790968950415
43,2025-03-26,85,11,"mean",4.7756731488172
43,2025-03-26,85,11,"cool",2.65343660813025
43,2025-03-26,85,11,"cold",1.23861224767228
43,2025-03-27,86,0,"hot",7.71042141224276
43,2025-03-27,86,0,"warm",6.29559705178479
43,2025-03-27,86,0,"mean",4.17336051109784
43,2025-03-27,86,0,"cool",2.05112397041088
43,2025-03-27,86,0,"cold",0.636299609952917
43,2025-03-27,86,1,"hot",7.19723616779898
43,2025-03-27,86,1,"warm",5.78241180734102
43,2025-03-27,86,1,"mean",3.66017526665406
43,2025-03-27,86,1,"cool",1.53793872596711
43,2025-03-27,86,1,"cold",0.123114365509145
43,2025-03-27,86,2,"hot",6.78547308685771
43,2025-03-27,86,2,"warm",5.37064872639974
43,2025-03-27,86,2,"mean",3.24841218571279
43,2025-03-27,86,2,"cool",1.12617564502583
43,2025-03-27,86,2,"cold",-0.288648715432134
43,2025-03-27,86,3,"hot",7.82561243810421
43,2025-03-27,86,3,"warm",6.41078807764624
43,2025-03-27,86,3,"mean",4.28855153695929
43,2025-03-27,86,3,"cool",2.16631499627233
43,2025-03-27,86,3,"cold",0.751490635814366
43,2025-03-27,86,4,"hot",10.419769877115
43,2025-03-27,86,4,"warm",9.00494551665706
43,2025-03-27,86,4,"mean",6.88270897597011
43,2025-03-27,86,4,"cool",4.76047243528316
43,2025-03-27,86,4,"cold",3.34564807482519
43,2025-03-27,86,5,"hot",12.4916692738769
43,2025-03-27,86,5,"warm",11.0768449134189
43,2025-03-27,86,5,"mean",8.95460837273196
43,2025-03-27,86,5,"cool",6.83237183204501
43,2025-03-27,86,5,"cold",5.41754747158704
43,2025-03-27,86,6,"hot",13.7469494427587
43,2025-03-27,86,6,"warm",12.3321250823007
43,2025-03-27,86,6,"mean",10.2098885416137
43,2025-03-27,86,6,"cool",8.08765200092679
43,2025-03-27,86,6,"cold",6.67282764046883
43,2025-03-27,86,7,"hot",14.0072683111722
43,2025-03-27,86,7,"warm",12.5924439507142
43,2025-03-27,86,7,"mean",10.4702074100272
43,2025-03-27,86,7,"cool",8.34797086934028
43,2025-03-27,86,7,"cold",6.93314650888231
43,2025-03-27,86,8,"hot",13.2356414172834
43,2025-03-27,86,8,"warm",11.8208170568254
43,2025-03-27,86,8,"mean",9.69858051613846
43,2025-03-27,86,8,"cool",7.57634397545151
43,2025-03-27,86,8,"cold",6.16151961499354
43,2025-03-27,86,9,"hot",11.3559586084352
43,2025-03-27,86,9,"warm",9.94113424797718
43,2025-03-27,86,9,"mean",7.81889770729023
43,2025-03-27,86,9,"cool",5.69666116660328
43,2025-03-27,86,9,"cold",4.28183680614531
43,2025-03-27,86,10,"hot",9.34850888369082
43,2025-03-27,86,10,"warm",7.93368452323285
43,2025-03-27,86,10,"mean",5.81144798254589
43,2025-03-27,86,10,"cool",3.68921144185894
43,2025-03-27,86,10,"cold",2.27438708140097
43,2025-03-27,86,11,"hot",8.31273404996212
43,2025-03-27,86,11,"warm",6.89790968950415
43,2025-03-27,86,11,"mean",4.7756731488172
43,2025-03-27,86,11,"cool",2.65343660813025
43,2025-03-27,86,11,"cold",1.23861224767228
44,2025-03-28,87,0,"hot",7.7984323884495
44,2025-03-28,87,0,"warm",6.38360802799154
44,2025-03-28,87,0,"mean",4.26137148730458
44,2025-03-28,87,0,"cool",2.13913494661763
44,2025-03-28,87,0,"cold",0.724310586159663
44,2025-03-28,87,1,"hot",7.28549507209436
44,2025-03-28,87,1,"warm",5.8706707116364
44,2025-03-28,87,1,"mean",3.74843417094944
44,2025-03-28,87,1,"cool",1.62619763026249
44,2025-03-28,87,1,"cold",0.211373269804524
44,2025-03-28,87,2,"hot",6.8745958801966
44,2025-03-28,87,2,"warm",5.45977151973863
44,2025-03-28,87,2,"mean",3.33753497905168
44,2025-03-28,87,2,"cool",1.21529843836473
44,2025-03-28,87,2,"cold",-0.199525922093238
44,2025-03-28,87,3,"hot",8.06722818724565
44,2025-03-28,87,3,"warm",6.65240382678768
44,2025-03-28,87,3,"mean",4.53016728610073
44,2025-03-28,87,3,"cool",2.40793074541378
44,2025-03-28,87,3,"cold",0.993106384955811
44,2025-03-28,87,4,"hot",10.7678914211198
44,2025-03-28,87,4,"warm",9.3530670606618
44,2025-03-28,87,4,"mean",7.23083051997484
44,2025-03-28,87,4,"cool",5.10859397928789
44,2025-03-28,87,4,"cold",3.69376961882992
44,2025-03-28,87,5,"hot",12.9196962882272
44,2025-03-28,87,5,"warm",11.5048719277692
44,2025-03-28,87,5,"mean",9.38263538708223
44,2025-03-28,87,5,"cool",7.26039884639528
44,2025-03-28,87,5,"cold",5.84557448593731
44,2025-03-28,87,6,"hot",14.2215880733879
44,2025-03-28,87,6,"warm",12.8067637129299
44,2025-03-28,87,6,"mean",10.684527172243
44,2025-03-28,87,6,"cool",8.56229063155602
44,2025-03-28,87,6,"cold",7.14746627109806
44,2025-03-28,87,7,"hot",14.491421220761
44,2025-03-28,87,7,"warm",13.076596860303
44,2025-03-28,87,7,"mean",10.9543603196161
44,2025-03-28,87,7,"cool",8.83212377892912
44,2025-03-28,87,7,"cold",7.41729941847115
44,2025-03-28,87,8,"hot",13.6914437743126
44,2025-03-28,87,8,"warm",12.2766194138547
44,2025-03-28,87,8,"mean",10.1543828731677
44,2025-03-28,87,8,"cool",8.03214633248077
44,2025-03-28,87,8,"cold",6.6173219720228
44,2025-03-28,87,9,"hot",11.7878124184199
44,2025-03-28,87,9,"warm",10.3729880579619
44,2025-03-28,87,9,"mean",8.25075151727495
44,2025-03-28,87,9,"cool",6.128514976588
44,2025-03-28,87,9,"cold",4.71369061613003
44,2025-03-28,87,10,"hot",9.80370114522011
44,2025-03-28,87,10,"warm",8.38887678476214
44,2025-03-28,87,10,"mean",6.26664024407519
44,2025-03-28,87,10,"cool",4.14440370338824
44,2025-03-28,87,10,"cold",2.72957934293027
44,2025-03-28,87,11,"hot",8.78313653852249
44,2025-03-28,87,11,"warm",7.36831217806453
44,2025-03-28,87,11,"mean",5.24607563737757
44,2025-03-28,87,11,"cool",3.12383909669062
44,2025-03-28,87,11,"cold",1.70901473623265
44,2025-03-29,88,0,"hot",7.7984323884495
44,2025-03-29,88,0,"warm",6.38360802799154
44,2025-03-29,88,0,"mean",4.26137148730458
44,2025-03-29,88,0,"cool",2.13913494661763
44,2025-03-29,88,0,"cold",0.724310586159663
44,2025-03-29,88,1,"hot",7.28549507209436
44,2025-03-29,88,1,"warm",5.8706707116364
44,2025-03-29,88,1,"mean",3.74843417094944
44,2025-03-29,88,1,"cool",1.62619763026249
44,2025-03-29,88,1,"cold",0.211373269804524
44,2025-03-29,88,2,"hot",6.8745958801966
44,2025-03-29,88,2,"warm",5.45977151973863
44,2025-03-29,88,2,"mean",3.33753497905168
44,2025-03-29,88,2,"cool",1.21529843836473
44,2025-03-29,88,2,"cold",-0.199525922093238
44,2025-03-29,88,3,"hot",8.06722818724565
44,2025-03-29,88,3,"warm",6.65240382678768
44,2025-03-29,88,3,"mean",4.53016728610073
44,2025-03-29,88,3,"cool",2.40793074541378
44,2025-03-29,88,3,"cold",0.993106384955811
44,2025-03-29,88,4,"hot",10.7678914211198
44,2025-03-29,88,4,"warm",9.3530670606618
44,2025-03-29,88,4,"mean",7.23083051997484
44,2025-03-29,88,4,"cool",5.10859397928789
44,2025-03-29,88,4,"cold",3.69376961882992
44,2025-03-29,88,5,"hot",12.9196962882272
44,2025-03-29,88,5,"warm",11.5048719277692
44,2025-03-29,88,5,"mean",9.38263538708223
44,2025-03-29,88,5,"cool",7.26039884639528
44,2025-03-29,88,5,"cold",5.84557448593731
44,2025-03-29,88,6,"hot",14.2215880733879
44,2025-03-29,88,6,"warm",12.8067637129299
44,2025-03-29,88,6,"mean",10.684527172243
44,2025-03-29,88,6,"cool",8.56229063155602
44,2025-03-29,88,6,"cold",7.14746627109806
44,2025-03-29,88,7,"hot",14.491421220761
44,2025-03-29,88,7,"warm",13.076596860303
44,2025-03-29,88,7,"mean",10.9543603196161
44,2025-03-29,88,7,"cool",8.83212377892912
44,2025-03-29,88,7,"cold",7.41729941847115
44,2025-03-29,88,8,"hot",13.6914437743126
44,2025-03-29,88,8,"warm",12.2766194138547
44,2025-03-29,88,8,"mean",10.1543828731677
44,2025-03-29,88,8,"cool",8.03214633248077
44,2025-03-29,88,8,"cold",6.6173219720228
44,2025-03-29,88,9,"hot",11.7878124184199
44,2025-03-29,88,9,"warm",10.3729880579619
44,2025-03-29,88,9,"mean",8.25075151727495
44,2025-03-29,88,9,"cool",6.128514976588
44,2025-03-29,88,9,"cold",4.71369061613003
44,2025-03-29,88,10,"hot",9.80370114522011
44,2025-03-29,88,10,"warm",8.38887678476214
44,2025-03-29,88,10,"mean",6.26664024407519
44,2025-03-29,88,10,"cool",4.14440370338824
44,2025-03-29,88,10,"cold",2.72957934293027
44,2025-03-29,88,11,"hot",8.78313653852249
44,2025-03-29,88,11,"warm",7.36831217806453
44,2025-03-29,88,11,"mean",5.24607563737757
44,2025-03-29,88,11,"cool",3.12383909669062
44,2025-03-29,88,11,"cold",1.70901473623265
45,2025-03-30,89,0,"hot",7.90771633603611
45,2025-03-30,89,0,"warm",6.49289197557814
45,2025-03-30,89,0,"mean",4.37065543489119
45,2025-03-30,89,0,"cool",2.24841889420424
45,2025-03-30,89,0,"cold",0.833594533746271
45,2025-03-30,89,1,"hot",7.37362149497347
45,2025-03-30,89,1,"warm",5.9587971345155
45,2025-03-30,89,1,"mean",3.83656059382855
45,2025-03-30,89,1,"cool",1.7143240531416
45,2025-03-30,89,1,"cold",0.299499692683632
45,2025-03-30,89,2,"hot",6.9465051970615
45,2025-03-30,89,2,"warm",5.53168083660354
45,2025-03-30,89,2,"mean",3.40944429591658
45,2025-03-30,89,2,"cool",1.28720775522963
45,2025-03-30,89,2,"cold",-0.127616605228336
45,2025-03-30,89,3,"hot",8.25629295351769
45,2025-03-30,89,3,"warm",6.84146859305972
45,2025-03-30,89,3,"mean",4.71923205237277
45,2025-03-30,89,3,"cool",2.59699551168582
45,2025-03-30,89,3,"cold",1.18217115122785
45,2025-03-30,89,4,"hot",10.9666319553681
45,2025-03-30,89,4,"warm",9.55180759491013
45,2025-03-30,89,4,"mean",7.42957105422318
45,2025-03-30,89,4,"cool",5.30733451353623
45,2025-03-30,89,4,"cold",3.89251015307826
45,2025-03-30,89,5,"hot",13.120909350421
45,2025-03-30,89,5,"warm",11.706084989963
45,2025-03-30,89,5,"mean",9.58384844927608
45,2025-03-30,89,5,"cool",7.46161190858913
45,2025-03-30,89,5,"cold",6.04678754813116
45,2025-03-30,89,6,"hot",14.4224692586265
45,2025-03-30,89,6,"warm",13.0076448981685
45,2025-03-30,89,6,"mean",10.8854083574815
45,2025-03-30,89,6,"cool",8.76317181679459
45,2025-03-30,89,6,"cold",7.34834745633663
45,2025-03-30,89,7,"hot",14.6920792282185
45,2025-03-30,89,7,"warm",13.2772548677606
45,2025-03-30,89,7,"mean",11.1550183270736
45,2025-03-30,89,7,"cool",9.03278178638666
45,2025-03-30,89,7,"cold",7.61795742592869
45,2025-03-30,89,8,"hot",13.8926123412373
45,2025-03-30,89,8,"warm",12.4777879807793
45,2025-03-30,89,8,"mean",10.3555514400924
45,2025-03-30,89,8,"cool",8.23331489940543
45,2025-03-30,89,8,"cold",6.81849053894746
45,2025-03-30,89,9,"hot",12.015535912641
45,2025-03-30,89,9,"warm",10.6007115521831
45,2025-03-30,89,9,"mean",8.47847501149613
45,2025-03-30,89,9,"cool",6.35623847080918
45,2025-03-30,89,9,"cold",4.94141411035121
45,2025-03-30,89,10,"hot",10.0828154554418
45,2025-03-30,89,10,"warm",8.66799109498388
45,2025-03-30,89,10,"mean",6.54575455429692
45,2025-03-30,89,10,"cool",4.42351801360997
45,2025-03-30,89,10,"cold",3.008693653152
45,2025-03-30,89,11,"hot",9.0937839646997
45,2025-03-30,89,11,"warm",7.67895960424173
45,2025-03-30,89,11,"mean",5.55672306355478
45,2025-03-30,89,11,"cool",3.43448652286783
45,2025-03-30,89,11,"cold",2.01966216240986
45,2025-03-31,90,0,"hot",7.90771633603611
45,2025-03-31,90,0,"warm",6.49289197557814
45,2025-03-31,90,0,"mean",4.37065543489119
45,2025-03-31,90,0,"cool",2.24841889420424
45,2025-03-31,90,0,"cold",0.833594533746271
45,2025-03-31,90,1,"hot",7.37362149497347
45,2025-03-31,90,1,"warm",5.9587971345155
45,2025-03-31,90,1,"mean",3.83656059382855
45,2025-03-31,90,1,"cool",1.7143240531416
45,2025-03-31,90,1,"cold",0.299499692683632
45,2025-03-31,90,2,"hot",6.9465051970615
45,2025-03-31,90,2,"warm",5.53168083660354
45,2025-03-31,90,2,"mean",3.40944429591658
45,2025-03-31,90,2,"cool",1.28720775522963
45,2025-03-31,90,2,"cold",-0.127616605228336
45,2025-03-31,90,3,"hot",8.25629295351769
45,2025-03-31,90,3,"warm",6.84146859305972
45,2025-03-31,90,3,"mean",4.71923205237277
45,2025-03-31,90,3,"cool",2.59699551168582
45,2025-03-31,90,3,"cold",1.18217115122785
45,2025-03-31,90,4,"hot",10.9666319553681
45,2025-03-31,90,4,"warm",9.55180759491013
45,2025-03-31,90,4,"mean",7.42957105422318
45,2025-03-31,90,4,"cool",5.30733451353623
45,2025-03-31,90,4,"cold",3.89251015307826
45,2025-03-31,90,5,"hot",13.120909350421
45,2025-03-31,90,5,"warm",11.706084989963
45,2025-03-31,90,5,"mean",9.58384844927608
45,2025-03-31,90,5,"cool",7.46161190858913
45,2025-03-31,90,5,"cold",6.04678754813116
45,2025-03-31,90,6,"hot",14.4224692586265
45,2025-03-31,90,6,"warm",13.0076448981685
45,2025-03-31,90,6,"mean",10.8854083574815
45,2025-03-31,90,6,"cool",8.76317181679459
45,2025-03-31,90,6,"cold",7.34834745633663
45,2025-03-31,90,7,"hot",14.6920792282185
45,2025-03-31,90,7,"warm",13.2772548677606
45,2025-03-31,90,7,"mean",11.1550183270736
45,2025-03-31,90,7,"cool",9.03278178638666
45,2025-03-31,90,7,"cold",7.61795742592869
45,2025-03-31,90,8,"hot",13.8926123412373
45,2025-03-31,90,8,"warm",12.4777879807793
45,2025-03-31,90,8,"mean",10.3555514400924
45,2025-03-31,90,8,"cool",8.23331489940543
45,2025-03-31,90,8,"cold",6.81849053894746
45,2025-03-31,90,9,"hot",12.015535912641
45,2025-03-31,90,9,"warm",10.6007115521831
45,2025-03-31,90,9,"mean",8.47847501149613
45,2025-03-31,90,9,"cool",6.35623847080918
45,2025-03-31,90,9,"cold",4.94141411035121
45,2025-03-31,90,10,"hot",10.0828154554418
45,2025-03-31,90,10,"warm",8.66799109498388
45,2025-03-31,90,10,"mean",6.54575455429692
45,2025-03-31,90,10,"cool",4.42351801360997
45,2025-03-31,90,10,"cold",3.008693653152
45,2025-03-31,90,11,"hot",9.0937839646997
45,2025-03-31,90,11,"warm",7.67895960424173
45,2025-03-31,90,11,"mean",5.55672306355478
45,2025-03-31,90,11,"cool",3.43448652286783
45,2025-03-31,90,11,"cold",2.01966216240986
46,2025-04-01,91,0,"hot",8.0555934940473
46,2025-04-01,91,0,"warm",6.84959698245637
46,2025-04-01,91,0,"mean",5.04060221506997
46,2025-04-01,91,0,"cool",3.23160744768357
46,2025-04-01,91,0,"cold",2.02561093609263
46,2025-04-01,91,1,"hot",7.54888481445618
46,2025-04-01,91,1,"warm",6.34288830286524
46,2025-04-01,91,1,"mean",4.53389353547884
46,2025-04-01,91,1,"cool",2.72489876809245
46,2025-04-01,91,1,"cold",1.51890225650151
46,2025-04-01,91,2,"hot",7.14436810134975
46,2025-04-01,91,2,"warm",5.93837158975882
46,2025-04-01,91,2,"mean",4.12937682237242
46,2025-04-01,91,2,"cool",2.32038205498602
46,2025-04-01,91,2,"cold",1.11438554339509
46,2025-04-01,91,3,"hot",8.45874423252946
46,2025-04-01,91,3,"warm",7.25274772093853
46,2025-04-01,91,3,"mean",5.44375295355213
46,2025-04-01,91,3,"cool",3.63475818616573
46,2025-04-01,91,3,"cold",2.4287616745748
46,2025-04-01,91,4,"hot",10.9626448761068
46,2025-04-01,91,4,"warm",9.75664836451589
46,2025-04-01,91,4,"mean",7.94765359712949
46,2025-04-01,91,4,"cool",6.13865882974309
46,2025-04-01,91,4,"cold",4.93266231815216
46,2025-04-01,91,5,"hot",12.9482034582694
46,2025-04-01,91,5,"warm",11.7422069466785
46,2025-04-01,91,5,"mean",9.9332121792921
46,2025-04-01,91,5,"cool",8.1242174119057
46,2025-04-01,91,5,"cold",6.91822090031477
46,2025-04-01,91,6,"hot",14.1462096709561
46,2025-04-01,91,6,"warm",12.9402131593651
46,2025-04-01,91,6,"mean",11.1312183919787
46,2025-04-01,91,6,"cool",9.32222362459233
46,2025-04-01,91,6,"cold",8.1162271130014
46,2025-04-01,91,7,"hot",14.3942324286373
46,2025-04-01,91,7,"warm",13.1882359170463
46,2025-04-01,91,7,"mean",11.3792411496599
46,2025-04-01,91,7,"cool",9.57024638227354
46,2025-04-01,91,7,"cold",8.3642498706826
46,2025-04-01,91,8,"hot",13.6586436525224
46,2025-04-01,91,8,"warm",12.4526471409315
46,2025-04-01,91,8,"mean",10.6436523735451
46,2025-04-01,91,8,"cool",8.83465760615866
46,2025-04-01,91,8,"cold",7.62866109456773
46,2025-04-01,91,9,"hot",11.8576815172737
46,2025-04-01,91,9,"warm",10.6516850056827
46,2025-04-01,91,9,"mean",8.84269023829634
46,2025-04-01,91,9,"cool",7.03369547090994
46,2025-04-01,91,9,"cold",5.82769895931901
46,2025-04-01,91,10,"hot",9.7111575630543
46,2025-04-01,91,10,"warm",8.50516105146336
46,2025-04-01,91,10,"mean",6.69616628407697
46,2025-04-01,91,10,"cool",4.88717151669057
46,2025-04-01,91,10,"cold",3.68117500509963
46,2025-04-01,91,11,"hot",8.58675687233526
46,2025-04-01,91,11,"warm",7.38076036074432
46,2025-04-01,91,11,"mean",5.57176559335792
46,2025-04-01,91,11,"cool",3.76277082597152
46,2025-04-01,91,11,"cold",2.55677431438059
46,2025-04-02,92,0,"hot",8.0555934940473
46,2025-04-02,92,0,"warm",6.84959698245637
46,2025-04-02,92,0,"mean",5.04060221506997
46,2025-04-02,92,0,"cool",3.23160744768357
46,2025-04-02,92,0,"cold",2.02561093609263
46,2025-04-02,92,1,"hot",7.54888481445618
46,2025-04-02,92,1,"warm",6.34288830286524
46,2025-04-02,92,1,"mean",4.53389353547884
46,2025-04-02,92,1,"cool",2.72489876809245
46,2025-04-02,92,1,"cold",1.51890225650151
46,2025-04-02,92,2,"hot",7.14436810134975
46,2025-04-02,92,2,"warm",5.93837158975882
46,2025-04-02,92,2,"mean",4.12937682237242
46,2025-04-02,92,2,"cool",2.32038205498602
46,2025-04-02,92,2,"cold",1.11438554339509
46,2025-04-02,92,3,"hot",8.45874423252946
46,2025-04-02,92,3,"warm",7.25274772093853
46,2025-04-02,92,3,"mean",5.44375295355213
46,2025-04-02,92,3,"cool",3.63475818616573
46,2025-04-02,92,3,"cold",2.4287616745748
46,2025-04-02,92,4,"hot",10.9626448761068
46,2025-04-02,92,4,"warm",9.75664836451589
46,2025-04-02,92,4,"mean",7.94765359712949
46,2025-04-02,92,4,"cool",6.13865882974309
46,2025-04-02,92,4,"cold",4.93266231815216
46,2025-04-02,92,5,"hot",12.9482034582694
46,2025-04-02,92,5,"warm",11.7422069466785
46,2025-04-02,92,5,"mean",9.9332121792921
46,2025-04-02,92,5,"cool",8.1242174119057
46,2025-04-02,92,5,"cold",6.91822090031477
46,2025-04-02,92,6,"hot",14.1462096709561
46,2025-04-02,92,6,"warm",12.9402131593651
46,2025-04-02,92,6,"mean",11.1312183919787
46,2025-04-02,92,6,"cool",9.32222362459233
46,2025-04-02,92,6,"cold",8.1162271130014
46,2025-04-02,92,7,"hot",14.3942324286373
46,2025-04-02,92,7,"warm",13.1882359170463
46,2025-04-02,92,7,"mean",11.3792411496599
46,2025-04-02,92,7,"cool",9.57024638227354
46,2025-04-02,92,7,"cold",8.3642498706826
46,2025-04-02,92,8,"hot",13.6586436525224
46,2025-04-02,92,8,"warm",12.4526471409315
46,2025-04-02,92,8,"mean",10.6436523735451
46,2025-04-02,92,8,"cool",8.83465760615866
46,2025-04-02,92,8,"cold",7.62866109456773
46,2025-04-02,92,9,"hot",11.8576815172737
46,2025-04-02,92,9,"warm",10.6516850056827
46,2025-04-02,92,9,"mean",8.84269023829634
46,2025-04-02,92,9,"cool",7.03369547090994
46,2025-04-02,92,9,"cold",5.82769895931901
46,2025-04-02,92,10,"hot",9.7111575630543
46,2025-04-02,92,10,"warm",8.50516105146336
46,2025-04-02,92,10,"mean",6.69616628407697
46,2025-04-02,92,10,"cool",4.88717151669057
46,2025-04-02,92,10,"cold",3.68117500509963
46,2025-04-02,92,11,"hot",8.58675687233526
46,2025-04-02,92,11,"warm",7.38076036074432
46,2025-04-02,92,11,"mean",5.57176559335792
46,2025-04-02,92,11,"cool",3.76277082597152
46,2025-04-02,92,11,"cold",2.55677431438059
47,2025-04-03,93,0,"hot",7.15551395141434
47,2025-04-03,93,0,"warm",5.94951743982341
47,2025-04-03,93,0,"mean",4.14052267243701
47,2025-04-03,93,0,"cool",2.33152790505061
47,2025-04-03,93,0,"cold",1.12553139345967
47,2025-04-03,93,1,"hot",6.56987059230653
47,2025-04-03,93,1,"warm",5.36387408071559
47,2025-04-03,93,1,"mean",3.55487931332919
47,2025-04-03,93,1,"cool",1.74588454594279
47,2025-04-03,93,1,"cold",0.539888034351861
47,2025-04-03,93,2,"hot",6.10312776616098
47,2025-04-03,93,2,"warm",4.89713125457005
47,2025-04-03,93,2,"mean",3.08813648718365
47,2025-04-03,93,2,"cool",1.27914171979725
47,2025-04-03,93,2,"cold",0.0731452082063169
47,2025-04-03,93,3,"hot",7.57336585161593
47,2025-04-03,93,3,"warm",6.36736934002499
47,2025-04-03,93,3,"mean",4.5583745726386
47,2025-04-03,93,3,"cool",2.7493798052522
47,2025-04-03,93,3,"cold",1.54338329366126
47,2025-04-03,93,4,"hot",10.1634774113262
47,2025-04-03,93,4,"warm",8.95748089973525
47,2025-04-03,93,4,"mean",7.14848613234885
47,2025-04-03,93,4,"cool",5.33949136496245
47,2025-04-03,93,4,"cold",4.13349485337152
47,2025-04-03,93,5,"hot",12.2126821212995
47,2025-04-03,93,5,"warm",11.0066856097086
47,2025-04-03,93,5,"mean",9.19769084232219
47,2025-04-03,93,5,"cool",7.38869607493579
47,2025-04-03,93,5,"cold",6.18269956334486
47,2025-04-03,93,6,"hot",13.4474419104366
47,2025-04-03,93,6,"warm",12.2414453988457
47,2025-04-03,93,6,"mean",10.4324506314593
47,2025-04-03,93,6,"cool",8.62345586407289
47,2025-04-03,93,6,"cold",7.41745935248196
47,2025-04-03,93,7,"hot",13.7029344728273
47,2025-04-03,93,7,"warm",12.4969379612364
47,2025-04-03,93,7,"mean",10.68794319385
47,2025-04-03,93,7,"cool",8.87894842646356
47,2025-04-03,93,7,"cold",7.67295191487263
47,2025-04-03,93,8,"hot",12.9450552675063
47,2025-04-03,93,8,"warm",11.7390587559154
47,2025-04-03,93,8,"mean",9.93006398852899
47,2025-04-03,93,8,"cool",8.12106922114259
47,2025-04-03,93,8,"cold",6.91507270955166
47,2025-04-03,93,9,"hot",11.120137596156
47,2025-04-03,93,9,"warm",9.91414108456509
47,2025-04-03,93,9,"mean",8.10514631717869
47,2025-04-03,93,9,"cool",6.29615154979229
47,2025-04-03,93,9,"cold",5.09015503820136
47,2025-04-03,93,10,"hot",8.9528564109634
47,2025-04-03,93,10,"warm",7.74685989937247
47,2025-04-03,93,10,"mean",5.93786513198607
47,2025-04-03,93,10,"cool",4.12887036459967
47,2025-04-03,93,10,"cold",2.92287385300874
47,2025-04-03,93,11,"hot",7.82014478411202
47,2025-04-03,93,11,"warm",6.61414827252109
47,2025-04-03,93,11,"mean",4.80515350513469
47,2025-04-03,93,11,"cool",2.99615873774829
47,2025-04-03,93,11,"cold",1.79016222615736
47,2025-04-04,94,0,"hot",7.15551395141434
47,2025-04-04,94,0,"warm",5.94951743982341
47,2025-04-04,94,0,"mean",4.14052267243701
47,2025-04-04,94,0,"cool",2.33152790505061
47,2025-04-04,94,0,"cold",1.12553139345967
47,2025-04-04,94,1,"hot",6.56987059230653
47,2025-04-04,94,1,"warm",5.36387408071559
47,2025-04-04,94,1,"mean",3.55487931332919
47,2025-04-04,94,1,"cool",1.74588454594279
47,2025-04-04,94,1,"cold",0.539888034351861
47,2025-04-04,94,2,"hot",6.10312776616098
47,2025-04-04,94,2,"warm",4.89713125457005
47,2025-04-04,94,2,"mean",3.08813648718365
47,2025-04-04,94,2,"cool",1.27914171979725
47,2025-04-04,94,2,"cold",0.0731452082063169
47,2025-04-04,94,3,"hot",7.57336585161593
47,2025-04-04,94,3,"warm",6.36736934002499
47,2025-04-04,94,3,"mean",4.5583745726386
47,2025-04-04,94,3,"cool",2.7493798052522
47,2025-04-04,94,3,"cold",1.54338329366126
47,2025-04-04,94,4,"hot",10.1634774113262
47,2025-04-04,94,4,"warm",8.95748089973525
47,2025-04-04,94,4,"mean",7.14848613234885
47,2025-04-04,94,4,"cool",5.33949136496245
47,2025-04-04,94,4,"cold",4.13349485337152
47,2025-04-04,94,5,"hot",12.2126821212995
47,2025-04-04,94,5,"warm",11.0066856097086
47,2025-04-04,94,5,"mean",9.19769084232219
47,2025-04-04,94,5,"cool",7.38869607493579
47,2025-04-04,94,5,"cold",6.18269956334486
47,2025-04-04,94,6,"hot",13.4474419104366
47,2025-04-04,94,6,"warm",12.2414453988457
47,2025-04-04,94,6,"mean",10.4324506314593
47,2025-04-04,94,6,"cool",8.62345586407289
47,2025-04-04,94,6,"cold",7.41745935248196
47,2025-04-04,94,7,"hot",13.7029344728273
47,2025-04-04,94,7,"warm",12.4969379612364
47,2025-04-04,94,7,"mean",10.68794319385
47,2025-04-04,94,7,"cool",8.87894842646356
47,2025-04-04,94,7,"cold",7.67295191487263
47,2025-04-04,94,8,"hot",12.9450552675063
47,2025-04-04,94,8,"warm",11.7390587559154
47,2025-04-04,94,8,"mean",9.93006398852899
47,2025-04-04,94,8,"cool",8.12106922114259
47,2025-04-04,94,8,"cold",6.91507270955166
47,2025-04-04,94,9,"hot",11.120137596156
47,2025-04-04,94,9,"warm",9.91414108456509
47,2025-04-04,94,9,"mean",8.10514631717869
47,2025-04-04,94,9,"cool",6.29615154979229
47,2025-04-04,94,9,"cold",5.09015503820136
47,2025-04-04,94,10,"hot",8.9528564109634
47,2025-04-04,94,10,"warm",7.74685989937247
47,2025-04-04,94,10,"mean",5.93786513198607
47,2025-04-04,94,10,"cool",4.12887036459967
47,2025-04-04,94,10,"cold",2.92287385300874
47,2025-04-04,94,11,"hot",7.82014478411202
47,2025-04-04,94,11,"warm",6.61414827252109
47,2025-04-04,94,11,"mean",4.80515350513469
47,2025-04-04,94,11,"cool",2.99615873774829
47,2025-04-04,94,11,"cold",1.79016222615736
48,2025-04-05,95,0,"hot",7.03106057091274
48,2025-04-05,95,0,"warm",5.82506405932181
48,2025-04-05,95,0,"mean",4.01606929193541
48,2025-04-05,95,0,"cool",2.20707452454901
48,2025-04-05,95,0,"cold",1.00107801295808
48,2025-04-05,95,1,"hot",6.47440418099395
48,2025-04-05,95,1,"warm",5.26840766940301
48,2025-04-05,95,1,"mean",3.45941290201661
48,2025-04-05,95,1,"cool",1.65041813463021
48,2025-04-05,95,1,"cold",0.444421623039282
48,2025-04-05,95,2,"hot",6.03155749152192
48,2025-04-05,95,2,"warm",4.82556097993098
48,2025-04-05,95,2,"mean",3.01656621254459
48,2025-04-05,95,2,"cool",1.20757144515819
48,2025-04-05,95,2,"cold",0.00157493356725302
48,2025-04-05,95,3,"hot",7.64997549049721
48,2025-04-05,95,3,"warm",6.44397897890628
48,2025-04-05,95,3,"mean",4.63498421151988
48,2025-04-05,95,3,"cool",2.82598944413348
48,2025-04-05,95,3,"cold",1.61999293254255
48,2025-04-05,95,4,"hot",10.3078609866201
48,2025-04-05,95,4,"warm",9.10186447502921
48,2025-04-05,95,4,"mean",7.29286970764281
48,2025-04-05,95,4,"cool",5.48387494025641
48,2025-04-05,95,4,"cold",4.27787842866548
48,2025-04-05,95,5,"hot",12.4061624935062
48,2025-04-05,95,5,"warm",11.2001659819153
48,2025-04-05,95,5,"mean",9.3911712145289
48,2025-04-05,95,5,"cool",7.5821764471425
48,2025-04-05,95,5,"cold",6.37617993555156
48,2025-04-05,95,6,"hot",13.6689251722436
48,2025-04-05,95,6,"warm",12.4629286606527
48,2025-04-05,95,6,"mean",10.6539338932663
48,2025-04-05,95,6,"cool",8.84493912587991
48,2025-04-05,95,6,"cold",7.63894261428897
48,2025-04-05,95,7,"hot",13.9300783776012
48,2025-04-05,95,7,"warm",12.7240818660102
48,2025-04-05,95,7,"mean",10.9150870986238
48,2025-04-05,95,7,"cool",9.10609233123744
48,2025-04-05,95,7,"cold",7.9000958196465
48,2025-04-05,95,8,"hot",13.1552768414872
48,2025-04-05,95,8,"warm",11.9492803298963
48,2025-04-05,95,8,"mean",10.1402855625099
48,2025-04-05,95,8,"cool",8.33129079512346
48,2025-04-05,95,8,"cold",7.12529428353253
48,2025-04-05,95,9,"hot",11.3318507307085
48,2025-04-05,95,9,"warm",10.1258542191175
48,2025-04-05,95,9,"mean",8.31685945173112
48,2025-04-05,95,9,"cool",6.50786468434472
48,2025-04-05,95,9,"cold",5.30186817275379
48,2025-04-05,95,10,"hot",9.23837417399552
48,2025-04-05,95,10,"warm",8.03237766240458
48,2025-04-05,95,10,"mean",6.22338289501819
48,2025-04-05,95,10,"cool",4.41438812763179
48,2025-04-05,95,10,"cold",3.20839161604085
48,2025-04-05,95,11,"hot",8.15558643856276
48,2025-04-05,95,11,"warm",6.94958992697183
48,2025-04-05,95,11,"mean",5.14059515958543
48,2025-04-05,95,11,"cool",3.33160039219903
48,2025-04-05,95,11,"cold",2.1256038806081
48,2025-04-06,96,0,"hot",7.03106057091274
48,2025-04-06,96,0,"warm",5.82506405932181
48,2025-04-06,96,0,"mean",4.01606929193541
48,2025-04-06,96,0,"cool",2.20707452454901
48,2025-04-06,96,0,"cold",1.00107801295808
48,2025-04-06,96,1,"hot",6.47440418099395
48,2025-04-06,96,1,"warm",5.26840766940301
48,2025-04-06,96,1,"mean",3.45941290201661
48,2025-04-06,96,1,"cool",1.65041813463021
48,2025-04-06,96,1,"cold",0.444421623039282
48,2025-04-06,96,2,"hot",6.03155749152192
48,2025-04-06,96,2,"warm",4.82556097993098
48,2025-04-06,96,2,"mean",3.01656621254459
48,2025-04-06,96,2,"cool",1.20757144515819
48,2025-04-06,96,2,"cold",0.00157493356725302
48,2025-04-06,96,3,"hot",7.64997549049721
48,2025-04-06,96,3,"warm",6.44397897890628
48,2025-04-06,96,3,"mean",4.63498421151988
48,2025-04-06,96,3,"cool",2.82598944413348
48,2025-04-06,96,3,"cold",1.61999293254255
48,2025-04-06,96,4,"hot",10.3078609866201
48,2025-04-06,96,4,"warm",9.10186447502921
48,2025-04-06,96,4,"mean",7.29286970764281
48,2025-04-06,96,4,"cool",5.48387494025641
48,2025-04-06,96,4,"cold",4.27787842866548
48,2025-04-06,96,5,"hot",12.4061624935062
48,2025-04-06,96,5,"warm",11.2001659819153
48,2025-04-06,96,5,"mean",9.3911712145289
48,2025-04-06,96,5,"cool",7.5821764471425
48,2025-04-06,96,5,"cold",6.37617993555156
48,2025-04-06,96,6,"hot",13.6689251722436
48,2025-04-06,96,6,"warm",12.4629286606527
48,2025-04-06,96,6,"mean",10.6539338932663
48,2025-04-06,96,6,"cool",8.84493912587991
48,2025-04-06,96,6,"cold",7.63894261428897
48,2025-04-06,96,7,"hot",13.9300783776012
48,2025-04-06,96,7,"warm",12.7240818660102
48,2025-04-06,96,7,"mean",10.9150870986238
48,2025-04-06,96,7,"cool",9.10609233123744
48,2025-04-06,96,7,"cold",7.9000958196465
48,2025-04-06,96,8,"hot",13.1552768414872
48,2025-04-06,96,8,"warm",11.9492803298963
48,2025-04-06,96,8,"mean",10.1402855625099
48,2025-04-06,96,8,"cool",8.33129079512346
48,2025-04-06,96,8,"cold",7.12529428353253
48,2025-04-06,96,9,"hot",11.3318507307085
48,2025-04-06,96,9,"warm",10.1258542191175
48,2025-04-06,96,9,"mean",8.31685945173112
48,2025-04-06,96,9,"cool",6.50786468434472
48,2025-04-06,96,9,"cold",5.30186817275379
48,2025-04-06,96,10,"hot",9.23837417399552
48,2025-04-06,96,10,"warm",8.03237766240458
48,2025-04-06,96,10,"mean",6.22338289501819
48,2025-04-06,96,10,"cool",4.41438812763179
48,2025-04-06,96,10,"cold",3.20839161604085
48,2025-04-06,96,11,"hot",8.15558643856276
48,2025-04-06,96,11,"warm",6.94958992697183
48,2025-04-06,96,11,"mean",5.14059515958543
48,2025-04-06,96,11,"cool",3.33160039219903
48,2025-04-06,96,11,"cold",2.1256038806081
49,2025-04-07,97,0,"hot",7.17142224642075
49,2025-04-07,97,0,"warm",5.96542573482982
49,2025-04-07,97,0,"mean",4.15643096744342
49,2025-04-07,97,0,"cool",2.34743620005702
49,2025-04-07,97,0,"cold",1.14143968846609
49,2025-04-07,97,1,"hot",6.59121113857265
49,2025-04-07,97,1,"warm",5.38521462698172
49,2025-04-07,97,1,"mean",3.57621985959532
49,2025-04-07,97,1,"cool",1.76722509220892
49,2025-04-07,97,1,"cold",0.561228580617986
49,2025-04-07,97,2,"hot",6.13043393775668
49,2025-04-07,97,2,"warm",4.92443742616575
49,2025-04-07,97,2,"mean",3.11544265877935
49,2025-04-07,97,2,"cool",1.30644789139295
49,2025-04-07,97,2,"cold",0.100451379802018
49,2025-04-07,97,3,"hot",7.92876186716685
49,2025-04-07,97,3,"warm",6.72276535557592
49,2025-04-07,97,3,"mean",4.91377058818952
49,2025-04-07,97,3,"cool",3.10477582080312
49,2025-04-07,97,3,"cold",1.89877930921218
49,2025-04-07,97,4,"hot",10.686336512994
49,2025-04-07,97,4,"warm",9.48034000140305
49,2025-04-07,97,4,"mean",7.67134523401666
49,2025-04-07,97,4,"cool",5.86235046663026
49,2025-04-07,97,4,"cold",4.65635395503932
49,2025-04-07,97,5,"hot",12.8585705864945
49,2025-04-07,97,5,"warm",11.6525740749036
49,2025-04-07,97,5,"mean",9.84357930751717
49,2025-04-07,97,5,"cool",8.03458454013077
49,2025-04-07,97,5,"cold",6.82858802853984
49,2025-04-07,97,6,"hot",14.1641594095131
49,2025-04-07,97,6,"warm",12.9581628979222
49,2025-04-07,97,6,"mean",11.1491681305358
49,2025-04-07,97,6,"cool",9.34017336314941
49,2025-04-07,97,6,"cold",8.13417685155848
49,2025-04-07,97,7,"hot",14.4340286073476
49,2025-04-07,97,7,"warm",13.2280320957567
49,2025-04-07,97,7,"mean",11.4190373283703
49,2025-04-07,97,7,"cool",9.61004256098386
49,2025-04-07,97,7,"cold",8.40404604939292
49,2025-04-07,97,8,"hot",13.6332299562358
49,2025-04-07,97,8,"warm",12.4272334446448
49,2025-04-07,97,8,"mean",10.6182386772584
49,2025-04-07,97,8,"cool",8.80924390987205
49,2025-04-07,97,8,"cold",7.60324739828111
49,2025-04-07,97,9,"hot",11.732623470701
49,2025-04-07,97,9,"warm",10.52662695911
49,2025-04-07,97,9,"mean",8.71763219172362
49,2025-04-07,97,9,"cool",6.90863742433722
49,2025-04-07,97,9,"cold",5.70264091274629
49,2025-04-07,97,10,"hot",9.35169263174688
49,2025-04-07,97,10,"warm",8.14569612015595
49,2025-04-07,97,10,"mean",6.33670135276955
49,2025-04-07,97,10,"cool",4.52770658538315
49,2025-04-07,97,10,"cold",3.32171007379222
49,2025-04-07,97,11,"hot",8.1012468980435
49,2025-04-07,97,11,"warm",6.89525038645256
49,2025-04-07,97,11,"mean",5.08625561906616
49,2025-04-07,97,11,"cool",3.27726085167976
49,2025-04-07,97,11,"cold",2.07126434008883
49,2025-04-08,98,0,"hot",7.17142224642075
49,2025-04-08,98,0,"warm",5.96542573482982
49,2025-04-08,98,0,"mean",4.15643096744342
49,2025-04-08,98,0,"cool",2.34743620005702
49,2025-04-08,98,0,"cold",1.14143968846609
49,2025-04-08,98,1,"hot",6.59121113857265
49,2025-04-08,98,1,"warm",5.38521462698172
49,2025-04-08,98,1,"mean",3.57621985959532
49,2025-04-08,98,1,"cool",1.76722509220892
49,2025-04-08,98,1,"cold",0.561228580617986
49,2025-04-08,98,2,"hot",6.13043393775668
49,2025-04-08,98,2,"warm",4.92443742616575
49,2025-04-08,98,2,"mean",3.11544265877935
49,2025-04-08,98,2,"cool",1.30644789139295
49,2025-04-08,98,2,"cold",0.100451379802018
49,2025-04-08,98,3,"hot",7.92876186716685
49,2025-04-08,98,3,"warm",6.72276535557592
49,2025-04-08,98,3,"mean",4.91377058818952
49,2025-04-08,98,3,"cool",3.10477582080312
49,2025-04-08,98,3,"cold",1.89877930921218
49,2025-04-08,98,4,"hot",10.686336512994
49,2025-04-08,98,4,"warm",9.48034000140305
49,2025-04-08,98,4,"mean",7.67134523401666
49,2025-04-08,98,4,"cool",5.86235046663026
49,2025-04-08,98,4,"cold",4.65635395503932
49,2025-04-08,98,5,"hot",12.8585705864945
49,2025-04-08,98,5,"warm",11.6525740749036
49,2025-04-08,98,5,"mean",9.84357930751717
49,2025-04-08,98,5,"cool",8.03458454013077
49,2025-04-08,98,5,"cold",6.82858802853984
49,2025-04-08,98,6,"hot",14.1641594095131
49,2025-04-08,98,6,"warm",12.9581628979222
49,2025-04-08,98,6,"mean",11.1491681305358
49,2025-04-08,98,6,"cool",9.34017336314941
49,2025-04-08,98,6,"cold",8.13417685155848
49,2025-04-08,98,7,"hot",14.4340286073476
49,2025-04-08,98,7,"warm",13.2280320957567
49,2025-04-08,98,7,"mean",11.4190373283703
49,2025-04-08,98,7,"cool",9.61004256098386
49,2025-04-08,98,7,"cold",8.40404604939292
49,2025-04-08,98,8,"hot",13.6332299562358
49,2025-04-08,98,8,"warm",12.4272334446448
49,2025-04-08,98,8,"mean",10.6182386772584
49,2025-04-08,98,8,"cool",8.80924390987205
49,2025-04-08,98,8,"cold",7.60324739828111
49,2025-04-08,98,9,"hot",11.732623470701
49,2025-04-08,98,9,"warm",10.52662695911
49,2025-04-08,98,9,"mean",8.71763219172362
49,2025-04-08,98,9,"cool",6.90863742433722
49,2025-04-08,98,9,"cold",5.70264091274629
49,2025-04-08,98,10,"hot",9.35169263174688
49,2025-04-08,98,10,"warm",8.14569612015595
49,2025-04-08,98,10,"mean",6.33670135276955
49,2025-04-08,98,10,"cool",4.52770658538315
49,2025-04-08,98,10,"cold",3.32171007379222
49,2025-04-08,98,11,"hot",8.1012468980435
49,2025-04-08,98,11,"warm",6.89525038645256
49,2025-04-08,98,11,"mean",5.08625561906616
49,2025-04-08,98,11,"cool",3.27726085167976
49,2025-04-08,98,11,"cold",2.07126434008883
50,2025-04-09,99,0,"hot",7.36632742110444
50,2025-04-09,99,0,"warm",6.1603309095135
50,2025-04-09,99,0,"mean",4.3513361421271
50,2025-04-09,99,0,"cool",2.54234137474071
50,2025-04-09,99,0,"cold",1.33634486314977
50,2025-04-09,99,1,"hot",6.76485709747273
50,2025-04-09,99,1,"warm",5.5588605858818
50,2025-04-09,99,1,"mean",3.7498658184954
50,2025-04-09,99,1,"cool",1.940871051109
50,2025-04-09,99,1,"cold",0.73487453951807
50,2025-04-09,99,2,"hot",6.28806414457834
50,2025-04-09,99,2,"warm",5.08206763298741
50,2025-04-09,99,2,"mean",3.27307286560101
50,2025-04-09,99,2,"cool",1.46407809821461
50,2025-04-09,99,2,"cold",0.258081586623676
50,2025-04-09,99,3,"hot",8.26097670256183
50,2025-04-09,99,3,"warm",7.0549801909709
50,2025-04-09,99,3,"mean",5.2459854235845
50,2025-04-09,99,3,"cool",3.4369906561981
50,2025-04-09,99,3,"cold",2.23099414460716
50,2025-04-09,99,4,"hot",11.1031608900332
50,2025-04-09,99,4,"warm",9.89716437844226
50,2025-04-09,99,4,"mean",8.08816961105586
50,2025-04-09,99,4,"cool",6.27917484366947
50,2025-04-09,99,4,"cold",5.07317833207853
50,2025-04-09,99,5,"hot",13.3374636545404
50,2025-04-09,99,5,"warm",12.1314671429495
50,2025-04-09,99,5,"mean",10.3224723755631
50,2025-04-09,99,5,"cool",8.51347760817671
50,2025-04-09,99,5,"cold",7.30748109658577
50,2025-04-09,99,6,"hot",14.6787561325494
50,2025-04-09,99,6,"warm",13.4727596209585
50,2025-04-09,99,6,"mean",11.6637648535721
50,2025-04-09,99,6,"cool",9.85477008618568
50,2025-04-09,99,6,"cold",8.64877357459475
50,2025-04-09,99,7,"hot",14.9558699057461
50,2025-04-09,99,7,"warm",13.7498733941552
50,2025-04-09,99,7,"mean",11.9408786267688
50,2025-04-09,99,7,"cool",10.1318838593824
50,2025-04-09,99,7,"cold",8.92588734779145
50,2025-04-09,99,8,"hot",14.1334411953503
50,2025-04-09,99,8,"warm",12.9274446837594
50,2025-04-09,99,8,"mean",11.118449916373
50,2025-04-09,99,8,"cool",9.30945514898655
50,2025-04-09,99,8,"cold",8.10345863739562
50,2025-04-09,99,9,"hot",12.2178538159212
50,2025-04-09,99,9,"warm",11.0118573043302
50,2025-04-09,99,9,"mean",9.20286253694382
50,2025-04-09,99,9,"cool",7.39386776955742
50,2025-04-09,99,9,"cold",6.18787125796649
50,2025-04-09,99,10,"hot",9.84120537427736
50,2025-04-09,99,10,"warm",8.63520886268643
50,2025-04-09,99,10,"mean",6.82621409530003
50,2025-04-09,99,10,"cool",5.01721932791363
50,2025-04-09,99,10,"cold",3.8112228163227
50,2025-04-09,99,11,"hot",8.60102580553725
50,2025-04-09,99,11,"warm",7.39502929394631
50,2025-04-09,99,11,"mean",5.58603452655991
50,2025-04-09,99,11,"cool",3.77703975917351
50,2025-04-09,99,11,"cold",2.57104324758258
50,2025-04-10,100,0,"hot",7.36632742110444
50,2025-04-10,100,0,"warm",6.1603309095135
50,2025-04-10,100,0,"mean",4.3513361421271
50,2025-04-10,100,0,"cool",2.54234137474071
50,2025-04-10,100,0,"cold",1.33634486314977
50,2025-04-10,100,1,"hot",6.76485709747273
50,2025-04-10,100,1,"warm",5.5588605858818
50,2025-04-10,100,1,"mean",3.7498658184954
50,2025-04-10,100,1,"cool",1.940871051109
50,2025-04-10,100,1,"cold",0.73487453951807
50,2025-04-10,100,2,"hot",6.28806414457834
50,2025-04-10,100,2,"warm",5.08206763298741
50,2025-04-10,100,2,"mean",3.27307286560101
50,2025-04-10,100,2,"cool",1.46407809821461
50,2025-04-10,100,2,"cold",0.258081586623676
50,2025-04-10,100,3,"hot",8.26097670256183
50,2025-04-10,100,3,"warm",7.0549801909709
50,2025-04-10,100,3,"mean",5.2459854235845
50,2025-04-10,100,3,"cool",3.4369906561981
50,2025-04-10,100,3,"cold",2.23099414460716
50,2025-04-10,100,4,"hot",11.1031608900332
50,2025-04-10,100,4,"warm",9.89716437844226
50,2025-04-10,100,4,"mean",8.08816961105586
50,2025-04-10,100,4,"cool",6.27917484366947
50,2025-04-10,100,4,"cold",5.07317833207853
50,2025-04-10,100,5,"hot",13.3374636545404
50,2025-04-10,100,5,"warm",12.1314671429495
50,2025-04-10,100,5,"mean",10.3224723755631
50,2025-04-10,100,5,"cool",8.51347760817671
50,2025-04-10,100,5,"cold",7.30748109658577
50,2025-04-10,100,6,"hot",14.6787561325494
50,2025-04-10,100,6,"warm",13.4727596209585
50,2025-04-10,100,6,"mean",11.6637648535721
50,2025-04-10,100,6,"cool",9.85477008618568
50,2025-04-10,100,6,"cold",8.64877357459475
50,2025-04-10,100,7,"hot",14.9558699057461
50,2025-04-10,100,7,"warm",13.7498733941552
50,2025-04-10,100,7,"mean",11.9408786267688
50,2025-04-10,100,7,"cool",10.1318838593824
50,2025-04-10,100,7,"cold",8.92588734779145
50,2025-04-10,100,8,"hot",14.1334411953503
50,2025-04-10,100,8,"warm",12.9274446837594
50,2025-04-10,100,8,"mean",11.118449916373
50,2025-04-10,100,8,"cool",9.30945514898655
50,2025-04-10,100,8,"cold",8.10345863739562
50,2025-04-10,100,9,"hot",12.2178538159212
50,2025-04-10,100,9,"warm",11.0118573043302
50,2025-04-10,100,9,"mean",9.20286253694382
50,2025-04-10,100,9,"cool",7.39386776955742
50,2025-04-10,100,9,"cold",6.18787125796649
50,2025-04-10,100,10,"hot",9.84120537427736
50,2025-04-10,100,10,"warm",8.63520886268643
50,2025-04-10,100,10,"mean",6.82621409530003
50,2025-04-10,100,10,"cool",5.01721932791363
50,2025-04-10,100,10,"cold",3.8112228163227
50,2025-04-10,100,11,"hot",8.60102580553725
50,2025-04-10,100,11,"warm",7.39502929394631
50,2025-04-10,100,11,"mean",5.58603452655991
50,2025-04-10,100,11,"cool",3.77703975917351
50,2025-04-10,100,11,"cold",2.57104324758258
51,2025-04-11,101,0,"hot",7.79637652467766
51,2025-04-11,101,0,"warm",6.59038001308673
51,2025-04-11,101,0,"mean",4.78138524570033
51,2025-04-11,101,0,"cool",2.97239047831393
51,2025-04-11,101,0,"cold",1.766393966723
51,2025-04-11,101,1,"hot",7.20384504847788
51,2025-04-11,101,1,"warm",5.99784853688695
51,2025-04-11,101,1,"mean",4.18885376950055
51,2025-04-11,101,1,"cool",2.37985900211415
51,2025-04-11,101,1,"cold",1.17386249052321
51,2025-04-11,101,2,"hot",6.73497933054435
51,2025-04-11,101,2,"warm",5.52898281895342
51,2025-04-11,101,2,"mean",3.71998805156702
51,2025-04-11,101,2,"cool",1.91099328418062
51,2025-04-11,101,2,"cold",0.704996772589688
51,2025-04-11,101,3,"hot",8.67653123233922
51,2025-04-11,101,3,"warm",7.47053472074829
51,2025-04-11,101,3,"mean",5.66153995336189
51,2025-04-11,101,3,"cool",3.85254518597549
51,2025-04-11,101,3,"cold",2.64654867438455
51,2025-04-11,101,4,"hot",11.305732001015
51,2025-04-11,101,4,"warm",10.099735489424
51,2025-04-11,101,4,"mean",8.29074072203762
51,2025-04-11,101,4,"cool",6.48174595465122
51,2025-04-11,101,4,"cold",5.27574944306029
51,2025-04-11,101,5,"hot",13.368389305869
51,2025-04-11,101,5,"warm",12.162392794278
51,2025-04-11,101,5,"mean",10.3533980268916
51,2025-04-11,101,5,"cool",8.54440325950523
51,2025-04-11,101,5,"cold",7.3384067479143
51,2025-04-11,101,6,"hot",14.6051658276365
51,2025-04-11,101,6,"warm",13.3991693160455
51,2025-04-11,101,6,"mean",11.5901745486591
51,2025-04-11,101,6,"cool",9.78117978127272
51,2025-04-11,101,6,"cold",8.57518326968179
51,2025-04-11,101,7,"hot",14.8605616865855
51,2025-04-11,101,7,"warm",13.6545651749946
51,2025-04-11,101,7,"mean",11.8455704076082
51,2025-04-11,101,7,"cool",10.0365756402218
51,2025-04-11,101,7,"cold",8.83057912863082
51,2025-04-11,101,8,"hot",14.1024659411614
51,2025-04-11,101,8,"warm",12.8964694295705
51,2025-04-11,101,8,"mean",11.0874746621841
51,2025-04-11,101,8,"cool",9.27847989479771
51,2025-04-11,101,8,"cold",8.07248338320677
51,2025-04-11,101,9,"hot",12.3349963867486
51,2025-04-11,101,9,"warm",11.1289998751576
51,2025-04-11,101,9,"mean",9.32000510777125
51,2025-04-11,101,9,"cool",7.51101034038485
51,2025-04-11,101,9,"cold",6.30501382879392
51,2025-04-11,101,10,"hot",9.89801755841784
51,2025-04-11,101,10,"warm",8.69202104682691
51,2025-04-11,101,10,"mean",6.88302627944051
51,2025-04-11,101,10,"cool",5.07403151205411
51,2025-04-11,101,10,"cold",3.86803500046318
51,2025-04-11,101,11,"hot",8.6003160734948
51,2025-04-11,101,11,"warm",7.39431956190386
51,2025-04-11,101,11,"mean",5.58532479451746
51,2025-04-11,101,11,"cool",3.77633002713106
51,2025-04-11,101,11,"cold",2.57033351554013
51,2025-04-12,102,0,"hot",7.79637652467766
51,2025-04-12,102,0,"warm",6.59038001308673
51,2025-04-12,102,0,"mean",4.78138524570033
51,2025-04-12,102,0,"cool",2.97239047831393
51,2025-04-12,102,0,"cold",1.766393966723
51,2025-04-12,102,1,"hot",7.20384504847788
51,2025-04-12,102,1,"warm",5.99784853688695
51,2025-04-12,102,1,"mean",4.18885376950055
51,2025-04-12,102,1,"cool",2.37985900211415
51,2025-04-12,102,1,"cold",1.17386249052321
51,2025-04-12,102,2,"hot",6.73497933054435
51,2025-04-12,102,2,"warm",5.52898281895342
51,2025-04-12,102,2,"mean",3.71998805156702
51,2025-04-12,102,2,"cool",1.91099328418062
51,2025-04-12,102,2,"cold",0.704996772589688
51,2025-04-12,102,3,"hot",8.67653123233922
51,2025-04-12,102,3,"warm",7.47053472074829
51,2025-04-12,102,3,"mean",5.66153995336189
51,2025-04-12,102,3,"cool",3.85254518597549
51,2025-04-12,102,3,"cold",2.64654867438455
51,2025-04-12,102,4,"hot",11.305732001015
51,2025-04-12,102,4,"warm",10.099735489424
51,2025-04-12,102,4,"mean",8.29074072203762
51,2025-04-12,102,4,"cool",6.48174595465122
51,2025-04-12,102,4,"cold",5.27574944306029
51,2025-04-12,102,5,"hot",13.368389305869
51,2025-04-12,102,5,"warm",12.162392794278
51,2025-04-12,102,5,"mean",10.3533980268916
51,2025-04-12,102,5,"cool",8.54440325950523
51,2025-04-12,102,5,"cold",7.3384067479143
51,2025-04-12,102,6,"hot",14.6051658276365
51,2025-04-12,102,6,"warm",13.3991693160455
51,2025-04-12,102,6,"mean",11.5901745486591
51,2025-04-12,102,6,"cool",9.78117978127272
51,2025-04-12,102,6,"cold",8.57518326968179
51,2025-04-12,102,7,"hot",14.8605616865855
51,2025-04-12,102,7,"warm",13.6545651749946
51,2025-04-12,102,7,"mean",11.8455704076082
51,2025-04-12,102,7,"cool",10.0365756402218
51,2025-04-12,102,7,"cold",8.83057912863082
51,2025-04-12,102,8,"hot",14.1024659411614
51,2025-04-12,102,8,"warm",12.8964694295705
51,2025-04-12,102,8,"mean",11.0874746621841
51,2025-04-12,102,8,"cool",9.27847989479771
51,2025-04-12,102,8,"cold",8.07248338320677
51,2025-04-12,102,9,"hot",12.3349963867486
51,2025-04-12,102,9,"warm",11.1289998751576
51,2025-04-12,102,9,"mean",9.32000510777125
51,2025-04-12,102,9,"cool",7.51101034038485
51,2025-04-12,102,9,"cold",6.30501382879392
51,2025-04-12,102,10,"hot",9.89801755841784
51,2025-04-12,102,10,"warm",8.69202104682691
51,2025-04-12,102,10,"mean",6.88302627944051
51,2025-04-12,102,10,"cool",5.07403151205411
51,2025-04-12,102,10,"cold",3.86803500046318
51,2025-04-12,102,11,"hot",8.6003160734948
51,2025-04-12,102,11,"warm",7.39431956190386
51,2025-04-12,102,11,"mean",5.58532479451746
51,2025-04-12,102,11,"cool",3.77633002713106
51,2025-04-12,102,11,"cold",2.57033351554013
52,2025-04-13,103,0,"hot",7.67705375700094
52,2025-04-13,103,0,"warm",6.47105724541
52,2025-04-13,103,0,"mean",4.6620624780236
52,2025-04-13,103,0,"cool",2.8530677106372
52,2025-04-13,103,0,"cold",1.64707119904627
52,2025-04-13,103,1,"hot",7.05785912860303
52,2025-04-13,103,1,"warm",5.8518626170121
52,2025-04-13,103,1,"mean",4.0428678496257
52,2025-04-13,103,1,"cool",2.2338730822393
52,2025-04-13,103,1,"cold",1.02787657064837
52,2025-04-13,103,2,"hot",6.56878872240597
52,2025-04-13,103,2,"warm",5.36279221081504
52,2025-04-13,103,2,"mean",3.55379744342864
52,2025-04-13,103,2,"cool",1.74480267604224
52,2025-04-13,103,2,"cold",0.538806164451305
52,2025-04-13,103,3,"hot",8.74482025421507
52,2025-04-13,103,3,"warm",7.53882374262414
52,2025-04-13,103,3,"mean",5.72982897523774
52,2025-04-13,103,3,"cool",3.92083420785134
52,2025-04-13,103,3,"cold",2.71483769626041
52,2025-04-13,103,4,"hot",11.53293680407
52,2025-04-13,103,4,"warm",10.3269402924791
52,2025-04-13,103,4,"mean",8.51794552509265
52,2025-04-13,103,4,"cool",6.70895075770625
52,2025-04-13,103,4,"cold",5.50295424611532
52,2025-04-13,103,5,"hot",13.7160203310756
52,2025-04-13,103,5,"warm",12.5100238194847
52,2025-04-13,103,5,"mean",10.7010290520983
52,2025-04-13,103,5,"cool",8.89203428471187
52,2025-04-13,103,5,"cold",7.68603777312094
52,2025-04-13,103,6,"hot",15.0235192403403
52,2025-04-13,103,6,"warm",13.8175227287494
52,2025-04-13,103,6,"mean",12.008527961363
52,2025-04-13,103,6,"cool",10.1995331939766
52,2025-04-13,103,6,"cold",8.99353668238568
52,2025-04-13,103,7,"hot",15.2933936503213
52,2025-04-13,103,7,"warm",14.0873971387303
52,2025-04-13,103,7,"mean",12.2784023713439
52,2025-04-13,103,7,"cool",10.4694076039575
52,2025-04-13,103,7,"cold",9.26341109236661
52,2025-04-13,103,8,"hot",14.4921976807614
52,2025-04-13,103,8,"warm",13.2862011691704
52,2025-04-13,103,8,"mean",11.477206401784
52,2025-04-13,103,8,"cool",9.66821163439762
52,2025-04-13,103,8,"cold",8.46221512280669
52,2025-04-13,103,9,"hot",12.6634075969907
52,2025-04-13,103,9,"warm",11.4574110853998
52,2025-04-13,103,9,"mean",9.64841631801342
52,2025-04-13,103,9,"cool",7.83942155062702
52,2025-04-13,103,9,"cold",6.63342503903609
52,2025-04-13,103,10,"hot",10.2068183269201
52,2025-04-13,103,10,"warm",9.00082181532919
52,2025-04-13,103,10,"mean",7.19182704794279
52,2025-04-13,103,10,"cool",5.38283228055639
52,2025-04-13,103,10,"cold",4.17683576896546
52,2025-04-13,103,11,"hot",8.9152442987603
52,2025-04-13,103,11,"warm",7.70924778716937
52,2025-04-13,103,11,"mean",5.90025301978297
52,2025-04-13,103,11,"cool",4.09125825239657
52,2025-04-13,103,11,"cold",2.88526174080564
52,2025-04-14,104,0,"hot",7.67705375700094
52,2025-04-14,104,0,"warm",6.47105724541
52,2025-04-14,104,0,"mean",4.6620624780236
52,2025-04-14,104,0,"cool",2.8530677106372
52,2025-04-14,104,0,"cold",1.64707119904627
52,2025-04-14,104,1,"hot",7.05785912860303
52,2025-04-14,104,1,"warm",5.8518626170121
52,2025-04-14,104,1,"mean",4.0428678496257
52,2025-04-14,104,1,"cool",2.2338730822393
52,2025-04-14,104,1,"cold",1.02787657064837
52,2025-04-14,104,2,"hot",6.56878872240597
52,2025-04-14,104,2,"warm",5.36279221081504
52,2025-04-14,104,2,"mean",3.55379744342864
52,2025-04-14,104,2,"cool",1.74480267604224
52,2025-04-14,104,2,"cold",0.538806164451305
52,2025-04-14,104,3,"hot",8.74482025421507
52,2025-04-14,104,3,"warm",7.53882374262414
52,2025-04-14,104,3,"mean",5.72982897523774
52,2025-04-14,104,3,"cool",3.92083420785134
52,2025-04-14,104,3,"cold",2.71483769626041
52,2025-04-14,104,4,"hot",11.53293680407
52,2025-04-14,104,4,"warm",10.3269402924791
52,2025-04-14,104,4,"mean",8.51794552509265
52,2025-04-14,104,4,"cool",6.70895075770625
52,2025-04-14,104,4,"cold",5.50295424611532
52,2025-04-14,104,5,"hot",13.7160203310756
52,2025-04-14,104,5,"warm",12.5100238194847
52,2025-04-14,104,5,"mean",10.7010290520983
52,2025-04-14,104,5,"cool",8.89203428471187
52,2025-04-14,104,5,"cold",7.68603777312094
52,2025-04-14,104,6,"hot",15.0235192403403
52,2025-04-14,104,6,"warm",13.8175227287494
52,2025-04-14,104,6,"mean",12.008527961363
52,2025-04-14,104,6,"cool",10.1995331939766
52,2025-04-14,104,6,"cold",8.99353668238568
52,2025-04-14,104,7,"hot",15.2933936503213
52,2025-04-14,104,7,"warm",14.0873971387303
52,2025-04-14,104,7,"mean",12.2784023713439
52,2025-04-14,104,7,"cool",10.4694076039575
52,2025-04-14,104,7,"cold",9.26341109236661
52,2025-04-14,104,8,"hot",14.4921976807614
52,2025-04-14,104,8,"warm",13.2862011691704
52,2025-04-14,104,8,"mean",11.477206401784
52,2025-04-14,104,8,"cool",9.66821163439762
52,2025-04-14,104,8,"cold",8.46221512280669
52,2025-04-14,104,9,"hot",12.6634075969907
52,2025-04-14,104,9,"warm",11.4574110853998
52,2025-04-14,104,9,"mean",9.64841631801342
52,2025-04-14,104,9,"cool",7.83942155062702
52,2025-04-14,104,9,"cold",6.63342503903609
52,2025-04-14,104,10,"hot",10.2068183269201
52,2025-04-14,104,10,"warm",9.00082181532919
52,2025-04-14,104,10,"mean",7.19182704794279
52,2025-04-14,104,10,"cool",5.38283228055639
52,2025-04-14,104,10,"cold",4.17683576896546
52,2025-04-14,104,11,"hot",8.9152442987603
52,2025-04-14,104,11,"warm",7.70924778716937
52,2025-04-14,104,11,"mean",5.90025301978297
52,2025-04-14,104,11,"cool",4.09125825239657
52,2025-04-14,104,11,"cold",2.88526174080564
53,2025-04-15,105,0,"hot",8.23279436949017
53,2025-04-15,105,0,"warm",7.02679785789923
53,2025-04-15,105,0,"mean",5.21780309051284
53,2025-04-15,105,0,"cool",3.40880832312644
53,2025-04-15,105,0,"cold",2.2028118115355
53,2025-04-15,105,1,"hot",7.59971990843425
53,2025-04-15,105,1,"warm",6.39372339684331
53,2025-04-15,105,1,"mean",4.58472862945692
53,2025-04-15,105,1,"cool",2.77573386207052
53,2025-04-15,105,1,"cold",1.56973735047958
53,2025-04-15,105,2,"hot",7.10061365014677
53,2025-04-15,105,2,"warm",5.89461713855583
53,2025-04-15,105,2,"mean",4.08562237116944
53,2025-04-15,105,2,"cool",2.27662760378304
53,2025-04-15,105,2,"cold",1.0706310921921
53,2025-04-15,105,3,"hot",9.43946714754487
53,2025-04-15,105,3,"warm",8.23347063595394
53,2025-04-15,105,3,"mean",6.42447586856754
53,2025-04-15,105,3,"cool",4.61548110118114
53,2025-04-15,105,3,"cold",3.40948458959021
53,2025-04-15,105,4,"hot",12.2833760108439
53,2025-04-15,105,4,"warm",11.0773794992529
53,2025-04-15,105,4,"mean",9.26838473186652
53,2025-04-15,105,4,"cool",7.45938996448012
53,2025-04-15,105,4,"cold",6.25339345288919
53,2025-04-15,105,5,"hot",14.5060064341268
53,2025-04-15,105,5,"warm",13.3000099225359
53,2025-04-15,105,5,"mean",11.4910151551495
53,2025-04-15,105,5,"cool",9.68202038776307
53,2025-04-15,105,5,"cold",8.47602387617214
53,2025-04-15,105,6,"hot",15.8357426450686
53,2025-04-15,105,6,"warm",14.6297461334776
53,2025-04-15,105,6,"mean",12.8207513660912
53,2025-04-15,105,6,"cool",11.0117565987048
53,2025-04-15,105,6,"cold",9.80576008711389
53,2025-04-15,105,7,"hot",16.110084372433
53,2025-04-15,105,7,"warm",14.9040878608421
53,2025-04-15,105,7,"mean",13.0950930934557
53,2025-04-15,105,7,"cool",11.2860983260693
53,2025-04-15,105,7,"cold",10.0801018144783
53,2025-04-15,105,8,"hot",15.2955056874252
53,2025-04-15,105,8,"warm",14.0895091758342
53,2025-04-15,105,8,"mean",12.2805144084478
53,2025-04-15,105,8,"cool",10.4715196410614
53,2025-04-15,105,8,"cold",9.26552312947049
53,2025-04-15,105,9,"hot",13.462842144728
53,2025-04-15,105,9,"warm",12.2568456331371
53,2025-04-15,105,9,"mean",10.4478508657507
53,2025-04-15,105,9,"cool",8.63885609836426
53,2025-04-15,105,9,"cold",7.43285958677333
53,2025-04-15,105,10,"hot",10.9446724997616
53,2025-04-15,105,10,"warm",9.73867598817067
53,2025-04-15,105,10,"mean",7.92968122078427
53,2025-04-15,105,10,"cool",6.12068645339788
53,2025-04-15,105,10,"cold",4.91468994180694
53,2025-04-15,105,11,"hot",9.62323503074996
53,2025-04-15,105,11,"warm",8.41723851915902
53,2025-04-15,105,11,"mean",6.60824375177262
53,2025-04-15,105,11,"cool",4.79924898438622
53,2025-04-15,105,11,"cold",3.59325247279529
53,2025-04-16,106,0,"hot",8.23279436949017
53,2025-04-16,106,0,"warm",7.02679785789923
53,2025-04-16,106,0,"mean",5.21780309051284
53,2025-04-16,106,0,"cool",3.40880832312644
53,2025-04-16,106,0,"cold",2.2028118115355
53,2025-04-16,106,1,"hot",7.59971990843425
53,2025-04-16,106,1,"warm",6.39372339684331
53,2025-04-16,106,1,"mean",4.58472862945692
53,2025-04-16,106,1,"cool",2.77573386207052
53,2025-04-16,106,1,"cold",1.56973735047958
53,2025-04-16,106,2,"hot",7.10061365014677
53,2025-04-16,106,2,"warm",5.89461713855583
53,2025-04-16,106,2,"mean",4.08562237116944
53,2025-04-16,106,2,"cool",2.27662760378304
53,2025-04-16,106,2,"cold",1.0706310921921
53,2025-04-16,106,3,"hot",9.43946714754487
53,2025-04-16,106,3,"warm",8.23347063595394
53,2025-04-16,106,3,"mean",6.42447586856754
53,2025-04-16,106,3,"cool",4.61548110118114
53,2025-04-16,106,3,"cold",3.40948458959021
53,2025-04-16,106,4,"hot",12.2833760108439
53,2025-04-16,106,4,"warm",11.0773794992529
53,2025-04-16,106,4,"mean",9.26838473186652
53,2025-04-16,106,4,"cool",7.45938996448012
53,2025-04-16,106,4,"cold",6.25339345288919
53,2025-04-16,106,5,"hot",14.5060064341268
53,2025-04-16,106,5,"warm",13.3000099225359
53,2025-04-16,106,5,"mean",11.4910151551495
53,2025-04-16,106,5,"cool",9.68202038776307
53,2025-04-16,106,5,"cold",8.47602387617214
53,2025-04-16,106,6,"hot",15.8357426450686
53,2025-04-16,106,6,"warm",14.6297461334776
53,2025-04-16,106,6,"mean",12.8207513660912
53,2025-04-16,106,6,"cool",11.0117565987048
53,2025-04-16,106,6,"cold",9.80576008711389
53,2025-04-16,106,7,"hot",16.110084372433
53,2025-04-16,106,7,"warm",14.9040878608421
53,2025-04-16,106,7,"mean",13.0950930934557
53,2025-04-16,106,7,"cool",11.2860983260693
53,2025-04-16,106,7,"cold",10.0801018144783
53,2025-04-16,106,8,"hot",15.2955056874252
53,2025-04-16,106,8,"warm",14.0895091758342
53,2025-04-16,106,8,"mean",12.2805144084478
53,2025-04-16,106,8,"cool",10.4715196410614
53,2025-04-16,106,8,"cold",9.26552312947049
53,2025-04-16,106,9,"hot",13.462842144728
53,2025-04-16,106,9,"warm",12.2568456331371
53,2025-04-16,106,9,"mean",10.4478508657507
53,2025-04-16,106,9,"cool",8.63885609836426
53,2025-04-16,106,9,"cold",7.43285958677333
53,2025-04-16,106,10,"hot",10.9446724997616
53,2025-04-16,106,10,"warm",9.73867598817067
53,2025-04-16,106,10,"mean",7.92968122078427
53,2025-04-16,106,10,"cool",6.12068645339788
53,2025-04-16,106,10,"cold",4.91468994180694
53,2025-04-16,106,11,"hot",9.62323503074996
53,2025-04-16,106,11,"warm",8.41723851915902
53,2025-04-16,106,11,"mean",6.60824375177262
53,2025-04-16,106,11,"cool",4.79924898438622
53,2025-04-16,106,11,"cold",3.59325247279529
54,2025-04-17,107,0,"hot",8.84108878027177
54,2025-04-17,107,0,"warm",7.63509226868083
54,2025-04-17,107,0,"mean",5.82609750129444
54,2025-04-17,107,0,"cool",4.01710273390804
54,2025-04-17,107,0,"cold",2.8111062223171
54,2025-04-17,107,1,"hot",8.22769667510819
54,2025-04-17,107,1,"warm",7.02170016351725
54,2025-04-17,107,1,"mean",5.21270539613085
54,2025-04-17,107,1,"cool",3.40371062874446
54,2025-04-17,107,1,"cold",2.19771411715352
54,2025-04-17,107,2,"hot",7.83324125418259
54,2025-04-17,107,2,"warm",6.62724474259166
54,2025-04-17,107,2,"mean",4.81824997520526
54,2025-04-17,107,2,"cool",3.00925520781886
54,2025-04-17,107,2,"cold",1.80325869622793
54,2025-04-17,107,3,"hot",9.9713210606225
54,2025-04-17,107,3,"warm",8.76532454903156
54,2025-04-17,107,3,"mean",6.95632978164516
54,2025-04-17,107,3,"cool",5.14733501425876
54,2025-04-17,107,3,"cold",3.94133850266783
54,2025-04-17,107,4,"hot",12.5368841613615
54,2025-04-17,107,4,"warm",11.3308876497706
54,2025-04-17,107,4,"mean",9.5218928823842
54,2025-04-17,107,4,"cool",7.71289811499781
54,2025-04-17,107,4,"cold",6.50690160340687
54,2025-04-17,107,5,"hot",14.5382805384246
54,2025-04-17,107,5,"warm",13.3322840268336
54,2025-04-17,107,5,"mean",11.5232892594472
54,2025-04-17,107,5,"cool",9.71429449206082
54,2025-04-17,107,5,"cold",8.50829798046989
54,2025-04-17,107,6,"hot",15.7343651031178
54,2025-04-17,107,6,"warm",14.5283685915268
54,2025-04-17,107,6,"mean",12.7193738241404
54,2025-04-17,107,6,"cool",10.910379056754
54,2025-04-17,107,6,"cold",9.70438254516309
54,2025-04-17,107,7,"hot",15.9810232598331
54,2025-04-17,107,7,"warm",14.7750267482421
54,2025-04-17,107,7,"mean",12.9660319808557
54,2025-04-17,107,7,"cool",11.1570372134693
54,2025-04-17,107,7,"cold",9.9510407018784
54,2025-04-17,107,8,"hot",15.2485354825177
54,2025-04-17,107,8,"warm",14.0425389709268
54,2025-04-17,107,8,"mean",12.2335442035404
54,2025-04-17,107,8,"cool",10.424549436154
54,2025-04-17,107,8,"cold",9.21855292456303
54,2025-04-17,107,9,"hot",13.6203484449427
54,2025-04-17,107,9,"warm",12.4143519333518
54,2025-04-17,107,9,"mean",10.6053571659654
54,2025-04-17,107,9,"cool",8.79636239857897
54,2025-04-17,107,9,"cold",7.59036588698804
54,2025-04-17,107,10,"hot",11.2081674372429
54,2025-04-17,107,10,"warm",10.002170925652
54,2025-04-17,107,10,"mean",8.1931761582656
54,2025-04-17,107,10,"cool",6.38418139087921
54,2025-04-17,107,10,"cold",5.17818487928827
54,2025-04-17,107,11,"hot",9.92295119657669
54,2025-04-17,107,11,"warm",8.71695468498576
54,2025-04-17,107,11,"mean",6.90795991759936
54,2025-04-17,107,11,"cool",5.09896515021296
54,2025-04-17,107,11,"cold",3.89296863862203
54,2025-04-18,108,0,"hot",8.84108878027177
54,2025-04-18,108,0,"warm",7.63509226868083
54,2025-04-18,108,0,"mean",5.82609750129444
54,2025-04-18,108,0,"cool",4.01710273390804
54,2025-04-18,108,0,"cold",2.8111062223171
54,2025-04-18,108,1,"hot",8.22769667510819
54,2025-04-18,108,1,"warm",7.02170016351725
54,2025-04-18,108,1,"mean",5.21270539613085
54,2025-04-18,108,1,"cool",3.40371062874446
54,2025-04-18,108,1,"cold",2.19771411715352
54,2025-04-18,108,2,"hot",7.83324125418259
54,2025-04-18,108,2,"warm",6.62724474259166
54,2025-04-18,108,2,"mean",4.81824997520526
54,2025-04-18,108,2,"cool",3.00925520781886
54,2025-04-18,108,2,"cold",1.80325869622793
54,2025-04-18,108,3,"hot",9.9713210606225
54,2025-04-18,108,3,"warm",8.76532454903156
54,2025-04-18,108,3,"mean",6.95632978164516
54,2025-04-18,108,3,"cool",5.14733501425876
54,2025-04-18,108,3,"cold",3.94133850266783
54,2025-04-18,108,4,"hot",12.5368841613615
54,2025-04-18,108,4,"warm",11.3308876497706
54,2025-04-18,108,4,"mean",9.5218928823842
54,2025-04-18,108,4,"cool",7.71289811499781
54,2025-04-18,108,4,"cold",6.50690160340687
54,2025-04-18,108,5,"hot",14.5382805384246
54,2025-04-18,108,5,"warm",13.3322840268336
54,2025-04-18,108,5,"mean",11.5232892594472
54,2025-04-18,108,5,"cool",9.71429449206082
54,2025-04-18,108,5,"cold",8.50829798046989
54,2025-04-18,108,6,"hot",15.7343651031178
54,2025-04-18,108,6,"warm",14.5283685915268
54,2025-04-18,108,6,"mean",12.7193738241404
54,2025-04-18,108,6,"cool",10.910379056754
54,2025-04-18,108,6,"cold",9.70438254516309
54,2025-04-18,108,7,"hot",15.9810232598331
54,2025-04-18,108,7,"warm",14.7750267482421
54,2025-04-18,108,7,"mean",12.9660319808557
54,2025-04-18,108,7,"cool",11.1570372134693
54,2025-04-18,108,7,"cold",9.9510407018784
54,2025-04-18,108,8,"hot",15.2485354825177
54,2025-04-18,108,8,"warm",14.0425389709268
54,2025-04-18,108,8,"mean",12.2335442035404
54,2025-04-18,108,8,"cool",10.424549436154
54,2025-04-18,108,8,"cold",9.21855292456303
54,2025-04-18,108,9,"hot",13.6203484449427
54,2025-04-18,108,9,"warm",12.4143519333518
54,2025-04-18,108,9,"mean",10.6053571659654
54,2025-04-18,108,9,"cool",8.79636239857897
54,2025-04-18,108,9,"cold",7.59036588698804
54,2025-04-18,108,10,"hot",11.2081674372429
54,2025-04-18,108,10,"warm",10.002170925652
54,2025-04-18,108,10,"mean",8.1931761582656
54,2025-04-18,108,10,"cool",6.38418139087921
54,2025-04-18,108,10,"cold",5.17818487928827
54,2025-04-18,108,11,"hot",9.92295119657669
54,2025-04-18,108,11,"warm",8.71695468498576
54,2025-04-18,108,11,"mean",6.90795991759936
54,2025-04-18,108,11,"cool",5.09896515021296
54,2025-04-18,108,11,"cold",3.89296863862203
55,2025-04-19,109,0,"hot",8.79266532851151
55,2025-04-19,109,0,"warm",7.58666881692058
55,2025-04-19,109,0,"mean",5.77767404953418
55,2025-04-19,109,0,"cool",3.96867928214778
55,2025-04-19,109,0,"cold",2.76268277055685
55,2025-04-19,109,1,"hot",8.16661692181454
55,2025-04-19,109,1,"warm",6.96062041022361
55,2025-04-19,109,1,"mean",5.15162564283721
55,2025-04-19,109,1,"cool",3.34263087545081
55,2025-04-19,109,1,"cold",2.13663436385988
55,2025-04-19,109,2,"hot",7.84556497387741
55,2025-04-19,109,2,"warm",6.63956846228648
55,2025-04-19,109,2,"mean",4.83057369490008
55,2025-04-19,109,2,"cool",3.02157892751368
55,2025-04-19,109,2,"cold",1.81558241592275
55,2025-04-19,109,3,"hot",10.0823119524199
55,2025-04-19,109,3,"warm",8.87631544082902
55,2025-04-19,109,3,"mean",7.06732067344262
55,2025-04-19,109,3,"cool",5.25832590605622
55,2025-04-19,109,3,"cold",4.05232939446529
55,2025-04-19,109,4,"hot",12.7230303409318
55,2025-04-19,109,4,"warm",11.5170338293408
55,2025-04-19,109,4,"mean",9.70803906195444
55,2025-04-19,109,4,"cool",7.89904429456804
55,2025-04-19,109,4,"cold",6.69304778297711
55,2025-04-19,109,5,"hot",14.7792691330385
55,2025-04-19,109,5,"warm",13.5732726214476
55,2025-04-19,109,5,"mean",11.7642778540612
55,2025-04-19,109,5,"cool",9.95528308667476
55,2025-04-19,109,5,"cold",8.74928657508383
55,2025-04-19,109,6,"hot",16.0068031941621
55,2025-04-19,109,6,"warm",14.8008066825712
55,2025-04-19,109,6,"mean",12.9918119151848
55,2025-04-19,109,6,"cool",11.1828171477984
55,2025-04-19,109,6,"cold",9.97682063620745
55,2025-04-19,109,7,"hot",16.2598346604444
55,2025-04-19,109,7,"warm",15.0538381488535
55,2025-04-19,109,7,"mean",13.2448433814671
55,2025-04-19,109,7,"cool",11.4358486140807
55,2025-04-19,109,7,"cold",10.2298521024897
55,2025-04-19,109,8,"hot",15.5083102108649
55,2025-04-19,109,8,"warm",14.302313699274
55,2025-04-19,109,8,"mean",12.4933189318876
55,2025-04-19,109,8,"cool",10.6843241645012
55,2025-04-19,109,8,"cold",9.47832765291026
55,2025-04-19,109,9,"hot",13.8414906801182
55,2025-04-19,109,9,"warm",12.6354941685272
55,2025-04-19,109,9,"mean",10.8264994011408
55,2025-04-19,109,9,"cool",9.01750463375444
55,2025-04-19,109,9,"cold",7.81150812216351
55,2025-04-19,109,10,"hot",11.2804914138928
55,2025-04-19,109,10,"warm",10.0744949023018
55,2025-04-19,109,10,"mean",8.26550013491543
55,2025-04-19,109,10,"cool",6.45650536752903
55,2025-04-19,109,10,"cold",5.2505088559381
55,2025-04-19,109,11,"hot",9.88603377411958
55,2025-04-19,109,11,"warm",8.68003726252865
55,2025-04-19,109,11,"mean",6.87104249514225
55,2025-04-19,109,11,"cool",5.06204772775585
55,2025-04-19,109,11,"cold",3.85605121616492
55,2025-04-20,110,0,"hot",8.79266532851151
55,2025-04-20,110,0,"warm",7.58666881692058
55,2025-04-20,110,0,"mean",5.77767404953418
55,2025-04-20,110,0,"cool",3.96867928214778
55,2025-04-20,110,0,"cold",2.76268277055685
55,2025-04-20,110,1,"hot",8.16661692181454
55,2025-04-20,110,1,"warm",6.96062041022361
55,2025-04-20,110,1,"mean",5.15162564283721
55,2025-04-20,110,1,"cool",3.34263087545081
55,2025-04-20,110,1,"cold",2.13663436385988
55,2025-04-20,110,2,"hot",7.84556497387741
55,2025-04-20,110,2,"warm",6.63956846228648
55,2025-04-20,110,2,"mean",4.83057369490008
55,2025-04-20,110,2,"cool",3.02157892751368
55,2025-04-20,110,2,"cold",1.81558241592275
55,2025-04-20,110,3,"hot",10.0823119524199
55,2025-04-20,110,3,"warm",8.87631544082902
55,2025-04-20,110,3,"mean",7.06732067344262
55,2025-04-20,110,3,"cool",5.25832590605622
55,2025-04-20,110,3,"cold",4.05232939446529
55,2025-04-20,110,4,"hot",12.7230303409318
55,2025-04-20,110,4,"warm",11.5170338293408
55,2025-04-20,110,4,"mean",9.70803906195444
55,2025-04-20,110,4,"cool",7.89904429456804
55,2025-04-20,110,4,"cold",6.69304778297711
55,2025-04-20,110,5,"hot",14.7792691330385
55,2025-04-20,110,5,"warm",13.5732726214476
55,2025-04-20,110,5,"mean",11.7642778540612
55,2025-04-20,110,5,"cool",9.95528308667476
55,2025-04-20,110,5,"cold",8.74928657508383
55,2025-04-20,110,6,"hot",16.0068031941621
55,2025-04-20,110,6,"warm",14.8008066825712
55,2025-04-20,110,6,"mean",12.9918119151848
55,2025-04-20,110,6,"cool",11.1828171477984
55,2025-04-20,110,6,"cold",9.97682063620745
55,2025-04-20,110,7,"hot",16.2598346604444
55,2025-04-20,110,7,"warm",15.0538381488535
55,2025-04-20,110,7,"mean",13.2448433814671
55,2025-04-20,110,7,"cool",11.4358486140807
55,2025-04-20,110,7,"cold",10.2298521024897
55,2025-04-20,110,8,"hot",15.5083102108649
55,2025-04-20,110,8,"warm",14.302313699274
55,2025-04-20,110,8,"mean",12.4933189318876
55,2025-04-20,110,8,"cool",10.6843241645012
55,2025-04-20,110,8,"cold",9.47832765291026
55,2025-04-20,110,9,"hot",13.8414906801182
55,2025-04-20,110,9,"warm",12.6354941685272
55,2025-04-20,110,9,"mean",10.8264994011408
55,2025-04-20,110,9,"cool",9.01750463375444
55,2025-04-20,110,9,"cold",7.81150812216351
55,2025-04-20,110,10,"hot",11.2804914138928
55,2025-04-20,110,10,"warm",10.0744949023018
55,2025-04-20,110,10,"mean",8.26550013491543
55,2025-04-20,110,10,"cool",6.45650536752903
55,2025-04-20,110,10,"cold",5.2505088559381
55,2025-04-20,110,11,"hot",9.88603377411958
55,2025-04-20,110,11,"warm",8.68003726252865
55,2025-04-20,110,11,"mean",6.87104249514225
55,2025-04-20,110,11,"cool",5.06204772775585
55,2025-04-20,110,11,"cold",3.85605121616492
56,2025-04-21,111,0,"hot",9.48151368473936
56,2025-04-21,111,0,"warm",8.27551717314843
56,2025-04-21,111,0,"mean",6.46652240576203
56,2025-04-21,111,0,"cool",4.65752763837563
56,2025-04-21,111,0,"cold",3.4515311267847
56,2025-04-21,111,1,"hot",8.85830677759315
56,2025-04-21,111,1,"warm",7.65231026600221
56,2025-04-21,111,1,"mean",5.84331549861581
56,2025-04-21,111,1,"cool",4.03432073122941
56,2025-04-21,111,1,"cold",2.82832421963848
56,2025-04-21,111,2,"hot",8.59022210052209
56,2025-04-21,111,2,"warm",7.38422558893115
56,2025-04-21,111,2,"mean",5.57523082154475
56,2025-04-21,111,2,"cool",3.76623605415836
56,2025-04-21,111,2,"cold",2.56023954256742
56,2025-04-21,111,3,"hot",10.8636314286161
56,2025-04-21,111,3,"warm",9.6576349170252
56,2025-04-21,111,3,"mean",7.8486401496388
56,2025-04-21,111,3,"cool",6.0396453822524
56,2025-04-21,111,3,"cold",4.83364887066147
56,2025-04-21,111,4,"hot",13.4822633363849
56,2025-04-21,111,4,"warm",12.276266824794
56,2025-04-21,111,4,"mean",10.4672720574076
56,2025-04-21,111,4,"cool",8.6582772900212
56,2025-04-21,111,4,"cold",7.45228077843027
56,2025-04-21,111,5,"hot",15.5179807628588
56,2025-04-21,111,5,"warm",14.3119842512679
56,2025-04-21,111,5,"mean",12.5029894838815
56,2025-04-21,111,5,"cool",10.6939947164951
56,2025-04-21,111,5,"cold",9.48799820490412
56,2025-04-21,111,6,"hot",16.7320999377352
56,2025-04-21,111,6,"warm",15.5261034261442
56,2025-04-21,111,6,"mean",13.7171086587578
56,2025-04-21,111,6,"cool",11.9081138913714
56,2025-04-21,111,6,"cold",10.7021173797805
56,2025-04-21,111,7,"hot",16.9822676106603
56,2025-04-21,111,7,"warm",15.7762710990694
56,2025-04-21,111,7,"mean",13.967276331683
56,2025-04-21,111,7,"cool",12.1582815642966
56,2025-04-21,111,7,"cold",10.9522850527056
56,2025-04-21,111,8,"hot",16.2391520612694
56,2025-04-21,111,8,"warm",15.0331555496785
56,2025-04-21,111,8,"mean",13.2241607822921
56,2025-04-21,111,8,"cool",11.4151660149057
56,2025-04-21,111,8,"cold",10.2091695033148
56,2025-04-21,111,9,"hot",14.5898822644363
56,2025-04-21,111,9,"warm",13.3838857528454
56,2025-04-21,111,9,"mean",11.574890985459
56,2025-04-21,111,9,"cool",9.76589621807259
56,2025-04-21,111,9,"cold",8.55989970648166
56,2025-04-21,111,10,"hot",12.0654227221506
56,2025-04-21,111,10,"warm",10.8594262105597
56,2025-04-21,111,10,"mean",9.05043144317329
56,2025-04-21,111,10,"cool",7.24143667578689
56,2025-04-21,111,10,"cold",6.03544016419596
56,2025-04-21,111,11,"hot",10.6658225172012
56,2025-04-21,111,11,"warm",9.45982600561029
56,2025-04-21,111,11,"mean",7.65083123822389
56,2025-04-21,111,11,"cool",5.84183647083749
56,2025-04-21,111,11,"cold",4.63583995924656
56,2025-04-22,112,0,"hot",9.48151368473936
56,2025-04-22,112,0,"warm",8.27551717314843
56,2025-04-22,112,0,"mean",6.46652240576203
56,2025-04-22,112,0,"cool",4.65752763837563
56,2025-04-22,112,0,"cold",3.4515311267847
56,2025-04-22,112,1,"hot",8.85830677759315
56,2025-04-22,112,1,"warm",7.65231026600221
56,2025-04-22,112,1,"mean",5.84331549861581
56,2025-04-22,112,1,"cool",4.03432073122941
56,2025-04-22,112,1,"cold",2.82832421963848
56,2025-04-22,112,2,"hot",8.59022210052209
56,2025-04-22,112,2,"warm",7.38422558893115
56,2025-04-22,112,2,"mean",5.57523082154475
56,2025-04-22,112,2,"cool",3.76623605415836
56,2025-04-22,112,2,"cold",2.56023954256742
56,2025-04-22,112,3,"hot",10.8636314286161
56,2025-04-22,112,3,"warm",9.6576349170252
56,2025-04-22,112,3,"mean",7.8486401496388
56,2025-04-22,112,3,"cool",6.0396453822524
56,2025-04-22,112,3,"cold",4.83364887066147
56,2025-04-22,112,4,"hot",13.4822633363849
56,2025-04-22,112,4,"warm",12.276266824794
56,2025-04-22,112,4,"mean",10.4672720574076
56,2025-04-22,112,4,"cool",8.6582772900212
56,2025-04-22,112,4,"cold",7.45228077843027
56,2025-04-22,112,5,"hot",15.5179807628588
56,2025-04-22,112,5,"warm",14.3119842512679
56,2025-04-22,112,5,"mean",12.5029894838815
56,2025-04-22,112,5,"cool",10.6939947164951
56,2025-04-22,112,5,"cold",9.48799820490412
56,2025-04-22,112,6,"hot",16.7320999377352
56,2025-04-22,112,6,"warm",15.5261034261442
56,2025-04-22,112,6,"mean",13.7171086587578
56,2025-04-22,112,6,"cool",11.9081138913714
56,2025-04-22,112,6,"cold",10.7021173797805
56,2025-04-22,112,7,"hot",16.9822676106603
56,2025-04-22,112,7,"warm",15.7762710990694
56,2025-04-22,112,7,"mean",13.967276331683
56,2025-04-22,112,7,"cool",12.1582815642966
56,2025-04-22,112,7,"cold",10.9522850527056
56,2025-04-22,112,8,"hot",16.2391520612694
56,2025-04-22,112,8,"warm",15.0331555496785
56,2025-04-22,112,8,"mean",13.2241607822921
56,2025-04-22,112,8,"cool",11.4151660149057
56,2025-04-22,112,8,"cold",10.2091695033148
56,2025-04-22,112,9,"hot",14.5898822644363
56,2025-04-22,112,9,"warm",13.3838857528454
56,2025-04-22,112,9,"mean",11.574890985459
56,2025-04-22,112,9,"cool",9.76589621807259
56,2025-04-22,112,9,"cold",8.55989970648166
56,2025-04-22,112,10,"hot",12.0654227221506
56,2025-04-22,112,10,"warm",10.8594262105597
56,2025-04-22,112,10,"mean",9.05043144317329
56,2025-04-22,112,10,"cool",7.24143667578689
56,2025-04-22,112,10,"cold",6.03544016419596
56,2025-04-22,112,11,"hot",10.6658225172012
56,2025-04-22,112,11,"warm",9.45982600561029
56,2025-04-22,112,11,"mean",7.65083123822389
56,2025-04-22,112,11,"cool",5.84183647083749
56,2025-04-22,112,11,"cold",4.63583995924656
57,2025-04-23,113,0,"hot",9.26683345825015
57,2025-04-23,113,0,"warm",8.06083694665922
57,2025-04-23,113,0,"mean",6.25184217927282
57,2025-04-23,113,0,"cool",4.44284741188642
57,2025-04-23,113,0,"cold",3.23685090029549
57,2025-04-23,113,1,"hot",8.61739986961391
57,2025-04-23,113,1,"warm",7.41140335802298
57,2025-04-23,113,1,"mean",5.60240859063658
57,2025-04-23,113,1,"cool",3.79341382325018
57,2025-04-23,113,1,"cold",2.58741731165925
57,2025-04-23,113,2,"hot",8.38946111889422
57,2025-04-23,113,2,"warm",7.18346460730329
57,2025-04-23,113,2,"mean",5.37446983991689
57,2025-04-23,113,2,"cool",3.56547507253049
57,2025-04-23,113,2,"cold",2.35947856093956
57,2025-04-23,113,3,"hot",10.6926138068918
57,2025-04-23,113,3,"warm",9.48661729530085
57,2025-04-23,113,3,"mean",7.67762252791445
57,2025-04-23,113,3,"cool",5.86862776052805
57,2025-04-23,113,3,"cold",4.66263124893711
57,2025-04-23,113,4,"hot",13.2745961694276
57,2025-04-23,113,4,"warm",12.0685996578367
57,2025-04-23,113,4,"mean",10.2596048904503
57,2025-04-23,113,4,"cool",8.45061012306389
57,2025-04-23,113,4,"cold",7.24461361147295
57,2025-04-23,113,5,"hot",15.2782517702759
57,2025-04-23,113,5,"warm",14.072255258685
57,2025-04-23,113,5,"mean",12.2632604912986
57,2025-04-23,113,5,"cool",10.4542657239122
57,2025-04-23,113,5,"cold",9.24826921232123
57,2025-04-23,113,6,"hot",16.471998230964
57,2025-04-23,113,6,"warm",15.2660017193731
57,2025-04-23,113,6,"mean",13.4570069519867
57,2025-04-23,113,6,"cool",11.6480121846003
57,2025-04-23,113,6,"cold",10.4420156730094
57,2025-04-23,113,7,"hot",16.7178621896571
57,2025-04-23,113,7,"warm",15.5118656780662
57,2025-04-23,113,7,"mean",13.7028709106798
57,2025-04-23,113,7,"cool",11.8938761432934
57,2025-04-23,113,7,"cold",10.6878796317024
57,2025-04-23,113,8,"hot",15.9874266407304
57,2025-04-23,113,8,"warm",14.7814301291395
57,2025-04-23,113,8,"mean",12.9724353617531
57,2025-04-23,113,8,"cool",11.1634405943667
57,2025-04-23,113,8,"cold",9.95744408277576
57,2025-04-23,113,9,"hot",14.3651154524402
57,2025-04-23,113,9,"warm",13.1591189408493
57,2025-04-23,113,9,"mean",11.3501241734629
57,2025-04-23,113,9,"cool",9.54112940607651
57,2025-04-23,113,9,"cold",8.33513289448558
57,2025-04-23,113,10,"hot",11.8211054116305
57,2025-04-23,113,10,"warm",10.6151089000396
57,2025-04-23,113,10,"mean",8.80611413265318
57,2025-04-23,113,10,"cool",6.99711936526678
57,2025-04-23,113,10,"cold",5.79112285367585
57,2025-04-23,113,11,"hot",10.379436598204
57,2025-04-23,113,11,"warm",9.1734400866131
57,2025-04-23,113,11,"mean",7.3644453192267
57,2025-04-23,113,11,"cool",5.5554505518403
57,2025-04-23,113,11,"cold",4.34945404024937
57,2025-04-24,114,0,"hot",9.26683345825015
57,2025-04-24,114,0,"warm",8.06083694665922
57,2025-04-24,114,0,"mean",6.25184217927282
57,2025-04-24,114,0,"cool",4.44284741188642
57,2025-04-24,114,0,"cold",3.23685090029549
57,2025-04-24,114,1,"hot",8.61739986961391
57,2025-04-24,114,1,"warm",7.41140335802298
57,2025-04-24,114,1,"mean",5.60240859063658
57,2025-04-24,114,1,"cool",3.79341382325018
57,2025-04-24,114,1,"cold",2.58741731165925
57,2025-04-24,114,2,"hot",8.38946111889422
57,2025-04-24,114,2,"warm",7.18346460730329
57,2025-04-24,114,2,"mean",5.37446983991689
57,2025-04-24,114,2,"cool",3.56547507253049
57,2025-04-24,114,2,"cold",2.35947856093956
57,2025-04-24,114,3,"hot",10.6926138068918
57,2025-04-24,114,3,"warm",9.48661729530085
57,2025-04-24,114,3,"mean",7.67762252791445
57,2025-04-24,114,3,"cool",5.86862776052805
57,2025-04-24,114,3,"cold",4.66263124893711
57,2025-04-24,114,4,"hot",13.2745961694276
57,2025-04-24,114,4,"warm",12.0685996578367
57,2025-04-24,114,4,"mean",10.2596048904503
57,2025-04-24,114,4,"cool",8.45061012306389
57,2025-04-24,114,4,"cold",7.24461361147295
57,2025-04-24,114,5,"hot",15.2782517702759
57,2025-04-24,114,5,"warm",14.072255258685
57,2025-04-24,114,5,"mean",12.2632604912986
57,2025-04-24,114,5,"cool",10.4542657239122
57,2025-04-24,114,5,"cold",9.24826921232123
57,2025-04-24,114,6,"hot",16.471998230964
57,2025-04-24,114,6,"warm",15.2660017193731
57,2025-04-24,114,6,"mean",13.4570069519867
57,2025-04-24,114,6,"cool",11.6480121846003
57,2025-04-24,114,6,"cold",10.4420156730094
57,2025-04-24,114,7,"hot",16.7178621896571
57,2025-04-24,114,7,"warm",15.5118656780662
57,2025-04-24,114,7,"mean",13.7028709106798
57,2025-04-24,114,7,"cool",11.8938761432934
57,2025-04-24,114,7,"cold",10.6878796317024
57,2025-04-24,114,8,"hot",15.9874266407304
57,2025-04-24,114,8,"warm",14.7814301291395
57,2025-04-24,114,8,"mean",12.9724353617531
57,2025-04-24,114,8,"cool",11.1634405943667
57,2025-04-24,114,8,"cold",9.95744408277576
57,2025-04-24,114,9,"hot",14.3651154524402
57,2025-04-24,114,9,"warm",13.1591189408493
57,2025-04-24,114,9,"mean",11.3501241734629
57,2025-04-24,114,9,"cool",9.54112940607651
57,2025-04-24,114,9,"cold",8.33513289448558
57,2025-04-24,114,10,"hot",11.8211054116305
57,2025-04-24,114,10,"warm",10.6151089000396
57,2025-04-24,114,10,"mean",8.80611413265318
57,2025-04-24,114,10,"cool",6.99711936526678
57,2025-04-24,114,10,"cold",5.79112285367585
57,2025-04-24,114,11,"hot",10.379436598204
57,2025-04-24,114,11,"warm",9.1734400866131
57,2025-04-24,114,11,"mean",7.3644453192267
57,2025-04-24,114,11,"cool",5.5554505518403
57,2025-04-24,114,11,"cold",4.34945404024937
58,2025-04-25,115,0,"hot",9.51201883710553
58,2025-04-25,115,0,"warm",8.3060223255146
58,2025-04-25,115,0,"mean",6.4970275581282
58,2025-04-25,115,0,"cool",4.6880327907418
58,2025-04-25,115,0,"cold",3.48203627915087
58,2025-04-25,115,1,"hot",8.85662745880183
58,2025-04-25,115,1,"warm",7.6506309472109
58,2025-04-25,115,1,"mean",5.8416361798245
58,2025-04-25,115,1,"cool",4.0326414124381
58,2025-04-25,115,1,"cold",2.82664490084717
58,2025-04-25,115,2,"hot",8.67746606072993
58,2025-04-25,115,2,"warm",7.471469549139
58,2025-04-25,115,2,"mean",5.6624747817526
58,2025-04-25,115,2,"cool",3.8534800143662
58,2025-04-25,115,2,"cold",2.64748350277526
58,2025-04-25,115,3,"hot",11.0113785064361
58,2025-04-25,115,3,"warm",9.80538199484517
58,2025-04-25,115,3,"mean",7.99638722745877
58,2025-04-25,115,3,"cool",6.18739246007237
58,2025-04-25,115,3,"cold",4.98139594848144
58,2025-04-25,115,4,"hot",13.562993418888
58,2025-04-25,115,4,"warm",12.3569969072971
58,2025-04-25,115,4,"mean",10.5480021399107
58,2025-04-25,115,4,"cool",8.73900737252429
58,2025-04-25,115,4,"cold",7.53301086093335
58,2025-04-25,115,5,"hot",15.539836662071
58,2025-04-25,115,5,"warm",14.3338401504801
58,2025-04-25,115,5,"mean",12.5248453830937
58,2025-04-25,115,5,"cool",10.7158506157073
58,2025-04-25,115,5,"cold",9.50985410411632
58,2025-04-25,115,6,"hot",16.7164710626031
58,2025-04-25,115,6,"warm",15.5104745510122
58,2025-04-25,115,6,"mean",13.7014797836258
58,2025-04-25,115,6,"cool",11.8924850162394
58,2025-04-25,115,6,"cold",10.6864885046484
58,2025-04-25,115,7,"hot",16.95871423631
58,2025-04-25,115,7,"warm",15.7527177247191
58,2025-04-25,115,7,"mean",13.9437229573327
58,2025-04-25,115,7,"cool",12.1347281899463
58,2025-04-25,115,7,"cold",10.9287316783553
58,2025-04-25,115,8,"hot",16.238940960713
58,2025-04-25,115,8,"warm",15.0329444491221
58,2025-04-25,115,8,"mean",13.2239496817357
58,2025-04-25,115,8,"cool",11.4149549143493
58,2025-04-25,115,8,"cold",10.2089584027584
58,2025-04-25,115,9,"hot",14.6392336013216
58,2025-04-25,115,9,"warm",13.4332370897306
58,2025-04-25,115,9,"mean",11.6242423223443
58,2025-04-25,115,9,"cool",9.81524755495785
58,2025-04-25,115,9,"cold",8.60925104336692
58,2025-04-25,115,10,"hot",12.1157221465972
58,2025-04-25,115,10,"warm",10.9097256350062
58,2025-04-25,115,10,"mean",9.10073086761984
58,2025-04-25,115,10,"cool",7.29173610023344
58,2025-04-25,115,10,"cold",6.08573958864251
58,2025-04-25,115,11,"hot",10.657899553991
58,2025-04-25,115,11,"warm",9.45190304240008
58,2025-04-25,115,11,"mean",7.64290827501368
58,2025-04-25,115,11,"cool",5.83391350762728
58,2025-04-25,115,11,"cold",4.62791699603635
58,2025-04-26,116,0,"hot",9.51201883710553
58,2025-04-26,116,0,"warm",8.3060223255146
58,2025-04-26,116,0,"mean",6.4970275581282
58,2025-04-26,116,0,"cool",4.6880327907418
58,2025-04-26,116,0,"cold",3.48203627915087
58,2025-04-26,116,1,"hot",8.85662745880183
58,2025-04-26,116,1,"warm",7.6506309472109
58,2025-04-26,116,1,"mean",5.8416361798245
58,2025-04-26,116,1,"cool",4.0326414124381
58,2025-04-26,116,1,"cold",2.82664490084717
58,2025-04-26,116,2,"hot",8.67746606072993
58,2025-04-26,116,2,"warm",7.471469549139
58,2025-04-26,116,2,"mean",5.6624747817526
58,2025-04-26,116,2,"cool",3.8534800143662
58,2025-04-26,116,2,"cold",2.64748350277526
58,2025-04-26,116,3,"hot",11.0113785064361
58,2025-04-26,116,3,"warm",9.80538199484517
58,2025-04-26,116,3,"mean",7.99638722745877
58,2025-04-26,116,3,"cool",6.18739246007237
58,2025-04-26,116,3,"cold",4.98139594848144
58,2025-04-26,116,4,"hot",13.562993418888
58,2025-04-26,116,4,"warm",12.3569969072971
58,2025-04-26,116,4,"mean",10.5480021399107
58,2025-04-26,116,4,"cool",8.73900737252429
58,2025-04-26,116,4,"cold",7.53301086093335
58,2025-04-26,116,5,"hot",15.539836662071
58,2025-04-26,116,5,"warm",14.3338401504801
58,2025-04-26,116,5,"mean",12.5248453830937
58,2025-04-26,116,5,"cool",10.7158506157073
58,2025-04-26,116,5,"cold",9.50985410411632
58,2025-04-26,116,6,"hot",16.7164710626031
58,2025-04-26,116,6,"warm",15.5104745510122
58,2025-04-26,116,6,"mean",13.7014797836258
58,2025-04-26,116,6,"cool",11.8924850162394
58,2025-04-26,116,6,"cold",10.6864885046484
58,2025-04-26,116,7,"hot",16.95871423631
58,2025-04-26,116,7,"warm",15.7527177247191
58,2025-04-26,116,7,"mean",13.9437229573327
58,2025-04-26,116,7,"cool",12.1347281899463
58,2025-04-26,116,7,"cold",10.9287316783553
58,2025-04-26,116,8,"hot",16.238940960713
58,2025-04-26,116,8,"warm",15.0329444491221
58,2025-04-26,116,8,"mean",13.2239496817357
58,2025-04-26,116,8,"cool",11.4149549143493
58,2025-04-26,116,8,"cold",10.2089584027584
58,2025-04-26,116,9,"hot",14.6392336013216
58,2025-04-26,116,9,"warm",13.4332370897306
58,2025-04-26,116,9,"mean",11.6242423223443
58,2025-04-26,116,9,"cool",9.81524755495785
58,2025-04-26,116,9,"cold",8.60925104336692
58,2025-04-26,116,10,"hot",12.1157221465972
58,2025-04-26,116,10,"warm",10.9097256350062
58,2025-04-26,116,10,"mean",9.10073086761984
58,2025-04-26,116,10,"cool",7.29173610023344
58,2025-04-26,116,10,"cold",6.08573958864251
58,2025-04-26,116,11,"hot",10.657899553991
58,2025-04-26,116,11,"warm",9.45190304240008
58,2025-04-26,116,11,"mean",7.64290827501368
58,2025-04-26,116,11,"cool",5.83391350762728
58,2025-04-26,116,11,"cold",4.62791699603635
59,2025-04-27,117,0,"hot",9.30072681569755
59,2025-04-27,117,0,"warm",8.09473030410662
59,2025-04-27,117,0,"mean",6.28573553672022
59,2025-04-27,117,0,"cool",4.47674076933382
59,2025-04-27,117,0,"cold",3.27074425774289
59,2025-04-27,117,1,"hot",8.62493781149083
59,2025-04-27,117,1,"warm",7.41894129989989
59,2025-04-27,117,1,"mean",5.60994653251349
59,2025-04-27,117,1,"cool",3.80095176512709
59,2025-04-27,117,1,"cold",2.59495525353616
59,2025-04-27,117,2,"hot",8.47200209151597
59,2025-04-27,117,2,"warm",7.26600557992503
59,2025-04-27,117,2,"mean",5.45701081253863
59,2025-04-27,117,2,"cool",3.64801604515223
59,2025-04-27,117,2,"cold",2.4420195335613
59,2025-04-27,117,3,"hot",10.7188618981945
59,2025-04-27,117,3,"warm",9.51286538660359
59,2025-04-27,117,3,"mean",7.70387061921719
59,2025-04-27,117,3,"cool",5.89487585183079
59,2025-04-27,117,3,"cold",4.68887934023985
59,2025-04-27,117,4,"hot",13.1154888881871
59,2025-04-27,117,4,"warm",11.9094923765962
59,2025-04-27,117,4,"mean",10.1004976092098
59,2025-04-27,117,4,"cool",8.29150284182342
59,2025-04-27,117,4,"cold",7.08550633023248
59,2025-04-27,117,5,"hot",14.9694608775173
59,2025-04-27,117,5,"warm",13.7634643659264
59,2025-04-27,117,5,"mean",11.95446959854
59,2025-04-27,117,5,"cool",10.1454748311536
59,2025-04-27,117,5,"cold",8.93947831956265
59,2025-04-27,117,6,"hot",16.0719813908555
59,2025-04-27,117,6,"warm",14.8659848792645
59,2025-04-27,117,6,"mean",13.0569901118782
59,2025-04-27,117,6,"cool",11.2479953444918
59,2025-04-27,117,6,"cold",10.0419988329008
59,2025-04-27,117,7,"hot",16.2988831127109
59,2025-04-27,117,7,"warm",15.0928866011199
59,2025-04-27,117,7,"mean",13.2838918337335
59,2025-04-27,117,7,"cool",11.4748970663471
59,2025-04-27,117,7,"cold",10.2689005547562
59,2025-04-27,117,8,"hot",15.6246120566798
59,2025-04-27,117,8,"warm",14.4186155450889
59,2025-04-27,117,8,"mean",12.6096207777025
59,2025-04-27,117,8,"cool",10.8006260103161
59,2025-04-27,117,8,"cold",9.59462949872517
59,2025-04-27,117,9,"hot",14.1251055489072
59,2025-04-27,117,9,"warm",12.9191090373163
59,2025-04-27,117,9,"mean",11.1101142699299
59,2025-04-27,117,9,"cool",9.30111950254346
59,2025-04-27,117,9,"cold",8.09512299095253
59,2025-04-27,117,10,"hot",11.560282579071
59,2025-04-27,117,10,"warm",10.3542860674801
59,2025-04-27,117,10,"mean",8.54529130009371
59,2025-04-27,117,10,"cool",6.73629653270731
59,2025-04-27,117,10,"cold",5.53030002111638
59,2025-04-27,117,11,"hot",9.98704224537462
59,2025-04-27,117,11,"warm",8.78104573378369
59,2025-04-27,117,11,"mean",6.97205096639729
59,2025-04-27,117,11,"cool",5.16305619901089
59,2025-04-27,117,11,"cold",3.95705968741996
59,2025-04-28,118,0,"hot",9.30072681569755
59,2025-04-28,118,0,"warm",8.09473030410662
59,2025-04-28,118,0,"mean",6.28573553672022
59,2025-04-28,118,0,"cool",4.47674076933382
59,2025-04-28,118,0,"cold",3.27074425774289
59,2025-04-28,118,1,"hot",8.62493781149083
59,2025-04-28,118,1,"warm",7.41894129989989
59,2025-04-28,118,1,"mean",5.60994653251349
59,2025-04-28,118,1,"cool",3.80095176512709
59,2025-04-28,118,1,"cold",2.59495525353616
59,2025-04-28,118,2,"hot",8.47200209151597
59,2025-04-28,118,2,"warm",7.26600557992503
59,2025-04-28,118,2,"mean",5.45701081253863
59,2025-04-28,118,2,"cool",3.64801604515223
59,2025-04-28,118,2,"cold",2.4420195335613
59,2025-04-28,118,3,"hot",10.7188618981945
59,2025-04-28,118,3,"warm",9.51286538660359
59,2025-04-28,118,3,"mean",7.70387061921719
59,2025-04-28,118,3,"cool",5.89487585183079
59,2025-04-28,118,3,"cold",4.68887934023985
59,2025-04-28,118,4,"hot",13.1154888881871
59,2025-04-28,118,4,"warm",11.9094923765962
59,2025-04-28,118,4,"mean",10.1004976092098
59,2025-04-28,118,4,"cool",8.29150284182342
59,2025-04-28,118,4,"cold",7.08550633023248
59,2025-04-28,118,5,"hot",14.9694608775173
59,2025-04-28,118,5,"warm",13.7634643659264
59,2025-04-28,118,5,"mean",11.95446959854
59,2025-04-28,118,5,"cool",10.1454748311536
59,2025-04-28,118,5,"cold",8.93947831956265
59,2025-04-28,118,6,"hot",16.0719813908555
59,2025-04-28,118,6,"warm",14.8659848792645
59,2025-04-28,118,6,"mean",13.0569901118782
59,2025-04-28,118,6,"cool",11.2479953444918
59,2025-04-28,118,6,"cold",10.0419988329008
59,2025-04-28,118,7,"hot",16.2988831127109
59,2025-04-28,118,7,"warm",15.0928866011199
59,2025-04-28,118,7,"mean",13.2838918337335
59,2025-04-28,118,7,"cool",11.4748970663471
59,2025-04-28,118,7,"cold",10.2689005547562
59,2025-04-28,118,8,"hot",15.6246120566798
59,2025-04-28,118,8,"warm",14.4186155450889
59,2025-04-28,118,8,"mean",12.6096207777025
59,2025-04-28,118,8,"cool",10.8006260103161
59,2025-04-28,118,8,"cold",9.59462949872517
59,2025-04-28,118,9,"hot",14.1251055489072
59,2025-04-28,118,9,"warm",12.9191090373163
59,2025-04-28,118,9,"mean",11.1101142699299
59,2025-04-28,118,9,"cool",9.30111950254346
59,2025-04-28,118,9,"cold",8.09512299095253
59,2025-04-28,118,10,"hot",11.560282579071
59,2025-04-28,118,10,"warm",10.3542860674801
59,2025-04-28,118,10,"mean",8.54529130009371
59,2025-04-28,118,10,"cool",6.73629653270731
59,2025-04-28,118,10,"cold",5.53030002111638
59,2025-04-28,118,11,"hot",9.98704224537462
59,2025-04-28,118,11,"warm",8.78104573378369
59,2025-04-28,118,11,"mean",6.97205096639729
59,2025-04-28,118,11,"cool",5.16305619901089
59,2025-04-28,118,11,"cold",3.95705968741996
60,2025-04-29,119,0,"hot",9.08043923114076
60,2025-04-29,119,0,"warm",7.87444271954982
60,2025-04-29,119,0,"mean",6.06544795216342
60,2025-04-29,119,0,"cool",4.25645318477703
60,2025-04-29,119,0,"cold",3.05045667318609
60,2025-04-29,119,1,"hot",8.4682041436196
60,2025-04-29,119,1,"warm",7.26220763202867
60,2025-04-29,119,1,"mean",5.45321286464227
60,2025-04-29,119,1,"cool",3.64421809725587
60,2025-04-29,119,1,"cold",2.43822158566494
60,2025-04-29,119,2,"hot",8.41104671855308
60,2025-04-29,119,2,"warm",7.20505020696214
60,2025-04-29,119,2,"mean",5.39605543957575
60,2025-04-29,119,2,"cool",3.58706067218935
60,2025-04-29,119,2,"cold",2.38106416059841
60,2025-04-29,119,3,"hot",10.8075575187384
60,2025-04-29,119,3,"warm",9.60156100714746
60,2025-04-29,119,3,"mean",7.79256623976106
60,2025-04-29,119,3,"cool",5.98357147237466
60,2025-04-29,119,3,"cold",4.77757496078373
60,2025-04-29,119,4,"hot",13.3113835806972
60,2025-04-29,119,4,"warm",12.1053870691063
60,2025-04-29,119,4,"mean",10.2963923017199
60,2025-04-29,119,4,"cool",8.48739753433348
60,2025-04-29,119,4,"cold",7.28140102274254
60,2025-04-29,119,5,"hot",15.2453060713207
60,2025-04-29,119,5,"warm",14.0393095597297
60,2025-04-29,119,5,"mean",12.2303147923433
60,2025-04-29,119,5,"cool",10.4213200249569
60,2025-04-29,119,5,"cold",9.21532351336601
60,2025-04-29,119,6,"hot",16.3943283002309
60,2025-04-29,119,6,"warm",15.18833178864
60,2025-04-29,119,6,"mean",13.3793370212536
60,2025-04-29,119,6,"cool",11.5703422538672
60,2025-04-29,119,6,"cold",10.3643457422763
60,2025-04-29,119,7,"hot",16.6307117833338
60,2025-04-29,119,7,"warm",15.4247152717429
60,2025-04-29,119,7,"mean",13.6157205043565
60,2025-04-29,119,7,"cool",11.8067257369701
60,2025-04-29,119,7,"cold",10.6007292253791
60,2025-04-29,119,8,"hot",15.9281774072087
60,2025-04-29,119,8,"warm",14.7221808956177
60,2025-04-29,119,8,"mean",12.9131861282313
60,2025-04-29,119,8,"cool",11.1041913608449
60,2025-04-29,119,8,"cold",9.89819484925401
60,2025-04-29,119,9,"hot",14.3648269780127
60,2025-04-29,119,9,"warm",13.1588304664218
60,2025-04-29,119,9,"mean",11.3498356990354
60,2025-04-29,119,9,"cool",9.54084093164896
60,2025-04-29,119,9,"cold",8.33484442005803
60,2025-04-29,119,10,"hot",11.9961663724753
60,2025-04-29,119,10,"warm",10.7901698608843
60,2025-04-29,119,10,"mean",8.98117509349792
60,2025-04-29,119,10,"cool",7.17218032611152
60,2025-04-29,119,10,"cold",5.96618381452059
60,2025-04-29,119,11,"hot",10.6059635159712
60,2025-04-29,119,11,"warm",9.39996700438028
60,2025-04-29,119,11,"mean",7.59097223699388
60,2025-04-29,119,11,"cool",5.78197746960749
60,2025-04-29,119,11,"cold",4.57598095801655
60,2025-04-30,120,0,"hot",9.08043923114076
60,2025-04-30,120,0,"warm",7.87444271954982
60,2025-04-30,120,0,"mean",6.06544795216342
60,2025-04-30,120,0,"cool",4.25645318477703
60,2025-04-30,120,0,"cold",3.05045667318609
60,2025-04-30,120,1,"hot",8.4682041436196
60,2025-04-30,120,1,"warm",7.26220763202867
60,2025-04-30,120,1,"mean",5.45321286464227
60,2025-04-30,120,1,"cool",3.64421809725587
60,2025-04-30,120,1,"cold",2.43822158566494
60,2025-04-30,120,2,"hot",8.41104671855308
60,2025-04-30,120,2,"warm",7.20505020696214
60,2025-04-30,120,2,"mean",5.39605543957575
60,2025-04-30,120,2,"cool",3.58706067218935
60,2025-04-30,120,2,"cold",2.38106416059841
60,2025-04-30,120,3,"hot",10.8075575187384
60,2025-04-30,120,3,"warm",9.60156100714746
60,2025-04-30,120,3,"mean",7.79256623976106
60,2025-04-30,120,3,"cool",5.98357147237466
60,2025-04-30,120,3,"cold",4.77757496078373
60,2025-04-30,120,4,"hot",13.3113835806972
60,2025-04-30,120,4,"warm",12.1053870691063
60,2025-04-30,120,4,"mean",10.2963923017199
60,2025-04-30,120,4,"cool",8.48739753433348
60,2025-04-30,120,4,"cold",7.28140102274254
60,2025-04-30,120,5,"hot",15.2453060713207
60,2025-04-30,120,5,"warm",14.0393095597297
60,2025-04-30,120,5,"mean",12.2303147923433
60,2025-04-30,120,5,"cool",10.4213200249569
60,2025-04-30,120,5,"cold",9.21532351336601
60,2025-04-30,120,6,"hot",16.3943283002309
60,2025-04-30,120,6,"warm",15.18833178864
60,2025-04-30,120,6,"mean",13.3793370212536
60,2025-04-30,120,6,"cool",11.5703422538672
60,2025-04-30,120,6,"cold",10.3643457422763
60,2025-04-30,120,7,"hot",16.6307117833338
60,2025-04-30,120,7,"warm",15.4247152717429
60,2025-04-30,120,7,"mean",13.6157205043565
60,2025-04-30,120,7,"cool",11.8067257369701
60,2025-04-30,120,7,"cold",10.6007292253791
60,2025-04-30,120,8,"hot",15.9281774072087
60,2025-04-30,120,8,"warm",14.7221808956177
60,2025-04-30,120,8,"mean",12.9131861282313
60,2025-04-30,120,8,"cool",11.1041913608449
60,2025-04-30,120,8,"cold",9.89819484925401
60,2025-04-30,120,9,"hot",14.3648269780127
60,2025-04-30,120,9,"warm",13.1588304664218
60,2025-04-30,120,9,"mean",11.3498356990354
60,2025-04-30,120,9,"cool",9.54084093164896
60,2025-04-30,120,9,"cold",8.33484442005803
60,2025-04-30,120,10,"hot",11.9961663724753
60,2025-04-30,120,10,"warm",10.7901698608843
60,2025-04-30,120,10,"mean",8.98117509349792
60,2025-04-30,120,10,"cool",7.17218032611152
60,2025-04-30,120,10,"cold",5.96618381452059
60,2025-04-30,120,11,"hot",10.6059635159712
60,2025-04-30,120,11,"warm",9.39996700438028
60,2025-04-30,120,11,"mean",7.59097223699388
60,2025-04-30,120,11,"cool",5.78197746960749
60,2025-04-30,120,11,"cold",4.57598095801655
61,2025-05-01,121,0,"hot",9.72793678299796
61,2025-05-01,121,0,"warm",8.63376530730673
61,2025-05-01,121,0,"mean",6.99250809376989
61,2025-05-01,121,0,"cool",5.35125088023305
61,2025-05-01,121,0,"cold",4.25707940454182
61,2025-05-01,121,1,"hot",9.07288027026249
61,2025-05-01,121,1,"warm",7.97870879457126
61,2025-05-01,121,1,"mean",6.33745158103442
61,2025-05-01,121,1,"cool",4.69619436749758
61,2025-05-01,121,1,"cold",3.60202289180635
61,2025-05-01,121,2,"hot",9.04802461953998
61,2025-05-01,121,2,"warm",7.95385314384875
61,2025-05-01,121,2,"mean",6.31259593031191
61,2025-05-01,121,2,"cool",4.67133871677507
61,2025-05-01,121,2,"cold",3.57716724108384
61,2025-05-01,121,3,"hot",11.5318415860359
61,2025-05-01,121,3,"warm",10.4376701103446
61,2025-05-01,121,3,"mean",8.79641289680779
61,2025-05-01,121,3,"cool",7.15515568327095
61,2025-05-01,121,3,"cold",6.06098420757972
61,2025-05-01,121,4,"hot",14.0670836946965
61,2025-05-01,121,4,"warm",12.9729122190053
61,2025-05-01,121,4,"mean",11.3316550054685
61,2025-05-01,121,4,"cool",9.69039779193163
61,2025-05-01,121,4,"cold",8.59622631624041
61,2025-05-01,121,5,"hot",16.0224193882696
61,2025-05-01,121,5,"warm",14.9282479125784
61,2025-05-01,121,5,"mean",13.2869906990415
61,2025-05-01,121,5,"cool",11.6457334855047
61,2025-05-01,121,5,"cold",10.5515620098135
61,2025-05-01,121,6,"hot",17.1831640240494
61,2025-05-01,121,6,"warm",16.0889925483582
61,2025-05-01,121,6,"mean",14.4477353348214
61,2025-05-01,121,6,"cool",12.8064781212845
61,2025-05-01,121,6,"cold",11.7123066455933
61,2025-05-01,121,7,"hot",17.4218743370422
61,2025-05-01,121,7,"warm",16.327702861351
61,2025-05-01,121,7,"mean",14.6864456478142
61,2025-05-01,121,7,"cool",13.0451884342773
61,2025-05-01,121,7,"cold",11.9510169585861
61,2025-05-01,121,8,"hot",16.7123412570317
61,2025-05-01,121,8,"warm",15.6181697813404
61,2025-05-01,121,8,"mean",13.9769125678036
61,2025-05-01,121,8,"cool",12.3356553542668
61,2025-05-01,121,8,"cold",11.2414838785755
61,2025-05-01,121,9,"hot",15.1324675727516
61,2025-05-01,121,9,"warm",14.0382960970604
61,2025-05-01,121,9,"mean",12.3970388835235
61,2025-05-01,121,9,"cool",10.7557816699867
61,2025-05-01,121,9,"cold",9.66161019429546
61,2025-05-01,121,10,"hot",12.5092991958999
61,2025-05-01,121,10,"warm",11.4151277202087
61,2025-05-01,121,10,"mean",9.77387050667185
61,2025-05-01,121,10,"cool",8.13261329313501
61,2025-05-01,121,10,"cold",7.03844181744378
61,2025-05-01,121,11,"hot",10.8459514013487
61,2025-05-01,121,11,"warm",9.75177992565745
61,2025-05-01,121,11,"mean",8.11052271212061
61,2025-05-01,121,11,"cool",6.46926549858377
61,2025-05-01,121,11,"cold",5.37509402289254
61,2025-05-02,122,0,"hot",9.72793678299796
61,2025-05-02,122,0,"warm",8.63376530730673
61,2025-05-02,122,0,"mean",6.99250809376989
61,2025-05-02,122,0,"cool",5.35125088023305
61,2025-05-02,122,0,"cold",4.25707940454182
61,2025-05-02,122,1,"hot",9.07288027026249
61,2025-05-02,122,1,"warm",7.97870879457126
61,2025-05-02,122,1,"mean",6.33745158103442
61,2025-05-02,122,1,"cool",4.69619436749758
61,2025-05-02,122,1,"cold",3.60202289180635
61,2025-05-02,122,2,"hot",9.04802461953998
61,2025-05-02,122,2,"warm",7.95385314384875
61,2025-05-02,122,2,"mean",6.31259593031191
61,2025-05-02,122,2,"cool",4.67133871677507
61,2025-05-02,122,2,"cold",3.57716724108384
61,2025-05-02,122,3,"hot",11.5318415860359
61,2025-05-02,122,3,"warm",10.4376701103446
61,2025-05-02,122,3,"mean",8.79641289680779
61,2025-05-02,122,3,"cool",7.15515568327095
61,2025-05-02,122,3,"cold",6.06098420757972
61,2025-05-02,122,4,"hot",14.0670836946965
61,2025-05-02,122,4,"warm",12.9729122190053
61,2025-05-02,122,4,"mean",11.3316550054685
61,2025-05-02,122,4,"cool",9.69039779193163
61,2025-05-02,122,4,"cold",8.59622631624041
61,2025-05-02,122,5,"hot",16.0224193882696
61,2025-05-02,122,5,"warm",14.9282479125784
61,2025-05-02,122,5,"mean",13.2869906990415
61,2025-05-02,122,5,"cool",11.6457334855047
61,2025-05-02,122,5,"cold",10.5515620098135
61,2025-05-02,122,6,"hot",17.1831640240494
61,2025-05-02,122,6,"warm",16.0889925483582
61,2025-05-02,122,6,"mean",14.4477353348214
61,2025-05-02,122,6,"cool",12.8064781212845
61,2025-05-02,122,6,"cold",11.7123066455933
61,2025-05-02,122,7,"hot",17.4218743370422
61,2025-05-02,122,7,"warm",16.327702861351
61,2025-05-02,122,7,"mean",14.6864456478142
61,2025-05-02,122,7,"cool",13.0451884342773
61,2025-05-02,122,7,"cold",11.9510169585861
61,2025-05-02,122,8,"hot",16.7123412570317
61,2025-05-02,122,8,"warm",15.6181697813404
61,2025-05-02,122,8,"mean",13.9769125678036
61,2025-05-02,122,8,"cool",12.3356553542668
61,2025-05-02,122,8,"cold",11.2414838785755
61,2025-05-02,122,9,"hot",15.1324675727516
61,2025-05-02,122,9,"warm",14.0382960970604
61,2025-05-02,122,9,"mean",12.3970388835235
61,2025-05-02,122,9,"cool",10.7557816699867
61,2025-05-02,122,9,"cold",9.66161019429546
61,2025-05-02,122,10,"hot",12.5092991958999
61,2025-05-02,122,10,"warm",11.4151277202087
61,2025-05-02,122,10,"mean",9.77387050667185
61,2025-05-02,122,10,"cool",8.13261329313501
61,2025-05-02,122,10,"cold",7.03844181744378
61,2025-05-02,122,11,"hot",10.8459514013487
61,2025-05-02,122,11,"warm",9.75177992565745
61,2025-05-02,122,11,"mean",8.11052271212061
61,2025-05-02,122,11,"cool",6.46926549858377
61,2025-05-02,122,11,"cold",5.37509402289254
62,2025-05-03,123,0,"hot",9.53526866576621
62,2025-05-03,123,0,"warm",8.44109719007498
62,2025-05-03,123,0,"mean",6.79983997653814
62,2025-05-03,123,0,"cool",5.1585827630013
62,2025-05-03,123,0,"cold",4.06441128731007
62,2025-05-03,123,1,"hot",8.82200031757292
62,2025-05-03,123,1,"warm",7.72782884188169
62,2025-05-03,123,1,"mean",6.08657162834485
62,2025-05-03,123,1,"cool",4.44531441480801
62,2025-05-03,123,1,"cold",3.35114293911678
62,2025-05-03,123,2,"hot",8.81860056050453
62,2025-05-03,123,2,"warm",7.7244290848133
62,2025-05-03,123,2,"mean",6.08317187127646
62,2025-05-03,123,2,"cool",4.44191465773962
62,2025-05-03,123,2,"cold",3.34774318204839
62,2025-05-03,123,3,"hot",11.3612205280863
62,2025-05-03,123,3,"warm",10.2670490523951
62,2025-05-03,123,3,"mean",8.62579183885826
62,2025-05-03,123,3,"cool",6.98453462532141
62,2025-05-03,123,3,"cold",5.89036314963019
62,2025-05-03,123,4,"hot",13.8958054991224
62,2025-05-03,123,4,"warm",12.8016340234312
62,2025-05-03,123,4,"mean",11.1603768098943
62,2025-05-03,123,4,"cool",9.51911959635747
62,2025-05-03,123,4,"cold",8.42494812066624
62,2025-05-03,123,5,"hot",15.8478897065259
62,2025-05-03,123,5,"warm",14.7537182308347
62,2025-05-03,123,5,"mean",13.1124610172978
62,2025-05-03,123,5,"cool",11.471203803761
62,2025-05-03,123,5,"cold",10.3770323280698
62,2025-05-03,123,6,"hot",17.0057416206043
62,2025-05-03,123,6,"warm",15.911570144913
62,2025-05-03,123,6,"mean",14.2703129313762
62,2025-05-03,123,6,"cool",12.6290557178394
62,2025-05-03,123,6,"cold",11.5348842421481
62,2025-05-03,123,7,"hot",17.2437754324389
62,2025-05-03,123,7,"warm",16.1496039567476
62,2025-05-03,123,7,"mean",14.5083467432108
62,2025-05-03,123,7,"cool",12.8670895296739
62,2025-05-03,123,7,"cold",11.7729180539827
62,2025-05-03,123,8,"hot",16.5361729139719
62,2025-05-03,123,8,"warm",15.4420014382807
62,2025-05-03,123,8,"mean",13.8007442247439
62,2025-05-03,123,8,"cool",12.159487011207
62,2025-05-03,123,8,"cold",11.0653155355158
62,2025-05-03,123,9,"hot",14.959683833763
62,2025-05-03,123,9,"warm",13.8655123580718
62,2025-05-03,123,9,"mean",12.224255144535
62,2025-05-03,123,9,"cool",10.5829979309981
62,2025-05-03,123,9,"cold",9.48882645530691
62,2025-05-03,123,10,"hot",12.4170326413401
62,2025-05-03,123,10,"warm",11.3228611656489
62,2025-05-03,123,10,"mean",9.68160395211208
62,2025-05-03,123,10,"cool",8.04034673857524
62,2025-05-03,123,10,"cold",6.94617526288401
62,2025-05-03,123,11,"hot",10.7941370470368
62,2025-05-03,123,11,"warm",9.69996557134555
62,2025-05-03,123,11,"mean",8.05870835780871
62,2025-05-03,123,11,"cool",6.41745114427187
62,2025-05-03,123,11,"cold",5.32327966858064
62,2025-05-04,124,0,"hot",9.53526866576621
62,2025-05-04,124,0,"warm",8.44109719007498
62,2025-05-04,124,0,"mean",6.79983997653814
62,2025-05-04,124,0,"cool",5.1585827630013
62,2025-05-04,124,0,"cold",4.06441128731007
62,2025-05-04,124,1,"hot",8.82200031757292
62,2025-05-04,124,1,"warm",7.72782884188169
62,2025-05-04,124,1,"mean",6.08657162834485
62,2025-05-04,124,1,"cool",4.44531441480801
62,2025-05-04,124,1,"cold",3.35114293911678
62,2025-05-04,124,2,"hot",8.81860056050453
62,2025-05-04,124,2,"warm",7.7244290848133
62,2025-05-04,124,2,"mean",6.08317187127646
62,2025-05-04,124,2,"cool",4.44191465773962
62,2025-05-04,124,2,"cold",3.34774318204839
62,2025-05-04,124,3,"hot",11.3612205280863
62,2025-05-04,124,3,"warm",10.2670490523951
62,2025-05-04,124,3,"mean",8.62579183885826
62,2025-05-04,124,3,"cool",6.98453462532141
62,2025-05-04,124,3,"cold",5.89036314963019
62,2025-05-04,124,4,"hot",13.8958054991224
62,2025-05-04,124,4,"warm",12.8016340234312
62,2025-05-04,124,4,"mean",11.1603768098943
62,2025-05-04,124,4,"cool",9.51911959635747
62,2025-05-04,124,4,"cold",8.42494812066624
62,2025-05-04,124,5,"hot",15.8478897065259
62,2025-05-04,124,5,"warm",14.7537182308347
62,2025-05-04,124,5,"mean",13.1124610172978
62,2025-05-04,124,5,"cool",11.471203803761
62,2025-05-04,124,5,"cold",10.3770323280698
62,2025-05-04,124,6,"hot",17.0057416206043
62,2025-05-04,124,6,"warm",15.911570144913
62,2025-05-04,124,6,"mean",14.2703129313762
62,2025-05-04,124,6,"cool",12.6290557178394
62,2025-05-04,124,6,"cold",11.5348842421481
62,2025-05-04,124,7,"hot",17.2437754324389
62,2025-05-04,124,7,"warm",16.1496039567476
62,2025-05-04,124,7,"mean",14.5083467432108
62,2025-05-04,124,7,"cool",12.8670895296739
62,2025-05-04,124,7,"cold",11.7729180539827
62,2025-05-04,124,8,"hot",16.5361729139719
62,2025-05-04,124,8,"warm",15.4420014382807
62,2025-05-04,124,8,"mean",13.8007442247439
62,2025-05-04,124,8,"cool",12.159487011207
62,2025-05-04,124,8,"cold",11.0653155355158
62,2025-05-04,124,9,"hot",14.959683833763
62,2025-05-04,124,9,"warm",13.8655123580718
62,2025-05-04,124,9,"mean",12.224255144535
62,2025-05-04,124,9,"cool",10.5829979309981
62,2025-05-04,124,9,"cold",9.48882645530691
62,2025-05-04,124,10,"hot",12.4170326413401
62,2025-05-04,124,10,"warm",11.3228611656489
62,2025-05-04,124,10,"mean",9.68160395211208
62,2025-05-04,124,10,"cool",8.04034673857524
62,2025-05-04,124,10,"cold",6.94617526288401
62,2025-05-04,124,11,"hot",10.7941370470368
62,2025-05-04,124,11,"warm",9.69996557134555
62,2025-05-04,124,11,"mean",8.05870835780871
62,2025-05-04,124,11,"cool",6.41745114427187
62,2025-05-04,124,11,"cold",5.32327966858064
63,2025-05-05,125,0,"hot",9.85638261774121
63,2025-05-05,125,0,"warm",8.76221114204999
63,2025-05-05,125,0,"mean",7.12095392851314
63,2025-05-05,125,0,"cool",5.4796967149763
63,2025-05-05,125,0,"cold",4.38552523928508
63,2025-05-05,125,1,"hot",9.16385208989726
63,2025-05-05,125,1,"warm",8.06968061420603
63,2025-05-05,125,1,"mean",6.42842340066919
63,2025-05-05,125,1,"cool",4.78716618713235
63,2025-05-05,125,1,"cold",3.69299471144112
63,2025-05-05,125,2,"hot",9.24180317758991
63,2025-05-05,125,2,"warm",8.14763170189869
63,2025-05-05,125,2,"mean",6.50637448836184
63,2025-05-05,125,2,"cool",4.865117274825
63,2025-05-05,125,2,"cold",3.77094579913378
63,2025-05-05,125,3,"hot",11.9466859938938
63,2025-05-05,125,3,"warm",10.8525145182026
63,2025-05-05,125,3,"mean",9.21125730466572
63,2025-05-05,125,3,"cool",7.57000009112888
63,2025-05-05,125,3,"cold",6.47582861543765
63,2025-05-05,125,4,"hot",14.589478562366
63,2025-05-05,125,4,"warm",13.4953070866748
63,2025-05-05,125,4,"mean",11.8540498731379
63,2025-05-05,125,4,"cool",10.2127926596011
63,2025-05-05,125,4,"cold",9.11862118390988
63,2025-05-05,125,5,"hot",16.6220081068014
63,2025-05-05,125,5,"warm",15.5278366311102
63,2025-05-05,125,5,"mean",13.8865794175733
63,2025-05-05,125,5,"cool",12.2453222040365
63,2025-05-05,125,5,"cold",11.1511507283453
63,2025-05-05,125,6,"hot",17.8265600273321
63,2025-05-05,125,6,"warm",16.7323885516409
63,2025-05-05,125,6,"mean",15.0911313381041
63,2025-05-05,125,6,"cool",13.4498741245672
63,2025-05-05,125,6,"cold",12.355702648876
63,2025-05-05,125,7,"hot",18.0741084640084
63,2025-05-05,125,7,"warm",16.9799369883172
63,2025-05-05,125,7,"mean",15.3386797747804
63,2025-05-05,125,7,"cool",13.6974225612435
63,2025-05-05,125,7,"cold",12.6032510855523
63,2025-05-05,125,8,"hot",17.3381371943941
63,2025-05-05,125,8,"warm",16.2439657187029
63,2025-05-05,125,8,"mean",14.602708505166
63,2025-05-05,125,8,"cool",12.9614512916292
63,2025-05-05,125,8,"cold",11.867279815938
63,2025-05-05,125,9,"hot",15.6974799803557
63,2025-05-05,125,9,"warm",14.6033085046644
63,2025-05-05,125,9,"mean",12.9620512911276
63,2025-05-05,125,9,"cool",11.3207940775908
63,2025-05-05,125,9,"cold",10.2266226018995
63,2025-05-05,125,10,"hot",13.0397387559184
63,2025-05-05,125,10,"warm",11.9455672802272
63,2025-05-05,125,10,"mean",10.3043100666904
63,2025-05-05,125,10,"cool",8.66305285315351
63,2025-05-05,125,10,"cold",7.56888137746228
63,2025-05-05,125,11,"hot",11.2936289436154
63,2025-05-05,125,11,"warm",10.1994574679242
63,2025-05-05,125,11,"mean",8.55820025438738
63,2025-05-05,125,11,"cool",6.91694304085054
63,2025-05-05,125,11,"cold",5.82277156515931
63,2025-05-06,126,0,"hot",9.85638261774121
63,2025-05-06,126,0,"warm",8.76221114204999
63,2025-05-06,126,0,"mean",7.12095392851314
63,2025-05-06,126,0,"cool",5.4796967149763
63,2025-05-06,126,0,"cold",4.38552523928508
63,2025-05-06,126,1,"hot",9.16385208989726
63,2025-05-06,126,1,"warm",8.06968061420603
63,2025-05-06,126,1,"mean",6.42842340066919
63,2025-05-06,126,1,"cool",4.78716618713235
63,2025-05-06,126,1,"cold",3.69299471144112
63,2025-05-06,126,2,"hot",9.24180317758991
63,2025-05-06,126,2,"warm",8.14763170189869
63,2025-05-06,126,2,"mean",6.50637448836184
63,2025-05-06,126,2,"cool",4.865117274825
63,2025-05-06,126,2,"cold",3.77094579913378
63,2025-05-06,126,3,"hot",11.9466859938938
63,2025-05-06,126,3,"warm",10.8525145182026
63,2025-05-06,126,3,"mean",9.21125730466572
63,2025-05-06,126,3,"cool",7.57000009112888
63,2025-05-06,126,3,"cold",6.47582861543765
63,2025-05-06,126,4,"hot",14.589478562366
63,2025-05-06,126,4,"warm",13.4953070866748
63,2025-05-06,126,4,"mean",11.8540498731379
63,2025-05-06,126,4,"cool",10.2127926596011
63,2025-05-06,126,4,"cold",9.11862118390988
63,2025-05-06,126,5,"hot",16.6220081068014
63,2025-05-06,126,5,"warm",15.5278366311102
63,2025-05-06,126,5,"mean",13.8865794175733
63,2025-05-06,126,5,"cool",12.2453222040365
63,2025-05-06,126,5,"cold",11.1511507283453
63,2025-05-06,126,6,"hot",17.8265600273321
63,2025-05-06,126,6,"warm",16.7323885516409
63,2025-05-06,126,6,"mean",15.0911313381041
63,2025-05-06,126,6,"cool",13.4498741245672
63,2025-05-06,126,6,"cold",12.355702648876
63,2025-05-06,126,7,"hot",18.0741084640084
63,2025-05-06,126,7,"warm",16.9799369883172
63,2025-05-06,126,7,"mean",15.3386797747804
63,2025-05-06,126,7,"cool",13.6974225612435
63,2025-05-06,126,7,"cold",12.6032510855523
63,2025-05-06,126,8,"hot",17.3381371943941
63,2025-05-06,126,8,"warm",16.2439657187029
63,2025-05-06,126,8,"mean",14.602708505166
63,2025-05-06,126,8,"cool",12.9614512916292
63,2025-05-06,126,8,"cold",11.867279815938
63,2025-05-06,126,9,"hot",15.6974799803557
63,2025-05-06,126,9,"warm",14.6033085046644
63,2025-05-06,126,9,"mean",12.9620512911276
63,2025-05-06,126,9,"cool",11.3207940775908
63,2025-05-06,126,9,"cold",10.2266226018995
63,2025-05-06,126,10,"hot",13.0397387559184
63,2025-05-06,126,10,"warm",11.9455672802272
63,2025-05-06,126,10,"mean",10.3043100666904
63,2025-05-06,126,10,"cool",8.66305285315351
63,2025-05-06,126,10,"cold",7.56888137746228
63,2025-05-06,126,11,"hot",11.2936289436154
63,2025-05-06,126,11,"warm",10.1994574679242
63,2025-05-06,126,11,"mean",8.55820025438738
63,2025-05-06,126,11,"cool",6.91694304085054
63,2025-05-06,126,11,"cold",5.82277156515931
64,2025-05-07,127,0,"hot",10.5951093994366
64,2025-05-07,127,0,"warm",9.50093792374538
64,2025-05-07,127,0,"mean",7.85968071020853
64,2025-05-07,127,0,"cool",6.21842349667169
64,2025-05-07,127,0,"cold",5.12425202098046
64,2025-05-07,127,1,"hot",9.88062079628344
64,2025-05-07,127,1,"warm",8.78644932059222
64,2025-05-07,127,1,"mean",7.14519210705537
64,2025-05-07,127,1,"cool",5.50393489351853
64,2025-05-07,127,1,"cold",4.4097634178273
64,2025-05-07,127,2,"hot",9.97813864082022
64,2025-05-07,127,2,"warm",8.88396716512899
64,2025-05-07,127,2,"mean",7.24270995159215
64,2025-05-07,127,2,"cool",5.60145273805531
64,2025-05-07,127,2,"cold",4.50728126236408
64,2025-05-07,127,3,"hot",12.6175276124784
64,2025-05-07,127,3,"warm",11.5233561367871
64,2025-05-07,127,3,"mean",9.88209892325031
64,2025-05-07,127,3,"cool",8.24084170971346
64,2025-05-07,127,3,"cold",7.14667023402224
64,2025-05-07,127,4,"hot",15.1399121084558
64,2025-05-07,127,4,"warm",14.0457406327646
64,2025-05-07,127,4,"mean",12.4044834192278
64,2025-05-07,127,4,"cool",10.7632262056909
64,2025-05-07,127,4,"cold",9.66905472999971
64,2025-05-07,127,5,"hot",17.0773539080302
64,2025-05-07,127,5,"warm",15.983182432339
64,2025-05-07,127,5,"mean",14.3419252188022
64,2025-05-07,127,5,"cool",12.7006680052653
64,2025-05-07,127,5,"cold",11.6064965295741
64,2025-05-07,127,6,"hot",18.2246819109959
64,2025-05-07,127,6,"warm",17.1305104353047
64,2025-05-07,127,6,"mean",15.4892532217678
64,2025-05-07,127,6,"cool",13.847996008231
64,2025-05-07,127,6,"cold",12.7538245325397
64,2025-05-07,127,7,"hot",18.4603963105946
64,2025-05-07,127,7,"warm",17.3662248349034
64,2025-05-07,127,7,"mean",15.7249676213665
64,2025-05-07,127,7,"cool",14.0837104078297
64,2025-05-07,127,7,"cold",12.9895389321384
64,2025-05-07,127,8,"hot",17.7595353986057
64,2025-05-07,127,8,"warm",16.6653639229145
64,2025-05-07,127,8,"mean",15.0241067093777
64,2025-05-07,127,8,"cool",13.3828494958408
64,2025-05-07,127,8,"cold",12.2886780201496
64,2025-05-07,127,9,"hot",16.19631900641
64,2025-05-07,127,9,"warm",15.1021475307188
64,2025-05-07,127,9,"mean",13.4608903171819
64,2025-05-07,127,9,"cool",11.8196331036451
64,2025-05-07,127,9,"cold",10.7254616279539
64,2025-05-07,127,10,"hot",13.6718306537185
64,2025-05-07,127,10,"warm",12.5776591780273
64,2025-05-07,127,10,"mean",10.9364019644905
64,2025-05-07,127,10,"cool",9.29514475095361
64,2025-05-07,127,10,"cold",8.20097327526238
64,2025-05-07,127,11,"hot",11.971197555891
64,2025-05-07,127,11,"warm",10.8770260801997
64,2025-05-07,127,11,"mean",9.23576886666291
64,2025-05-07,127,11,"cool",7.59451165312606
64,2025-05-07,127,11,"cold",6.50034017743484
64,2025-05-08,128,0,"hot",10.5951093994366
64,2025-05-08,128,0,"warm",9.50093792374538
64,2025-05-08,128,0,"mean",7.85968071020853
64,2025-05-08,128,0,"cool",6.21842349667169
64,2025-05-08,128,0,"cold",5.12425202098046
64,2025-05-08,128,1,"hot",9.88062079628344
64,2025-05-08,128,1,"warm",8.78644932059222
64,2025-05-08,128,1,"mean",7.14519210705537
64,2025-05-08,128,1,"cool",5.50393489351853
64,2025-05-08,128,1,"cold",4.4097634178273
64,2025-05-08,128,2,"hot",9.97813864082022
64,2025-05-08,128,2,"warm",8.88396716512899
64,2025-05-08,128,2,"mean",7.24270995159215
64,2025-05-08,128,2,"cool",5.60145273805531
64,2025-05-08,128,2,"cold",4.50728126236408
64,2025-05-08,128,3,"hot",12.6175276124784
64,2025-05-08,128,3,"warm",11.5233561367871
64,2025-05-08,128,3,"mean",9.88209892325031
64,2025-05-08,128,3,"cool",8.24084170971346
64,2025-05-08,128,3,"cold",7.14667023402224
64,2025-05-08,128,4,"hot",15.1399121084558
64,2025-05-08,128,4,"warm",14.0457406327646
64,2025-05-08,128,4,"mean",12.4044834192278
64,2025-05-08,128,4,"cool",10.7632262056909
64,2025-05-08,128,4,"cold",9.66905472999971
64,2025-05-08,128,5,"hot",17.0773539080302
64,2025-05-08,128,5,"warm",15.983182432339
64,2025-05-08,128,5,"mean",14.3419252188022
64,2025-05-08,128,5,"cool",12.7006680052653
64,2025-05-08,128,5,"cold",11.6064965295741
64,2025-05-08,128,6,"hot",18.2246819109959
64,2025-05-08,128,6,"warm",17.1305104353047
64,2025-05-08,128,6,"mean",15.4892532217678
64,2025-05-08,128,6,"cool",13.847996008231
64,2025-05-08,128,6,"cold",12.7538245325397
64,2025-05-08,128,7,"hot",18.4603963105946
64,2025-05-08,128,7,"warm",17.3662248349034
64,2025-05-08,128,7,"mean",15.7249676213665
64,2025-05-08,128,7,"cool",14.0837104078297
64,2025-05-08,128,7,"cold",12.9895389321384
64,2025-05-08,128,8,"hot",17.7595353986057
64,2025-05-08,128,8,"warm",16.6653639229145
64,2025-05-08,128,8,"mean",15.0241067093777
64,2025-05-08,128,8,"cool",13.3828494958408
64,2025-05-08,128,8,"cold",12.2886780201496
64,2025-05-08,128,9,"hot",16.19631900641
64,2025-05-08,128,9,"warm",15.1021475307188
64,2025-05-08,128,9,"mean",13.4608903171819
64,2025-05-08,128,9,"cool",11.8196331036451
64,2025-05-08,128,9,"cold",10.7254616279539
64,2025-05-08,128,10,"hot",13.6718306537185
64,2025-05-08,128,10,"warm",12.5776591780273
64,2025-05-08,128,10,"mean",10.9364019644905
64,2025-05-08,128,10,"cool",9.29514475095361
64,2025-05-08,128,10,"cold",8.20097327526238
64,2025-05-08,128,11,"hot",11.971197555891
64,2025-05-08,128,11,"warm",10.8770260801997
64,2025-05-08,128,11,"mean",9.23576886666291
64,2025-05-08,128,11,"cool",7.59451165312606
64,2025-05-08,128,11,"cold",6.50034017743484
65,2025-05-09,129,0,"hot",11.0283004498739
65,2025-05-09,129,0,"warm",9.93412897418264
65,2025-05-09,129,0,"mean",8.2928717606458
65,2025-05-09,129,0,"cool",6.65161454710896
65,2025-05-09,129,0,"cold",5.55744307141773
65,2025-05-09,129,1,"hot",10.3589984016116
65,2025-05-09,129,1,"warm",9.26482692592041
65,2025-05-09,129,1,"mean",7.62356971238357
65,2025-05-09,129,1,"cool",5.98231249884673
65,2025-05-09,129,1,"cold",4.8881410231555
65,2025-05-09,129,2,"hot",10.498677850509
65,2025-05-09,129,2,"warm",9.40450637481774
65,2025-05-09,129,2,"mean",7.7632491612809
65,2025-05-09,129,2,"cool",6.12199194774406
65,2025-05-09,129,2,"cold",5.02782047205283
65,2025-05-09,129,3,"hot",13.0312586235215
65,2025-05-09,129,3,"warm",11.9370871478303
65,2025-05-09,129,3,"mean",10.2958299342935
65,2025-05-09,129,3,"cool",8.65457272075662
65,2025-05-09,129,3,"cold",7.56040124506539
65,2025-05-09,129,4,"hot",15.4054459091347
65,2025-05-09,129,4,"warm",14.3112744334435
65,2025-05-09,129,4,"mean",12.6700172199067
65,2025-05-09,129,4,"cool",11.0287600063698
65,2025-05-09,129,4,"cold",9.93458853067859
65,2025-05-09,129,5,"hot",17.2267818304922
65,2025-05-09,129,5,"warm",16.132610354801
65,2025-05-09,129,5,"mean",14.4913531412642
65,2025-05-09,129,5,"cool",12.8500959277273
65,2025-05-09,129,5,"cold",11.7559244520361
65,2025-05-09,129,6,"hot",18.3045549068778
65,2025-05-09,129,6,"warm",17.2103834311866
65,2025-05-09,129,6,"mean",15.5691262176497
65,2025-05-09,129,6,"cool",13.9278690041129
65,2025-05-09,129,6,"cold",12.8336975284216
65,2025-05-09,129,7,"hot",18.525911766387
65,2025-05-09,129,7,"warm",17.4317402906958
65,2025-05-09,129,7,"mean",15.7904830771589
65,2025-05-09,129,7,"cool",14.1492258636221
65,2025-05-09,129,7,"cold",13.0550543879308
65,2025-05-09,129,8,"hot",17.8676741736184
65,2025-05-09,129,8,"warm",16.7735026979271
65,2025-05-09,129,8,"mean",15.1322454843903
65,2025-05-09,129,8,"cool",13.4909882708534
65,2025-05-09,129,8,"cold",12.3968167951622
65,2025-05-09,129,9,"hot",16.3987660547192
65,2025-05-09,129,9,"warm",15.3045945790279
65,2025-05-09,129,9,"mean",13.6633373654911
65,2025-05-09,129,9,"cool",12.0220801519543
65,2025-05-09,129,9,"cold",10.927908676263
65,2025-05-09,129,10,"hot",13.9840825890236
65,2025-05-09,129,10,"warm",12.8899111133324
65,2025-05-09,129,10,"mean",11.2486538997956
65,2025-05-09,129,10,"cool",9.60739668625873
65,2025-05-09,129,10,"cold",8.5132252105675
65,2025-05-09,129,11,"hot",12.2768464188373
65,2025-05-09,129,11,"warm",11.182674943146
65,2025-05-09,129,11,"mean",9.5414177296092
65,2025-05-09,129,11,"cool",7.90016051607236
65,2025-05-09,129,11,"cold",6.80598904038113
65,2025-05-10,130,0,"hot",11.0283004498739
65,2025-05-10,130,0,"warm",9.93412897418264
65,2025-05-10,130,0,"mean",8.2928717606458
65,2025-05-10,130,0,"cool",6.65161454710896
65,2025-05-10,130,0,"cold",5.55744307141773
65,2025-05-10,130,1,"hot",10.3589984016116
65,2025-05-10,130,1,"warm",9.26482692592041
65,2025-05-10,130,1,"mean",7.62356971238357
65,2025-05-10,130,1,"cool",5.98231249884673
65,2025-05-10,130,1,"cold",4.8881410231555
65,2025-05-10,130,2,"hot",10.498677850509
65,2025-05-10,130,2,"warm",9.40450637481774
65,2025-05-10,130,2,"mean",7.7632491612809
65,2025-05-10,130,2,"cool",6.12199194774406
65,2025-05-10,130,2,"cold",5.02782047205283
65,2025-05-10,130,3,"hot",13.0312586235215
65,2025-05-10,130,3,"warm",11.9370871478303
65,2025-05-10,130,3,"mean",10.2958299342935
65,2025-05-10,130,3,"cool",8.65457272075662
65,2025-05-10,130,3,"cold",7.56040124506539
65,2025-05-10,130,4,"hot",15.4054459091347
65,2025-05-10,130,4,"warm",14.3112744334435
65,2025-05-10,130,4,"mean",12.6700172199067
65,2025-05-10,130,4,"cool",11.0287600063698
65,2025-05-10,130,4,"cold",9.93458853067859
65,2025-05-10,130,5,"hot",17.2267818304922
65,2025-05-10,130,5,"warm",16.132610354801
65,2025-05-10,130,5,"mean",14.4913531412642
65,2025-05-10,130,5,"cool",12.8500959277273
65,2025-05-10,130,5,"cold",11.7559244520361
65,2025-05-10,130,6,"hot",18.3045549068778
65,2025-05-10,130,6,"warm",17.2103834311866
65,2025-05-10,130,6,"mean",15.5691262176497
65,2025-05-10,130,6,"cool",13.9278690041129
65,2025-05-10,130,6,"cold",12.8336975284216
65,2025-05-10,130,7,"hot",18.525911766387
65,2025-05-10,130,7,"warm",17.4317402906958
65,2025-05-10,130,7,"mean",15.7904830771589
65,2025-05-10,130,7,"cool",14.1492258636221
65,2025-05-10,130,7,"cold",13.0550543879308
65,2025-05-10,130,8,"hot",17.8676741736184
65,2025-05-10,130,8,"warm",16.7735026979271
65,2025-05-10,130,8,"mean",15.1322454843903
65,2025-05-10,130,8,"cool",13.4909882708534
65,2025-05-10,130,8,"cold",12.3968167951622
65,2025-05-10,130,9,"hot",16.3987660547192
65,2025-05-10,130,9,"warm",15.3045945790279
65,2025-05-10,130,9,"mean",13.6633373654911
65,2025-05-10,130,9,"cool",12.0220801519543
65,2025-05-10,130,9,"cold",10.927908676263
65,2025-05-10,130,10,"hot",13.9840825890236
65,2025-05-10,130,10,"warm",12.8899111133324
65,2025-05-10,130,10,"mean",11.2486538997956
65,2025-05-10,130,10,"cool",9.60739668625873
65,2025-05-10,130,10,"cold",8.5132252105675
65,2025-05-10,130,11,"hot",12.2768464188373
65,2025-05-10,130,11,"warm",11.182674943146
65,2025-05-10,130,11,"mean",9.5414177296092
65,2025-05-10,130,11,"cool",7.90016051607236
65,2025-05-10,130,11,"cold",6.80598904038113
